data,TempoEpochUTC,Contagem,Contagem_corr
2026-01-02 00:00:00+00:00,1767312000,1857.6,1844.84
2026-01-02 00:15:00+00:00,1767312900,1864.8,1852.03
2026-01-02 00:30:00+00:00,1767313800,1872.0,1859.22
2026-01-02 00:45:00+00:00,1767314700,1872.0,1859.18
2026-01-02 01:00:00+00:00,1767315600,1872.0,1859.15
2026-01-02 01:15:00+00:00,1767316500,1872.0,1859.06
2026-01-02 01:30:00+00:00,1767317400,1872.0,1858.96
2026-01-02 01:45:00+00:00,1767318300,1875.6,1862.4
2026-01-02 02:00:00+00:00,1767319200,1879.2,1865.83
2026-01-02 02:15:00+00:00,1767320100,1879.2,1865.68
2026-01-02 02:30:00+00:00,1767321000,1879.2,1865.52
2026-01-02 02:45:00+00:00,1767321900,1875.6,1861.78
2026-01-02 03:00:00+00:00,1767322800,1872.0,1858.05
2026-01-02 03:15:00+00:00,1767323700,1875.6,1861.48
2026-01-02 03:30:00+00:00,1767324600,1879.2,1864.92
2026-01-02 03:45:00+00:00,1767325500,1879.2,1864.8
2026-01-02 04:00:00+00:00,1767326400,1879.2,1864.69
2026-01-02 04:15:00+00:00,1767327300,1879.2,1864.62
2026-01-02 04:30:00+00:00,1767328200,1879.2,1864.54
2026-01-02 04:45:00+00:00,1767329100,1879.2,1864.5
2026-01-02 05:00:00+00:00,1767330000,1879.2,1864.47
2026-01-02 05:15:00+00:00,1767330900,1882.8,1868.05
2026-01-02 05:30:00+00:00,1767331800,1886.4,1871.63
2026-01-02 05:45:00+00:00,1767332700,1882.8,1868.12
2026-01-02 06:00:00+00:00,1767333600,1879.2,1864.61
2026-01-02 06:15:00+00:00,1767334500,1879.2,1864.73
2026-01-02 06:30:00+00:00,1767335400,1879.2,1864.85
2026-01-02 06:45:00+00:00,1767336300,1879.2,1865.04
2026-01-02 07:00:00+00:00,1767337200,1879.2,1865.22
2026-01-02 07:15:00+00:00,1767338100,1879.2,1865.47
2026-01-02 07:30:00+00:00,1767339000,1879.2,1865.72
2026-01-02 07:45:00+00:00,1767339900,1875.6,1862.46
2026-01-02 08:00:00+00:00,1767340800,1872.0,1859.21
2026-01-02 08:15:00+00:00,1767341700,1875.6,1863.16
2026-01-02 08:30:00+00:00,1767342600,1879.2,1867.11
2026-01-02 08:45:00+00:00,1767343500,1875.6,1863.94
2026-01-02 09:00:00+00:00,1767344400,1872.0,1860.77
2026-01-02 09:15:00+00:00,1767345300,1875.6,1864.78
2026-01-02 09:30:00+00:00,1767346200,1879.2,1868.78
2026-01-02 09:45:00+00:00,1767347100,1872.0,1862.02
2026-01-02 10:00:00+00:00,1767348000,1864.8,1855.26
2026-01-02 10:15:00+00:00,1767348900,1864.8,1855.62
2026-01-02 10:30:00+00:00,1767349800,1864.8,1855.99
2026-01-02 10:45:00+00:00,1767350700,1864.8,1856.28
2026-01-02 11:00:00+00:00,1767351600,1864.8,1856.58
2026-01-02 11:15:00+00:00,1767352500,1872.0,1863.96
2026-01-02 11:30:00+00:00,1767353400,1879.2,1871.35
2026-01-02 11:45:00+00:00,1767354300,1879.2,1871.48
2026-01-02 12:00:00+00:00,1767355200,1879.2,1871.6
2026-01-02 12:15:00+00:00,1767356100,1875.6,1868.04
2026-01-02 12:30:00+00:00,1767357000,1872.0,1864.49
2026-01-02 12:45:00+00:00,1767357900,1875.6,1868.01
2026-01-02 13:00:00+00:00,1767358800,1879.2,1871.53
2026-01-02 13:15:00+00:00,1767359700,1879.2,1871.36
2026-01-02 13:30:00+00:00,1767360600,1879.2,1871.2
2026-01-02 13:45:00+00:00,1767361500,1879.2,1870.95
2026-01-02 14:00:00+00:00,1767362400,1879.2,1870.7
2026-01-02 14:15:00+00:00,1767363300,1886.4,1877.53
2026-01-02 14:30:00+00:00,1767364200,1893.6,1884.36
2026-01-02 14:45:00+00:00,1767365100,1893.6,1883.96
2026-01-02 15:00:00+00:00,1767366000,1893.6,1883.55
2026-01-02 15:15:00+00:00,1767366900,1897.2,1886.67
2026-01-02 15:30:00+00:00,1767367800,1900.8,1889.79
2026-01-02 15:45:00+00:00,1767368700,1897.2,1885.72
2026-01-02 16:00:00+00:00,1767369600,1893.6,1881.66
2026-01-02 16:15:00+00:00,1767370500,1900.8,1888.32
2026-01-02 16:30:00+00:00,1767371400,1908.0,1894.98
2026-01-02 16:45:00+00:00,1767372300,1900.8,1887.34
2026-01-02 17:00:00+00:00,1767373200,1893.6,1879.7
2026-01-02 17:15:00+00:00,1767374100,1893.6,1879.24
2026-01-02 17:30:00+00:00,1767375000,1893.6,1878.78
2026-01-02 17:45:00+00:00,1767375900,1890.0,1874.79
2026-01-02 18:00:00+00:00,1767376800,1886.4,1870.8
2026-01-02 18:15:00+00:00,1767377700,1890.0,1874.0
2026-01-02 18:30:00+00:00,1767378600,1893.6,1877.2
2026-01-02 18:45:00+00:00,1767379500,1886.4,1869.76
2026-01-02 19:00:00+00:00,1767380400,1879.2,1862.32
2026-01-02 19:15:00+00:00,1767381300,1886.4,1869.24
2026-01-02 19:30:00+00:00,1767382200,1893.6,1876.16
2026-01-02 19:45:00+00:00,1767383100,1890.0,1872.46
2026-01-02 20:00:00+00:00,1767384000,1886.4,1868.77
2026-01-02 20:15:00+00:00,1767384900,1882.8,1865.18
2026-01-02 20:30:00+00:00,1767385800,1879.2,1861.59
2026-01-02 20:45:00+00:00,1767386700,1879.2,1861.66
2026-01-02 21:00:00+00:00,1767387600,1879.2,1861.74
2026-01-02 21:15:00+00:00,1767388500,1879.2,1861.9
2026-01-02 21:30:00+00:00,1767389400,1879.2,1862.05
2026-01-02 21:45:00+00:00,1767390300,1879.2,1862.27
2026-01-02 22:00:00+00:00,1767391200,1879.2,1862.49
2026-01-02 22:15:00+00:00,1767392100,1886.4,1869.89
2026-01-02 22:30:00+00:00,1767393000,1893.6,1877.29
2026-01-02 22:45:00+00:00,1767393900,1879.2,1863.3
2026-01-02 23:00:00+00:00,1767394800,1864.8,1849.31
2026-01-02 23:15:00+00:00,1767395700,1879.2,1863.88
2026-01-02 23:30:00+00:00,1767396600,1893.6,1878.45
2026-01-02 23:45:00+00:00,1767397500,1882.8,1868.01
2026-01-03 00:00:00+00:00,1767398400,1872.0,1857.57
2026-01-03 00:15:00+00:00,1767399300,1868.4,1854.24
2026-01-03 00:30:00+00:00,1767400200,1864.8,1850.92
2026-01-03 00:45:00+00:00,1767401100,1868.4,1854.7
2026-01-03 01:00:00+00:00,1767402000,1872.0,1858.48
2026-01-03 01:15:00+00:00,1767402900,1875.6,1862.2
2026-01-03 01:30:00+00:00,1767403800,1879.2,1865.93
2026-01-03 01:45:00+00:00,1767404700,1875.6,1862.44
2026-01-03 02:00:00+00:00,1767405600,1872.0,1858.95
2026-01-03 02:15:00+00:00,1767406500,1868.4,1855.39
2026-01-03 02:30:00+00:00,1767407400,1864.8,1851.83
2026-01-03 02:45:00+00:00,1767408300,1868.4,1855.36
2026-01-03 03:00:00+00:00,1767409200,1872.0,1858.88
2026-01-03 03:15:00+00:00,1767410100,1875.6,1862.36
2026-01-03 03:30:00+00:00,1767411000,1879.2,1865.84
2026-01-03 03:45:00+00:00,1767411900,1868.4,1855.0
2026-01-03 04:00:00+00:00,1767412800,1857.6,1844.16
2026-01-03 04:15:00+00:00,1767413700,1868.4,1854.76
2026-01-03 04:30:00+00:00,1767414600,1879.2,1865.37
2026-01-03 04:45:00+00:00,1767415500,1872.0,1858.14
2026-01-03 05:00:00+00:00,1767416400,1864.8,1850.91
2026-01-03 05:15:00+00:00,1767417300,1864.8,1850.88
2026-01-03 05:30:00+00:00,1767418200,1864.8,1850.85
2026-01-03 05:45:00+00:00,1767419100,1864.8,1850.89
2026-01-03 06:00:00+00:00,1767420000,1864.8,1850.93
2026-01-03 06:15:00+00:00,1767420900,1861.2,1847.48
2026-01-03 06:30:00+00:00,1767421800,1857.6,1844.03
2026-01-03 06:45:00+00:00,1767422700,1864.8,1851.38
2026-01-03 07:00:00+00:00,1767423600,1872.0,1858.74
2026-01-03 07:15:00+00:00,1767424500,1864.8,1851.88
2026-01-03 07:30:00+00:00,1767425400,1857.6,1845.02
2026-01-03 07:45:00+00:00,1767426300,1861.2,1848.94
2026-01-03 08:00:00+00:00,1767427200,1864.8,1852.87
2026-01-03 08:15:00+00:00,1767428100,1868.4,1856.84
2026-01-03 08:30:00+00:00,1767429000,1872.0,1860.82
2026-01-03 08:45:00+00:00,1767429900,1864.8,1854.08
2026-01-03 09:00:00+00:00,1767430800,1857.6,1847.33
2026-01-03 09:15:00+00:00,1767431700,1868.4,1858.48
2026-01-03 09:30:00+00:00,1767432600,1879.2,1869.64
2026-01-03 09:45:00+00:00,1767433500,1875.6,1866.45
2026-01-03 10:00:00+00:00,1767434400,1872.0,1863.26
2026-01-03 10:15:00+00:00,1767435300,1872.0,1863.62
2026-01-03 10:30:00+00:00,1767436200,1872.0,1863.97
2026-01-03 10:45:00+00:00,1767437100,1872.0,1864.29
2026-01-03 11:00:00+00:00,1767438000,1872.0,1864.61
2026-01-03 11:15:00+00:00,1767438900,1872.0,1864.9
2026-01-03 11:30:00+00:00,1767439800,1872.0,1865.19
2026-01-03 11:45:00+00:00,1767440700,1872.0,1865.46
2026-01-03 12:00:00+00:00,1767441600,1872.0,1865.74
2026-01-03 12:15:00+00:00,1767442500,1875.6,1869.6
2026-01-03 12:30:00+00:00,1767443400,1879.2,1873.47
2026-01-03 12:45:00+00:00,1767444300,1882.8,1877.34
2026-01-03 13:00:00+00:00,1767445200,1886.4,1881.22
2026-01-03 13:15:00+00:00,1767446100,1882.8,1877.94
2026-01-03 13:30:00+00:00,1767447000,1879.2,1874.66
2026-01-03 13:45:00+00:00,1767447900,1879.2,1874.98
2026-01-03 14:00:00+00:00,1767448800,1879.2,1875.3
2026-01-03 14:15:00+00:00,1767449700,1872.0,1868.44
2026-01-03 14:30:00+00:00,1767450600,1864.8,1861.57
2026-01-03 14:45:00+00:00,1767451500,1872.0,1869.06
2026-01-03 15:00:00+00:00,1767452400,1879.2,1876.55
2026-01-03 15:15:00+00:00,1767453300,1875.6,1873.2
2026-01-03 15:30:00+00:00,1767454200,1872.0,1869.85
2026-01-03 15:45:00+00:00,1767455100,1875.6,1873.62
2026-01-03 16:00:00+00:00,1767456000,1879.2,1877.38
2026-01-03 16:15:00+00:00,1767456900,1875.6,1873.86
2026-01-03 16:30:00+00:00,1767457800,1872.0,1870.33
2026-01-03 16:45:00+00:00,1767458700,1872.0,1870.29
2026-01-03 17:00:00+00:00,1767459600,1872.0,1870.25
2026-01-03 17:15:00+00:00,1767460500,1875.6,1873.72
2026-01-03 17:30:00+00:00,1767461400,1879.2,1877.19
2026-01-03 17:45:00+00:00,1767462300,1872.0,1869.8
2026-01-03 18:00:00+00:00,1767463200,1864.8,1862.41
2026-01-03 18:15:00+00:00,1767464100,1868.4,1865.78
2026-01-03 18:30:00+00:00,1767465000,1872.0,1869.15
2026-01-03 18:45:00+00:00,1767465900,1875.6,1872.54
2026-01-03 19:00:00+00:00,1767466800,1879.2,1875.94
2026-01-03 19:15:00+00:00,1767467700,1872.0,1868.61
2026-01-03 19:30:00+00:00,1767468600,1864.8,1861.28
2026-01-03 19:45:00+00:00,1767469500,1872.0,1868.42
2026-01-03 20:00:00+00:00,1767470400,1879.2,1875.57
2026-01-03 20:15:00+00:00,1767471300,1875.6,1872.05
2026-01-03 20:30:00+00:00,1767472200,1872.0,1868.53
2026-01-03 20:45:00+00:00,1767473100,1868.4,1865.12
2026-01-03 21:00:00+00:00,1767474000,1864.8,1861.7
2026-01-03 21:15:00+00:00,1767474900,1868.4,1865.57
2026-01-03 21:30:00+00:00,1767475800,1872.0,1869.44
2026-01-03 21:45:00+00:00,1767476700,1868.4,1866.18
2026-01-03 22:00:00+00:00,1767477600,1864.8,1862.92
2026-01-03 22:15:00+00:00,1767478500,1864.8,1863.28
2026-01-03 22:30:00+00:00,1767479400,1864.8,1863.65
2026-01-03 22:45:00+00:00,1767480300,1868.4,1867.6
2026-01-03 23:00:00+00:00,1767481200,1872.0,1871.56
2026-01-03 23:15:00+00:00,1767482100,1868.4,1868.28
2026-01-03 23:30:00+00:00,1767483000,1864.8,1865.01
2026-01-03 23:45:00+00:00,1767483900,1857.6,1858.08
2026-01-04 00:00:00+00:00,1767484800,1850.4,1851.15
2026-01-04 00:15:00+00:00,1767485700,1864.8,1865.78
2026-01-04 00:30:00+00:00,1767486600,1879.2,1880.4
2026-01-04 00:45:00+00:00,1767487500,1872.0,1873.36
2026-01-04 01:00:00+00:00,1767488400,1864.8,1866.31
2026-01-04 01:15:00+00:00,1767489300,1868.4,1870.04
2026-01-04 01:30:00+00:00,1767490200,1872.0,1873.77
2026-01-04 01:45:00+00:00,1767491100,1861.2,1863.06
2026-01-04 02:00:00+00:00,1767492000,1850.4,1852.34
2026-01-04 02:15:00+00:00,1767492900,1850.4,1852.43
2026-01-04 02:30:00+00:00,1767493800,1850.4,1852.52
2026-01-04 02:45:00+00:00,1767494700,1854.0,1856.23
2026-01-04 03:00:00+00:00,1767495600,1857.6,1859.94
2026-01-04 03:15:00+00:00,1767496500,1861.2,1863.68
2026-01-04 03:30:00+00:00,1767497400,1864.8,1867.42
2026-01-04 03:45:00+00:00,1767498300,1864.8,1867.6
2026-01-04 04:00:00+00:00,1767499200,1864.8,1867.78
2026-01-04 04:15:00+00:00,1767500100,1872.0,1875.24
2026-01-04 04:30:00+00:00,1767501000,1879.2,1882.69
2026-01-04 04:45:00+00:00,1767501900,1872.0,1875.78
2026-01-04 05:00:00+00:00,1767502800,1864.8,1868.87
2026-01-04 05:15:00+00:00,1767503700,1861.2,1865.62
2026-01-04 05:30:00+00:00,1767504600,1857.6,1862.37
2026-01-04 05:45:00+00:00,1767505500,1868.4,1873.61
2026-01-04 06:00:00+00:00,1767506400,1879.2,1884.85
2026-01-04 06:15:00+00:00,1767507300,1861.2,1867.22
2026-01-04 06:30:00+00:00,1767508200,1843.2,1849.59
2026-01-04 06:45:00+00:00,1767509100,1857.6,1864.48
2026-01-04 07:00:00+00:00,1767510000,1872.0,1879.36
2026-01-04 07:15:00+00:00,1767510900,1864.8,1872.54
2026-01-04 07:30:00+00:00,1767511800,1857.6,1865.73
2026-01-04 07:45:00+00:00,1767512700,1857.6,1866.12
2026-01-04 08:00:00+00:00,1767513600,1857.6,1866.51
2026-01-04 08:15:00+00:00,1767514500,1850.4,1859.63
2026-01-04 08:30:00+00:00,1767515400,1843.2,1852.75
2026-01-04 08:45:00+00:00,1767516300,1854.0,1863.94
2026-01-04 09:00:00+00:00,1767517200,1864.8,1875.13
2026-01-04 09:15:00+00:00,1767518100,1861.2,1871.84
2026-01-04 09:30:00+00:00,1767519000,1857.6,1868.54
2026-01-04 09:45:00+00:00,1767519900,1861.2,1872.5
2026-01-04 10:00:00+00:00,1767520800,1864.8,1876.45
2026-01-04 10:15:00+00:00,1767521700,1861.2,1873.18
2026-01-04 10:30:00+00:00,1767522600,1857.6,1869.92
2026-01-04 10:45:00+00:00,1767523500,1857.6,1870.3
2026-01-04 11:00:00+00:00,1767524400,1857.6,1870.69
2026-01-04 11:15:00+00:00,1767525300,1854.0,1867.48
2026-01-04 11:30:00+00:00,1767526200,1850.4,1864.26
2026-01-04 11:45:00+00:00,1767527100,1854.0,1868.3
2026-01-04 12:00:00+00:00,1767528000,1857.6,1872.35
2026-01-04 12:15:00+00:00,1767528900,1861.2,1876.38
2026-01-04 12:30:00+00:00,1767529800,1864.8,1880.42
2026-01-04 12:45:00+00:00,1767530700,1864.8,1880.78
2026-01-04 13:00:00+00:00,1767531600,1864.8,1881.15
2026-01-04 13:15:00+00:00,1767532500,1861.2,1877.82
2026-01-04 13:30:00+00:00,1767533400,1857.6,1874.48
2026-01-04 13:45:00+00:00,1767534300,1857.6,1874.68
2026-01-04 14:00:00+00:00,1767535200,1857.6,1874.88
2026-01-04 14:15:00+00:00,1767536100,1861.2,1878.61
2026-01-04 14:30:00+00:00,1767537000,1864.8,1882.34
2026-01-04 14:45:00+00:00,1767537900,1864.8,1882.32
2026-01-04 15:00:00+00:00,1767538800,1864.8,1882.31
2026-01-04 15:15:00+00:00,1767539700,1868.4,1885.81
2026-01-04 15:30:00+00:00,1767540600,1872.0,1889.31
2026-01-04 15:45:00+00:00,1767541500,1868.4,1885.44
2026-01-04 16:00:00+00:00,1767542400,1864.8,1881.57
2026-01-04 16:15:00+00:00,1767543300,1861.2,1877.62
2026-01-04 16:30:00+00:00,1767544200,1857.6,1873.67
2026-01-04 16:45:00+00:00,1767545100,1861.2,1876.92
2026-01-04 17:00:00+00:00,1767546000,1864.8,1880.18
2026-01-04 17:15:00+00:00,1767546900,1857.6,1872.52
2026-01-04 17:30:00+00:00,1767547800,1850.4,1864.85
2026-01-04 17:45:00+00:00,1767548700,1854.0,1868.08
2026-01-04 18:00:00+00:00,1767549600,1857.6,1871.3
2026-01-04 18:15:00+00:00,1767550500,1857.6,1870.92
2026-01-04 18:30:00+00:00,1767551400,1857.6,1870.55
2026-01-04 18:45:00+00:00,1767552300,1854.0,1866.6
2026-01-04 19:00:00+00:00,1767553200,1850.4,1862.65
2026-01-04 19:15:00+00:00,1767554100,1857.6,1869.64
2026-01-04 19:30:00+00:00,1767555000,1864.8,1876.62
2026-01-04 19:45:00+00:00,1767555900,1864.8,1876.43
2026-01-04 20:00:00+00:00,1767556800,1864.8,1876.24
2026-01-04 20:15:00+00:00,1767557700,1861.2,1872.5
2026-01-04 20:30:00+00:00,1767558600,1857.6,1868.75
2026-01-04 20:45:00+00:00,1767559500,1857.6,1868.69
2026-01-04 21:00:00+00:00,1767560400,1857.6,1868.63
2026-01-04 21:15:00+00:00,1767561300,1861.2,1872.26
2026-01-04 21:30:00+00:00,1767562200,1864.8,1875.88
2026-01-04 21:45:00+00:00,1767563100,1872.0,1883.2
2026-01-04 22:00:00+00:00,1767564000,1879.2,1890.51
2026-01-04 22:15:00+00:00,1767564900,1868.4,1879.78
2026-01-04 22:30:00+00:00,1767565800,1857.6,1869.04
2026-01-04 22:45:00+00:00,1767566700,1857.6,1869.22
2026-01-04 23:00:00+00:00,1767567600,1857.6,1869.41
2026-01-04 23:15:00+00:00,1767568500,1854.0,1866.02
2026-01-04 23:30:00+00:00,1767569400,1850.4,1862.63
2026-01-04 23:45:00+00:00,1767570300,1854.0,1866.52
2026-01-05 00:00:00+00:00,1767571200,1857.6,1870.41
2026-01-05 00:15:00+00:00,1767572100,1854.0,1867.06
2026-01-05 00:30:00+00:00,1767573000,1850.4,1863.7
2026-01-05 00:45:00+00:00,1767573900,1854.0,1867.57
2026-01-05 01:00:00+00:00,1767574800,1857.6,1871.44
2026-01-05 01:15:00+00:00,1767575700,1850.4,1864.36
2026-01-05 01:30:00+00:00,1767576600,1843.2,1857.29
2026-01-05 01:45:00+00:00,1767577500,1857.6,1871.9
2026-01-05 02:00:00+00:00,1767578400,1872.0,1886.5
2026-01-05 02:15:00+00:00,1767579300,1861.2,1875.61
2026-01-05 02:30:00+00:00,1767580200,1850.4,1864.72
2026-01-05 02:45:00+00:00,1767581100,1846.8,1860.98
2026-01-05 03:00:00+00:00,1767582000,1843.2,1857.24
2026-01-05 03:15:00+00:00,1767582900,1850.4,1864.3
2026-01-05 03:30:00+00:00,1767583800,1857.6,1871.36
2026-01-05 03:45:00+00:00,1767584700,1857.6,1871.11
2026-01-05 04:00:00+00:00,1767585600,1857.6,1870.86
2026-01-05 04:15:00+00:00,1767586500,1861.2,1874.22
2026-01-05 04:30:00+00:00,1767587400,1864.8,1877.57
2026-01-05 04:45:00+00:00,1767588300,1868.4,1880.94
2026-01-05 05:00:00+00:00,1767589200,1872.0,1884.3
2026-01-05 05:15:00+00:00,1767590100,1861.2,1873.22
2026-01-05 05:30:00+00:00,1767591000,1850.4,1862.13
2026-01-05 05:45:00+00:00,1767591900,1857.6,1869.21
2026-01-05 06:00:00+00:00,1767592800,1864.8,1876.29
2026-01-05 06:15:00+00:00,1767593700,1861.2,1872.58
2026-01-05 06:30:00+00:00,1767594600,1857.6,1868.86
2026-01-05 06:45:00+00:00,1767595500,1854.0,1865.21
2026-01-05 07:00:00+00:00,1767596400,1850.4,1861.56
2026-01-05 07:15:00+00:00,1767597300,1864.8,1876.1
2026-01-05 07:30:00+00:00,1767598200,1879.2,1890.64
2026-01-05 07:45:00+00:00,1767599100,1875.6,1887.14
2026-01-05 08:00:00+00:00,1767600000,1872.0,1883.63
2026-01-05 08:15:00+00:00,1767600900,1864.8,1876.57
2026-01-05 08:30:00+00:00,1767601800,1857.6,1869.51
2026-01-05 08:45:00+00:00,1767602700,1857.6,1869.75
2026-01-05 09:00:00+00:00,1767603600,1857.6,1869.99
2026-01-05 09:15:00+00:00,1767604500,1861.2,1873.88
2026-01-05 09:30:00+00:00,1767605400,1864.8,1877.78
2026-01-05 09:45:00+00:00,1767606300,1861.2,1874.42
2026-01-05 10:00:00+00:00,1767607200,1857.6,1871.07
2026-01-05 10:15:00+00:00,1767608100,1864.8,1878.57
2026-01-05 10:30:00+00:00,1767609000,1872.0,1886.07
2026-01-05 10:45:00+00:00,1767609900,1868.4,1882.62
2026-01-05 11:00:00+00:00,1767610800,1864.8,1879.17
2026-01-05 11:15:00+00:00,1767611700,1861.2,1875.63
2026-01-05 11:30:00+00:00,1767612600,1857.6,1872.09
2026-01-05 11:45:00+00:00,1767613500,1857.6,1872.07
2026-01-05 12:00:00+00:00,1767614400,1857.6,1872.05
2026-01-05 12:15:00+00:00,1767615300,1857.6,1871.92
2026-01-05 12:30:00+00:00,1767616200,1857.6,1871.79
2026-01-05 12:45:00+00:00,1767617100,1868.4,1882.44
2026-01-05 13:00:00+00:00,1767618000,1879.2,1893.1
2026-01-05 13:15:00+00:00,1767618900,1868.4,1881.92
2026-01-05 13:30:00+00:00,1767619800,1857.6,1870.75
2026-01-05 13:45:00+00:00,1767620700,1854.0,1866.78
2026-01-05 14:00:00+00:00,1767621600,1850.4,1862.82
2026-01-05 14:15:00+00:00,1767622500,1861.2,1873.32
2026-01-05 14:30:00+00:00,1767623400,1872.0,1883.82
2026-01-05 14:45:00+00:00,1767624300,1868.4,1879.81
2026-01-05 15:00:00+00:00,1767625200,1864.8,1875.8
2026-01-05 15:15:00+00:00,1767626100,1868.4,1879.02
2026-01-05 15:30:00+00:00,1767627000,1872.0,1882.24
2026-01-05 15:45:00+00:00,1767627900,1864.8,1874.58
2026-01-05 16:00:00+00:00,1767628800,1857.6,1866.93
2026-01-05 16:15:00+00:00,1767629700,1857.6,1866.5
2026-01-05 16:30:00+00:00,1767630600,1857.6,1866.06
2026-01-05 16:45:00+00:00,1767631500,1854.0,1862.0
2026-01-05 17:00:00+00:00,1767632400,1850.4,1857.93
2026-01-05 17:15:00+00:00,1767633300,1861.2,1868.32
2026-01-05 17:30:00+00:00,1767634200,1872.0,1878.7
2026-01-05 17:45:00+00:00,1767635100,1868.4,1874.64
2026-01-05 18:00:00+00:00,1767636000,1864.8,1870.58
2026-01-05 18:15:00+00:00,1767636900,1868.4,1873.77
2026-01-05 18:30:00+00:00,1767637800,1872.0,1876.96
2026-01-05 18:45:00+00:00,1767638700,1868.4,1872.98
2026-01-05 19:00:00+00:00,1767639600,1864.8,1868.99
2026-01-05 19:15:00+00:00,1767640500,1872.0,1875.89
2026-01-05 19:30:00+00:00,1767641400,1879.2,1882.79
2026-01-05 19:45:00+00:00,1767642300,1875.6,1878.93
2026-01-05 20:00:00+00:00,1767643200,1872.0,1875.07
2026-01-05 20:15:00+00:00,1767644100,1868.4,1871.28
2026-01-05 20:30:00+00:00,1767645000,1864.8,1867.49
2026-01-05 20:45:00+00:00,1767645900,1868.4,1870.96
2026-01-05 21:00:00+00:00,1767646800,1872.0,1874.43
2026-01-05 21:15:00+00:00,1767647700,1868.4,1870.74
2026-01-05 21:30:00+00:00,1767648600,1864.8,1867.05
2026-01-05 21:45:00+00:00,1767649500,1864.8,1867.0
2026-01-05 22:00:00+00:00,1767650400,1864.8,1866.94
2026-01-05 22:15:00+00:00,1767651300,1868.4,1870.52
2026-01-05 22:30:00+00:00,1767652200,1872.0,1874.09
2026-01-05 22:45:00+00:00,1767653100,1872.0,1874.08
2026-01-05 23:00:00+00:00,1767654000,1872.0,1874.06
2026-01-05 23:15:00+00:00,1767654900,1872.0,1874.05
2026-01-05 23:30:00+00:00,1767655800,1872.0,1874.04
2026-01-05 23:45:00+00:00,1767656700,1872.0,1874.04
2026-01-06 00:00:00+00:00,1767657600,1872.0,1874.03
2026-01-06 00:15:00+00:00,1767658500,1868.4,1870.42
2026-01-06 00:30:00+00:00,1767659400,1864.8,1866.82
2026-01-06 00:45:00+00:00,1767660300,1864.8,1866.82
2026-01-06 01:00:00+00:00,1767661200,1864.8,1866.82
2026-01-06 01:15:00+00:00,1767662100,1864.8,1866.82
2026-01-06 01:30:00+00:00,1767663000,1864.8,1866.81
2026-01-06 01:45:00+00:00,1767663900,1872.0,1874.02
2026-01-06 02:00:00+00:00,1767664800,1879.2,1881.23
2026-01-06 02:15:00+00:00,1767665700,1872.0,1874.02
2026-01-06 02:30:00+00:00,1767666600,1864.8,1866.81
2026-01-06 02:45:00+00:00,1767667500,1868.4,1870.42
2026-01-06 03:00:00+00:00,1767668400,1872.0,1874.02
2026-01-06 03:15:00+00:00,1767669300,1872.0,1874.02
2026-01-06 03:30:00+00:00,1767670200,1872.0,1874.02
2026-01-06 03:45:00+00:00,1767671100,1872.0,1874.02
2026-01-06 04:00:00+00:00,1767672000,1872.0,1874.02
2026-01-06 04:15:00+00:00,1767672900,1868.4,1870.42
2026-01-06 04:30:00+00:00,1767673800,1864.8,1866.81
2026-01-06 04:45:00+00:00,1767674700,1875.6,1877.62
2026-01-06 05:00:00+00:00,1767675600,1886.4,1888.44
2026-01-06 05:15:00+00:00,1767676500,1882.8,1884.84
2026-01-06 05:30:00+00:00,1767677400,1879.2,1881.23
2026-01-06 05:45:00+00:00,1767678300,1886.4,1888.44
2026-01-06 06:00:00+00:00,1767679200,1893.6,1895.65
2026-01-06 06:15:00+00:00,1767680100,1882.8,1884.84
2026-01-06 06:30:00+00:00,1767681000,1872.0,1874.02
2026-01-06 06:45:00+00:00,1767681900,1879.2,1881.23
2026-01-06 07:00:00+00:00,1767682800,1886.4,1888.44
2026-01-06 07:15:00+00:00,1767683700,1879.2,1881.23
2026-01-06 07:30:00+00:00,1767684600,1872.0,1874.02
2026-01-06 07:45:00+00:00,1767685500,1868.4,1870.42
2026-01-06 08:00:00+00:00,1767686400,1864.8,1866.81
2026-01-06 08:15:00+00:00,1767687300,1861.2,1863.21
2026-01-06 08:30:00+00:00,1767688200,1857.6,1859.61
2026-01-06 08:45:00+00:00,1767689100,1861.2,1863.21
2026-01-06 09:00:00+00:00,1767690000,1864.8,1866.81
2026-01-06 09:15:00+00:00,1767690900,1872.0,1874.02
2026-01-06 09:30:00+00:00,1767691800,1879.2,1881.23
2026-01-06 09:45:00+00:00,1767692700,1879.2,1881.23
2026-01-06 10:00:00+00:00,1767693600,1879.2,1881.23
2026-01-06 10:15:00+00:00,1767694500,1879.2,1881.22
2026-01-06 10:30:00+00:00,1767695400,1879.2,1881.22
2026-01-06 10:45:00+00:00,1767696300,1875.6,1877.62
2026-01-06 11:00:00+00:00,1767697200,1872.0,1874.01
2026-01-06 11:15:00+00:00,1767698100,1872.0,1874.0
2026-01-06 11:30:00+00:00,1767699000,1872.0,1873.99
2026-01-06 11:45:00+00:00,1767699900,1864.8,1866.76
2026-01-06 12:00:00+00:00,1767700800,1857.6,1859.54
2026-01-06 12:15:00+00:00,1767701700,1868.4,1870.32
2026-01-06 12:30:00+00:00,1767702600,1879.2,1881.1
2026-01-06 12:45:00+00:00,1767703500,1875.6,1877.44
2026-01-06 13:00:00+00:00,1767704400,1872.0,1873.78
2026-01-06 13:15:00+00:00,1767705300,1875.6,1877.3
2026-01-06 13:30:00+00:00,1767706200,1879.2,1880.82
2026-01-06 13:45:00+00:00,1767707100,1875.6,1877.08
2026-01-06 14:00:00+00:00,1767708000,1872.0,1873.35
2026-01-06 14:15:00+00:00,1767708900,1868.4,1869.56
2026-01-06 14:30:00+00:00,1767709800,1864.8,1865.77
2026-01-06 14:45:00+00:00,1767710700,1868.4,1869.12
2026-01-06 15:00:00+00:00,1767711600,1872.0,1872.48
2026-01-06 15:15:00+00:00,1767712500,1875.6,1875.76
2026-01-06 15:30:00+00:00,1767713400,1879.2,1879.05
2026-01-06 15:45:00+00:00,1767714300,1882.8,1882.28
2026-01-06 16:00:00+00:00,1767715200,1886.4,1885.51
2026-01-06 16:15:00+00:00,1767716100,1886.4,1885.1
2026-01-06 16:30:00+00:00,1767717000,1886.4,1884.69
2026-01-06 16:45:00+00:00,1767717900,1875.6,1873.48
2026-01-06 17:00:00+00:00,1767718800,1864.8,1862.26
2026-01-06 17:15:00+00:00,1767719700,1879.2,1876.22
2026-01-06 17:30:00+00:00,1767720600,1893.6,1890.18
2026-01-06 17:45:00+00:00,1767721500,1886.4,1882.61
2026-01-06 18:00:00+00:00,1767722400,1879.2,1875.04
2026-01-06 18:15:00+00:00,1767723300,1890.0,1885.48
2026-01-06 18:30:00+00:00,1767724200,1900.8,1895.92
2026-01-06 18:45:00+00:00,1767725100,1893.6,1888.47
2026-01-06 19:00:00+00:00,1767726000,1886.4,1881.02
2026-01-06 19:15:00+00:00,1767726900,1886.4,1880.81
2026-01-06 19:30:00+00:00,1767727800,1886.4,1880.6
2026-01-06 19:45:00+00:00,1767728700,1893.6,1887.63
2026-01-06 20:00:00+00:00,1767729600,1900.8,1894.66
2026-01-06 20:15:00+00:00,1767730500,1890.0,1883.8
2026-01-06 20:30:00+00:00,1767731400,1879.2,1872.93
2026-01-06 20:45:00+00:00,1767732300,1890.0,1883.63
2026-01-06 21:00:00+00:00,1767733200,1900.8,1894.33
2026-01-06 21:15:00+00:00,1767734100,1897.2,1890.7
2026-01-06 21:30:00+00:00,1767735000,1893.6,1887.08
2026-01-06 21:45:00+00:00,1767735900,1890.0,1883.47
2026-01-06 22:00:00+00:00,1767736800,1886.4,1879.86
2026-01-06 22:15:00+00:00,1767737700,1882.8,1876.26
2026-01-06 22:30:00+00:00,1767738600,1879.2,1872.66
2026-01-06 22:45:00+00:00,1767739500,1882.8,1876.24
2026-01-06 23:00:00+00:00,1767740400,1886.4,1879.82
2026-01-06 23:15:00+00:00,1767741300,1893.6,1887.0
2026-01-06 23:30:00+00:00,1767742200,1900.8,1894.17
2026-01-06 23:45:00+00:00,1767743100,1893.6,1887.0
2026-01-07 00:00:00+00:00,1767744000,1886.4,1879.82
2026-01-07 00:15:00+00:00,1767744900,1879.2,1872.64
2026-01-07 00:30:00+00:00,1767745800,1872.0,1865.47
2026-01-07 00:45:00+00:00,1767746700,1882.8,1876.23
2026-01-07 01:00:00+00:00,1767747600,1893.6,1886.99
2026-01-07 01:15:00+00:00,1767748500,1882.8,1876.23
2026-01-07 01:30:00+00:00,1767749400,1872.0,1865.47
2026-01-07 01:45:00+00:00,1767750300,1868.4,1861.88
2026-01-07 02:00:00+00:00,1767751200,1864.8,1858.3
2026-01-07 02:15:00+00:00,1767752100,1868.4,1861.89
2026-01-07 02:30:00+00:00,1767753000,1872.0,1865.48
2026-01-07 02:45:00+00:00,1767753900,1875.6,1869.08
2026-01-07 03:00:00+00:00,1767754800,1879.2,1872.67
2026-01-07 03:15:00+00:00,1767755700,1872.0,1865.51
2026-01-07 03:30:00+00:00,1767756600,1864.8,1858.35
2026-01-07 03:45:00+00:00,1767757500,1864.8,1858.38
2026-01-07 04:00:00+00:00,1767758400,1864.8,1858.41
2026-01-07 04:15:00+00:00,1767759300,1875.6,1869.22
2026-01-07 04:30:00+00:00,1767760200,1886.4,1880.03
2026-01-07 04:45:00+00:00,1767761100,1875.6,1869.35
2026-01-07 05:00:00+00:00,1767762000,1864.8,1858.67
2026-01-07 05:15:00+00:00,1767762900,1872.0,1865.97
2026-01-07 05:30:00+00:00,1767763800,1879.2,1873.27
2026-01-07 05:45:00+00:00,1767764700,1875.6,1869.86
2026-01-07 06:00:00+00:00,1767765600,1872.0,1866.44
2026-01-07 06:15:00+00:00,1767766500,1875.6,1870.27
2026-01-07 06:30:00+00:00,1767767400,1879.2,1874.1
2026-01-07 06:45:00+00:00,1767768300,1879.2,1874.4
2026-01-07 07:00:00+00:00,1767769200,1879.2,1874.7
2026-01-07 07:15:00+00:00,1767770100,1861.2,1857.1
2026-01-07 07:30:00+00:00,1767771000,1843.2,1839.49
2026-01-07 07:45:00+00:00,1767771900,1854.0,1850.67
2026-01-07 08:00:00+00:00,1767772800,1864.8,1861.85
2026-01-07 08:15:00+00:00,1767773700,1872.0,1869.46
2026-01-07 08:30:00+00:00,1767774600,1879.2,1877.07
2026-01-07 08:45:00+00:00,1767775500,1875.6,1873.9
2026-01-07 09:00:00+00:00,1767776400,1872.0,1870.72
2026-01-07 09:15:00+00:00,1767777300,1872.0,1871.11
2026-01-07 09:30:00+00:00,1767778200,1872.0,1871.5
2026-01-07 09:45:00+00:00,1767779100,1872.0,1871.84
2026-01-07 10:00:00+00:00,1767780000,1872.0,1872.18
2026-01-07 10:15:00+00:00,1767780900,1875.6,1876.06
2026-01-07 10:30:00+00:00,1767781800,1879.2,1879.94
2026-01-07 10:45:00+00:00,1767782700,1875.6,1876.56
2026-01-07 11:00:00+00:00,1767783600,1872.0,1873.17
2026-01-07 11:15:00+00:00,1767784500,1875.6,1876.93
2026-01-07 11:30:00+00:00,1767785400,1879.2,1880.69
2026-01-07 11:45:00+00:00,1767786300,1872.0,1873.58
2026-01-07 12:00:00+00:00,1767787200,1864.8,1866.48
2026-01-07 12:15:00+00:00,1767788100,1864.8,1866.54
2026-01-07 12:30:00+00:00,1767789000,1864.8,1866.6
2026-01-07 12:45:00+00:00,1767789900,1868.4,1870.22
2026-01-07 13:00:00+00:00,1767790800,1872.0,1873.85
2026-01-07 13:15:00+00:00,1767791700,1868.4,1870.24
2026-01-07 13:30:00+00:00,1767792600,1864.8,1866.62
2026-01-07 13:45:00+00:00,1767793500,1872.0,1873.78
2026-01-07 14:00:00+00:00,1767794400,1879.2,1880.95
2026-01-07 14:15:00+00:00,1767795300,1872.0,1873.66
2026-01-07 14:30:00+00:00,1767796200,1864.8,1866.36
2026-01-07 14:45:00+00:00,1767797100,1868.4,1869.83
2026-01-07 15:00:00+00:00,1767798000,1872.0,1873.3
2026-01-07 15:15:00+00:00,1767798900,1875.6,1876.7
2026-01-07 15:30:00+00:00,1767799800,1879.2,1880.11
2026-01-07 15:45:00+00:00,1767800700,1875.6,1876.25
2026-01-07 16:00:00+00:00,1767801600,1872.0,1872.39
2026-01-07 16:15:00+00:00,1767802500,1882.8,1882.86
2026-01-07 16:30:00+00:00,1767803400,1893.6,1893.34
2026-01-07 16:45:00+00:00,1767804300,1890.0,1889.36
2026-01-07 17:00:00+00:00,1767805200,1886.4,1885.39
2026-01-07 17:15:00+00:00,1767806100,1886.4,1884.98
2026-01-07 17:30:00+00:00,1767807000,1886.4,1884.56
2026-01-07 17:45:00+00:00,1767807900,1890.0,1887.72
2026-01-07 18:00:00+00:00,1767808800,1893.6,1890.89
2026-01-07 18:15:00+00:00,1767809700,1893.6,1890.48
2026-01-07 18:30:00+00:00,1767810600,1893.6,1890.07
2026-01-07 18:45:00+00:00,1767811500,1886.4,1882.52
2026-01-07 19:00:00+00:00,1767812400,1879.2,1874.98
2026-01-07 19:15:00+00:00,1767813300,1882.8,1878.28
2026-01-07 19:30:00+00:00,1767814200,1886.4,1881.57
2026-01-07 19:45:00+00:00,1767815100,1897.2,1892.13
2026-01-07 20:00:00+00:00,1767816000,1908.0,1902.69
2026-01-07 20:15:00+00:00,1767816900,1900.8,1895.4
2026-01-07 20:30:00+00:00,1767817800,1893.6,1888.1
2026-01-07 20:45:00+00:00,1767818700,1890.0,1884.5
2026-01-07 21:00:00+00:00,1767819600,1886.4,1880.89
2026-01-07 21:15:00+00:00,1767820500,1879.2,1873.8
2026-01-07 21:30:00+00:00,1767821400,1872.0,1866.7
2026-01-07 21:45:00+00:00,1767822300,1875.6,1870.47
2026-01-07 22:00:00+00:00,1767823200,1879.2,1874.24
2026-01-07 22:15:00+00:00,1767824100,1882.8,1878.1
2026-01-07 22:30:00+00:00,1767825000,1886.4,1881.96
2026-01-07 22:45:00+00:00,1767825900,1882.8,1878.71
2026-01-07 23:00:00+00:00,1767826800,1879.2,1875.46
2026-01-07 23:15:00+00:00,1767827700,1875.6,1872.26
2026-01-07 23:30:00+00:00,1767828600,1872.0,1869.05
2026-01-07 23:45:00+00:00,1767829500,1882.8,1880.26
2026-01-08 00:00:00+00:00,1767830400,1893.6,1891.46
2026-01-08 00:15:00+00:00,1767831300,1882.8,1881.09
2026-01-08 00:30:00+00:00,1767832200,1872.0,1870.72
2026-01-08 00:45:00+00:00,1767833100,1875.6,1874.7
2026-01-08 01:00:00+00:00,1767834000,1879.2,1878.69
2026-01-08 01:15:00+00:00,1767834900,1875.6,1875.44
2026-01-08 01:30:00+00:00,1767835800,1872.0,1872.18
2026-01-08 01:45:00+00:00,1767836700,1872.0,1872.46
2026-01-08 02:00:00+00:00,1767837600,1872.0,1872.74
2026-01-08 02:15:00+00:00,1767838500,1879.2,1880.16
2026-01-08 02:30:00+00:00,1767839400,1886.4,1887.58
2026-01-08 02:45:00+00:00,1767840300,1882.8,1884.14
2026-01-08 03:00:00+00:00,1767841200,1879.2,1880.69
2026-01-08 03:15:00+00:00,1767842100,1879.2,1880.8
2026-01-08 03:30:00+00:00,1767843000,1879.2,1880.91
2026-01-08 03:45:00+00:00,1767843900,1882.8,1884.58
2026-01-08 04:00:00+00:00,1767844800,1886.4,1888.26
2026-01-08 04:15:00+00:00,1767845700,1886.4,1888.3
2026-01-08 04:30:00+00:00,1767846600,1886.4,1888.34
2026-01-08 04:45:00+00:00,1767847500,1882.8,1884.76
2026-01-08 05:00:00+00:00,1767848400,1879.2,1881.18
2026-01-08 05:15:00+00:00,1767849300,1886.4,1888.4
2026-01-08 05:30:00+00:00,1767850200,1893.6,1895.62
2026-01-08 05:45:00+00:00,1767851100,1886.4,1888.42
2026-01-08 06:00:00+00:00,1767852000,1879.2,1881.22
2026-01-08 06:15:00+00:00,1767852900,1882.8,1884.82
2026-01-08 06:30:00+00:00,1767853800,1886.4,1888.43
2026-01-08 06:45:00+00:00,1767854700,1875.6,1877.62
2026-01-08 07:00:00+00:00,1767855600,1864.8,1866.81
2026-01-08 07:15:00+00:00,1767856500,1864.8,1866.81
2026-01-08 07:30:00+00:00,1767857400,1864.8,1866.81
2026-01-08 07:45:00+00:00,1767858300,1868.4,1870.42
2026-01-08 08:00:00+00:00,1767859200,1872.0,1874.02
2026-01-08 08:15:00+00:00,1767860100,1872.0,1874.02
2026-01-08 08:30:00+00:00,1767861000,1872.0,1874.02
2026-01-08 08:45:00+00:00,1767861900,1879.2,1881.22
2026-01-08 09:00:00+00:00,1767862800,1886.4,1888.43
2026-01-08 09:15:00+00:00,1767863700,1879.2,1881.22
2026-01-08 09:30:00+00:00,1767864600,1872.0,1874.01
2026-01-08 09:45:00+00:00,1767865500,1875.6,1877.6
2026-01-08 10:00:00+00:00,1767866400,1879.2,1881.2
2026-01-08 10:15:00+00:00,1767867300,1872.0,1873.98
2026-01-08 10:30:00+00:00,1767868200,1864.8,1866.76
2026-01-08 10:45:00+00:00,1767869100,1864.8,1866.74
2026-01-08 11:00:00+00:00,1767870000,1864.8,1866.71
2026-01-08 11:15:00+00:00,1767870900,1864.8,1866.66
2026-01-08 11:30:00+00:00,1767871800,1864.8,1866.62
2026-01-08 11:45:00+00:00,1767872700,1872.0,1873.75
2026-01-08 12:00:00+00:00,1767873600,1879.2,1880.88
2026-01-08 12:15:00+00:00,1767874500,1872.0,1873.56
2026-01-08 12:30:00+00:00,1767875400,1864.8,1866.24
2026-01-08 12:45:00+00:00,1767876300,1864.8,1866.07
2026-01-08 13:00:00+00:00,1767877200,1864.8,1865.9
2026-01-08 13:15:00+00:00,1767878100,1868.4,1869.28
2026-01-08 13:30:00+00:00,1767879000,1872.0,1872.65
2026-01-08 13:45:00+00:00,1767879900,1890.0,1890.36
2026-01-08 14:00:00+00:00,1767880800,1908.0,1908.07
2026-01-08 14:15:00+00:00,1767881700,1897.2,1896.92
2026-01-08 14:30:00+00:00,1767882600,1886.4,1885.76
2026-01-08 14:45:00+00:00,1767883500,1875.6,1874.57
2026-01-08 15:00:00+00:00,1767884400,1864.8,1863.38
2026-01-08 15:15:00+00:00,1767885300,1875.6,1873.75
2026-01-08 15:30:00+00:00,1767886200,1886.4,1884.12
2026-01-08 15:45:00+00:00,1767887100,1890.0,1887.28
2026-01-08 16:00:00+00:00,1767888000,1893.6,1890.45
2026-01-08 16:15:00+00:00,1767888900,1893.6,1890.04
2026-01-08 16:30:00+00:00,1767889800,1893.6,1889.64
2026-01-08 16:45:00+00:00,1767890700,1890.0,1885.68
2026-01-08 17:00:00+00:00,1767891600,1886.4,1881.73
2026-01-08 17:15:00+00:00,1767892500,1890.0,1885.01
2026-01-08 17:30:00+00:00,1767893400,1893.6,1888.29
2026-01-08 17:45:00+00:00,1767894300,1890.0,1884.44
2026-01-08 18:00:00+00:00,1767895200,1886.4,1880.6
2026-01-08 18:15:00+00:00,1767896100,1886.4,1880.4
2026-01-08 18:30:00+00:00,1767897000,1886.4,1880.2
2026-01-08 18:45:00+00:00,1767897900,1886.4,1880.04
2026-01-08 19:00:00+00:00,1767898800,1886.4,1879.88
2026-01-08 19:15:00+00:00,1767899700,1886.4,1879.75
2026-01-08 19:30:00+00:00,1767900600,1886.4,1879.62
2026-01-08 19:45:00+00:00,1767901500,1882.8,1875.94
2026-01-08 20:00:00+00:00,1767902400,1879.2,1872.25
2026-01-08 20:15:00+00:00,1767903300,1868.4,1861.42
2026-01-08 20:30:00+00:00,1767904200,1857.6,1850.58
2026-01-08 20:45:00+00:00,1767905100,1868.4,1861.29
2026-01-08 21:00:00+00:00,1767906000,1879.2,1872.0
2026-01-08 21:15:00+00:00,1767906900,1886.4,1879.14
2026-01-08 21:30:00+00:00,1767907800,1893.6,1886.29
2026-01-08 21:45:00+00:00,1767908700,1890.0,1882.7
2026-01-08 22:00:00+00:00,1767909600,1886.4,1879.12
2026-01-08 22:15:00+00:00,1767910500,1882.8,1875.56
2026-01-08 22:30:00+00:00,1767911400,1879.2,1871.99
2026-01-08 22:45:00+00:00,1767912300,1875.6,1868.44
2026-01-08 23:00:00+00:00,1767913200,1872.0,1864.89
2026-01-08 23:15:00+00:00,1767914100,1875.6,1868.52
2026-01-08 23:30:00+00:00,1767915000,1879.2,1872.16
2026-01-08 23:45:00+00:00,1767915900,1875.6,1868.62
2026-01-09 00:00:00+00:00,1767916800,1872.0,1865.08
2026-01-09 00:15:00+00:00,1767917700,1864.8,1857.95
2026-01-09 00:30:00+00:00,1767918600,1857.6,1850.82
2026-01-09 00:45:00+00:00,1767919500,1868.4,1861.6
2026-01-09 01:00:00+00:00,1767920400,1879.2,1872.39
2026-01-09 01:15:00+00:00,1767921300,1872.0,1865.22
2026-01-09 01:30:00+00:00,1767922200,1864.8,1858.06
2026-01-09 01:45:00+00:00,1767923100,1857.6,1850.86
2026-01-09 02:00:00+00:00,1767924000,1850.4,1843.67
2026-01-09 02:15:00+00:00,1767924900,1861.2,1854.38
2026-01-09 02:30:00+00:00,1767925800,1872.0,1865.08
2026-01-09 02:45:00+00:00,1767926700,1879.2,1872.17
2026-01-09 03:00:00+00:00,1767927600,1886.4,1879.26
2026-01-09 03:15:00+00:00,1767928500,1875.6,1868.38
2026-01-09 03:30:00+00:00,1767929400,1864.8,1857.5
2026-01-09 03:45:00+00:00,1767930300,1875.6,1868.1
2026-01-09 04:00:00+00:00,1767931200,1886.4,1878.71
2026-01-09 04:15:00+00:00,1767932100,1879.2,1871.37
2026-01-09 04:30:00+00:00,1767933000,1872.0,1864.03
2026-01-09 04:45:00+00:00,1767933900,1879.2,1871.04
2026-01-09 05:00:00+00:00,1767934800,1886.4,1878.04
2026-01-09 05:15:00+00:00,1767935700,1890.0,1881.48
2026-01-09 05:30:00+00:00,1767936600,1893.6,1884.91
2026-01-09 05:45:00+00:00,1767937500,1886.4,1877.64
2026-01-09 06:00:00+00:00,1767938400,1879.2,1870.38
2026-01-09 06:15:00+00:00,1767939300,1879.2,1870.34
2026-01-09 06:30:00+00:00,1767940200,1879.2,1870.3
2026-01-09 06:45:00+00:00,1767941100,1879.2,1870.33
2026-01-09 07:00:00+00:00,1767942000,1879.2,1870.36
2026-01-09 07:15:00+00:00,1767942900,1882.8,1874.04
2026-01-09 07:30:00+00:00,1767943800,1886.4,1877.71
2026-01-09 07:45:00+00:00,1767944700,1886.4,1877.84
2026-01-09 08:00:00+00:00,1767945600,1886.4,1877.98
2026-01-09 08:15:00+00:00,1767946500,1886.4,1878.15
2026-01-09 08:30:00+00:00,1767947400,1886.4,1878.32
2026-01-09 08:45:00+00:00,1767948300,1879.2,1871.32
2026-01-09 09:00:00+00:00,1767949200,1872.0,1864.32
2026-01-09 09:15:00+00:00,1767950100,1879.2,1871.65
2026-01-09 09:30:00+00:00,1767951000,1886.4,1878.98
2026-01-09 09:45:00+00:00,1767951900,1886.4,1879.12
2026-01-09 10:00:00+00:00,1767952800,1886.4,1879.26
2026-01-09 10:15:00+00:00,1767953700,1882.8,1875.79
2026-01-09 10:30:00+00:00,1767954600,1879.2,1872.32
2026-01-09 10:45:00+00:00,1767955500,1875.6,1868.82
2026-01-09 11:00:00+00:00,1767956400,1872.0,1865.32
2026-01-09 11:15:00+00:00,1767957300,1872.0,1865.39
2026-01-09 11:30:00+00:00,1767958200,1872.0,1865.46
2026-01-09 11:45:00+00:00,1767959100,1875.6,1869.1
2026-01-09 12:00:00+00:00,1767960000,1879.2,1872.74
2026-01-09 12:15:00+00:00,1767960900,1875.6,1869.19
2026-01-09 12:30:00+00:00,1767961800,1872.0,1865.64
2026-01-09 12:45:00+00:00,1767962700,1882.8,1876.44
2026-01-09 13:00:00+00:00,1767963600,1893.6,1887.23
2026-01-09 13:15:00+00:00,1767964500,1882.8,1876.49
2026-01-09 13:30:00+00:00,1767965400,1872.0,1865.75
2026-01-09 13:45:00+00:00,1767966300,1872.0,1865.76
2026-01-09 14:00:00+00:00,1767967200,1872.0,1865.77
2026-01-09 14:15:00+00:00,1767968100,1868.4,1862.19
2026-01-09 14:30:00+00:00,1767969000,1864.8,1858.61
2026-01-09 14:45:00+00:00,1767969900,1875.6,1869.38
2026-01-09 15:00:00+00:00,1767970800,1886.4,1880.14
2026-01-09 15:15:00+00:00,1767971700,1882.8,1876.55
2026-01-09 15:30:00+00:00,1767972600,1879.2,1872.96
2026-01-09 15:45:00+00:00,1767973500,1890.0,1883.73
2026-01-09 16:00:00+00:00,1767974400,1900.8,1894.5
2026-01-09 16:15:00+00:00,1767975300,1893.6,1887.34
2026-01-09 16:30:00+00:00,1767976200,1886.4,1880.17
2026-01-09 16:45:00+00:00,1767977100,1882.8,1876.61
2026-01-09 17:00:00+00:00,1767978000,1879.2,1873.05
2026-01-09 17:15:00+00:00,1767978900,1882.8,1876.68
2026-01-09 17:30:00+00:00,1767979800,1886.4,1880.31
2026-01-09 17:45:00+00:00,1767980700,1882.8,1876.79
2026-01-09 18:00:00+00:00,1767981600,1879.2,1873.27
2026-01-09 18:15:00+00:00,1767982500,1890.0,1884.14
2026-01-09 18:30:00+00:00,1767983400,1900.8,1895.0
2026-01-09 18:45:00+00:00,1767984300,1879.2,1873.6
2026-01-09 19:00:00+00:00,1767985200,1857.6,1852.19
2026-01-09 19:15:00+00:00,1767986100,1864.8,1859.54
2026-01-09 19:30:00+00:00,1767987000,1872.0,1866.88
2026-01-09 19:45:00+00:00,1767987900,1875.6,1870.67
2026-01-09 20:00:00+00:00,1767988800,1879.2,1874.46
2026-01-09 20:15:00+00:00,1767989700,1879.2,1874.68
2026-01-09 20:30:00+00:00,1767990600,1879.2,1874.9
2026-01-09 20:45:00+00:00,1767991500,1875.6,1871.52
2026-01-09 21:00:00+00:00,1767992400,1872.0,1868.15
2026-01-09 21:15:00+00:00,1767993300,1872.0,1868.34
2026-01-09 21:30:00+00:00,1767994200,1872.0,1868.52
2026-01-09 21:45:00+00:00,1767995100,1868.4,1865.06
2026-01-09 22:00:00+00:00,1767996000,1864.8,1861.59
2026-01-09 22:15:00+00:00,1767996900,1864.8,1861.64
2026-01-09 22:30:00+00:00,1767997800,1864.8,1861.69
2026-01-09 22:45:00+00:00,1767998700,1864.8,1861.66
2026-01-09 23:00:00+00:00,1767999600,1864.8,1861.63
2026-01-09 23:15:00+00:00,1768000500,1864.8,1861.52
2026-01-09 23:30:00+00:00,1768001400,1864.8,1861.42
2026-01-09 23:45:00+00:00,1768002300,1864.8,1861.26
2026-01-10 00:00:00+00:00,1768003200,1864.8,1861.1
2026-01-10 00:15:00+00:00,1768004100,1864.8,1860.92
2026-01-10 00:30:00+00:00,1768005000,1864.8,1860.74
2026-01-10 00:45:00+00:00,1768005900,1864.8,1860.56
2026-01-10 01:00:00+00:00,1768006800,1864.8,1860.39
2026-01-10 01:15:00+00:00,1768007700,1857.6,1853.07
2026-01-10 01:30:00+00:00,1768008600,1850.4,1845.75
2026-01-10 01:45:00+00:00,1768009500,1854.0,1849.25
2026-01-10 02:00:00+00:00,1768010400,1857.6,1852.75
2026-01-10 02:15:00+00:00,1768011300,1857.6,1852.72
2026-01-10 02:30:00+00:00,1768012200,1857.6,1852.68
2026-01-10 02:45:00+00:00,1768013100,1857.6,1852.7
2026-01-10 03:00:00+00:00,1768014000,1857.6,1852.71
2026-01-10 03:15:00+00:00,1768014900,1872.0,1867.12
2026-01-10 03:30:00+00:00,1768015800,1886.4,1881.53
2026-01-10 03:45:00+00:00,1768016700,1872.0,1867.24
2026-01-10 04:00:00+00:00,1768017600,1857.6,1852.95
2026-01-10 04:15:00+00:00,1768018500,1850.4,1845.86
2026-01-10 04:30:00+00:00,1768019400,1843.2,1838.77
2026-01-10 04:45:00+00:00,1768020300,1850.4,1846.06
2026-01-10 05:00:00+00:00,1768021200,1857.6,1853.34
2026-01-10 05:15:00+00:00,1768022100,1868.4,1864.24
2026-01-10 05:30:00+00:00,1768023000,1879.2,1875.14
2026-01-10 05:45:00+00:00,1768023900,1868.4,1864.51
2026-01-10 06:00:00+00:00,1768024800,1857.6,1853.88
2026-01-10 06:15:00+00:00,1768025700,1857.6,1854.06
2026-01-10 06:30:00+00:00,1768026600,1857.6,1854.25
2026-01-10 06:45:00+00:00,1768027500,1861.2,1858.06
2026-01-10 07:00:00+00:00,1768028400,1864.8,1861.88
2026-01-10 07:15:00+00:00,1768029300,1872.0,1869.34
2026-01-10 07:30:00+00:00,1768030200,1879.2,1876.8
2026-01-10 07:45:00+00:00,1768031100,1879.2,1877.1
2026-01-10 08:00:00+00:00,1768032000,1879.2,1877.41
2026-01-10 08:15:00+00:00,1768032900,1864.8,1863.36
2026-01-10 08:30:00+00:00,1768033800,1850.4,1849.3
2026-01-10 08:45:00+00:00,1768034700,1861.2,1860.44
2026-01-10 09:00:00+00:00,1768035600,1872.0,1871.59
2026-01-10 09:15:00+00:00,1768036500,1864.8,1864.75
2026-01-10 09:30:00+00:00,1768037400,1857.6,1857.91
2026-01-10 09:45:00+00:00,1768038300,1854.0,1854.68
2026-01-10 10:00:00+00:00,1768039200,1850.4,1851.44
2026-01-10 10:15:00+00:00,1768040100,1861.2,1862.62
2026-01-10 10:30:00+00:00,1768041000,1872.0,1873.8
2026-01-10 10:45:00+00:00,1768041900,1864.8,1866.96
2026-01-10 11:00:00+00:00,1768042800,1857.6,1860.13
2026-01-10 11:15:00+00:00,1768043700,1864.8,1867.71
2026-01-10 11:30:00+00:00,1768044600,1872.0,1875.29
2026-01-10 11:45:00+00:00,1768045500,1864.8,1868.42
2026-01-10 12:00:00+00:00,1768046400,1857.6,1861.56
2026-01-10 12:15:00+00:00,1768047300,1861.2,1865.48
2026-01-10 12:30:00+00:00,1768048200,1864.8,1869.41
2026-01-10 12:45:00+00:00,1768049100,1868.4,1873.28
2026-01-10 13:00:00+00:00,1768050000,1872.0,1877.14
2026-01-10 13:15:00+00:00,1768050900,1875.6,1880.92
2026-01-10 13:30:00+00:00,1768051800,1879.2,1884.71
2026-01-10 13:45:00+00:00,1768052700,1872.0,1877.56
2026-01-10 14:00:00+00:00,1768053600,1864.8,1870.4
2026-01-10 14:15:00+00:00,1768054500,1864.8,1870.35
2026-01-10 14:30:00+00:00,1768055400,1864.8,1870.3
2026-01-10 14:45:00+00:00,1768056300,1872.0,1877.36
2026-01-10 15:00:00+00:00,1768057200,1879.2,1884.43
2026-01-10 15:15:00+00:00,1768058100,1875.6,1880.57
2026-01-10 15:30:00+00:00,1768059000,1872.0,1876.71
2026-01-10 15:45:00+00:00,1768059900,1879.2,1883.61
2026-01-10 16:00:00+00:00,1768060800,1886.4,1890.51
2026-01-10 16:15:00+00:00,1768061700,1875.6,1879.32
2026-01-10 16:30:00+00:00,1768062600,1864.8,1868.13
2026-01-10 16:45:00+00:00,1768063500,1872.0,1874.94
2026-01-10 17:00:00+00:00,1768064400,1879.2,1881.76
2026-01-10 17:15:00+00:00,1768065300,1872.0,1874.14
2026-01-10 17:30:00+00:00,1768066200,1864.8,1866.51
2026-01-10 17:45:00+00:00,1768067100,1872.0,1873.28
2026-01-10 18:00:00+00:00,1768068000,1879.2,1880.06
2026-01-10 18:15:00+00:00,1768068900,1882.8,1883.22
2026-01-10 18:30:00+00:00,1768069800,1886.4,1886.39
2026-01-10 18:45:00+00:00,1768070700,1879.2,1878.76
2026-01-10 19:00:00+00:00,1768071600,1872.0,1871.14
2026-01-10 19:15:00+00:00,1768072500,1872.0,1870.75
2026-01-10 19:30:00+00:00,1768073400,1872.0,1870.36
2026-01-10 19:45:00+00:00,1768074300,1868.4,1866.42
2026-01-10 20:00:00+00:00,1768075200,1864.8,1862.49
2026-01-10 20:15:00+00:00,1768076100,1864.8,1862.24
2026-01-10 20:30:00+00:00,1768077000,1864.8,1861.99
2026-01-10 20:45:00+00:00,1768077900,1868.4,1865.44
2026-01-10 21:00:00+00:00,1768078800,1872.0,1868.9
2026-01-10 21:15:00+00:00,1768079700,1879.2,1876.08
2026-01-10 21:30:00+00:00,1768080600,1886.4,1883.25
2026-01-10 21:45:00+00:00,1768081500,1882.8,1879.76
2026-01-10 22:00:00+00:00,1768082400,1879.2,1876.28
2026-01-10 22:15:00+00:00,1768083300,1868.4,1865.71
2026-01-10 22:30:00+00:00,1768084200,1857.6,1855.14
2026-01-10 22:45:00+00:00,1768085100,1868.4,1866.22
2026-01-10 23:00:00+00:00,1768086000,1879.2,1877.31
2026-01-10 23:15:00+00:00,1768086900,1879.2,1877.65
2026-01-10 23:30:00+00:00,1768087800,1879.2,1877.99
2026-01-10 23:45:00+00:00,1768088700,1868.4,1867.54
2026-01-11 00:00:00+00:00,1768089600,1857.6,1857.09
2026-01-11 00:15:00+00:00,1768090500,1864.8,1864.61
2026-01-11 00:30:00+00:00,1768091400,1872.0,1872.13
2026-01-11 00:45:00+00:00,1768092300,1864.8,1865.2
2026-01-11 01:00:00+00:00,1768093200,1857.6,1858.28
2026-01-11 01:15:00+00:00,1768094100,1850.4,1851.29
2026-01-11 01:30:00+00:00,1768095000,1843.2,1844.3
2026-01-11 01:45:00+00:00,1768095900,1839.6,1840.86
2026-01-11 02:00:00+00:00,1768096800,1836.0,1837.42
2026-01-11 02:15:00+00:00,1768097700,1839.6,1841.14
2026-01-11 02:30:00+00:00,1768098600,1843.2,1844.85
2026-01-11 02:45:00+00:00,1768099500,1843.2,1844.92
2026-01-11 03:00:00+00:00,1768100400,1843.2,1845.0
2026-01-11 03:15:00+00:00,1768101300,1843.2,1845.04
2026-01-11 03:30:00+00:00,1768102200,1843.2,1845.09
2026-01-11 03:45:00+00:00,1768103100,1843.2,1845.12
2026-01-11 04:00:00+00:00,1768104000,1843.2,1845.14
2026-01-11 04:15:00+00:00,1768104900,1839.6,1841.56
2026-01-11 04:30:00+00:00,1768105800,1836.0,1837.97
2026-01-11 04:45:00+00:00,1768106700,1839.6,1841.59
2026-01-11 05:00:00+00:00,1768107600,1843.2,1845.21
2026-01-11 05:15:00+00:00,1768108500,1839.6,1841.62
2026-01-11 05:30:00+00:00,1768109400,1836.0,1838.04
2026-01-11 05:45:00+00:00,1768110300,1843.2,1845.28
2026-01-11 06:00:00+00:00,1768111200,1850.4,1852.51
2026-01-11 06:15:00+00:00,1768112100,1850.4,1852.56
2026-01-11 06:30:00+00:00,1768113000,1850.4,1852.61
2026-01-11 06:45:00+00:00,1768113900,1843.2,1845.48
2026-01-11 07:00:00+00:00,1768114800,1836.0,1838.36
2026-01-11 07:15:00+00:00,1768115700,1839.6,1842.08
2026-01-11 07:30:00+00:00,1768116600,1843.2,1845.81
2026-01-11 07:45:00+00:00,1768117500,1843.2,1845.98
2026-01-11 08:00:00+00:00,1768118400,1843.2,1846.16
2026-01-11 08:15:00+00:00,1768119300,1836.0,1839.18
2026-01-11 08:30:00+00:00,1768120200,1828.8,1832.2
2026-01-11 08:45:00+00:00,1768121100,1839.6,1843.32
2026-01-11 09:00:00+00:00,1768122000,1850.4,1854.44
2026-01-11 09:15:00+00:00,1768122900,1850.4,1854.8
2026-01-11 09:30:00+00:00,1768123800,1850.4,1855.15
2026-01-11 09:45:00+00:00,1768124700,1843.2,1848.32
2026-01-11 10:00:00+00:00,1768125600,1836.0,1841.5
2026-01-11 10:15:00+00:00,1768126500,1843.2,1849.14
2026-01-11 10:30:00+00:00,1768127400,1850.4,1856.77
2026-01-11 10:45:00+00:00,1768128300,1857.6,1864.41
2026-01-11 11:00:00+00:00,1768129200,1864.8,1872.05
2026-01-11 11:15:00+00:00,1768130100,1861.2,1868.81
2026-01-11 11:30:00+00:00,1768131000,1857.6,1865.57
2026-01-11 11:45:00+00:00,1768131900,1857.6,1865.88
2026-01-11 12:00:00+00:00,1768132800,1857.6,1866.2
2026-01-11 12:15:00+00:00,1768133700,1854.0,1862.82
2026-01-11 12:30:00+00:00,1768134600,1850.4,1859.44
2026-01-11 12:45:00+00:00,1768135500,1850.4,1859.58
2026-01-11 13:00:00+00:00,1768136400,1850.4,1859.73
2026-01-11 13:15:00+00:00,1768137300,1843.2,1852.54
2026-01-11 13:30:00+00:00,1768138200,1836.0,1845.36
2026-01-11 13:45:00+00:00,1768139100,1832.4,1841.7
2026-01-11 14:00:00+00:00,1768140000,1828.8,1838.03
2026-01-11 14:15:00+00:00,1768140900,1839.6,1848.74
2026-01-11 14:30:00+00:00,1768141800,1850.4,1859.44
2026-01-11 14:45:00+00:00,1768142700,1843.2,1851.97
2026-01-11 15:00:00+00:00,1768143600,1836.0,1844.5
2026-01-11 15:15:00+00:00,1768144500,1846.8,1855.04
2026-01-11 15:30:00+00:00,1768145400,1857.6,1865.57
2026-01-11 15:45:00+00:00,1768146300,1854.0,1861.58
2026-01-11 16:00:00+00:00,1768147200,1850.4,1857.59
2026-01-11 16:15:00+00:00,1768148100,1854.0,1860.8
2026-01-11 16:30:00+00:00,1768149000,1857.6,1864.0
2026-01-11 16:45:00+00:00,1768149900,1857.6,1863.58
2026-01-11 17:00:00+00:00,1768150800,1857.6,1863.16
2026-01-11 17:15:00+00:00,1768151700,1846.8,1851.94
2026-01-11 17:30:00+00:00,1768152600,1836.0,1840.71
2026-01-11 17:45:00+00:00,1768153500,1846.8,1851.18
2026-01-11 18:00:00+00:00,1768154400,1857.6,1861.66
2026-01-11 18:15:00+00:00,1768155300,1861.2,1864.97
2026-01-11 18:30:00+00:00,1768156200,1864.8,1868.28
2026-01-11 18:45:00+00:00,1768157100,1857.6,1860.84
2026-01-11 19:00:00+00:00,1768158000,1850.4,1853.4
2026-01-11 19:15:00+00:00,1768158900,1861.2,1864.06
2026-01-11 19:30:00+00:00,1768159800,1872.0,1874.71
2026-01-11 19:45:00+00:00,1768160700,1864.8,1867.4
2026-01-11 20:00:00+00:00,1768161600,1857.6,1860.09
2026-01-11 20:15:00+00:00,1768162500,1857.6,1860.06
2026-01-11 20:30:00+00:00,1768163400,1857.6,1860.02
2026-01-11 20:45:00+00:00,1768164300,1857.6,1860.04
2026-01-11 21:00:00+00:00,1768165200,1857.6,1860.07
2026-01-11 21:15:00+00:00,1768166100,1857.6,1860.16
2026-01-11 21:30:00+00:00,1768167000,1857.6,1860.24
2026-01-11 21:45:00+00:00,1768167900,1854.0,1856.78
2026-01-11 22:00:00+00:00,1768168800,1850.4,1853.32
2026-01-11 22:15:00+00:00,1768169700,1854.0,1857.14
2026-01-11 22:30:00+00:00,1768170600,1857.6,1860.95
2026-01-11 22:45:00+00:00,1768171500,1843.2,1846.78
2026-01-11 23:00:00+00:00,1768172400,1828.8,1832.62
2026-01-11 23:15:00+00:00,1768173300,1836.0,1840.15
2026-01-11 23:30:00+00:00,1768174200,1843.2,1847.68
2026-01-11 23:45:00+00:00,1768175100,1836.0,1840.8
2026-01-12 00:00:00+00:00,1768176000,1828.8,1833.91
2026-01-12 00:15:00+00:00,1768176900,1832.4,1837.85
2026-01-12 00:30:00+00:00,1768177800,1836.0,1841.79
2026-01-12 00:45:00+00:00,1768178700,1839.6,1845.68
2026-01-12 01:00:00+00:00,1768179600,1843.2,1849.58
2026-01-12 01:15:00+00:00,1768180500,1839.6,1846.18
2026-01-12 01:30:00+00:00,1768181400,1836.0,1842.77
2026-01-12 01:45:00+00:00,1768182300,1836.0,1842.87
2026-01-12 02:00:00+00:00,1768183200,1836.0,1842.97
2026-01-12 02:15:00+00:00,1768184100,1832.4,1839.34
2026-01-12 02:30:00+00:00,1768185000,1828.8,1835.7
2026-01-12 02:45:00+00:00,1768185900,1836.0,1842.79
2026-01-12 03:00:00+00:00,1768186800,1843.2,1849.88
2026-01-12 03:15:00+00:00,1768187700,1843.2,1849.64
2026-01-12 03:30:00+00:00,1768188600,1843.2,1849.41
2026-01-12 03:45:00+00:00,1768189500,1839.6,1845.5
2026-01-12 04:00:00+00:00,1768190400,1836.0,1841.6
2026-01-12 04:15:00+00:00,1768191300,1828.8,1834.06
2026-01-12 04:30:00+00:00,1768192200,1821.6,1826.51
2026-01-12 04:45:00+00:00,1768193100,1828.8,1833.42
2026-01-12 05:00:00+00:00,1768194000,1836.0,1840.34
2026-01-12 05:15:00+00:00,1768194900,1836.0,1840.08
2026-01-12 05:30:00+00:00,1768195800,1836.0,1839.83
2026-01-12 05:45:00+00:00,1768196700,1839.6,1843.26
2026-01-12 06:00:00+00:00,1768197600,1843.2,1846.69
2026-01-12 06:15:00+00:00,1768198500,1846.8,1850.22
2026-01-12 06:30:00+00:00,1768199400,1850.4,1853.74
2026-01-12 06:45:00+00:00,1768200300,1846.8,1850.16
2026-01-12 07:00:00+00:00,1768201200,1843.2,1846.57
2026-01-12 07:15:00+00:00,1768202100,1854.0,1857.52
2026-01-12 07:30:00+00:00,1768203000,1864.8,1868.47
2026-01-12 07:45:00+00:00,1768203900,1854.0,1857.87
2026-01-12 08:00:00+00:00,1768204800,1843.2,1847.27
2026-01-12 08:15:00+00:00,1768205700,1843.2,1847.58
2026-01-12 08:30:00+00:00,1768206600,1843.2,1847.89
2026-01-12 08:45:00+00:00,1768207500,1850.4,1855.48
2026-01-12 09:00:00+00:00,1768208400,1857.6,1863.07
2026-01-12 09:15:00+00:00,1768209300,1857.6,1863.48
2026-01-12 09:30:00+00:00,1768210200,1857.6,1863.88
2026-01-12 09:45:00+00:00,1768211100,1850.4,1857.06
2026-01-12 10:00:00+00:00,1768212000,1843.2,1850.24
2026-01-12 10:15:00+00:00,1768212900,1854.0,1861.46
2026-01-12 10:30:00+00:00,1768213800,1864.8,1872.69
2026-01-12 10:45:00+00:00,1768214700,1854.0,1862.18
2026-01-12 11:00:00+00:00,1768215600,1843.2,1851.66
2026-01-12 11:15:00+00:00,1768216500,1843.2,1851.92
2026-01-12 11:30:00+00:00,1768217400,1843.2,1852.17
2026-01-12 11:45:00+00:00,1768218300,1836.0,1845.1
2026-01-12 12:00:00+00:00,1768219200,1828.8,1838.04
2026-01-12 12:15:00+00:00,1768220100,1832.4,1841.74
2026-01-12 12:30:00+00:00,1768221000,1836.0,1845.44
2026-01-12 12:45:00+00:00,1768221900,1846.8,1856.28
2026-01-12 13:00:00+00:00,1768222800,1857.6,1867.12
2026-01-12 13:15:00+00:00,1768223700,1854.0,1863.39
2026-01-12 13:30:00+00:00,1768224600,1850.4,1859.66
2026-01-12 13:45:00+00:00,1768225500,1839.6,1848.6
2026-01-12 14:00:00+00:00,1768226400,1828.8,1837.55
2026-01-12 14:15:00+00:00,1768227300,1843.2,1851.74
2026-01-12 14:30:00+00:00,1768228200,1857.6,1865.92
2026-01-12 14:45:00+00:00,1768229100,1854.0,1861.96
2026-01-12 15:00:00+00:00,1768230000,1850.4,1857.99
2026-01-12 15:15:00+00:00,1768230900,1846.8,1853.98
2026-01-12 15:30:00+00:00,1768231800,1843.2,1849.97
2026-01-12 15:45:00+00:00,1768232700,1850.4,1856.78
2026-01-12 16:00:00+00:00,1768233600,1857.6,1863.58
2026-01-12 16:15:00+00:00,1768234500,1850.4,1855.94
2026-01-12 16:30:00+00:00,1768235400,1843.2,1848.31
2026-01-12 16:45:00+00:00,1768236300,1846.8,1851.54
2026-01-12 17:00:00+00:00,1768237200,1850.4,1854.77
2026-01-12 17:15:00+00:00,1768238100,1854.0,1858.05
2026-01-12 17:30:00+00:00,1768239000,1857.6,1861.33
2026-01-12 17:45:00+00:00,1768239900,1857.6,1861.06
2026-01-12 18:00:00+00:00,1768240800,1857.6,1860.8
2026-01-12 18:15:00+00:00,1768241700,1861.2,1864.2
2026-01-12 18:30:00+00:00,1768242600,1864.8,1867.6
2026-01-12 18:45:00+00:00,1768243500,1864.8,1867.45
2026-01-12 19:00:00+00:00,1768244400,1864.8,1867.3
2026-01-12 19:15:00+00:00,1768245300,1864.8,1867.2
2026-01-12 19:30:00+00:00,1768246200,1864.8,1867.1
2026-01-12 19:45:00+00:00,1768247100,1861.2,1863.44
2026-01-12 20:00:00+00:00,1768248000,1857.6,1859.77
2026-01-12 20:15:00+00:00,1768248900,1857.6,1859.73
2026-01-12 20:30:00+00:00,1768249800,1857.6,1859.69
2026-01-12 20:45:00+00:00,1768250700,1861.2,1863.28
2026-01-12 21:00:00+00:00,1768251600,1864.8,1866.86
2026-01-12 21:15:00+00:00,1768252500,1868.4,1870.45
2026-01-12 21:30:00+00:00,1768253400,1872.0,1874.04
2026-01-12 21:45:00+00:00,1768254300,1868.4,1870.43
2026-01-12 22:00:00+00:00,1768255200,1864.8,1866.82
2026-01-12 22:15:00+00:00,1768256100,1875.6,1877.63
2026-01-12 22:30:00+00:00,1768257000,1886.4,1888.44
2026-01-12 22:45:00+00:00,1768257900,1879.2,1881.23
2026-01-12 23:00:00+00:00,1768258800,1872.0,1874.02
2026-01-12 23:15:00+00:00,1768259700,1868.4,1870.42
2026-01-12 23:30:00+00:00,1768260600,1864.8,1866.81
2026-01-12 23:45:00+00:00,1768261500,1861.2,1863.21
2026-01-13 00:00:00+00:00,1768262400,1857.6,1859.61
2026-01-13 00:15:00+00:00,1768263300,1861.2,1863.21
2026-01-13 00:30:00+00:00,1768264200,1864.8,1866.81
2026-01-13 00:45:00+00:00,1768265100,1868.4,1870.42
2026-01-13 01:00:00+00:00,1768266000,1872.0,1874.02
2026-01-13 01:15:00+00:00,1768266900,1864.8,1866.82
2026-01-13 01:30:00+00:00,1768267800,1857.6,1859.61
2026-01-13 01:45:00+00:00,1768268700,1861.2,1863.21
2026-01-13 02:00:00+00:00,1768269600,1864.8,1866.81
2026-01-13 02:15:00+00:00,1768270500,1857.6,1859.6
2026-01-13 02:30:00+00:00,1768271400,1850.4,1852.4
2026-01-13 02:45:00+00:00,1768272300,1854.0,1856.0
2026-01-13 03:00:00+00:00,1768273200,1857.6,1859.61
2026-01-13 03:15:00+00:00,1768274100,1854.0,1856.0
2026-01-13 03:30:00+00:00,1768275000,1850.4,1852.4
2026-01-13 03:45:00+00:00,1768275900,1843.2,1845.19
2026-01-13 04:00:00+00:00,1768276800,1836.0,1837.98
2026-01-13 04:15:00+00:00,1768277700,1839.6,1841.58
2026-01-13 04:30:00+00:00,1768278600,1843.2,1845.19
2026-01-13 04:45:00+00:00,1768279500,1839.6,1841.58
2026-01-13 05:00:00+00:00,1768280400,1836.0,1837.98
2026-01-13 05:15:00+00:00,1768281300,1843.2,1845.19
2026-01-13 05:30:00+00:00,1768282200,1850.4,1852.4
2026-01-13 05:45:00+00:00,1768283100,1857.6,1859.6
2026-01-13 06:00:00+00:00,1768284000,1864.8,1866.81
2026-01-13 06:15:00+00:00,1768284900,1864.8,1866.81
2026-01-13 06:30:00+00:00,1768285800,1864.8,1866.81
2026-01-13 06:45:00+00:00,1768286700,1864.8,1866.81
2026-01-13 07:00:00+00:00,1768287600,1864.8,1866.81
2026-01-13 07:15:00+00:00,1768288500,1857.6,1859.6
2026-01-13 07:30:00+00:00,1768289400,1850.4,1852.4
2026-01-13 07:45:00+00:00,1768290300,1854.0,1856.0
2026-01-13 08:00:00+00:00,1768291200,1857.6,1859.61
2026-01-13 08:15:00+00:00,1768292100,1854.0,1856.0
2026-01-13 08:30:00+00:00,1768293000,1850.4,1852.4
2026-01-13 08:45:00+00:00,1768293900,1850.4,1852.4
2026-01-13 09:00:00+00:00,1768294800,1850.4,1852.4
2026-01-13 09:15:00+00:00,1768295700,1854.0,1856.0
2026-01-13 09:30:00+00:00,1768296600,1857.6,1859.61
2026-01-13 09:45:00+00:00,1768297500,1850.4,1852.4
2026-01-13 10:00:00+00:00,1768298400,1843.2,1845.19
2026-01-13 10:15:00+00:00,1768299300,1850.4,1852.4
2026-01-13 10:30:00+00:00,1768300200,1857.6,1859.61
2026-01-13 10:45:00+00:00,1768301100,1861.2,1863.21
2026-01-13 11:00:00+00:00,1768302000,1864.8,1866.81
2026-01-13 11:15:00+00:00,1768302900,1854.0,1856.0
2026-01-13 11:30:00+00:00,1768303800,1843.2,1845.19
2026-01-13 11:45:00+00:00,1768304700,1854.0,1856.0
2026-01-13 12:00:00+00:00,1768305600,1864.8,1866.81
2026-01-13 12:15:00+00:00,1768306500,1861.2,1863.2
2026-01-13 12:30:00+00:00,1768307400,1857.6,1859.6
2026-01-13 12:45:00+00:00,1768308300,1857.6,1859.6
2026-01-13 13:00:00+00:00,1768309200,1857.6,1859.59
2026-01-13 13:15:00+00:00,1768310100,1846.8,1848.77
2026-01-13 13:30:00+00:00,1768311000,1836.0,1837.95
2026-01-13 13:45:00+00:00,1768311900,1854.0,1855.95
2026-01-13 14:00:00+00:00,1768312800,1872.0,1873.95
2026-01-13 14:15:00+00:00,1768313700,1861.2,1863.1
2026-01-13 14:30:00+00:00,1768314600,1850.4,1852.26
2026-01-13 14:45:00+00:00,1768315500,1861.2,1863.01
2026-01-13 15:00:00+00:00,1768316400,1872.0,1873.76
2026-01-13 15:15:00+00:00,1768317300,1864.8,1866.46
2026-01-13 15:30:00+00:00,1768318200,1857.6,1859.17
2026-01-13 15:45:00+00:00,1768319100,1854.0,1855.43
2026-01-13 16:00:00+00:00,1768320000,1850.4,1851.69
2026-01-13 16:15:00+00:00,1768320900,1857.6,1858.7
2026-01-13 16:30:00+00:00,1768321800,1864.8,1865.71
2026-01-13 16:45:00+00:00,1768322700,1872.0,1872.66
2026-01-13 17:00:00+00:00,1768323600,1879.2,1879.61
2026-01-13 17:15:00+00:00,1768324500,1875.6,1875.7
2026-01-13 17:30:00+00:00,1768325400,1872.0,1871.78
2026-01-13 17:45:00+00:00,1768326300,1872.0,1871.42
2026-01-13 18:00:00+00:00,1768327200,1872.0,1871.06
2026-01-13 18:15:00+00:00,1768328100,1875.6,1874.28
2026-01-13 18:30:00+00:00,1768329000,1879.2,1877.49
2026-01-13 18:45:00+00:00,1768329900,1872.0,1869.92
2026-01-13 19:00:00+00:00,1768330800,1864.8,1862.36
2026-01-13 19:15:00+00:00,1768331700,1868.4,1865.63
2026-01-13 19:30:00+00:00,1768332600,1872.0,1868.9
2026-01-13 19:45:00+00:00,1768333500,1875.6,1872.24
2026-01-13 20:00:00+00:00,1768334400,1879.2,1875.59
2026-01-13 20:15:00+00:00,1768335300,1875.6,1871.86
2026-01-13 20:30:00+00:00,1768336200,1872.0,1868.13
2026-01-13 20:45:00+00:00,1768337100,1872.0,1868.12
2026-01-13 21:00:00+00:00,1768338000,1872.0,1868.11
2026-01-13 21:15:00+00:00,1768338900,1868.4,1864.64
2026-01-13 21:30:00+00:00,1768339800,1864.8,1861.16
2026-01-13 21:45:00+00:00,1768340700,1861.2,1857.8
2026-01-13 22:00:00+00:00,1768341600,1857.6,1854.43
2026-01-13 22:15:00+00:00,1768342500,1857.6,1854.74
2026-01-13 22:30:00+00:00,1768343400,1857.6,1855.05
2026-01-13 22:45:00+00:00,1768344300,1864.8,1862.6
2026-01-13 23:00:00+00:00,1768345200,1872.0,1870.16
2026-01-13 23:15:00+00:00,1768346100,1868.4,1866.94
2026-01-13 23:30:00+00:00,1768347000,1864.8,1863.73
2026-01-13 23:45:00+00:00,1768347900,1868.4,1867.7
2026-01-14 00:00:00+00:00,1768348800,1872.0,1871.66
2026-01-14 00:15:00+00:00,1768349700,1868.4,1868.38
2026-01-14 00:30:00+00:00,1768350600,1864.8,1865.1
2026-01-14 00:45:00+00:00,1768351500,1864.8,1865.36
2026-01-14 01:00:00+00:00,1768352400,1864.8,1865.63
2026-01-14 01:15:00+00:00,1768353300,1872.0,1873.04
2026-01-14 01:30:00+00:00,1768354200,1879.2,1880.44
2026-01-14 01:45:00+00:00,1768355100,1868.4,1869.78
2026-01-14 02:00:00+00:00,1768356000,1857.6,1859.12
2026-01-14 02:15:00+00:00,1768356900,1861.2,1862.82
2026-01-14 02:30:00+00:00,1768357800,1864.8,1866.53
2026-01-14 02:45:00+00:00,1768358700,1857.6,1859.38
2026-01-14 03:00:00+00:00,1768359600,1850.4,1852.24
2026-01-14 03:15:00+00:00,1768360500,1850.4,1852.28
2026-01-14 03:30:00+00:00,1768361400,1850.4,1852.31
2026-01-14 03:45:00+00:00,1768362300,1857.6,1859.54
2026-01-14 04:00:00+00:00,1768363200,1864.8,1866.77
2026-01-14 04:15:00+00:00,1768364100,1857.6,1859.58
2026-01-14 04:30:00+00:00,1768365000,1850.4,1852.38
2026-01-14 04:45:00+00:00,1768365900,1850.4,1852.38
2026-01-14 05:00:00+00:00,1768366800,1850.4,1852.39
2026-01-14 05:15:00+00:00,1768367700,1857.6,1859.6
2026-01-14 05:30:00+00:00,1768368600,1864.8,1866.81
2026-01-14 05:45:00+00:00,1768369500,1868.4,1870.42
2026-01-14 06:00:00+00:00,1768370400,1872.0,1874.02
2026-01-14 06:15:00+00:00,1768371300,1854.0,1856.0
2026-01-14 06:30:00+00:00,1768372200,1836.0,1837.98
2026-01-14 06:45:00+00:00,1768373100,1857.6,1859.6
2026-01-14 07:00:00+00:00,1768374000,1879.2,1881.23
2026-01-14 07:15:00+00:00,1768374900,1875.6,1877.62
2026-01-14 07:30:00+00:00,1768375800,1872.0,1874.02
2026-01-14 07:45:00+00:00,1768376700,1864.8,1866.82
2026-01-14 08:00:00+00:00,1768377600,1857.6,1859.61
2026-01-14 08:15:00+00:00,1768378500,1861.2,1863.21
2026-01-14 08:30:00+00:00,1768379400,1864.8,1866.81
2026-01-14 08:45:00+00:00,1768380300,1857.6,1859.6
2026-01-14 09:00:00+00:00,1768381200,1850.4,1852.4
2026-01-14 09:15:00+00:00,1768382100,1854.0,1856.0
2026-01-14 09:30:00+00:00,1768383000,1857.6,1859.61
2026-01-14 09:45:00+00:00,1768383900,1854.0,1856.0
2026-01-14 10:00:00+00:00,1768384800,1850.4,1852.4
2026-01-14 10:15:00+00:00,1768385700,1857.6,1859.6
2026-01-14 10:30:00+00:00,1768386600,1864.8,1866.81
2026-01-14 10:45:00+00:00,1768387500,1861.2,1863.2
2026-01-14 11:00:00+00:00,1768388400,1857.6,1859.6
2026-01-14 11:15:00+00:00,1768389300,1857.6,1859.6
2026-01-14 11:30:00+00:00,1768390200,1857.6,1859.6
2026-01-14 11:45:00+00:00,1768391100,1861.2,1863.2
2026-01-14 12:00:00+00:00,1768392000,1864.8,1866.8
2026-01-14 12:15:00+00:00,1768392900,1861.2,1863.18
2026-01-14 12:30:00+00:00,1768393800,1857.6,1859.57
2026-01-14 12:45:00+00:00,1768394700,1864.8,1866.76
2026-01-14 13:00:00+00:00,1768395600,1872.0,1873.95
2026-01-14 13:15:00+00:00,1768396500,1864.8,1866.71
2026-01-14 13:30:00+00:00,1768397400,1857.6,1859.47
2026-01-14 13:45:00+00:00,1768398300,1864.8,1866.62
2026-01-14 14:00:00+00:00,1768399200,1872.0,1873.77
2026-01-14 14:15:00+00:00,1768400100,1868.4,1870.08
2026-01-14 14:30:00+00:00,1768401000,1864.8,1866.38
2026-01-14 14:45:00+00:00,1768401900,1864.8,1866.24
2026-01-14 15:00:00+00:00,1768402800,1864.8,1866.11
2026-01-14 15:15:00+00:00,1768403700,1861.2,1862.32
2026-01-14 15:30:00+00:00,1768404600,1857.6,1858.52
2026-01-14 15:45:00+00:00,1768405500,1872.0,1872.67
2026-01-14 16:00:00+00:00,1768406400,1886.4,1886.82
2026-01-14 16:15:00+00:00,1768407300,1882.8,1882.9
2026-01-14 16:30:00+00:00,1768408200,1879.2,1878.98
2026-01-14 16:45:00+00:00,1768409100,1875.6,1875.02
2026-01-14 17:00:00+00:00,1768410000,1872.0,1871.05
2026-01-14 17:15:00+00:00,1768410900,1879.2,1877.84
2026-01-14 17:30:00+00:00,1768411800,1886.4,1884.64
2026-01-14 17:45:00+00:00,1768412700,1882.8,1880.63
2026-01-14 18:00:00+00:00,1768413600,1879.2,1876.62
2026-01-14 18:15:00+00:00,1768414500,1881.36,1879.04
2026-01-14 18:30:00+00:00,1768415400,1883.52,1881.46
2026-01-14 18:45:00+00:00,1768416300,1885.68,1883.87
2026-01-14 19:00:00+00:00,1768417200,1887.84,1886.29
2026-01-14 19:15:00+00:00,1768418100,1890.0,1888.71
2026-01-14 19:30:00+00:00,1768419000,1892.16,1891.13
2026-01-14 19:45:00+00:00,1768419900,1894.32,1893.55
2026-01-14 20:00:00+00:00,1768420800,1896.48,1895.96
2026-01-14 20:15:00+00:00,1768421700,1898.64,1898.38
2026-01-14 20:30:00+00:00,1768422600,1900.8,1900.8
2026-01-14 20:45:00+00:00,1768423500,1893.6,1893.6
2026-01-14 21:00:00+00:00,1768424400,1886.4,1886.4
2026-01-14 21:15:00+00:00,1768425300,1882.8,1882.8
2026-01-14 21:30:00+00:00,1768426200,1879.2,1879.2
2026-01-14 21:45:00+00:00,1768427100,1879.2,1879.2
2026-01-14 22:00:00+00:00,1768428000,1879.2,1879.2
2026-01-14 22:15:00+00:00,1768428900,1882.8,1882.8
2026-01-14 22:30:00+00:00,1768429800,1886.4,1886.4
2026-01-14 22:45:00+00:00,1768430700,1882.8,1882.8
2026-01-14 23:00:00+00:00,1768431600,1879.2,1879.2
2026-01-14 23:15:00+00:00,1768432500,1868.4,1868.4
2026-01-14 23:30:00+00:00,1768433400,1857.6,1857.6
2026-01-14 23:45:00+00:00,1768434300,1875.6,1875.6
2026-01-15 00:00:00+00:00,1768435200,1893.6,1893.6
2026-01-15 00:15:00+00:00,1768436100,1882.8,1882.8
2026-01-15 00:30:00+00:00,1768437000,1872.0,1872.0
2026-01-15 00:45:00+00:00,1768437900,1872.0,1872.0
2026-01-15 01:00:00+00:00,1768438800,1872.0,1872.0
2026-01-15 01:15:00+00:00,1768439700,1864.8,1864.8
2026-01-15 01:30:00+00:00,1768440600,1857.6,1857.6
2026-01-15 01:45:00+00:00,1768441500,1861.2,1861.2
2026-01-15 02:00:00+00:00,1768442400,1864.8,1864.8
2026-01-15 02:15:00+00:00,1768443300,1868.4,1868.4
2026-01-15 02:30:00+00:00,1768444200,1872.0,1872.0
2026-01-15 02:45:00+00:00,1768445100,1875.6,1875.6
2026-01-15 03:00:00+00:00,1768446000,1879.2,1879.2
2026-01-15 03:15:00+00:00,1768446900,1879.2,1879.2
2026-01-15 03:30:00+00:00,1768447800,1879.2,1879.2
2026-01-15 03:45:00+00:00,1768448700,1875.6,1875.6
2026-01-15 04:00:00+00:00,1768449600,1872.0,1872.0
2026-01-15 04:15:00+00:00,1768450500,1875.6,1875.6
2026-01-15 04:30:00+00:00,1768451400,1879.2,1879.2
2026-01-15 04:45:00+00:00,1768452300,1872.0,1872.0
2026-01-15 05:00:00+00:00,1768453200,1864.8,1864.8
2026-01-15 05:15:00+00:00,1768454100,1872.0,1872.0
2026-01-15 05:30:00+00:00,1768455000,1879.2,1879.2
2026-01-15 05:45:00+00:00,1768455900,1875.6,1875.6
2026-01-15 06:00:00+00:00,1768456800,1872.0,1872.0
2026-01-15 06:15:00+00:00,1768457700,1875.6,1875.6
2026-01-15 06:30:00+00:00,1768458600,1879.2,1879.2
2026-01-15 06:45:00+00:00,1768459500,1875.6,1875.6
2026-01-15 07:00:00+00:00,1768460400,1872.0,1872.0
2026-01-15 07:15:00+00:00,1768461300,1879.2,1879.2
2026-01-15 07:30:00+00:00,1768462200,1886.4,1886.4
2026-01-15 07:45:00+00:00,1768463100,1890.0,1890.0
2026-01-15 08:00:00+00:00,1768464000,1893.6,1893.6
2026-01-15 08:15:00+00:00,1768464900,1886.4,1886.4
2026-01-15 08:30:00+00:00,1768465800,1879.2,1879.2
2026-01-15 08:45:00+00:00,1768466700,1868.4,1868.4
2026-01-15 09:00:00+00:00,1768467600,1857.6,1857.6
2026-01-15 09:15:00+00:00,1768468500,1861.2,1861.2
2026-01-15 09:30:00+00:00,1768469400,1864.8,1864.8
2026-01-15 09:45:00+00:00,1768470300,1864.8,1864.8
2026-01-15 10:00:00+00:00,1768471200,1864.8,1864.8
2026-01-15 10:15:00+00:00,1768472100,1872.0,1872.0
2026-01-15 10:30:00+00:00,1768473000,1879.2,1879.2
2026-01-15 10:45:00+00:00,1768473900,1868.4,1868.4
2026-01-15 11:00:00+00:00,1768474800,1857.6,1857.6
2026-01-15 11:15:00+00:00,1768475700,1857.6,1857.6
2026-01-15 11:30:00+00:00,1768476600,1857.6,1857.6
2026-01-15 11:45:00+00:00,1768477500,1864.8,1864.8
2026-01-15 12:00:00+00:00,1768478400,1872.0,1872.0
2026-01-15 12:15:00+00:00,1768479300,1872.0,1872.0
2026-01-15 12:30:00+00:00,1768480200,1872.0,1872.0
2026-01-15 12:45:00+00:00,1768481100,1868.4,1868.4
2026-01-15 13:00:00+00:00,1768482000,1864.8,1864.8
2026-01-15 13:15:00+00:00,1768482900,1868.4,1868.4
2026-01-15 13:30:00+00:00,1768483800,1872.0,1872.0
2026-01-15 13:45:00+00:00,1768484700,1879.2,1879.2
2026-01-15 14:00:00+00:00,1768485600,1886.4,1886.4
2026-01-15 14:15:00+00:00,1768486500,1886.4,1886.4
2026-01-15 14:30:00+00:00,1768487400,1886.4,1886.4
2026-01-15 14:45:00+00:00,1768488300,1879.2,1879.2
2026-01-15 15:00:00+00:00,1768489200,1872.0,1872.0
2026-01-15 15:15:00+00:00,1768490100,1875.6,1875.6
2026-01-15 15:30:00+00:00,1768491000,1879.2,1879.2
2026-01-15 15:45:00+00:00,1768491900,1875.6,1875.6
2026-01-15 16:00:00+00:00,1768492800,1872.0,1872.0
2026-01-15 16:15:00+00:00,1768493700,1879.2,1879.2
2026-01-15 16:30:00+00:00,1768494600,1886.4,1886.4
2026-01-15 16:45:00+00:00,1768495500,1882.8,1882.8
2026-01-15 17:00:00+00:00,1768496400,1879.2,1879.2
2026-01-15 17:15:00+00:00,1768497300,1890.0,1890.0
2026-01-15 17:30:00+00:00,1768498200,1900.8,1900.8
2026-01-15 17:45:00+00:00,1768499100,1890.0,1890.0
2026-01-15 18:00:00+00:00,1768500000,1879.2,1879.2
2026-01-15 18:15:00+00:00,1768500900,1886.4,1886.4
2026-01-15 18:30:00+00:00,1768501800,1893.6,1893.6
2026-01-15 18:45:00+00:00,1768502700,1879.2,1879.2
2026-01-15 19:00:00+00:00,1768503600,1864.8,1864.8
2026-01-15 19:15:00+00:00,1768504500,1879.2,1879.2
2026-01-15 19:30:00+00:00,1768505400,1893.6,1893.6
2026-01-15 19:45:00+00:00,1768506300,1893.6,1893.6
2026-01-15 20:00:00+00:00,1768507200,1893.6,1893.6
2026-01-15 20:15:00+00:00,1768508100,1890.0,1890.0
2026-01-15 20:30:00+00:00,1768509000,1886.4,1886.4
2026-01-15 20:45:00+00:00,1768509900,1886.4,1886.4
2026-01-15 21:00:00+00:00,1768510800,1886.4,1886.4
2026-01-15 21:15:00+00:00,1768511700,1882.8,1882.8
2026-01-15 21:30:00+00:00,1768512600,1879.2,1879.2
2026-01-15 21:45:00+00:00,1768513500,1879.2,1879.2
2026-01-15 22:00:00+00:00,1768514400,1879.2,1879.2
2026-01-15 22:15:00+00:00,1768515300,1879.2,1879.2
2026-01-15 22:30:00+00:00,1768516200,1879.2,1879.2
2026-01-15 22:45:00+00:00,1768517100,1882.8,1882.8
2026-01-15 23:00:00+00:00,1768518000,1886.4,1886.4
2026-01-15 23:15:00+00:00,1768518900,1886.4,1886.4
2026-01-15 23:30:00+00:00,1768519800,1886.4,1886.4
2026-01-15 23:45:00+00:00,1768520700,1875.6,1875.6
2026-01-16 00:00:00+00:00,1768521600,1864.8,1864.8
2026-01-16 00:15:00+00:00,1768522500,1872.0,1872.0
2026-01-16 00:30:00+00:00,1768523400,1879.2,1879.2
2026-01-16 00:45:00+00:00,1768524300,1868.4,1868.4
2026-01-16 01:00:00+00:00,1768525200,1857.6,1857.6
2026-01-16 01:15:00+00:00,1768526100,1854.0,1854.0
2026-01-16 01:30:00+00:00,1768527000,1850.4,1850.4
2026-01-16 01:45:00+00:00,1768527900,1864.8,1864.8
2026-01-16 02:00:00+00:00,1768528800,1879.2,1879.2
2026-01-16 02:15:00+00:00,1768529700,1872.0,1872.0
2026-01-16 02:30:00+00:00,1768530600,1864.8,1864.8
2026-01-16 02:45:00+00:00,1768531500,1872.0,1872.0
2026-01-16 03:00:00+00:00,1768532400,1879.2,1879.2
2026-01-16 03:15:00+00:00,1768533300,1879.2,1879.2
2026-01-16 03:30:00+00:00,1768534200,1879.2,1879.2
2026-01-16 03:45:00+00:00,1768535100,1875.6,1875.6
2026-01-16 04:00:00+00:00,1768536000,1872.0,1872.0
2026-01-16 04:15:00+00:00,1768536900,1868.4,1868.4
2026-01-16 04:30:00+00:00,1768537800,1864.8,1864.8
2026-01-16 04:45:00+00:00,1768538700,1872.0,1872.0
2026-01-16 05:00:00+00:00,1768539600,1879.2,1879.2
2026-01-16 05:15:00+00:00,1768540500,1875.6,1875.6
2026-01-16 05:30:00+00:00,1768541400,1872.0,1872.0
2026-01-16 05:45:00+00:00,1768542300,1868.4,1868.4
2026-01-16 06:00:00+00:00,1768543200,1864.8,1864.8
2026-01-16 06:15:00+00:00,1768544100,1868.4,1868.4
2026-01-16 06:30:00+00:00,1768545000,1872.0,1872.0
2026-01-16 06:45:00+00:00,1768545900,1868.4,1868.4
2026-01-16 07:00:00+00:00,1768546800,1864.8,1864.8
2026-01-16 07:15:00+00:00,1768547700,1864.8,1864.8
2026-01-16 07:30:00+00:00,1768548600,1864.8,1864.8
2026-01-16 07:45:00+00:00,1768549500,1868.4,1868.4
2026-01-16 08:00:00+00:00,1768550400,1872.0,1872.0
2026-01-16 08:15:00+00:00,1768551300,1872.0,1872.0
2026-01-16 08:30:00+00:00,1768552200,1872.0,1872.0
2026-01-16 08:45:00+00:00,1768553100,1872.0,1872.0
2026-01-16 09:00:00+00:00,1768554000,1872.0,1872.0
2026-01-16 09:15:00+00:00,1768554900,1872.0,1872.0
2026-01-16 09:30:00+00:00,1768555800,1872.0,1872.0
2026-01-16 09:45:00+00:00,1768556700,1872.0,1872.0
2026-01-16 10:00:00+00:00,1768557600,1872.0,1872.0
2026-01-16 10:15:00+00:00,1768558500,1872.0,1872.0
2026-01-16 10:30:00+00:00,1768559400,1872.0,1872.0
2026-01-16 10:45:00+00:00,1768560300,1864.8,1864.8
2026-01-16 11:00:00+00:00,1768561200,1857.6,1857.6
2026-01-16 11:15:00+00:00,1768562100,1854.0,1854.0
2026-01-16 11:30:00+00:00,1768563000,1850.4,1850.4
2026-01-16 11:45:00+00:00,1768563900,1857.6,1857.6
2026-01-16 12:00:00+00:00,1768564800,1864.8,1864.8
2026-01-16 12:15:00+00:00,1768565700,1864.8,1864.8
2026-01-16 12:30:00+00:00,1768566600,1864.8,1864.8
2026-01-16 12:45:00+00:00,1768567500,1864.8,1864.8
2026-01-16 13:00:00+00:00,1768568400,1864.8,1864.8
2026-01-16 13:15:00+00:00,1768569300,1864.8,1864.8
2026-01-16 13:30:00+00:00,1768570200,1864.8,1864.8
2026-01-16 13:45:00+00:00,1768571100,1864.8,1864.8
2026-01-16 14:00:00+00:00,1768572000,1864.8,1864.8
2026-01-16 14:15:00+00:00,1768572900,1857.6,1857.6
2026-01-16 14:30:00+00:00,1768573800,1850.4,1850.4
2026-01-16 14:45:00+00:00,1768574700,1861.2,1861.2
2026-01-16 15:00:00+00:00,1768575600,1872.0,1872.0
2026-01-16 15:15:00+00:00,1768576500,1872.0,1872.0
2026-01-16 15:30:00+00:00,1768577400,1872.0,1872.0
2026-01-16 15:45:00+00:00,1768578300,1872.0,1872.0
2026-01-16 16:00:00+00:00,1768579200,1872.0,1872.0
2026-01-16 16:15:00+00:00,1768580100,1875.6,1875.6
2026-01-16 16:30:00+00:00,1768581000,1879.2,1879.2
2026-01-16 16:45:00+00:00,1768581900,1879.2,1879.2
2026-01-16 17:00:00+00:00,1768582800,1879.2,1879.2
2026-01-16 17:15:00+00:00,1768583700,1879.2,1879.2
2026-01-16 17:30:00+00:00,1768584600,1879.2,1879.2
2026-01-16 17:45:00+00:00,1768585500,1879.2,1879.2
2026-01-16 18:00:00+00:00,1768586400,1879.2,1879.2
2026-01-16 18:15:00+00:00,1768587300,1879.2,1879.2
2026-01-16 18:30:00+00:00,1768588200,1879.2,1879.2
2026-01-16 18:45:00+00:00,1768589100,1879.2,1879.2
2026-01-16 19:00:00+00:00,1768590000,1879.2,1879.2
2026-01-16 19:15:00+00:00,1768590900,1879.2,1879.2
2026-01-16 19:30:00+00:00,1768591800,1879.2,1879.2
2026-01-16 19:45:00+00:00,1768592700,1875.6,1875.6
2026-01-16 20:00:00+00:00,1768593600,1872.0,1872.0
2026-01-16 20:15:00+00:00,1768594500,1875.6,1875.6
2026-01-16 20:30:00+00:00,1768595400,1879.2,1879.2
2026-01-16 20:45:00+00:00,1768596300,1872.0,1872.0
2026-01-16 21:00:00+00:00,1768597200,1864.8,1864.8
2026-01-16 21:15:00+00:00,1768598100,1868.4,1868.4
2026-01-16 21:30:00+00:00,1768599000,1872.0,1872.0
2026-01-16 21:45:00+00:00,1768599900,1872.0,1872.0
2026-01-16 22:00:00+00:00,1768600800,1872.0,1872.0
2026-01-16 22:15:00+00:00,1768601700,1864.8,1864.8
2026-01-16 22:30:00+00:00,1768602600,1857.6,1857.6
2026-01-16 22:45:00+00:00,1768603500,1857.6,1857.6
2026-01-16 23:00:00+00:00,1768604400,1857.6,1857.6
2026-01-16 23:15:00+00:00,1768605300,1864.8,1864.8
2026-01-16 23:30:00+00:00,1768606200,1872.0,1872.0
2026-01-16 23:45:00+00:00,1768607100,1875.6,1875.6
2026-01-17 00:00:00+00:00,1768608000,1879.2,1879.2
2026-01-17 00:15:00+00:00,1768608900,1872.0,1872.0
2026-01-17 00:30:00+00:00,1768609800,1864.8,1864.8
2026-01-17 00:45:00+00:00,1768610700,1868.4,1868.4
2026-01-17 01:00:00+00:00,1768611600,1872.0,1872.0
2026-01-17 01:15:00+00:00,1768612500,1868.4,1868.4
2026-01-17 01:30:00+00:00,1768613400,1864.8,1864.8
2026-01-17 01:45:00+00:00,1768614300,1868.4,1868.4
2026-01-17 02:00:00+00:00,1768615200,1872.0,1872.0
2026-01-17 02:15:00+00:00,1768616100,1864.8,1864.8
2026-01-17 02:30:00+00:00,1768617000,1857.6,1857.6
2026-01-17 02:45:00+00:00,1768617900,1854.0,1854.0
2026-01-17 03:00:00+00:00,1768618800,1850.4,1850.4
2026-01-17 03:15:00+00:00,1768619700,1854.0,1854.0
2026-01-17 03:30:00+00:00,1768620600,1857.6,1857.6
2026-01-17 03:45:00+00:00,1768621500,1857.6,1857.6
2026-01-17 04:00:00+00:00,1768622400,1857.6,1857.6
2026-01-17 04:15:00+00:00,1768623300,1861.2,1861.2
2026-01-17 04:30:00+00:00,1768624200,1864.8,1864.8
2026-01-17 04:45:00+00:00,1768625100,1861.2,1861.2
2026-01-17 05:00:00+00:00,1768626000,1857.6,1857.6
2026-01-17 05:15:00+00:00,1768626900,1861.2,1861.2
2026-01-17 05:30:00+00:00,1768627800,1864.8,1864.8
2026-01-17 05:45:00+00:00,1768628700,1861.2,1861.2
2026-01-17 06:00:00+00:00,1768629600,1857.6,1857.6
2026-01-17 06:15:00+00:00,1768630500,1857.6,1857.6
2026-01-17 06:30:00+00:00,1768631400,1857.6,1857.6
2026-01-17 06:45:00+00:00,1768632300,1864.8,1864.8
2026-01-17 07:00:00+00:00,1768633200,1872.0,1872.0
2026-01-17 07:15:00+00:00,1768634100,1875.6,1875.6
2026-01-17 07:30:00+00:00,1768635000,1879.2,1879.2
2026-01-17 07:45:00+00:00,1768635900,1868.4,1868.4
2026-01-17 08:00:00+00:00,1768636800,1857.6,1857.6
2026-01-17 08:15:00+00:00,1768637700,1868.4,1868.4
2026-01-17 08:30:00+00:00,1768638600,1879.2,1879.2
2026-01-17 08:45:00+00:00,1768639500,1868.4,1868.4
2026-01-17 09:00:00+00:00,1768640400,1857.6,1857.6
2026-01-17 09:15:00+00:00,1768641300,1864.8,1864.8
2026-01-17 09:30:00+00:00,1768642200,1872.0,1872.0
2026-01-17 09:45:00+00:00,1768643100,1864.8,1864.8
2026-01-17 10:00:00+00:00,1768644000,1857.6,1857.6
2026-01-17 10:15:00+00:00,1768644900,1861.2,1861.2
2026-01-17 10:30:00+00:00,1768645800,1864.8,1864.8
2026-01-17 10:45:00+00:00,1768646700,1864.8,1864.8
2026-01-17 11:00:00+00:00,1768647600,1864.8,1864.8
2026-01-17 11:15:00+00:00,1768648500,1868.4,1868.4
2026-01-17 11:30:00+00:00,1768649400,1872.0,1872.0
2026-01-17 11:45:00+00:00,1768650300,1861.2,1861.2
2026-01-17 12:00:00+00:00,1768651200,1850.4,1850.4
2026-01-17 12:15:00+00:00,1768652100,1854.0,1854.0
2026-01-17 12:30:00+00:00,1768653000,1857.6,1857.6
2026-01-17 12:45:00+00:00,1768653900,1854.0,1854.0
2026-01-17 13:00:00+00:00,1768654800,1850.4,1850.4
2026-01-17 13:15:00+00:00,1768655700,1861.2,1861.2
2026-01-17 13:30:00+00:00,1768656600,1872.0,1872.0
2026-01-17 13:45:00+00:00,1768657500,1872.0,1872.0
2026-01-17 14:00:00+00:00,1768658400,1872.0,1872.0
2026-01-17 14:15:00+00:00,1768659300,1864.8,1864.8
2026-01-17 14:30:00+00:00,1768660200,1857.6,1857.6
2026-01-17 14:45:00+00:00,1768661100,1857.6,1857.6
2026-01-17 15:00:00+00:00,1768662000,1857.6,1857.6
2026-01-17 15:15:00+00:00,1768662900,1861.2,1861.2
2026-01-17 15:30:00+00:00,1768663800,1864.8,1864.8
2026-01-17 15:45:00+00:00,1768664700,1875.6,1875.6
2026-01-17 16:00:00+00:00,1768665600,1886.4,1886.4
2026-01-17 16:15:00+00:00,1768666500,1879.2,1879.2
2026-01-17 16:30:00+00:00,1768667400,1872.0,1872.0
2026-01-17 16:45:00+00:00,1768668300,1868.4,1868.4
2026-01-17 17:00:00+00:00,1768669200,1864.8,1864.8
2026-01-17 17:15:00+00:00,1768670100,1868.4,1868.4
2026-01-17 17:30:00+00:00,1768671000,1872.0,1872.0
2026-01-17 17:45:00+00:00,1768671900,1875.6,1875.6
2026-01-17 18:00:00+00:00,1768672800,1879.2,1879.2
2026-01-17 18:15:00+00:00,1768673700,1872.0,1872.0
2026-01-17 18:30:00+00:00,1768674600,1864.8,1864.8
2026-01-17 18:45:00+00:00,1768675500,1879.2,1879.2
2026-01-17 19:00:00+00:00,1768676400,1893.6,1893.6
2026-01-17 19:15:00+00:00,1768677300,1879.2,1879.2
2026-01-17 19:30:00+00:00,1768678200,1864.8,1864.8
2026-01-17 19:45:00+00:00,1768679100,1875.6,1875.6
2026-01-17 20:00:00+00:00,1768680000,1886.4,1886.4
2026-01-17 20:15:00+00:00,1768680900,1879.2,1879.2
2026-01-17 20:30:00+00:00,1768681800,1872.0,1872.0
2026-01-17 20:45:00+00:00,1768682700,1872.0,1872.0
2026-01-17 21:00:00+00:00,1768683600,1872.0,1872.0
2026-01-17 21:15:00+00:00,1768684500,1882.8,1882.8
2026-01-17 21:30:00+00:00,1768685400,1893.6,1893.6
2026-01-17 21:45:00+00:00,1768686300,1893.6,1893.6
2026-01-17 22:00:00+00:00,1768687200,1893.6,1893.6
2026-01-17 22:15:00+00:00,1768688100,1890.0,1890.0
2026-01-17 22:30:00+00:00,1768689000,1886.4,1886.4
2026-01-17 22:45:00+00:00,1768689900,1872.0,1872.0
2026-01-17 23:00:00+00:00,1768690800,1857.6,1857.6
2026-01-17 23:15:00+00:00,1768691700,1864.8,1864.8
2026-01-17 23:30:00+00:00,1768692600,1872.0,1872.0
2026-01-17 23:45:00+00:00,1768693500,1875.6,1875.6
2026-01-18 00:00:00+00:00,1768694400,1879.2,1879.2
2026-01-18 00:15:00+00:00,1768695300,1879.2,1879.2
2026-01-18 00:30:00+00:00,1768696200,1879.2,1879.2
2026-01-18 00:45:00+00:00,1768697100,1879.2,1879.2
2026-01-18 01:00:00+00:00,1768698000,1879.2,1879.2
2026-01-18 01:15:00+00:00,1768698900,1872.0,1872.0
2026-01-18 01:30:00+00:00,1768699800,1864.8,1864.8
2026-01-18 01:45:00+00:00,1768700700,1872.0,1872.0
2026-01-18 02:00:00+00:00,1768701600,1879.2,1879.2
2026-01-18 02:15:00+00:00,1768702500,1872.0,1872.0
2026-01-18 02:30:00+00:00,1768703400,1864.8,1864.8
2026-01-18 02:45:00+00:00,1768704300,1864.8,1864.8
2026-01-18 03:00:00+00:00,1768705200,1864.8,1864.8
2026-01-18 03:15:00+00:00,1768706100,1868.4,1868.4
2026-01-18 03:30:00+00:00,1768707000,1872.0,1872.0
2026-01-18 03:45:00+00:00,1768707900,1864.8,1864.8
2026-01-18 04:00:00+00:00,1768708800,1857.6,1857.6
2026-01-18 04:15:00+00:00,1768709700,1864.8,1864.8
2026-01-18 04:30:00+00:00,1768710600,1872.0,1872.0
2026-01-18 04:45:00+00:00,1768711500,1868.4,1868.4
2026-01-18 05:00:00+00:00,1768712400,1864.8,1864.8
2026-01-18 05:15:00+00:00,1768713300,1872.0,1872.0
2026-01-18 05:30:00+00:00,1768714200,1879.2,1879.2
2026-01-18 05:45:00+00:00,1768715100,1875.6,1875.6
2026-01-18 06:00:00+00:00,1768716000,1872.0,1872.0
2026-01-18 06:15:00+00:00,1768716900,1875.6,1875.6
2026-01-18 06:30:00+00:00,1768717800,1879.2,1879.2
2026-01-18 06:45:00+00:00,1768718700,1879.2,1879.2
2026-01-18 07:00:00+00:00,1768719600,1879.2,1879.2
2026-01-18 07:15:00+00:00,1768720500,1875.6,1875.6
2026-01-18 07:30:00+00:00,1768721400,1872.0,1872.0
2026-01-18 07:45:00+00:00,1768722300,1868.4,1868.4
2026-01-18 08:00:00+00:00,1768723200,1864.8,1864.8
2026-01-18 08:15:00+00:00,1768724100,1864.8,1864.8
2026-01-18 08:30:00+00:00,1768725000,1864.8,1864.8
2026-01-18 08:45:00+00:00,1768725900,1872.0,1872.0
2026-01-18 09:00:00+00:00,1768726800,1879.2,1879.2
2026-01-18 09:15:00+00:00,1768727700,1875.6,1875.6
2026-01-18 09:30:00+00:00,1768728600,1872.0,1872.0
2026-01-18 09:45:00+00:00,1768729500,1875.6,1875.6
2026-01-18 10:00:00+00:00,1768730400,1879.2,1879.2
2026-01-18 10:15:00+00:00,1768731300,1868.4,1868.4
2026-01-18 10:30:00+00:00,1768732200,1857.6,1857.6
2026-01-18 10:45:00+00:00,1768733100,1864.8,1864.8
2026-01-18 11:00:00+00:00,1768734000,1872.0,1872.0
2026-01-18 11:15:00+00:00,1768734900,1868.4,1868.4
2026-01-18 11:30:00+00:00,1768735800,1864.8,1864.8
2026-01-18 11:45:00+00:00,1768736700,1861.2,1861.2
2026-01-18 12:00:00+00:00,1768737600,1857.6,1857.6
2026-01-18 12:15:00+00:00,1768738500,1854.0,1854.0
2026-01-18 12:30:00+00:00,1768739400,1850.4,1850.4
2026-01-18 12:45:00+00:00,1768740300,1854.0,1854.0
2026-01-18 13:00:00+00:00,1768741200,1857.6,1857.6
2026-01-18 13:15:00+00:00,1768742100,1861.2,1861.2
2026-01-18 13:30:00+00:00,1768743000,1864.8,1864.8
2026-01-18 13:45:00+00:00,1768743900,1864.8,1864.8
2026-01-18 14:00:00+00:00,1768744800,1864.8,1864.8
2026-01-18 14:15:00+00:00,1768745700,1864.8,1864.8
2026-01-18 14:30:00+00:00,1768746600,1864.8,1864.8
2026-01-18 14:45:00+00:00,1768747500,1864.8,1864.8
2026-01-18 15:00:00+00:00,1768748400,1864.8,1864.8
2026-01-18 15:15:00+00:00,1768749300,1868.4,1868.4
2026-01-18 15:30:00+00:00,1768750200,1872.0,1872.0
2026-01-18 15:45:00+00:00,1768751100,1868.4,1868.4
2026-01-18 16:00:00+00:00,1768752000,1864.8,1864.8
2026-01-18 16:15:00+00:00,1768752900,1864.8,1864.8
2026-01-18 16:30:00+00:00,1768753800,1864.8,1864.8
2026-01-18 16:45:00+00:00,1768754700,1868.4,1868.4
2026-01-18 17:00:00+00:00,1768755600,1872.0,1872.0
2026-01-18 17:15:00+00:00,1768756500,1875.6,1875.6
2026-01-18 17:30:00+00:00,1768757400,1879.2,1879.2
2026-01-18 17:45:00+00:00,1768758300,1868.4,1868.4
2026-01-18 18:00:00+00:00,1768759200,1857.6,1857.6
2026-01-18 18:15:00+00:00,1768760100,1868.4,1868.4
2026-01-18 18:30:00+00:00,1768761000,1879.2,1879.2
2026-01-18 18:45:00+00:00,1768761900,1875.6,1875.6
2026-01-18 19:00:00+00:00,1768762800,1872.0,1872.0
2026-01-18 19:15:00+00:00,1768763700,1879.2,1879.2
2026-01-18 19:30:00+00:00,1768764600,1886.4,1886.4
2026-01-18 19:45:00+00:00,1768765500,1882.8,1882.8
2026-01-18 20:00:00+00:00,1768766400,1879.2,1879.2
2026-01-18 20:15:00+00:00,1768767300,1872.0,1872.0
2026-01-18 20:30:00+00:00,1768768200,1864.8,1864.8
2026-01-18 20:45:00+00:00,1768769100,1879.2,1879.2
2026-01-18 21:00:00+00:00,1768770000,1893.6,1893.6
2026-01-18 21:15:00+00:00,1768770900,1886.4,1886.4
2026-01-18 21:30:00+00:00,1768771800,1879.2,1879.2
2026-01-18 21:45:00+00:00,1768772700,1875.6,1875.6
2026-01-18 22:00:00+00:00,1768773600,1872.0,1872.0
2026-01-18 22:15:00+00:00,1768774500,1875.6,1875.6
2026-01-18 22:30:00+00:00,1768775400,1879.2,1879.2
2026-01-18 22:45:00+00:00,1768776300,1872.0,1872.0
2026-01-18 23:00:00+00:00,1768777200,1864.8,1864.8
2026-01-18 23:15:00+00:00,1768778100,1868.4,1868.4
2026-01-18 23:30:00+00:00,1768779000,1872.0,1872.0
2026-01-18 23:45:00+00:00,1768779900,1868.4,1868.4
2026-01-19 00:00:00+00:00,1768780800,1864.8,1864.8
2026-01-19 00:15:00+00:00,1768781700,1872.0,1872.0
2026-01-19 00:30:00+00:00,1768782600,1879.2,1879.2
2026-01-19 00:45:00+00:00,1768783500,1879.2,1879.2
2026-01-19 01:00:00+00:00,1768784400,1879.2,1879.2
2026-01-19 01:15:00+00:00,1768785300,1875.6,1875.6
2026-01-19 01:30:00+00:00,1768786200,1872.0,1872.0
2026-01-19 01:45:00+00:00,1768787100,1872.0,1872.0
2026-01-19 02:00:00+00:00,1768788000,1872.0,1872.0
2026-01-19 02:15:00+00:00,1768788900,1875.6,1875.6
2026-01-19 02:30:00+00:00,1768789800,1879.2,1879.2
2026-01-19 02:45:00+00:00,1768790700,1882.8,1882.8
2026-01-19 03:00:00+00:00,1768791600,1886.4,1886.4
2026-01-19 03:15:00+00:00,1768792500,1879.2,1879.2
2026-01-19 03:30:00+00:00,1768793400,1872.0,1872.0
2026-01-19 03:45:00+00:00,1768794300,1868.4,1868.4
2026-01-19 04:00:00+00:00,1768795200,1864.8,1864.8
2026-01-19 04:15:00+00:00,1768796100,1875.6,1875.6
2026-01-19 04:30:00+00:00,1768797000,1886.4,1886.4
2026-01-19 04:45:00+00:00,1768797900,1875.6,1875.6
2026-01-19 05:00:00+00:00,1768798800,1864.8,1864.8
2026-01-19 05:15:00+00:00,1768799700,1872.0,1872.0
2026-01-19 05:30:00+00:00,1768800600,1879.2,1879.2
2026-01-19 05:45:00+00:00,1768801500,1872.0,1872.0
2026-01-19 06:00:00+00:00,1768802400,1864.8,1864.8
2026-01-19 06:15:00+00:00,1768803300,1868.4,1868.4
2026-01-19 06:30:00+00:00,1768804200,1872.0,1872.0
2026-01-19 06:45:00+00:00,1768805100,1864.8,1864.8
2026-01-19 07:00:00+00:00,1768806000,1857.6,1857.6
2026-01-19 07:15:00+00:00,1768806900,1868.4,1868.4
2026-01-19 07:30:00+00:00,1768807800,1879.2,1879.2
2026-01-19 07:45:00+00:00,1768808700,1879.2,1879.2
2026-01-19 08:00:00+00:00,1768809600,1879.2,1879.2
2026-01-19 08:15:00+00:00,1768810500,1879.2,1879.2
2026-01-19 08:30:00+00:00,1768811400,1879.2,1879.2
2026-01-19 08:45:00+00:00,1768812300,1872.0,1872.0
2026-01-19 09:00:00+00:00,1768813200,1864.8,1864.8
2026-01-19 09:15:00+00:00,1768814100,1872.0,1872.0
2026-01-19 09:30:00+00:00,1768815000,1879.2,1879.2
2026-01-19 09:45:00+00:00,1768815900,1875.6,1875.6
2026-01-19 10:00:00+00:00,1768816800,1872.0,1872.0
2026-01-19 10:15:00+00:00,1768817700,1868.4,1868.4
2026-01-19 10:30:00+00:00,1768818600,1864.8,1864.8
2026-01-19 10:45:00+00:00,1768819500,1864.8,1864.8
2026-01-19 11:00:00+00:00,1768820400,1864.8,1864.8
2026-01-19 11:15:00+00:00,1768821300,1861.2,1861.2
2026-01-19 11:30:00+00:00,1768822200,1857.6,1857.6
2026-01-19 11:45:00+00:00,1768823100,1857.6,1857.6
2026-01-19 12:00:00+00:00,1768824000,1857.6,1857.6
2026-01-19 12:15:00+00:00,1768824900,1861.2,1861.2
2026-01-19 12:30:00+00:00,1768825800,1864.8,1864.8
2026-01-19 12:45:00+00:00,1768826700,1872.6,1873.09
2026-01-19 13:00:00+00:00,1768827600,1880.4,1881.38
2026-01-19 13:15:00+00:00,1768828500,1888.2,1889.67
2026-01-19 13:30:00+00:00,1768829400,1896.0,1897.96
2026-01-19 13:45:00+00:00,1768830300,1893.6,1895.85
2026-01-19 14:00:00+00:00,1768831200,1891.2,1893.74
2026-01-19 14:15:00+00:00,1768832100,1888.8,1891.63
2026-01-19 14:30:00+00:00,1768833000,1886.4,1889.52
2026-01-19 14:45:00+00:00,1768833900,1884.0,1887.41
2026-01-19 15:00:00+00:00,1768834800,1881.6,1885.3
2026-01-19 15:15:00+00:00,1768835700,1879.2,1883.19
2026-01-19 15:30:00+00:00,1768836600,1876.8,1881.08
2026-01-19 15:45:00+00:00,1768837500,1874.4,1878.97
2026-01-19 16:00:00+00:00,1768838400,1872.0,1876.86
2026-01-19 16:15:00+00:00,1768839300,1882.8,1887.34
2026-01-19 16:30:00+00:00,1768840200,1893.6,1897.82
2026-01-19 16:45:00+00:00,1768841100,1886.4,1890.3
2026-01-19 17:00:00+00:00,1768842000,1879.2,1882.79
2026-01-19 17:15:00+00:00,1768842900,1890.0,1893.36
2026-01-19 17:30:00+00:00,1768843800,1900.8,1903.94
2026-01-19 17:45:00+00:00,1768844700,1890.0,1892.94
2026-01-19 18:00:00+00:00,1768845600,1879.2,1881.94
2026-01-19 18:15:00+00:00,1768846500,1882.8,1885.41
2026-01-19 18:30:00+00:00,1768847400,1886.4,1888.88
2026-01-19 18:45:00+00:00,1768848300,1886.4,1888.79
2026-01-19 19:00:00+00:00,1768849200,1886.4,1888.7
2026-01-19 19:15:00+00:00,1768850100,1890.0,1892.25
2026-01-19 19:30:00+00:00,1768851000,1893.6,1895.8
2026-01-19 19:45:00+00:00,1768851900,1886.4,1888.56
2026-01-19 20:00:00+00:00,1768852800,1879.2,1881.31
2026-01-19 20:15:00+00:00,1768853700,1879.2,1881.29
2026-01-19 20:30:00+00:00,1768854600,1879.2,1881.27
2026-01-19 20:45:00+00:00,1768855500,1882.8,1884.87
2026-01-19 21:00:00+00:00,1768856400,1886.4,1888.47
2026-01-19 21:15:00+00:00,1768857300,1879.2,1881.26
2026-01-19 21:30:00+00:00,1768858200,1872.0,1874.05
2026-01-19 21:45:00+00:00,1768859100,1839.6,1841.62
2026-01-19 22:00:00+00:00,1768860000,1807.2,1809.18
2026-01-19 22:15:00+00:00,1768860900,1814.4,1816.4
2026-01-19 22:30:00+00:00,1768861800,1821.6,1823.62
2026-01-19 22:45:00+00:00,1768862700,1796.4,1798.41
2026-01-19 23:00:00+00:00,1768863600,1771.2,1773.2
2026-01-19 23:15:00+00:00,1768864500,1760.4,1762.41
2026-01-19 23:30:00+00:00,1768865400,1749.6,1751.62
2026-01-19 23:45:00+00:00,1768866300,1735.2,1737.24
2026-01-20 00:00:00+00:00,1768867200,1720.8,1722.85
2026-01-20 00:15:00+00:00,1768868100,1710.0,1712.07
2026-01-20 00:30:00+00:00,1768869000,1699.2,1701.29
2026-01-20 00:45:00+00:00,1768869900,1710.0,1712.14
2026-01-20 01:00:00+00:00,1768870800,1720.8,1723.0
2026-01-20 01:15:00+00:00,1768871700,1713.6,1715.82
2026-01-20 01:30:00+00:00,1768872600,1706.4,1708.65
2026-01-20 01:45:00+00:00,1768873500,1702.8,1705.08
2026-01-20 02:00:00+00:00,1768874400,1699.2,1701.5
2026-01-20 02:15:00+00:00,1768875300,1699.2,1701.52
2026-01-20 02:30:00+00:00,1768876200,1699.2,1701.54
2026-01-20 02:45:00+00:00,1768877100,1710.0,1712.36
2026-01-20 03:00:00+00:00,1768878000,1720.8,1723.18
2026-01-20 03:15:00+00:00,1768878900,1724.4,1726.78
2026-01-20 03:30:00+00:00,1768879800,1728.0,1730.37
2026-01-20 03:45:00+00:00,1768880700,1735.2,1737.55
2026-01-20 04:00:00+00:00,1768881600,1742.4,1744.74
2026-01-20 04:15:00+00:00,1768882500,1746.0,1748.32
2026-01-20 04:30:00+00:00,1768883400,1749.6,1751.89
2026-01-20 04:45:00+00:00,1768884300,1756.8,1759.07
2026-01-20 05:00:00+00:00,1768885200,1764.0,1766.25
2026-01-20 05:15:00+00:00,1768886100,1756.8,1759.02
2026-01-20 05:30:00+00:00,1768887000,1749.6,1751.79
2026-01-20 05:45:00+00:00,1768887900,1760.4,1762.6
2026-01-20 06:00:00+00:00,1768888800,1771.2,1773.41
2026-01-20 06:15:00+00:00,1768889700,1764.0,1766.22
2026-01-20 06:30:00+00:00,1768890600,1756.8,1759.04
2026-01-20 06:45:00+00:00,1768891500,1767.6,1769.92
2026-01-20 07:00:00+00:00,1768892400,1778.4,1780.81
2026-01-20 07:15:00+00:00,1768893300,1774.8,1777.32
2026-01-20 07:30:00+00:00,1768894200,1771.2,1773.83
2026-01-20 07:45:00+00:00,1768895100,1774.8,1777.62
2026-01-20 08:00:00+00:00,1768896000,1778.4,1781.4
2026-01-20 08:15:00+00:00,1768896900,1778.4,1781.64
2026-01-20 08:30:00+00:00,1768897800,1778.4,1781.88
2026-01-20 08:45:00+00:00,1768898700,1771.2,1774.96
2026-01-20 09:00:00+00:00,1768899600,1764.0,1768.05
2026-01-20 09:15:00+00:00,1768900500,1756.8,1761.18
2026-01-20 09:30:00+00:00,1768901400,1749.6,1754.31
2026-01-20 09:45:00+00:00,1768902300,1760.4,1765.52
2026-01-20 10:00:00+00:00,1768903200,1771.2,1776.73
2026-01-20 10:15:00+00:00,1768904100,1767.6,1773.5
2026-01-20 10:30:00+00:00,1768905000,1764.0,1770.28
2026-01-20 10:45:00+00:00,1768905900,1771.2,1777.86
2026-01-20 11:00:00+00:00,1768906800,1778.4,1785.45
2026-01-20 11:15:00+00:00,1768907700,1764.0,1771.3
2026-01-20 11:30:00+00:00,1768908600,1749.6,1757.14
2026-01-20 11:45:00+00:00,1768909500,1749.6,1757.35
2026-01-20 12:00:00+00:00,1768910400,1749.6,1757.56
2026-01-20 12:15:00+00:00,1768911300,1749.6,1757.68
2026-01-20 12:30:00+00:00,1768912200,1749.6,1757.79
2026-01-20 12:45:00+00:00,1768913100,1749.6,1757.78
2026-01-20 13:00:00+00:00,1768914000,1749.6,1757.78
2026-01-20 13:15:00+00:00,1768914900,1756.8,1764.9
2026-01-20 13:30:00+00:00,1768915800,1764.0,1772.02
2026-01-20 13:45:00+00:00,1768916700,1764.0,1771.8
2026-01-20 14:00:00+00:00,1768917600,1764.0,1771.59
2026-01-20 14:15:00+00:00,1768918500,1767.6,1774.9
2026-01-20 14:30:00+00:00,1768919400,1771.2,1778.22
2026-01-20 14:45:00+00:00,1768920300,1764.0,1770.64
2026-01-20 15:00:00+00:00,1768921200,1756.8,1763.06
2026-01-20 15:15:00+00:00,1768922100,1749.6,1755.46
2026-01-20 15:30:00+00:00,1768923000,1742.4,1747.85
2026-01-20 15:45:00+00:00,1768923900,1756.8,1761.92
2026-01-20 16:00:00+00:00,1768924800,1771.2,1775.98
2026-01-20 16:15:00+00:00,1768925700,1771.2,1775.63
2026-01-20 16:30:00+00:00,1768926600,1771.2,1775.28
2026-01-20 16:45:00+00:00,1768927500,1774.8,1778.58
2026-01-20 17:00:00+00:00,1768928400,1778.4,1781.89
2026-01-20 17:15:00+00:00,1768929300,1782.0,1785.25
2026-01-20 17:30:00+00:00,1768930200,1785.6,1788.61
2026-01-20 17:45:00+00:00,1768931100,1778.4,1781.21
2026-01-20 18:00:00+00:00,1768932000,1771.2,1773.81
2026-01-20 18:15:00+00:00,1768932900,1778.4,1780.89
2026-01-20 18:30:00+00:00,1768933800,1785.6,1787.97
2026-01-20 18:45:00+00:00,1768934700,1782.0,1784.28
2026-01-20 19:00:00+00:00,1768935600,1778.4,1780.58
2026-01-20 19:15:00+00:00,1768936500,1778.4,1780.52
2026-01-20 19:30:00+00:00,1768937400,1778.4,1780.46
2026-01-20 19:45:00+00:00,1768938300,1774.8,1776.82
2026-01-20 20:00:00+00:00,1768939200,1771.2,1773.19
2026-01-20 20:15:00+00:00,1768940100,1771.2,1773.17
2026-01-20 20:30:00+00:00,1768941000,1771.2,1773.15
2026-01-20 20:45:00+00:00,1768941900,1767.6,1769.54
2026-01-20 21:00:00+00:00,1768942800,1764.0,1765.92
2026-01-20 21:15:00+00:00,1768943700,1756.8,1758.71
2026-01-20 21:30:00+00:00,1768944600,1749.6,1751.5
2026-01-20 21:45:00+00:00,1768945500,1760.4,1762.31
2026-01-20 22:00:00+00:00,1768946400,1771.2,1773.12
2026-01-20 22:15:00+00:00,1768947300,1767.6,1769.52
2026-01-20 22:30:00+00:00,1768948200,1764.0,1765.91
2026-01-20 22:45:00+00:00,1768949100,1760.4,1762.3
2026-01-20 23:00:00+00:00,1768950000,1756.8,1758.7
2026-01-20 23:15:00+00:00,1768950900,1764.0,1765.9
2026-01-20 23:30:00+00:00,1768951800,1771.2,1773.11
2026-01-20 23:45:00+00:00,1768952700,1771.2,1773.11
2026-01-21 00:00:00+00:00,1768953600,1771.2,1773.11
2026-01-21 00:15:00+00:00,1768954500,1774.8,1776.72
2026-01-21 00:30:00+00:00,1768955400,1778.4,1780.32
2026-01-21 00:45:00+00:00,1768956300,1771.2,1773.12
2026-01-21 01:00:00+00:00,1768957200,1764.0,1765.91
2026-01-21 01:15:00+00:00,1768958100,1756.8,1758.7
2026-01-21 01:30:00+00:00,1768959000,1749.6,1751.49
2026-01-21 01:45:00+00:00,1768959900,1753.2,1755.1
2026-01-21 02:00:00+00:00,1768960800,1756.8,1758.7
2026-01-21 02:15:00+00:00,1768961700,1756.8,1758.7
2026-01-21 02:30:00+00:00,1768962600,1756.8,1758.7
2026-01-21 02:45:00+00:00,1768963500,1760.4,1762.3
2026-01-21 03:00:00+00:00,1768964400,1764.0,1765.91
2026-01-21 03:15:00+00:00,1768965300,1771.2,1773.12
2026-01-21 03:30:00+00:00,1768966200,1778.4,1780.32
2026-01-21 03:45:00+00:00,1768967100,1767.6,1769.51
2026-01-21 04:00:00+00:00,1768968000,1756.8,1758.7
2026-01-21 04:15:00+00:00,1768968900,1760.4,1762.3
2026-01-21 04:30:00+00:00,1768969800,1764.0,1765.91
2026-01-21 04:45:00+00:00,1768970700,1760.4,1762.3
2026-01-21 05:00:00+00:00,1768971600,1756.8,1758.7
2026-01-21 05:15:00+00:00,1768972500,1764.0,1765.9
2026-01-21 05:30:00+00:00,1768973400,1771.2,1773.11
2026-01-21 05:45:00+00:00,1768974300,1771.2,1773.11
2026-01-21 06:00:00+00:00,1768975200,1771.2,1773.11
2026-01-21 06:15:00+00:00,1768976100,1774.8,1776.72
2026-01-21 06:30:00+00:00,1768977000,1778.4,1780.32
2026-01-21 06:45:00+00:00,1768977900,1778.4,1780.32
2026-01-21 07:00:00+00:00,1768978800,1778.4,1780.32
2026-01-21 07:15:00+00:00,1768979700,1782.0,1783.92
2026-01-21 07:30:00+00:00,1768980600,1785.6,1787.53
2026-01-21 07:45:00+00:00,1768981500,1782.0,1783.92
2026-01-21 08:00:00+00:00,1768982400,1778.4,1780.32
2026-01-21 08:15:00+00:00,1768983300,1782.0,1783.92
2026-01-21 08:30:00+00:00,1768984200,1785.6,1787.53
2026-01-21 08:45:00+00:00,1768985100,1792.8,1794.74
2026-01-21 09:00:00+00:00,1768986000,1800.0,1801.94
2026-01-21 09:15:00+00:00,1768986900,1796.4,1798.34
2026-01-21 09:30:00+00:00,1768987800,1792.8,1794.74
2026-01-21 09:45:00+00:00,1768988700,1800.0,1801.94
2026-01-21 10:00:00+00:00,1768989600,1807.2,1809.15
2026-01-21 10:15:00+00:00,1768990500,1800.0,1801.94
2026-01-21 10:30:00+00:00,1768991400,1792.8,1794.74
2026-01-21 10:45:00+00:00,1768992300,1800.0,1801.94
2026-01-21 11:00:00+00:00,1768993200,1807.2,1809.15
2026-01-21 11:15:00+00:00,1768994100,1807.2,1809.15
2026-01-21 11:30:00+00:00,1768995000,1807.2,1809.15
2026-01-21 11:45:00+00:00,1768995900,1810.8,1812.75
2026-01-21 12:00:00+00:00,1768996800,1814.4,1816.35
2026-01-21 12:15:00+00:00,1768997700,1807.2,1809.14
2026-01-21 12:30:00+00:00,1768998600,1800.0,1801.93
2026-01-21 12:45:00+00:00,1768999500,1803.6,1805.52
2026-01-21 13:00:00+00:00,1769000400,1807.2,1809.12
2026-01-21 13:15:00+00:00,1769001300,1803.6,1805.5
2026-01-21 13:30:00+00:00,1769002200,1800.0,1801.88
2026-01-21 13:45:00+00:00,1769003100,1803.6,1805.46
2026-01-21 14:00:00+00:00,1769004000,1807.2,1809.03
2026-01-21 14:15:00+00:00,1769004900,1800.0,1801.77
2026-01-21 14:30:00+00:00,1769005800,1792.8,1794.51
2026-01-21 14:45:00+00:00,1769006700,1807.2,1808.84
2026-01-21 15:00:00+00:00,1769007600,1821.6,1823.17
2026-01-21 15:15:00+00:00,1769008500,1821.6,1823.04
2026-01-21 15:30:00+00:00,1769009400,1821.6,1822.91
2026-01-21 15:45:00+00:00,1769010300,1803.6,1804.72
2026-01-21 16:00:00+00:00,1769011200,1785.6,1786.53
2026-01-21 16:15:00+00:00,1769012100,1796.4,1797.1
2026-01-21 16:30:00+00:00,1769013000,1807.2,1807.66
2026-01-21 16:45:00+00:00,1769013900,1807.2,1807.36
2026-01-21 17:00:00+00:00,1769014800,1807.2,1807.06
2026-01-21 17:15:00+00:00,1769015700,1807.2,1806.7
2026-01-21 17:30:00+00:00,1769016600,1807.2,1806.35
2026-01-21 17:45:00+00:00,1769017500,1807.2,1805.96
2026-01-21 18:00:00+00:00,1769018400,1807.2,1805.57
2026-01-21 18:15:00+00:00,1769019300,1803.6,1801.57
2026-01-21 18:30:00+00:00,1769020200,1800.0,1797.57
2026-01-21 18:45:00+00:00,1769021100,1796.4,1793.59
2026-01-21 19:00:00+00:00,1769022000,1792.8,1789.61
2026-01-21 19:15:00+00:00,1769022900,1796.4,1792.86
2026-01-21 19:30:00+00:00,1769023800,1800.0,1796.11
2026-01-21 19:45:00+00:00,1769024700,1807.2,1803.02
2026-01-21 20:00:00+00:00,1769025600,1814.4,1809.92
2026-01-21 20:15:00+00:00,1769026500,1810.8,1806.14
2026-01-21 20:30:00+00:00,1769027400,1807.2,1802.35
2026-01-21 20:45:00+00:00,1769028300,1810.8,1805.84
2026-01-21 21:00:00+00:00,1769029200,1814.4,1809.34
2026-01-21 21:15:00+00:00,1769030100,1810.8,1805.76
2026-01-21 21:30:00+00:00,1769031000,1807.2,1802.18
2026-01-21 21:45:00+00:00,1769031900,1807.2,1802.29
2026-01-21 22:00:00+00:00,1769032800,1807.2,1802.4
2026-01-21 22:15:00+00:00,1769033700,1807.2,1802.61
2026-01-21 22:30:00+00:00,1769034600,1807.2,1802.82
2026-01-21 22:45:00+00:00,1769035500,1803.6,1799.52
2026-01-21 23:00:00+00:00,1769036400,1800.0,1796.22
2026-01-21 23:15:00+00:00,1769037300,1800.0,1796.58
2026-01-21 23:30:00+00:00,1769038200,1800.0,1796.93
2026-01-21 23:45:00+00:00,1769039100,1807.2,1804.51
2026-01-22 00:00:00+00:00,1769040000,1814.4,1812.09
2026-01-22 00:15:00+00:00,1769040900,1803.6,1801.7
2026-01-22 00:30:00+00:00,1769041800,1792.8,1791.32
2026-01-22 00:45:00+00:00,1769042700,1800.0,1798.9
2026-01-22 01:00:00+00:00,1769043600,1807.2,1806.47
2026-01-22 01:15:00+00:00,1769044500,1803.6,1803.22
2026-01-22 01:30:00+00:00,1769045400,1800.0,1799.96
2026-01-22 01:45:00+00:00,1769046300,1800.0,1800.25
2026-01-22 02:00:00+00:00,1769047200,1800.0,1800.54
2026-01-22 02:15:00+00:00,1769048100,1800.0,1800.77
2026-01-22 02:30:00+00:00,1769049000,1800.0,1801.0
2026-01-22 02:45:00+00:00,1769049900,1796.4,1797.57
2026-01-22 03:00:00+00:00,1769050800,1792.8,1794.14
2026-01-22 03:15:00+00:00,1769051700,1803.6,1805.06
2026-01-22 03:30:00+00:00,1769052600,1814.4,1815.99
2026-01-22 03:45:00+00:00,1769053500,1814.4,1816.07
2026-01-22 04:00:00+00:00,1769054400,1814.4,1816.15
2026-01-22 04:15:00+00:00,1769055300,1810.8,1812.6
2026-01-22 04:30:00+00:00,1769056200,1807.2,1809.04
2026-01-22 04:45:00+00:00,1769057100,1807.2,1809.06
2026-01-22 05:00:00+00:00,1769058000,1807.2,1809.09
2026-01-22 05:15:00+00:00,1769058900,1810.8,1812.71
2026-01-22 05:30:00+00:00,1769059800,1814.4,1816.33
2026-01-22 05:45:00+00:00,1769060700,1814.4,1816.34
2026-01-22 06:00:00+00:00,1769061600,1814.4,1816.35
2026-01-22 06:15:00+00:00,1769062500,1821.6,1823.56
2026-01-22 06:30:00+00:00,1769063400,1828.8,1830.78
2026-01-22 06:45:00+00:00,1769064300,1825.2,1827.19
2026-01-22 07:00:00+00:00,1769065200,1821.6,1823.6
2026-01-22 07:15:00+00:00,1769066100,1825.2,1827.22
2026-01-22 07:30:00+00:00,1769067000,1828.8,1830.84
2026-01-22 07:45:00+00:00,1769067900,1825.2,1827.26
2026-01-22 08:00:00+00:00,1769068800,1821.6,1823.68
2026-01-22 08:15:00+00:00,1769069700,1821.6,1823.73
2026-01-22 08:30:00+00:00,1769070600,1821.6,1823.78
2026-01-22 08:45:00+00:00,1769071500,1821.6,1823.84
2026-01-22 09:00:00+00:00,1769072400,1821.6,1823.91
2026-01-22 09:15:00+00:00,1769073300,1821.6,1824.01
2026-01-22 09:30:00+00:00,1769074200,1821.6,1824.11
2026-01-22 09:45:00+00:00,1769075100,1818.0,1820.64
2026-01-22 10:00:00+00:00,1769076000,1814.4,1817.16
2026-01-22 10:15:00+00:00,1769076900,1821.6,1824.53
2026-01-22 10:30:00+00:00,1769077800,1828.8,1831.9
2026-01-22 10:45:00+00:00,1769078700,1825.2,1828.47
2026-01-22 11:00:00+00:00,1769079600,1821.6,1825.04
2026-01-22 11:15:00+00:00,1769080500,1832.4,1836.04
2026-01-22 11:30:00+00:00,1769081400,1843.2,1847.04
2026-01-22 11:45:00+00:00,1769082300,1828.8,1832.76
2026-01-22 12:00:00+00:00,1769083200,1814.4,1818.48
2026-01-22 12:15:00+00:00,1769084100,1828.8,1833.02
2026-01-22 12:30:00+00:00,1769085000,1843.2,1847.56
2026-01-22 12:45:00+00:00,1769085900,1832.4,1836.78
2026-01-22 13:00:00+00:00,1769086800,1821.6,1826.0
2026-01-22 13:15:00+00:00,1769087700,1828.8,1833.18
2026-01-22 13:30:00+00:00,1769088600,1836.0,1840.37
2026-01-22 13:45:00+00:00,1769089500,1832.4,1836.66
2026-01-22 14:00:00+00:00,1769090400,1828.8,1832.96
2026-01-22 14:15:00+00:00,1769091300,1832.4,1836.42
2026-01-22 14:30:00+00:00,1769092200,1836.0,1839.87
2026-01-22 14:45:00+00:00,1769093100,1828.8,1832.47
2026-01-22 15:00:00+00:00,1769094000,1821.6,1825.07
2026-01-22 15:15:00+00:00,1769094900,1832.4,1835.68
2026-01-22 15:30:00+00:00,1769095800,1843.2,1846.3
2026-01-22 15:45:00+00:00,1769096700,1828.8,1831.67
2026-01-22 16:00:00+00:00,1769097600,1814.4,1817.04
2026-01-22 16:15:00+00:00,1769098500,1818.0,1820.44
2026-01-22 16:30:00+00:00,1769099400,1821.6,1823.85
2026-01-22 16:45:00+00:00,1769100300,1828.8,1830.85
2026-01-22 17:00:00+00:00,1769101200,1836.0,1837.85
2026-01-22 17:15:00+00:00,1769102100,1825.2,1826.82
2026-01-22 17:30:00+00:00,1769103000,1814.4,1815.8
2026-01-22 17:45:00+00:00,1769103900,1818.0,1819.17
2026-01-22 18:00:00+00:00,1769104800,1821.6,1822.54
2026-01-22 18:15:00+00:00,1769105700,1828.8,1829.5
2026-01-22 18:30:00+00:00,1769106600,1836.0,1836.45
2026-01-22 18:45:00+00:00,1769107500,1832.4,1832.6
2026-01-22 19:00:00+00:00,1769108400,1828.8,1828.74
2026-01-22 19:15:00+00:00,1769109300,1832.4,1832.1
2026-01-22 19:30:00+00:00,1769110200,1836.0,1835.46
2026-01-22 19:45:00+00:00,1769111100,1828.8,1828.06
2026-01-22 20:00:00+00:00,1769112000,1821.6,1820.66
2026-01-22 20:15:00+00:00,1769112900,1818.0,1816.92
2026-01-22 20:30:00+00:00,1769113800,1814.4,1813.18
2026-01-22 20:45:00+00:00,1769114700,1814.4,1813.12
2026-01-22 21:00:00+00:00,1769115600,1814.4,1813.07
2026-01-22 21:15:00+00:00,1769116500,1821.6,1820.3
2026-01-22 21:30:00+00:00,1769117400,1828.8,1827.54
2026-01-22 21:45:00+00:00,1769118300,1828.8,1827.66
2026-01-22 22:00:00+00:00,1769119200,1828.8,1827.79
2026-01-22 22:15:00+00:00,1769120100,1832.4,1831.58
2026-01-22 22:30:00+00:00,1769121000,1836.0,1835.37
2026-01-22 22:45:00+00:00,1769121900,1839.6,1839.2
2026-01-22 23:00:00+00:00,1769122800,1843.2,1843.03
2026-01-22 23:15:00+00:00,1769123700,1836.0,1836.06
2026-01-22 23:30:00+00:00,1769124600,1828.8,1829.1
2026-01-22 23:45:00+00:00,1769125500,1828.8,1829.32
2026-01-23 00:00:00+00:00,1769126400,1828.8,1829.55
2026-01-23 00:15:00+00:00,1769127300,1832.4,1833.34
2026-01-23 00:30:00+00:00,1769128200,1836.0,1837.13
2026-01-23 00:45:00+00:00,1769129100,1828.8,1830.07
2026-01-23 01:00:00+00:00,1769130000,1821.6,1823.01
2026-01-23 01:15:00+00:00,1769130900,1821.6,1823.12
2026-01-23 01:30:00+00:00,1769131800,1821.6,1823.22
2026-01-23 01:45:00+00:00,1769132700,1825.2,1826.9
2026-01-23 02:00:00+00:00,1769133600,1828.8,1830.57
2026-01-23 02:15:00+00:00,1769134500,1821.6,1823.41
2026-01-23 02:30:00+00:00,1769135400,1814.4,1816.25
2026-01-23 02:45:00+00:00,1769136300,1828.8,1830.7
2026-01-23 03:00:00+00:00,1769137200,1843.2,1845.14
2026-01-23 03:15:00+00:00,1769138100,1828.8,1830.74
2026-01-23 03:30:00+00:00,1769139000,1814.4,1816.34
2026-01-23 03:45:00+00:00,1769139900,1825.2,1827.16
2026-01-23 04:00:00+00:00,1769140800,1836.0,1837.98
2026-01-23 04:15:00+00:00,1769141700,1832.4,1834.39
2026-01-23 04:30:00+00:00,1769142600,1828.8,1830.8
2026-01-23 04:45:00+00:00,1769143500,1836.0,1838.02
2026-01-23 05:00:00+00:00,1769144400,1843.2,1845.25
2026-01-23 05:15:00+00:00,1769145300,1832.4,1834.46
2026-01-23 05:30:00+00:00,1769146200,1821.6,1823.68
2026-01-23 05:45:00+00:00,1769147100,1818.0,1820.12
2026-01-23 06:00:00+00:00,1769148000,1814.4,1816.57
2026-01-23 06:15:00+00:00,1769148900,1825.2,1827.46
2026-01-23 06:30:00+00:00,1769149800,1836.0,1838.36
2026-01-23 06:45:00+00:00,1769150700,1836.0,1838.48
2026-01-23 07:00:00+00:00,1769151600,1836.0,1838.6
2026-01-23 07:15:00+00:00,1769152500,1832.4,1835.16
2026-01-23 07:30:00+00:00,1769153400,1828.8,1831.73
2026-01-23 07:45:00+00:00,1769154300,1836.0,1839.18
2026-01-23 08:00:00+00:00,1769155200,1843.2,1846.63
2026-01-23 08:15:00+00:00,1769156100,1839.6,1843.32
2026-01-23 08:30:00+00:00,1769157000,1836.0,1840.01
2026-01-23 08:45:00+00:00,1769157900,1836.0,1840.36
2026-01-23 09:00:00+00:00,1769158800,1836.0,1840.71
2026-01-23 09:15:00+00:00,1769159700,1832.4,1837.5
2026-01-23 09:30:00+00:00,1769160600,1828.8,1834.28
2026-01-23 09:45:00+00:00,1769161500,1832.4,1838.3
2026-01-23 10:00:00+00:00,1769162400,1836.0,1842.33
2026-01-23 10:15:00+00:00,1769163300,1825.2,1831.9
2026-01-23 10:30:00+00:00,1769164200,1814.4,1821.46
2026-01-23 10:45:00+00:00,1769165100,1825.2,1832.68
2026-01-23 11:00:00+00:00,1769166000,1836.0,1843.9
2026-01-23 11:15:00+00:00,1769166900,1839.6,1847.84
2026-01-23 11:30:00+00:00,1769167800,1843.2,1851.77
2026-01-23 11:45:00+00:00,1769168700,1836.0,1844.78
2026-01-23 12:00:00+00:00,1769169600,1828.8,1837.8
2026-01-23 12:15:00+00:00,1769170500,1825.2,1834.34
2026-01-23 12:30:00+00:00,1769171400,1821.6,1830.89
2026-01-23 12:45:00+00:00,1769172300,1825.2,1834.58
2026-01-23 13:00:00+00:00,1769173200,1828.8,1838.27
2026-01-23 13:15:00+00:00,1769174100,1818.0,1827.4
2026-01-23 13:30:00+00:00,1769175000,1807.2,1816.53
2026-01-23 13:45:00+00:00,1769175900,1821.6,1830.9
2026-01-23 14:00:00+00:00,1769176800,1836.0,1845.27
2026-01-23 14:15:00+00:00,1769177700,1836.0,1845.08
2026-01-23 14:30:00+00:00,1769178600,1836.0,1844.88
2026-01-23 14:45:00+00:00,1769179500,1832.4,1840.99
2026-01-23 15:00:00+00:00,1769180400,1828.8,1837.1
2026-01-23 15:15:00+00:00,1769181300,1836.0,1843.99
2026-01-23 15:30:00+00:00,1769182200,1843.2,1850.88
2026-01-23 15:45:00+00:00,1769183100,1839.6,1846.88
2026-01-23 16:00:00+00:00,1769184000,1836.0,1842.88
2026-01-23 16:15:00+00:00,1769184900,1836.0,1842.46
2026-01-23 16:30:00+00:00,1769185800,1836.0,1842.05
2026-01-23 16:45:00+00:00,1769186700,1832.4,1838.03
2026-01-23 17:00:00+00:00,1769187600,1828.8,1834.01
2026-01-23 17:15:00+00:00,1769188500,1832.4,1837.24
2026-01-23 17:30:00+00:00,1769189400,1836.0,1840.46
2026-01-23 17:45:00+00:00,1769190300,1832.4,1836.52
2026-01-23 18:00:00+00:00,1769191200,1828.8,1832.58
2026-01-23 18:15:00+00:00,1769192100,1828.8,1832.3
2026-01-23 18:30:00+00:00,1769193000,1828.8,1832.03
2026-01-23 18:45:00+00:00,1769193900,1843.2,1846.24
2026-01-23 19:00:00+00:00,1769194800,1857.6,1860.45
2026-01-23 19:15:00+00:00,1769195700,1850.4,1853.08
2026-01-23 19:30:00+00:00,1769196600,1843.2,1845.72
2026-01-23 19:45:00+00:00,1769197500,1843.2,1845.62
2026-01-23 20:00:00+00:00,1769198400,1843.2,1845.51
2026-01-23 20:15:00+00:00,1769199300,1839.6,1841.84
2026-01-23 20:30:00+00:00,1769200200,1836.0,1838.16
2026-01-23 20:45:00+00:00,1769201100,1843.2,1845.32
2026-01-23 21:00:00+00:00,1769202000,1850.4,1852.49
2026-01-23 21:15:00+00:00,1769202900,1846.8,1848.86
2026-01-23 21:30:00+00:00,1769203800,1843.2,1845.24
2026-01-23 21:45:00+00:00,1769204700,1843.2,1845.22
2026-01-23 22:00:00+00:00,1769205600,1843.2,1845.21
2026-01-23 22:15:00+00:00,1769206500,1836.0,1838.0
2026-01-23 22:30:00+00:00,1769207400,1828.8,1830.79
2026-01-23 22:45:00+00:00,1769208300,1836.0,1838.0
2026-01-23 23:00:00+00:00,1769209200,1843.2,1845.2
2026-01-23 23:15:00+00:00,1769210100,1843.2,1845.2
2026-01-23 23:30:00+00:00,1769211000,1843.2,1845.19
2026-01-23 23:45:00+00:00,1769211900,1839.6,1841.58
2026-01-24 00:00:00+00:00,1769212800,1836.0,1837.98
2026-01-24 00:15:00+00:00,1769213700,1839.6,1841.58
2026-01-24 00:30:00+00:00,1769214600,1843.2,1845.19
2026-01-24 00:45:00+00:00,1769215500,1843.2,1845.19
2026-01-24 01:00:00+00:00,1769216400,1843.2,1845.19
2026-01-24 01:15:00+00:00,1769217300,1832.4,1834.38
2026-01-24 01:30:00+00:00,1769218200,1821.6,1823.57
2026-01-24 01:45:00+00:00,1769219100,1828.8,1830.78
2026-01-24 02:00:00+00:00,1769220000,1836.0,1837.98
2026-01-24 02:15:00+00:00,1769220900,1836.0,1837.98
2026-01-24 02:30:00+00:00,1769221800,1836.0,1837.98
2026-01-24 02:45:00+00:00,1769222700,1836.0,1837.98
2026-01-24 03:00:00+00:00,1769223600,1836.0,1837.98
2026-01-24 03:15:00+00:00,1769224500,1832.4,1834.38
2026-01-24 03:30:00+00:00,1769225400,1828.8,1830.78
2026-01-24 03:45:00+00:00,1769226300,1832.4,1834.38
2026-01-24 04:00:00+00:00,1769227200,1836.0,1837.98
2026-01-24 04:15:00+00:00,1769228100,1828.8,1830.78
2026-01-24 04:30:00+00:00,1769229000,1821.6,1823.57
2026-01-24 04:45:00+00:00,1769229900,1821.6,1823.57
2026-01-24 05:00:00+00:00,1769230800,1821.6,1823.57
2026-01-24 05:15:00+00:00,1769231700,1828.8,1830.78
2026-01-24 05:30:00+00:00,1769232600,1836.0,1837.98
2026-01-24 05:45:00+00:00,1769233500,1839.6,1841.58
2026-01-24 06:00:00+00:00,1769234400,1843.2,1845.19
2026-01-24 06:15:00+00:00,1769235300,1846.8,1848.8
2026-01-24 06:30:00+00:00,1769236200,1850.4,1852.4
2026-01-24 06:45:00+00:00,1769237100,1850.4,1852.4
2026-01-24 07:00:00+00:00,1769238000,1850.4,1852.4
2026-01-24 07:15:00+00:00,1769238900,1843.2,1845.19
2026-01-24 07:30:00+00:00,1769239800,1836.0,1837.98
2026-01-24 07:45:00+00:00,1769240700,1839.6,1841.58
2026-01-24 08:00:00+00:00,1769241600,1843.2,1845.19
2026-01-24 08:15:00+00:00,1769242500,1843.2,1845.19
2026-01-24 08:30:00+00:00,1769243400,1843.2,1845.19
2026-01-24 08:45:00+00:00,1769244300,1839.6,1841.58
2026-01-24 09:00:00+00:00,1769245200,1836.0,1837.98
2026-01-24 09:15:00+00:00,1769246100,1843.2,1845.19
2026-01-24 09:30:00+00:00,1769247000,1850.4,1852.4
2026-01-24 09:45:00+00:00,1769247900,1850.4,1852.4
2026-01-24 10:00:00+00:00,1769248800,1850.4,1852.4
2026-01-24 10:15:00+00:00,1769249700,1854.0,1856.0
2026-01-24 10:30:00+00:00,1769250600,1857.6,1859.61
2026-01-24 10:45:00+00:00,1769251500,1854.0,1856.0
2026-01-24 11:00:00+00:00,1769252400,1850.4,1852.4
2026-01-24 11:15:00+00:00,1769253300,1839.6,1841.59
2026-01-24 11:30:00+00:00,1769254200,1828.8,1830.78
2026-01-24 11:45:00+00:00,1769255100,1836.0,1837.98
2026-01-24 12:00:00+00:00,1769256000,1843.2,1845.19
2026-01-24 12:15:00+00:00,1769256900,1836.0,1837.98
2026-01-24 12:30:00+00:00,1769257800,1828.8,1830.78
2026-01-24 12:45:00+00:00,1769258700,1832.4,1834.38
2026-01-24 13:00:00+00:00,1769259600,1836.0,1837.98
2026-01-24 13:15:00+00:00,1769260500,1839.6,1841.58
2026-01-24 13:30:00+00:00,1769261400,1843.2,1845.19
2026-01-24 13:45:00+00:00,1769262300,1846.8,1848.8
2026-01-24 14:00:00+00:00,1769263200,1850.4,1852.4
2026-01-24 14:15:00+00:00,1769264100,1843.2,1845.19
2026-01-24 14:30:00+00:00,1769265000,1836.0,1837.98
2026-01-24 14:45:00+00:00,1769265900,1839.6,1841.58
2026-01-24 15:00:00+00:00,1769266800,1843.2,1845.19
2026-01-24 15:15:00+00:00,1769267700,1832.4,1834.38
2026-01-24 15:30:00+00:00,1769268600,1821.6,1823.57
2026-01-24 15:45:00+00:00,1769269500,1836.0,1837.98
2026-01-24 16:00:00+00:00,1769270400,1850.4,1852.4
2026-01-24 16:15:00+00:00,1769271300,1846.8,1848.8
2026-01-24 16:30:00+00:00,1769272200,1843.2,1845.19
2026-01-24 16:45:00+00:00,1769273100,1839.6,1841.58
2026-01-24 17:00:00+00:00,1769274000,1836.0,1837.98
2026-01-24 17:15:00+00:00,1769274900,1836.0,1837.98
2026-01-24 17:30:00+00:00,1769275800,1836.0,1837.98
2026-01-24 17:45:00+00:00,1769276700,1846.8,1848.8
2026-01-24 18:00:00+00:00,1769277600,1857.6,1859.61
2026-01-24 18:15:00+00:00,1769278500,1857.6,1859.61
2026-01-24 18:30:00+00:00,1769279400,1857.6,1859.61
2026-01-24 18:45:00+00:00,1769280300,1857.6,1859.61
2026-01-24 19:00:00+00:00,1769281200,1857.6,1859.61
2026-01-24 19:15:00+00:00,1769282100,1857.6,1859.61
2026-01-24 19:30:00+00:00,1769283000,1857.6,1859.61
2026-01-24 19:45:00+00:00,1769283900,1854.0,1856.0
2026-01-24 20:00:00+00:00,1769284800,1850.4,1852.4
2026-01-24 20:15:00+00:00,1769285700,1854.0,1856.0
2026-01-24 20:30:00+00:00,1769286600,1857.6,1859.61
2026-01-24 20:45:00+00:00,1769287500,1857.6,1859.61
2026-01-24 21:00:00+00:00,1769288400,1857.6,1859.61
2026-01-24 21:15:00+00:00,1769289300,1854.0,1856.0
2026-01-24 21:30:00+00:00,1769290200,1850.4,1852.4
2026-01-24 21:45:00+00:00,1769291100,1854.0,1856.0
2026-01-24 22:00:00+00:00,1769292000,1857.6,1859.61
2026-01-24 22:15:00+00:00,1769292900,1850.4,1852.4
2026-01-24 22:30:00+00:00,1769293800,1843.2,1845.19
2026-01-24 22:45:00+00:00,1769294700,1843.2,1845.19
2026-01-24 23:00:00+00:00,1769295600,1843.2,1845.19
2026-01-24 23:15:00+00:00,1769296500,1839.6,1841.58
2026-01-24 23:30:00+00:00,1769297400,1836.0,1837.98
2026-01-24 23:45:00+00:00,1769298300,1846.8,1848.8
2026-01-25 00:00:00+00:00,1769299200,1857.6,1859.61
2026-01-25 00:15:00+00:00,1769300100,1861.2,1863.21
2026-01-25 00:30:00+00:00,1769301000,1864.8,1866.81
2026-01-25 00:45:00+00:00,1769301900,1854.0,1856.0
2026-01-25 01:00:00+00:00,1769302800,1843.2,1845.19
2026-01-25 01:15:00+00:00,1769303700,1836.0,1837.98
2026-01-25 01:30:00+00:00,1769304600,1828.8,1830.78
2026-01-25 01:45:00+00:00,1769305500,1839.6,1841.59
2026-01-25 02:00:00+00:00,1769306400,1850.4,1852.4
2026-01-25 02:15:00+00:00,1769307300,1846.8,1848.8
2026-01-25 02:30:00+00:00,1769308200,1843.2,1845.19
2026-01-25 02:45:00+00:00,1769309100,1839.6,1841.58
2026-01-25 03:00:00+00:00,1769310000,1836.0,1837.98
2026-01-25 03:15:00+00:00,1769310900,1839.6,1841.58
2026-01-25 03:30:00+00:00,1769311800,1843.2,1845.19
2026-01-25 03:45:00+00:00,1769312700,1832.4,1834.38
2026-01-25 04:00:00+00:00,1769313600,1821.6,1823.57
2026-01-25 04:15:00+00:00,1769314500,1836.0,1837.98
2026-01-25 04:30:00+00:00,1769315400,1850.4,1852.4
2026-01-25 04:45:00+00:00,1769316300,1846.8,1848.8
2026-01-25 05:00:00+00:00,1769317200,1843.2,1845.19
2026-01-25 05:15:00+00:00,1769318100,1843.2,1845.19
2026-01-25 05:30:00+00:00,1769319000,1843.2,1845.19
2026-01-25 05:45:00+00:00,1769319900,1843.2,1845.19
2026-01-25 06:00:00+00:00,1769320800,1843.2,1845.19
2026-01-25 06:15:00+00:00,1769321700,1846.8,1848.8
2026-01-25 06:30:00+00:00,1769322600,1850.4,1852.4
2026-01-25 06:45:00+00:00,1769323500,1850.4,1852.4
2026-01-25 07:00:00+00:00,1769324400,1850.4,1852.4
2026-01-25 07:15:00+00:00,1769325300,1846.8,1848.8
2026-01-25 07:30:00+00:00,1769326200,1843.2,1845.2
2026-01-25 07:45:00+00:00,1769327100,1846.8,1848.81
2026-01-25 08:00:00+00:00,1769328000,1850.4,1852.42
2026-01-25 08:15:00+00:00,1769328900,1854.0,1856.03
2026-01-25 08:30:00+00:00,1769329800,1857.6,1859.64
2026-01-25 08:45:00+00:00,1769330700,1857.6,1859.65
2026-01-25 09:00:00+00:00,1769331600,1857.6,1859.66
2026-01-25 09:15:00+00:00,1769332500,1854.0,1856.07
2026-01-25 09:30:00+00:00,1769333400,1850.4,1852.48
2026-01-25 09:45:00+00:00,1769334300,1854.0,1856.1
2026-01-25 10:00:00+00:00,1769335200,1857.6,1859.72
2026-01-25 10:15:00+00:00,1769336100,1857.6,1859.74
2026-01-25 10:30:00+00:00,1769337000,1857.6,1859.76
2026-01-25 10:45:00+00:00,1769337900,1850.4,1852.57
2026-01-25 11:00:00+00:00,1769338800,1843.2,1845.38
2026-01-25 11:15:00+00:00,1769339700,1850.4,1852.61
2026-01-25 11:30:00+00:00,1769340600,1857.6,1859.84
2026-01-25 11:45:00+00:00,1769341500,1857.6,1859.86
2026-01-25 12:00:00+00:00,1769342400,1857.6,1859.87
2026-01-25 12:15:00+00:00,1769343300,1854.0,1856.28
2026-01-25 12:30:00+00:00,1769344200,1850.4,1852.68
2026-01-25 12:45:00+00:00,1769345100,1846.8,1849.08
2026-01-25 13:00:00+00:00,1769346000,1843.2,1845.47
2026-01-25 13:15:00+00:00,1769346900,1843.2,1845.46
2026-01-25 13:30:00+00:00,1769347800,1843.2,1845.45
2026-01-25 13:45:00+00:00,1769348700,1854.0,1856.24
2026-01-25 14:00:00+00:00,1769349600,1864.8,1867.04
2026-01-25 14:15:00+00:00,1769350500,1857.6,1859.8
2026-01-25 14:30:00+00:00,1769351400,1850.4,1852.57
2026-01-25 14:45:00+00:00,1769352300,1846.8,1848.93
2026-01-25 15:00:00+00:00,1769353200,1843.2,1845.29
2026-01-25 15:15:00+00:00,1769354100,1843.2,1845.25
2026-01-25 15:30:00+00:00,1769355000,1843.2,1845.21
2026-01-25 15:45:00+00:00,1769355900,1854.0,1855.96
2026-01-25 16:00:00+00:00,1769356800,1864.8,1866.71
2026-01-25 16:15:00+00:00,1769357700,1861.2,1863.02
2026-01-25 16:30:00+00:00,1769358600,1857.6,1859.34
2026-01-25 16:45:00+00:00,1769359500,1857.6,1859.22
2026-01-25 17:00:00+00:00,1769360400,1857.6,1859.11
2026-01-25 17:15:00+00:00,1769361300,1850.4,1851.74
2026-01-25 17:30:00+00:00,1769362200,1843.2,1844.38
2026-01-25 17:45:00+00:00,1769363100,1850.4,1851.37
2026-01-25 18:00:00+00:00,1769364000,1857.6,1858.36
2026-01-25 18:15:00+00:00,1769364900,1854.0,1854.49
2026-01-25 18:30:00+00:00,1769365800,1850.4,1850.62
2026-01-25 18:45:00+00:00,1769366700,1850.4,1850.3
2026-01-25 19:00:00+00:00,1769367600,1850.4,1849.99
2026-01-25 19:15:00+00:00,1769368500,1861.2,1860.44
2026-01-25 19:30:00+00:00,1769369400,1872.0,1870.88
2026-01-25 19:45:00+00:00,1769370300,1868.4,1866.93
2026-01-25 20:00:00+00:00,1769371200,1864.8,1862.98
2026-01-25 20:15:00+00:00,1769372100,1857.6,1855.46
2026-01-25 20:30:00+00:00,1769373000,1850.4,1847.95
2026-01-25 20:45:00+00:00,1769373900,1854.0,1851.3
2026-01-25 21:00:00+00:00,1769374800,1857.6,1854.64
2026-01-25 21:15:00+00:00,1769375700,1850.4,1847.3
2026-01-25 21:30:00+00:00,1769376600,1843.2,1839.96
2026-01-25 21:45:00+00:00,1769377500,1857.6,1854.3
2026-01-25 22:00:00+00:00,1769378400,1872.0,1868.65
2026-01-25 22:15:00+00:00,1769379300,1868.4,1865.15
2026-01-25 22:30:00+00:00,1769380200,1864.8,1861.65
2026-01-25 22:45:00+00:00,1769381100,1857.6,1854.66
2026-01-25 23:00:00+00:00,1769382000,1850.4,1847.68
2026-01-25 23:15:00+00:00,1769382900,1843.2,1840.78
2026-01-25 23:30:00+00:00,1769383800,1836.0,1833.87
2026-01-25 23:45:00+00:00,1769384700,1846.8,1845.0
2026-01-26 00:00:00+00:00,1769385600,1857.6,1856.12
2026-01-26 00:15:00+00:00,1769386500,1857.6,1856.47
2026-01-26 00:30:00+00:00,1769387400,1857.6,1856.82
2026-01-26 00:45:00+00:00,1769388300,1857.6,1857.14
2026-01-26 01:00:00+00:00,1769389200,1857.6,1857.47
2026-01-26 01:15:00+00:00,1769390100,1850.4,1850.54
2026-01-26 01:30:00+00:00,1769391000,1843.2,1843.6
2026-01-26 01:45:00+00:00,1769391900,1843.2,1843.8
2026-01-26 02:00:00+00:00,1769392800,1843.2,1844.0
2026-01-26 02:15:00+00:00,1769393700,1850.4,1851.32
2026-01-26 02:30:00+00:00,1769394600,1857.6,1858.64
2026-01-26 02:45:00+00:00,1769395500,1850.4,1851.47
2026-01-26 03:00:00+00:00,1769396400,1843.2,1844.3
2026-01-26 03:15:00+00:00,1769397300,1854.0,1855.06
2026-01-26 03:30:00+00:00,1769398200,1864.8,1865.83
2026-01-26 03:45:00+00:00,1769399100,1857.6,1858.52
2026-01-26 04:00:00+00:00,1769400000,1850.4,1851.2
2026-01-26 04:15:00+00:00,1769400900,1864.8,1865.44
2026-01-26 04:30:00+00:00,1769401800,1879.2,1879.68
2026-01-26 04:45:00+00:00,1769402700,1872.0,1872.29
2026-01-26 05:00:00+00:00,1769403600,1864.8,1864.9
2026-01-26 05:15:00+00:00,1769404500,1864.8,1864.71
2026-01-26 05:30:00+00:00,1769405400,1864.8,1864.52
2026-01-26 05:45:00+00:00,1769406300,1857.6,1857.16
2026-01-26 06:00:00+00:00,1769407200,1850.4,1849.81
2026-01-26 06:15:00+00:00,1769408100,1857.6,1856.9
2026-01-26 06:30:00+00:00,1769409000,1864.8,1864.0
2026-01-26 06:45:00+00:00,1769409900,1872.0,1871.18
2026-01-26 07:00:00+00:00,1769410800,1879.2,1878.35
2026-01-26 07:15:00+00:00,1769411700,1875.6,1874.8
2026-01-26 07:30:00+00:00,1769412600,1872.0,1871.26
2026-01-26 07:45:00+00:00,1769413500,1872.0,1871.39
2026-01-26 08:00:00+00:00,1769414400,1872.0,1871.52
2026-01-26 08:15:00+00:00,1769415300,1868.4,1868.1
2026-01-26 08:30:00+00:00,1769416200,1864.8,1864.68
2026-01-26 08:45:00+00:00,1769417100,1864.8,1864.88
2026-01-26 09:00:00+00:00,1769418000,1864.8,1865.09
2026-01-26 09:15:00+00:00,1769418900,1868.4,1868.9
2026-01-26 09:30:00+00:00,1769419800,1872.0,1872.7
2026-01-26 09:45:00+00:00,1769420700,1864.8,1865.68
2026-01-26 10:00:00+00:00,1769421600,1857.6,1858.66
2026-01-26 10:15:00+00:00,1769422500,1857.6,1858.81
2026-01-26 10:30:00+00:00,1769423400,1857.6,1858.96
2026-01-26 10:45:00+00:00,1769424300,1850.4,1851.87
2026-01-26 11:00:00+00:00,1769425200,1843.2,1844.78
2026-01-26 11:15:00+00:00,1769426100,1846.8,1848.46
2026-01-26 11:30:00+00:00,1769427000,1850.4,1852.15
2026-01-26 11:45:00+00:00,1769427900,1850.4,1852.2
2026-01-26 12:00:00+00:00,1769428800,1850.4,1852.26
2026-01-26 12:15:00+00:00,1769429700,1843.2,1845.08
2026-01-26 12:30:00+00:00,1769430600,1836.0,1837.91
2026-01-26 12:45:00+00:00,1769431500,1839.6,1841.53
2026-01-26 13:00:00+00:00,1769432400,1843.2,1845.15
2026-01-26 13:15:00+00:00,1769433300,1850.4,1852.36
2026-01-26 13:30:00+00:00,1769434200,1857.6,1859.58
2026-01-26 13:45:00+00:00,1769435100,1846.8,1848.77
2026-01-26 14:00:00+00:00,1769436000,1836.0,1837.96
2026-01-26 14:15:00+00:00,1769436900,1843.2,1845.16
2026-01-26 14:30:00+00:00,1769437800,1850.4,1852.35
2026-01-26 14:45:00+00:00,1769438700,1843.2,1845.12
2026-01-26 15:00:00+00:00,1769439600,1836.0,1837.9
2026-01-26 15:15:00+00:00,1769440500,1846.8,1848.68
2026-01-26 15:30:00+00:00,1769441400,1857.6,1859.45
2026-01-26 15:45:00+00:00,1769442300,1857.6,1859.38
2026-01-26 16:00:00+00:00,1769443200,1857.6,1859.32
2026-01-26 16:15:00+00:00,1769444100,1850.4,1852.02
2026-01-26 16:30:00+00:00,1769445000,1843.2,1844.71
2026-01-26 16:45:00+00:00,1769445900,1854.0,1855.38
2026-01-26 17:00:00+00:00,1769446800,1864.8,1866.04
2026-01-26 17:15:00+00:00,1769447700,1861.2,1862.24
2026-01-26 17:30:00+00:00,1769448600,1857.6,1858.44
2026-01-26 17:45:00+00:00,1769449500,1857.6,1858.18
2026-01-26 18:00:00+00:00,1769450400,1857.6,1857.92
2026-01-26 18:15:00+00:00,1769451300,1854.0,1854.02
2026-01-26 18:30:00+00:00,1769452200,1850.4,1850.11
2026-01-26 18:45:00+00:00,1769453100,1857.6,1856.96
2026-01-26 19:00:00+00:00,1769454000,1864.8,1863.82
2026-01-26 19:15:00+00:00,1769454900,1872.0,1870.66
2026-01-26 19:30:00+00:00,1769455800,1879.2,1877.5
2026-01-26 19:45:00+00:00,1769456700,1868.4,1866.39
2026-01-26 20:00:00+00:00,1769457600,1857.6,1855.28
2026-01-26 20:15:00+00:00,1769458500,1854.0,1851.43
2026-01-26 20:30:00+00:00,1769459400,1850.4,1847.58
2026-01-26 20:45:00+00:00,1769460300,1850.4,1847.42
2026-01-26 21:00:00+00:00,1769461200,1850.4,1847.26
2026-01-26 21:15:00+00:00,1769462100,1850.4,1847.22
2026-01-26 21:30:00+00:00,1769463000,1850.4,1847.17
2026-01-26 21:45:00+00:00,1769463900,1850.4,1847.26
2026-01-26 22:00:00+00:00,1769464800,1850.4,1847.34
2026-01-26 22:15:00+00:00,1769465700,1857.6,1854.72
2026-01-26 22:30:00+00:00,1769466600,1864.8,1862.11
2026-01-26 22:45:00+00:00,1769467500,1857.6,1855.2
2026-01-26 23:00:00+00:00,1769468400,1850.4,1848.29
2026-01-26 23:15:00+00:00,1769469300,1857.6,1855.82
2026-01-26 23:30:00+00:00,1769470200,1864.8,1863.35
2026-01-26 23:45:00+00:00,1769471100,1850.4,1849.3
2026-01-27 00:00:00+00:00,1769472000,1836.0,1835.26
2026-01-27 00:15:00+00:00,1769472900,1846.8,1846.39
2026-01-27 00:30:00+00:00,1769473800,1857.6,1857.52
2026-01-27 00:45:00+00:00,1769474700,1861.2,1861.42
2026-01-27 01:00:00+00:00,1769475600,1864.8,1865.31
2026-01-27 01:15:00+00:00,1769476500,1850.4,1851.14
2026-01-27 01:30:00+00:00,1769477400,1836.0,1836.97
2026-01-27 01:45:00+00:00,1769478300,1843.2,1844.36
2026-01-27 02:00:00+00:00,1769479200,1850.4,1851.74
2026-01-27 02:15:00+00:00,1769480100,1854.0,1855.47
2026-01-27 02:30:00+00:00,1769481000,1857.6,1859.2
2026-01-27 02:45:00+00:00,1769481900,1861.2,1862.89
2026-01-27 03:00:00+00:00,1769482800,1864.8,1866.58
2026-01-27 03:15:00+00:00,1769483700,1857.6,1859.42
2026-01-27 03:30:00+00:00,1769484600,1850.4,1852.27
2026-01-27 03:45:00+00:00,1769485500,1850.4,1852.3
2026-01-27 04:00:00+00:00,1769486400,1850.4,1852.34
2026-01-27 04:15:00+00:00,1769487300,1864.8,1866.78
2026-01-27 04:30:00+00:00,1769488200,1879.2,1881.21
2026-01-27 04:45:00+00:00,1769489100,1868.4,1870.42
2026-01-27 05:00:00+00:00,1769490000,1857.6,1859.62
2026-01-27 05:15:00+00:00,1769490900,1854.0,1856.04
2026-01-27 05:30:00+00:00,1769491800,1850.4,1852.46
2026-01-27 05:45:00+00:00,1769492700,1861.2,1863.3
2026-01-27 06:00:00+00:00,1769493600,1872.0,1874.15
2026-01-27 06:15:00+00:00,1769494500,1868.4,1870.6
2026-01-27 06:30:00+00:00,1769495400,1864.8,1867.05
2026-01-27 06:45:00+00:00,1769496300,1861.2,1863.53
2026-01-27 07:00:00+00:00,1769497200,1857.6,1860.01
2026-01-27 07:15:00+00:00,1769498100,1864.8,1867.34
2026-01-27 07:30:00+00:00,1769499000,1872.0,1874.68
2026-01-27 07:45:00+00:00,1769499900,1864.8,1867.64
2026-01-27 08:00:00+00:00,1769500800,1857.6,1860.61
2026-01-27 08:15:00+00:00,1769501700,1864.8,1868.06
2026-01-27 08:30:00+00:00,1769502600,1872.0,1875.5
2026-01-27 08:45:00+00:00,1769503500,1864.8,1868.56
2026-01-27 09:00:00+00:00,1769504400,1857.6,1861.63
2026-01-27 09:15:00+00:00,1769505300,1861.2,1865.55
2026-01-27 09:30:00+00:00,1769506200,1864.8,1869.47
2026-01-27 09:45:00+00:00,1769507100,1854.0,1858.96
2026-01-27 10:00:00+00:00,1769508000,1843.2,1848.45
2026-01-27 10:15:00+00:00,1769508900,1846.8,1852.36
2026-01-27 10:30:00+00:00,1769509800,1850.4,1856.26
2026-01-27 10:45:00+00:00,1769510700,1861.2,1867.32
2026-01-27 11:00:00+00:00,1769511600,1872.0,1878.39
2026-01-27 11:15:00+00:00,1769512500,1872.0,1878.52
2026-01-27 11:30:00+00:00,1769513400,1872.0,1878.66
2026-01-27 11:45:00+00:00,1769514300,1864.8,1871.45
2026-01-27 12:00:00+00:00,1769515200,1857.6,1864.24
2026-01-27 12:15:00+00:00,1769516100,1857.6,1864.14
2026-01-27 12:30:00+00:00,1769517000,1857.6,1864.04
2026-01-27 12:45:00+00:00,1769517900,1857.6,1863.83
2026-01-27 13:00:00+00:00,1769518800,1857.6,1863.62
2026-01-27 13:15:00+00:00,1769519700,1857.6,1863.33
2026-01-27 13:30:00+00:00,1769520600,1857.6,1863.04
2026-01-27 13:45:00+00:00,1769521500,1854.0,1859.08
2026-01-27 14:00:00+00:00,1769522400,1850.4,1855.13
2026-01-27 14:15:00+00:00,1769523300,1854.0,1858.38
2026-01-27 14:30:00+00:00,1769524200,1857.6,1861.62
2026-01-27 14:45:00+00:00,1769525100,1864.8,1868.46
2026-01-27 15:00:00+00:00,1769526000,1872.0,1875.3
2026-01-27 15:15:00+00:00,1769526900,1872.0,1874.93
2026-01-27 15:30:00+00:00,1769527800,1872.0,1874.56
2026-01-27 15:45:00+00:00,1769528700,1861.2,1863.38
2026-01-27 16:00:00+00:00,1769529600,1850.4,1852.21
2026-01-27 16:15:00+00:00,1769530500,1854.0,1855.45
2026-01-27 16:30:00+00:00,1769531400,1857.6,1858.69
2026-01-27 16:45:00+00:00,1769532300,1846.8,1847.52
2026-01-27 17:00:00+00:00,1769533200,1836.0,1836.35
2026-01-27 17:15:00+00:00,1769534100,1846.8,1846.78
2026-01-27 17:30:00+00:00,1769535000,1857.6,1857.21
2026-01-27 17:45:00+00:00,1769535900,1857.6,1856.85
2026-01-27 18:00:00+00:00,1769536800,1857.6,1856.49
2026-01-27 18:15:00+00:00,1769537700,1861.2,1859.76
2026-01-27 18:30:00+00:00,1769538600,1864.8,1863.04
2026-01-27 18:45:00+00:00,1769539500,1868.4,1866.38
2026-01-27 19:00:00+00:00,1769540400,1872.0,1869.73
2026-01-27 19:15:00+00:00,1769541300,1868.4,1865.98
2026-01-27 19:30:00+00:00,1769542200,1864.8,1862.24
2026-01-27 19:45:00+00:00,1769543100,1861.2,1858.62
2026-01-27 20:00:00+00:00,1769544000,1857.6,1855.0
2026-01-27 20:15:00+00:00,1769544900,1857.6,1855.12
2026-01-27 20:30:00+00:00,1769545800,1857.6,1855.24
2026-01-27 20:45:00+00:00,1769546700,1861.2,1859.1
2026-01-27 21:00:00+00:00,1769547600,1864.8,1862.95
2026-01-27 21:15:00+00:00,1769548500,1861.2,1859.74
2026-01-27 21:30:00+00:00,1769549400,1857.6,1856.52
2026-01-27 21:45:00+00:00,1769550300,1864.8,1864.2
2026-01-27 22:00:00+00:00,1769551200,1872.0,1871.87
2026-01-27 22:15:00+00:00,1769552100,1861.2,1861.6
2026-01-27 22:30:00+00:00,1769553000,1850.4,1851.34
2026-01-27 22:45:00+00:00,1769553900,1846.8,1848.29
2026-01-27 23:00:00+00:00,1769554800,1843.2,1845.24
2026-01-27 23:15:00+00:00,1769555700,1846.8,1849.38
2026-01-27 23:30:00+00:00,1769556600,1850.4,1853.53
2026-01-27 23:45:00+00:00,1769557500,1854.0,1857.62
2026-01-28 00:00:00+00:00,1769558400,1857.6,1861.7
2026-01-28 00:15:00+00:00,1769559300,1854.0,1858.48
2026-01-28 00:30:00+00:00,1769560200,1850.4,1855.26
2026-01-28 00:45:00+00:00,1769561100,1850.4,1855.52
2026-01-28 01:00:00+00:00,1769562000,1850.4,1855.79
2026-01-28 01:15:00+00:00,1769562900,1846.8,1852.32
2026-01-28 01:30:00+00:00,1769563800,1843.2,1848.84
2026-01-28 01:45:00+00:00,1769564700,1854.0,1859.67
2026-01-28 02:00:00+00:00,1769565600,1864.8,1870.5
2026-01-28 02:15:00+00:00,1769566500,1864.8,1870.38
2026-01-28 02:30:00+00:00,1769567400,1864.8,1870.27
2026-01-28 02:45:00+00:00,1769568300,1861.2,1866.46
2026-01-28 03:00:00+00:00,1769569200,1857.6,1862.64
2026-01-28 03:15:00+00:00,1769570100,1857.6,1862.38
2026-01-28 03:30:00+00:00,1769571000,1857.6,1862.12
2026-01-28 03:45:00+00:00,1769571900,1857.6,1861.85
2026-01-28 04:00:00+00:00,1769572800,1857.6,1861.58
2026-01-28 04:15:00+00:00,1769573700,1854.0,1857.72
2026-01-28 04:30:00+00:00,1769574600,1850.4,1853.86
2026-01-28 04:45:00+00:00,1769575500,1854.0,1857.26
2026-01-28 05:00:00+00:00,1769576400,1857.6,1860.65
2026-01-28 05:15:00+00:00,1769577300,1861.2,1864.1
2026-01-28 05:30:00+00:00,1769578200,1864.8,1867.55
2026-01-28 05:45:00+00:00,1769579100,1861.2,1863.84
2026-01-28 06:00:00+00:00,1769580000,1857.6,1860.14
2026-01-28 06:15:00+00:00,1769580900,1857.6,1860.1
2026-01-28 06:30:00+00:00,1769581800,1857.6,1860.07
2026-01-28 06:45:00+00:00,1769582700,1857.6,1860.1
2026-01-28 07:00:00+00:00,1769583600,1857.6,1860.12
2026-01-28 07:15:00+00:00,1769584500,1861.2,1863.82
2026-01-28 07:30:00+00:00,1769585400,1864.8,1867.51
2026-01-28 07:45:00+00:00,1769586300,1864.8,1867.67
2026-01-28 08:00:00+00:00,1769587200,1864.8,1867.83
2026-01-28 08:15:00+00:00,1769588100,1872.0,1875.27
2026-01-28 08:30:00+00:00,1769589000,1879.2,1882.71
2026-01-28 08:45:00+00:00,1769589900,1872.0,1875.8
2026-01-28 09:00:00+00:00,1769590800,1864.8,1868.88
2026-01-28 09:15:00+00:00,1769591700,1857.6,1862.02
2026-01-28 09:30:00+00:00,1769592600,1850.4,1855.15
2026-01-28 09:45:00+00:00,1769593500,1854.0,1859.16
2026-01-28 10:00:00+00:00,1769594400,1857.6,1863.16
2026-01-28 10:15:00+00:00,1769595300,1846.8,1852.74
2026-01-28 10:30:00+00:00,1769596200,1836.0,1842.32
2026-01-28 10:45:00+00:00,1769597100,1843.2,1849.96
2026-01-28 11:00:00+00:00,1769598000,1850.4,1857.59
2026-01-28 11:15:00+00:00,1769598900,1854.0,1861.58
2026-01-28 11:30:00+00:00,1769599800,1857.6,1865.56
2026-01-28 11:45:00+00:00,1769600700,1854.0,1862.26
2026-01-28 12:00:00+00:00,1769601600,1850.4,1858.96
2026-01-28 12:15:00+00:00,1769602500,1850.4,1859.19
2026-01-28 12:30:00+00:00,1769603400,1850.4,1859.42
2026-01-28 12:45:00+00:00,1769604300,1846.8,1855.94
2026-01-28 13:00:00+00:00,1769605200,1843.2,1852.47
2026-01-28 13:15:00+00:00,1769606100,1846.8,1856.13
2026-01-28 13:30:00+00:00,1769607000,1850.4,1859.79
2026-01-28 13:45:00+00:00,1769607900,1854.0,1863.35
2026-01-28 14:00:00+00:00,1769608800,1857.6,1866.91
2026-01-28 14:15:00+00:00,1769609700,1857.6,1866.75
2026-01-28 14:30:00+00:00,1769610600,1857.6,1866.59
2026-01-28 14:45:00+00:00,1769611500,1857.6,1866.34
2026-01-28 15:00:00+00:00,1769612400,1857.6,1866.09
2026-01-28 15:15:00+00:00,1769613300,1850.4,1858.54
2026-01-28 15:30:00+00:00,1769614200,1843.2,1850.98
2026-01-28 15:45:00+00:00,1769615100,1861.2,1868.67
2026-01-28 16:00:00+00:00,1769616000,1879.2,1886.36
2026-01-28 16:15:00+00:00,1769616900,1864.8,1871.5
2026-01-28 16:30:00+00:00,1769617800,1850.4,1856.63
2026-01-28 16:45:00+00:00,1769618700,1850.4,1856.22
2026-01-28 17:00:00+00:00,1769619600,1850.4,1855.8
2026-01-28 17:15:00+00:00,1769620500,1846.8,1851.8
2026-01-28 17:30:00+00:00,1769621400,1843.2,1847.8
2026-01-28 17:45:00+00:00,1769622300,1846.8,1851.06
2026-01-28 18:00:00+00:00,1769623200,1850.4,1854.33
2026-01-28 18:15:00+00:00,1769624100,1839.6,1843.22
2026-01-28 18:30:00+00:00,1769625000,1828.8,1832.12
2026-01-28 18:45:00+00:00,1769625900,1843.2,1846.32
2026-01-28 19:00:00+00:00,1769626800,1857.6,1860.52
2026-01-28 19:15:00+00:00,1769627700,1857.6,1860.36
2026-01-28 19:30:00+00:00,1769628600,1857.6,1860.2
2026-01-28 19:45:00+00:00,1769629500,1854.0,1856.48
2026-01-28 20:00:00+00:00,1769630400,1850.4,1852.77
2026-01-28 20:15:00+00:00,1769631300,1850.4,1852.71
2026-01-28 20:30:00+00:00,1769632200,1850.4,1852.65
2026-01-28 20:45:00+00:00,1769633100,1850.4,1852.63
2026-01-28 21:00:00+00:00,1769634000,1850.4,1852.61
2026-01-28 21:15:00+00:00,1769634900,1861.2,1863.44
2026-01-28 21:30:00+00:00,1769635800,1872.0,1874.28
2026-01-28 21:45:00+00:00,1769636700,1857.6,1859.92
2026-01-28 22:00:00+00:00,1769637600,1843.2,1845.56
2026-01-28 22:15:00+00:00,1769638500,1839.6,1842.06
2026-01-28 22:30:00+00:00,1769639400,1836.0,1838.56
2026-01-28 22:45:00+00:00,1769640300,1836.0,1838.72
2026-01-28 23:00:00+00:00,1769641200,1836.0,1838.88
2026-01-28 23:15:00+00:00,1769642100,1843.2,1846.31
2026-01-28 23:30:00+00:00,1769643000,1850.4,1853.74
2026-01-28 23:45:00+00:00,1769643900,1843.2,1846.8
2026-01-29 00:00:00+00:00,1769644800,1836.0,1839.87
2026-01-29 00:15:00+00:00,1769645700,1836.0,1840.2
2026-01-29 00:30:00+00:00,1769646600,1836.0,1840.52
2026-01-29 00:45:00+00:00,1769647500,1839.6,1844.48
2026-01-29 01:00:00+00:00,1769648400,1843.2,1848.45
2026-01-29 01:15:00+00:00,1769649300,1843.2,1848.8
2026-01-29 01:30:00+00:00,1769650200,1843.2,1849.16
2026-01-29 01:45:00+00:00,1769651100,1843.2,1849.48
2026-01-29 02:00:00+00:00,1769652000,1843.2,1849.81
2026-01-29 02:15:00+00:00,1769652900,1839.6,1846.45
2026-01-29 02:30:00+00:00,1769653800,1836.0,1843.09
2026-01-29 02:45:00+00:00,1769654700,1836.0,1843.24
2026-01-29 03:00:00+00:00,1769655600,1836.0,1843.4
2026-01-29 03:15:00+00:00,1769656500,1836.0,1843.43
2026-01-29 03:30:00+00:00,1769657400,1836.0,1843.46
2026-01-29 03:45:00+00:00,1769658300,1836.0,1843.37
2026-01-29 04:00:00+00:00,1769659200,1836.0,1843.28
2026-01-29 04:15:00+00:00,1769660100,1832.4,1839.46
2026-01-29 04:30:00+00:00,1769661000,1828.8,1835.65
2026-01-29 04:45:00+00:00,1769661900,1832.4,1838.98
2026-01-29 05:00:00+00:00,1769662800,1836.0,1842.31
2026-01-29 05:15:00+00:00,1769663700,1839.6,1845.59
2026-01-29 05:30:00+00:00,1769664600,1843.2,1848.87
2026-01-29 05:45:00+00:00,1769665500,1836.0,1841.32
2026-01-29 06:00:00+00:00,1769666400,1828.8,1833.77
2026-01-29 06:15:00+00:00,1769667300,1839.6,1844.31
2026-01-29 06:30:00+00:00,1769668200,1850.4,1854.85
2026-01-29 06:45:00+00:00,1769669100,1843.2,1847.42
2026-01-29 07:00:00+00:00,1769670000,1836.0,1839.99
2026-01-29 07:15:00+00:00,1769670900,1846.8,1850.7
2026-01-29 07:30:00+00:00,1769671800,1857.6,1861.41
2026-01-29 07:45:00+00:00,1769672700,1854.0,1857.8
2026-01-29 08:00:00+00:00,1769673600,1850.4,1854.2
2026-01-29 08:15:00+00:00,1769674500,1846.8,1850.72
2026-01-29 08:30:00+00:00,1769675400,1843.2,1847.23
2026-01-29 08:45:00+00:00,1769676300,1839.6,1843.84
2026-01-29 09:00:00+00:00,1769677200,1836.0,1840.46
2026-01-29 09:15:00+00:00,1769678100,1850.4,1855.2
2026-01-29 09:30:00+00:00,1769679000,1864.8,1869.95
2026-01-29 09:45:00+00:00,1769679900,1857.6,1863.09
2026-01-29 10:00:00+00:00,1769680800,1850.4,1856.23
2026-01-29 10:15:00+00:00,1769681700,1846.8,1853.0
2026-01-29 10:30:00+00:00,1769682600,1843.2,1849.76
2026-01-29 10:45:00+00:00,1769683500,1839.6,1846.5
2026-01-29 11:00:00+00:00,1769684400,1836.0,1843.23
2026-01-29 11:15:00+00:00,1769685300,1832.4,1839.9
2026-01-29 11:30:00+00:00,1769686200,1828.8,1836.57
2026-01-29 11:45:00+00:00,1769687100,1825.2,1833.14
2026-01-29 12:00:00+00:00,1769688000,1821.6,1829.72
2026-01-29 12:15:00+00:00,1769688900,1821.6,1829.8
2026-01-29 12:30:00+00:00,1769689800,1821.6,1829.87
2026-01-29 12:45:00+00:00,1769690700,1832.4,1840.66
2026-01-29 13:00:00+00:00,1769691600,1843.2,1851.46
2026-01-29 13:15:00+00:00,1769692500,1846.8,1854.9
2026-01-29 13:30:00+00:00,1769693400,1850.4,1858.33
2026-01-29 13:45:00+00:00,1769694300,1850.4,1858.03
2026-01-29 14:00:00+00:00,1769695200,1850.4,1857.73
2026-01-29 14:15:00+00:00,1769696100,1843.2,1850.1
2026-01-29 14:30:00+00:00,1769697000,1836.0,1842.48
2026-01-29 14:45:00+00:00,1769697900,1843.2,1849.22
2026-01-29 15:00:00+00:00,1769698800,1850.4,1855.97
2026-01-29 15:15:00+00:00,1769699700,1854.0,1859.04
2026-01-29 15:30:00+00:00,1769700600,1857.6,1862.12
2026-01-29 15:45:00+00:00,1769701500,1850.4,1854.34
2026-01-29 16:00:00+00:00,1769702400,1843.2,1846.55
2026-01-29 16:15:00+00:00,1769703300,1846.8,1849.57
2026-01-29 16:30:00+00:00,1769704200,1850.4,1852.59
2026-01-29 16:45:00+00:00,1769705100,1854.0,1855.6
2026-01-29 17:00:00+00:00,1769706000,1857.6,1858.61
2026-01-29 17:15:00+00:00,1769706900,1861.2,1861.63
2026-01-29 17:30:00+00:00,1769707800,1864.8,1864.65
2026-01-29 17:45:00+00:00,1769708700,1861.2,1860.5
2026-01-29 18:00:00+00:00,1769709600,1857.6,1856.34
2026-01-29 18:15:00+00:00,1769710500,1861.2,1859.42
2026-01-29 18:30:00+00:00,1769711400,1864.8,1862.51
2026-01-29 18:45:00+00:00,1769712300,1861.2,1858.47
2026-01-29 19:00:00+00:00,1769713200,1857.6,1854.43
2026-01-29 19:15:00+00:00,1769714100,1857.6,1854.07
2026-01-29 19:30:00+00:00,1769715000,1857.6,1853.71
2026-01-29 19:45:00+00:00,1769715900,1857.6,1853.46
2026-01-29 20:00:00+00:00,1769716800,1857.6,1853.2
2026-01-29 20:15:00+00:00,1769717700,1857.6,1853.06
2026-01-29 20:30:00+00:00,1769718600,1857.6,1852.92
2026-01-29 20:45:00+00:00,1769719500,1854.0,1849.32
2026-01-29 21:00:00+00:00,1769720400,1850.4,1845.71
2026-01-29 21:15:00+00:00,1769721300,1850.4,1845.81
2026-01-29 21:30:00+00:00,1769722200,1850.4,1845.91
2026-01-29 21:45:00+00:00,1769723100,1850.4,1846.12
2026-01-29 22:00:00+00:00,1769724000,1850.4,1846.34
2026-01-29 22:15:00+00:00,1769724900,1854.0,1850.23
2026-01-29 22:30:00+00:00,1769725800,1857.6,1854.12
2026-01-29 22:45:00+00:00,1769726700,1850.4,1847.29
2026-01-29 23:00:00+00:00,1769727600,1843.2,1840.46
2026-01-29 23:15:00+00:00,1769728500,1850.4,1848.04
2026-01-29 23:30:00+00:00,1769729400,1857.6,1855.61
2026-01-29 23:45:00+00:00,1769730300,1850.4,1848.78
2026-01-30 00:00:00+00:00,1769731200,1843.2,1841.96
2026-01-30 00:15:00+00:00,1769732100,1843.2,1842.28
2026-01-30 00:30:00+00:00,1769733000,1843.2,1842.6
2026-01-30 00:45:00+00:00,1769733900,1846.8,1846.44
2026-01-30 01:00:00+00:00,1769734800,1850.4,1850.28
2026-01-30 01:15:00+00:00,1769735700,1850.4,1850.42
2026-01-30 01:30:00+00:00,1769736600,1850.4,1850.55
2026-01-30 01:45:00+00:00,1769737500,1850.4,1850.57
2026-01-30 02:00:00+00:00,1769738400,1850.4,1850.59
2026-01-30 02:15:00+00:00,1769739300,1850.4,1850.49
2026-01-30 02:30:00+00:00,1769740200,1850.4,1850.39
2026-01-30 02:45:00+00:00,1769741100,1846.8,1846.58
2026-01-30 03:00:00+00:00,1769742000,1843.2,1842.78
2026-01-30 03:15:00+00:00,1769742900,1850.4,1849.68
2026-01-30 03:30:00+00:00,1769743800,1857.6,1856.59
2026-01-30 03:45:00+00:00,1769744700,1854.0,1852.64
2026-01-30 04:00:00+00:00,1769745600,1850.4,1848.69
2026-01-30 04:15:00+00:00,1769746500,1839.6,1837.53
2026-01-30 04:30:00+00:00,1769747400,1828.8,1826.37
2026-01-30 04:45:00+00:00,1769748300,1839.6,1836.8
2026-01-30 05:00:00+00:00,1769749200,1850.4,1847.22
2026-01-30 05:15:00+00:00,1769750100,1861.2,1857.7
2026-01-30 05:30:00+00:00,1769751000,1872.0,1868.17
2026-01-30 05:45:00+00:00,1769751900,1861.2,1857.18
2026-01-30 06:00:00+00:00,1769752800,1850.4,1846.18
2026-01-30 06:15:00+00:00,1769753700,1850.4,1846.07
2026-01-30 06:30:00+00:00,1769754600,1850.4,1845.96
2026-01-30 06:45:00+00:00,1769755500,1854.0,1849.56
2026-01-30 07:00:00+00:00,1769756400,1857.6,1853.16
2026-01-30 07:15:00+00:00,1769757300,1864.8,1860.48
2026-01-30 07:30:00+00:00,1769758200,1872.0,1867.79
2026-01-30 07:45:00+00:00,1769759100,1868.4,1864.44
2026-01-30 08:00:00+00:00,1769760000,1864.8,1861.09
2026-01-30 08:15:00+00:00,1769760900,1861.2,1857.82
2026-01-30 08:30:00+00:00,1769761800,1857.6,1854.54
2026-01-30 08:45:00+00:00,1769762700,1854.0,1851.32
2026-01-30 09:00:00+00:00,1769763600,1850.4,1848.11
2026-01-30 09:15:00+00:00,1769764500,1850.4,1848.5
2026-01-30 09:30:00+00:00,1769765400,1850.4,1848.9
2026-01-30 09:45:00+00:00,1769766300,1854.0,1852.88
2026-01-30 10:00:00+00:00,1769767200,1857.6,1856.86
2026-01-30 10:15:00+00:00,1769768100,1850.4,1850.0
2026-01-30 10:30:00+00:00,1769769000,1843.2,1843.15
2026-01-30 10:45:00+00:00,1769769900,1850.4,1850.64
2026-01-30 11:00:00+00:00,1769770800,1857.6,1858.12
2026-01-30 11:15:00+00:00,1769771700,1861.2,1861.93
2026-01-30 11:30:00+00:00,1769772600,1864.8,1865.74
2026-01-30 11:45:00+00:00,1769773500,1864.8,1865.88
2026-01-30 12:00:00+00:00,1769774400,1864.8,1866.01
2026-01-30 12:15:00+00:00,1769775300,1861.2,1862.46
2026-01-30 12:30:00+00:00,1769776200,1857.6,1858.91
2026-01-30 12:45:00+00:00,1769777100,1850.4,1851.68
2026-01-30 13:00:00+00:00,1769778000,1843.2,1844.44
2026-01-30 13:15:00+00:00,1769778900,1843.2,1844.32
2026-01-30 13:30:00+00:00,1769779800,1843.2,1844.21
2026-01-30 13:45:00+00:00,1769780700,1843.2,1844.02
2026-01-30 14:00:00+00:00,1769781600,1843.2,1843.82
2026-01-30 14:15:00+00:00,1769782500,1846.8,1847.14
2026-01-30 14:30:00+00:00,1769783400,1850.4,1850.45
2026-01-30 14:45:00+00:00,1769784300,1850.4,1850.08
2026-01-30 15:00:00+00:00,1769785200,1850.4,1849.71
2026-01-30 15:15:00+00:00,1769786100,1857.6,1856.46
2026-01-30 15:30:00+00:00,1769787000,1864.8,1863.2
2026-01-30 15:45:00+00:00,1769787900,1868.4,1866.28
2026-01-30 16:00:00+00:00,1769788800,1872.0,1869.35
2026-01-30 16:15:00+00:00,1769789700,1864.8,1861.58
2026-01-30 16:30:00+00:00,1769790600,1857.6,1853.82
2026-01-30 16:45:00+00:00,1769791500,1861.2,1856.8
2026-01-30 17:00:00+00:00,1769792400,1864.8,1859.78
2026-01-30 17:15:00+00:00,1769793300,1868.4,1862.74
2026-01-30 17:30:00+00:00,1769794200,1872.0,1865.71
2026-01-30 17:45:00+00:00,1769795100,1864.8,1857.91
2026-01-30 18:00:00+00:00,1769796000,1857.6,1850.11
2026-01-30 18:15:00+00:00,1769796900,1864.8,1856.68
2026-01-30 18:30:00+00:00,1769797800,1872.0,1863.26
2026-01-30 18:45:00+00:00,1769798700,1872.0,1862.71
2026-01-30 19:00:00+00:00,1769799600,1872.0,1862.16
2026-01-30 19:15:00+00:00,1769800500,1875.6,1865.28
2026-01-30 19:30:00+00:00,1769801400,1879.2,1868.39
2026-01-30 19:45:00+00:00,1769802300,1872.0,1860.86
2026-01-30 20:00:00+00:00,1769803200,1864.8,1853.34
2026-01-30 20:15:00+00:00,1769804100,1872.0,1860.26
2026-01-30 20:30:00+00:00,1769805000,1879.2,1867.17
2026-01-30 20:45:00+00:00,1769805900,1868.4,1856.34
2026-01-30 21:00:00+00:00,1769806800,1857.6,1845.51
2026-01-30 21:15:00+00:00,1769807700,1864.8,1852.7
2026-01-30 21:30:00+00:00,1769808600,1872.0,1859.89
2026-01-30 21:45:00+00:00,1769809500,1864.8,1852.9
2026-01-30 22:00:00+00:00,1769810400,1857.6,1845.91
2026-01-30 22:15:00+00:00,1769811300,1864.8,1853.33
2026-01-30 22:30:00+00:00,1769812200,1872.0,1860.75
2026-01-30 22:45:00+00:00,1769813100,1868.4,1857.5
2026-01-30 23:00:00+00:00,1769814000,1864.8,1854.26
2026-01-30 23:15:00+00:00,1769814900,1872.0,1861.79
2026-01-30 23:30:00+00:00,1769815800,1879.2,1869.32
2026-01-30 23:45:00+00:00,1769816700,1875.6,1866.1
2026-01-31 00:00:00+00:00,1769817600,1872.0,1862.88
2026-01-31 00:15:00+00:00,1769818500,1864.8,1856.04
2026-01-31 00:30:00+00:00,1769819400,1857.6,1849.21
2026-01-31 00:45:00+00:00,1769820300,1854.0,1845.9
2026-01-31 01:00:00+00:00,1769821200,1850.4,1842.6
2026-01-31 01:15:00+00:00,1769822100,1857.6,1849.98
2026-01-31 01:30:00+00:00,1769823000,1864.8,1857.37
2026-01-31 01:45:00+00:00,1769823900,1861.2,1853.94
2026-01-31 02:00:00+00:00,1769824800,1857.6,1850.51
2026-01-31 02:15:00+00:00,1769825700,1854.0,1847.02
2026-01-31 02:30:00+00:00,1769826600,1850.4,1843.54
2026-01-31 02:45:00+00:00,1769827500,1864.8,1857.94
2026-01-31 03:00:00+00:00,1769828400,1879.2,1872.34
2026-01-31 03:15:00+00:00,1769829300,1875.6,1868.77
2026-01-31 03:30:00+00:00,1769830200,1872.0,1865.2
2026-01-31 03:45:00+00:00,1769831100,1872.0,1865.18
2026-01-31 04:00:00+00:00,1769832000,1872.0,1865.16
2026-01-31 04:15:00+00:00,1769832900,1868.4,1861.53
2026-01-31 04:30:00+00:00,1769833800,1864.8,1857.9
2026-01-31 04:45:00+00:00,1769834700,1864.8,1857.83
2026-01-31 05:00:00+00:00,1769835600,1864.8,1857.76
2026-01-31 05:15:00+00:00,1769836500,1872.0,1864.84
2026-01-31 05:30:00+00:00,1769837400,1879.2,1871.92
2026-01-31 05:45:00+00:00,1769838300,1872.0,1864.64
2026-01-31 06:00:00+00:00,1769839200,1864.8,1857.37
2026-01-31 06:15:00+00:00,1769840100,1854.0,1846.52
2026-01-31 06:30:00+00:00,1769841000,1843.2,1835.66
2026-01-31 06:45:00+00:00,1769841900,1843.2,1835.57
2026-01-31 07:00:00+00:00,1769842800,1843.2,1835.48
2026-01-31 07:15:00+00:00,1769843700,1850.4,1842.58
2026-01-31 07:30:00+00:00,1769844600,1857.6,1849.69
2026-01-31 07:45:00+00:00,1769845500,1857.6,1849.66
2026-01-31 08:00:00+00:00,1769846400,1857.6,1849.64
2026-01-31 08:15:00+00:00,1769847300,1861.2,1853.24
2026-01-31 08:30:00+00:00,1769848200,1864.8,1856.84
2026-01-31 08:45:00+00:00,1769849100,1861.2,1853.31
2026-01-31 09:00:00+00:00,1769850000,1857.6,1849.78
2026-01-31 09:15:00+00:00,1769850900,1868.4,1860.62
2026-01-31 09:30:00+00:00,1769851800,1879.2,1871.46
2026-01-31 09:45:00+00:00,1769852700,1868.4,1860.8
2026-01-31 10:00:00+00:00,1769853600,1857.6,1850.15
2026-01-31 10:15:00+00:00,1769854500,1861.2,1853.84
2026-01-31 10:30:00+00:00,1769855400,1864.8,1857.53
2026-01-31 10:45:00+00:00,1769856300,1861.2,1854.04
2026-01-31 11:00:00+00:00,1769857200,1857.6,1850.54
2026-01-31 11:15:00+00:00,1769858100,1861.2,1854.2
2026-01-31 11:30:00+00:00,1769859000,1864.8,1857.85
2026-01-31 11:45:00+00:00,1769859900,1861.2,1854.3
2026-01-31 12:00:00+00:00,1769860800,1857.6,1850.75
2026-01-31 12:15:00+00:00,1769861700,1861.2,1854.33
2026-01-31 12:30:00+00:00,1769862600,1864.8,1857.91
2026-01-31 12:45:00+00:00,1769863500,1868.4,1861.44
2026-01-31 13:00:00+00:00,1769864400,1872.0,1864.97
2026-01-31 13:15:00+00:00,1769865300,1864.8,1857.68
2026-01-31 13:30:00+00:00,1769866200,1857.6,1850.4
2026-01-31 13:45:00+00:00,1769867100,1864.8,1857.4
2026-01-31 14:00:00+00:00,1769868000,1872.0,1864.4
2026-01-31 14:15:00+00:00,1769868900,1872.0,1864.16
2026-01-31 14:30:00+00:00,1769869800,1872.0,1863.91
2026-01-31 14:45:00+00:00,1769870700,1864.8,1856.44
2026-01-31 15:00:00+00:00,1769871600,1857.6,1848.96
2026-01-31 15:15:00+00:00,1769872500,1868.4,1859.34
2026-01-31 15:30:00+00:00,1769873400,1879.2,1869.72
2026-01-31 15:45:00+00:00,1769874300,1872.0,1862.14
2026-01-31 16:00:00+00:00,1769875200,1864.8,1854.57
2026-01-31 16:15:00+00:00,1769876100,1872.0,1861.29
2026-01-31 16:30:00+00:00,1769877000,1879.2,1868.01
2026-01-31 16:45:00+00:00,1769877900,1872.0,1860.42
2026-01-31 17:00:00+00:00,1769878800,1864.8,1852.83
2026-01-31 17:15:00+00:00,1769879700,1868.4,1855.99
2026-01-31 17:30:00+00:00,1769880600,1872.0,1859.15
2026-01-31 17:45:00+00:00,1769881500,1872.0,1858.78
2026-01-31 18:00:00+00:00,1769882400,1872.0,1858.4
2026-01-31 18:15:00+00:00,1769883300,1864.8,1850.92
2026-01-31 18:30:00+00:00,1769884200,1857.6,1843.45
2026-01-31 18:45:00+00:00,1769885100,1868.4,1853.89
2026-01-31 19:00:00+00:00,1769886000,1879.2,1864.33
2026-01-31 19:15:00+00:00,1769886900,1886.4,1871.25
2026-01-31 19:30:00+00:00,1769887800,1893.6,1878.17
2026-01-31 19:45:00+00:00,1769888700,1897.2,1881.57
2026-01-31 20:00:00+00:00,1769889600,1900.8,1884.97
2026-01-31 20:15:00+00:00,1769890500,1890.0,1874.14
2026-01-31 20:30:00+00:00,1769891400,1879.2,1863.32
2026-01-31 20:45:00+00:00,1769892300,1879.2,1863.26
2026-01-31 21:00:00+00:00,1769893200,1879.2,1863.19
2026-01-31 21:15:00+00:00,1769894100,1875.6,1859.6
2026-01-31 21:30:00+00:00,1769895000,1872.0,1856.02
2026-01-31 21:45:00+00:00,1769895900,1886.4,1870.32
2026-01-31 22:00:00+00:00,1769896800,1900.8,1884.61
2026-01-31 22:15:00+00:00,1769897700,1886.4,1870.38
2026-01-31 22:30:00+00:00,1769898600,1872.0,1856.16
2026-01-31 22:45:00+00:00,1769899500,1879.2,1863.36
2026-01-31 23:00:00+00:00,1769900400,1886.4,1870.57
2026-01-31 23:15:00+00:00,1769901300,1886.4,1870.64
2026-01-31 23:30:00+00:00,1769902200,1886.4,1870.71
2026-01-31 23:45:00+00:00,1769903100,1879.2,1863.64
2026-02-01 00:00:00+00:00,1769904000,1872.0,1856.57
2026-02-01 00:15:00+00:00,1769904900,1872.0,1856.63
2026-02-01 00:30:00+00:00,1769905800,1872.0,1856.69
2026-02-01 00:45:00+00:00,1769906700,1875.6,1860.3
2026-02-01 01:00:00+00:00,1769907600,1879.2,1863.92
2026-02-01 01:15:00+00:00,1769908500,1875.6,1860.38
2026-02-01 01:30:00+00:00,1769909400,1872.0,1856.84
2026-02-01 01:45:00+00:00,1769910300,1872.0,1856.86
2026-02-01 02:00:00+00:00,1769911200,1872.0,1856.89
2026-02-01 02:15:00+00:00,1769912100,1868.4,1853.33
2026-02-01 02:30:00+00:00,1769913000,1864.8,1849.77
2026-02-01 02:45:00+00:00,1769913900,1872.0,1859.49
2026-02-01 03:00:00+00:00,1769914800,1879.2,1869.21
2026-02-01 03:15:00+00:00,1769915700,1879.2,1869.22
2026-02-01 03:30:00+00:00,1769916600,1879.2,1869.22
2026-02-01 03:45:00+00:00,1769917500,1875.6,1865.64
2026-02-01 04:00:00+00:00,1769918400,1872.0,1862.06
2026-02-01 04:15:00+00:00,1769919300,1872.0,1862.06
2026-02-01 04:30:00+00:00,1769920200,1872.0,1862.06
2026-02-01 04:45:00+00:00,1769921100,1872.0,1862.06
2026-02-01 05:00:00+00:00,1769922000,1872.0,1862.07
2026-02-01 05:15:00+00:00,1769922900,1875.6,1865.65
2026-02-01 05:30:00+00:00,1769923800,1879.2,1869.23
2026-02-01 05:45:00+00:00,1769924700,1872.0,1862.07
2026-02-01 06:00:00+00:00,1769925600,1864.8,1854.91
2026-02-01 06:15:00+00:00,1769926500,1872.0,1862.08
2026-02-01 06:30:00+00:00,1769927400,1879.2,1869.25
2026-02-01 06:45:00+00:00,1769928300,1875.6,1865.68
2026-02-01 07:00:00+00:00,1769929200,1872.0,1862.11
2026-02-01 07:15:00+00:00,1769930100,1872.0,1862.14
2026-02-01 07:30:00+00:00,1769931000,1872.0,1862.16
2026-02-01 07:45:00+00:00,1769931900,1872.0,1862.2
2026-02-01 08:00:00+00:00,1769932800,1872.0,1862.24
2026-02-01 08:15:00+00:00,1769933700,1868.4,1858.72
2026-02-01 08:30:00+00:00,1769934600,1864.8,1855.2
2026-02-01 08:45:00+00:00,1769935500,1868.4,1858.88
2026-02-01 09:00:00+00:00,1769936400,1872.0,1862.56
2026-02-01 09:15:00+00:00,1769937300,1868.4,1859.12
2026-02-01 09:30:00+00:00,1769938200,1864.8,1855.67
2026-02-01 09:45:00+00:00,1769939100,1875.6,1866.6
2026-02-01 10:00:00+00:00,1769940000,1886.4,1877.53
2026-02-01 10:15:00+00:00,1769940900,1875.6,1867.0
2026-02-01 10:30:00+00:00,1769941800,1864.8,1856.48
2026-02-01 10:45:00+00:00,1769942700,1872.0,1863.9
2026-02-01 11:00:00+00:00,1769943600,1879.2,1871.31
2026-02-01 11:15:00+00:00,1769944500,1868.4,1860.8
2026-02-01 11:30:00+00:00,1769945400,1857.6,1850.29
2026-02-01 11:45:00+00:00,1769946300,1854.0,1846.92
2026-02-01 12:00:00+00:00,1769947200,1850.4,1843.56
2026-02-01 12:15:00+00:00,1769948100,1854.0,1847.31
2026-02-01 12:30:00+00:00,1769949000,1857.6,1851.06
2026-02-01 12:45:00+00:00,1769949900,1857.6,1851.14
2026-02-01 13:00:00+00:00,1769950800,1857.6,1851.22
2026-02-01 13:15:00+00:00,1769951700,1864.8,1858.38
2026-02-01 13:30:00+00:00,1769952600,1872.0,1865.53
2026-02-01 13:45:00+00:00,1769953500,1868.4,1861.83
2026-02-01 14:00:00+00:00,1769954400,1864.8,1858.13
2026-02-01 14:15:00+00:00,1769955300,1864.8,1857.94
2026-02-01 14:30:00+00:00,1769956200,1864.8,1857.76
2026-02-01 14:45:00+00:00,1769957100,1864.8,1857.52
2026-02-01 15:00:00+00:00,1769958000,1864.8,1857.28
2026-02-01 15:15:00+00:00,1769958900,1864.8,1857.03
2026-02-01 15:30:00+00:00,1769959800,1864.8,1856.78
2026-02-01 15:45:00+00:00,1769960700,1868.4,1860.12
2026-02-01 16:00:00+00:00,1769961600,1872.0,1863.47
2026-02-01 16:15:00+00:00,1769962500,1875.6,1866.84
2026-02-01 16:30:00+00:00,1769963400,1879.2,1870.22
2026-02-01 16:45:00+00:00,1769964300,1879.2,1870.05
2026-02-01 17:00:00+00:00,1769965200,1879.2,1869.88
2026-02-01 17:15:00+00:00,1769966100,1875.6,1866.18
2026-02-01 17:30:00+00:00,1769967000,1872.0,1862.48
2026-02-01 17:45:00+00:00,1769967900,1872.0,1862.4
2026-02-01 18:00:00+00:00,1769968800,1872.0,1862.31
2026-02-01 18:15:00+00:00,1769969700,1875.6,1865.84
2026-02-01 18:30:00+00:00,1769970600,1879.2,1869.36
2026-02-01 18:45:00+00:00,1769971500,1875.6,1865.75
2026-02-01 19:00:00+00:00,1769972400,1872.0,1862.14
2026-02-01 19:15:00+00:00,1769973300,1875.6,1865.7
2026-02-01 19:30:00+00:00,1769974200,1879.2,1869.27
2026-02-01 19:45:00+00:00,1769975100,1886.4,1876.42
2026-02-01 20:00:00+00:00,1769976000,1893.6,1883.58
2026-02-01 20:15:00+00:00,1769976900,1882.8,1872.84
2026-02-01 20:30:00+00:00,1769977800,1872.0,1862.09
2026-02-01 20:45:00+00:00,1769978700,1864.8,1854.94
2026-02-01 21:00:00+00:00,1769979600,1857.6,1847.78
2026-02-01 21:15:00+00:00,1769980500,1864.8,1854.96
2026-02-01 21:30:00+00:00,1769981400,1872.0,1862.14
2026-02-01 21:45:00+00:00,1769982300,1872.0,1862.16
2026-02-01 22:00:00+00:00,1769983200,1872.0,1862.19
2026-02-01 22:15:00+00:00,1769984100,1875.6,1865.82
2026-02-01 22:30:00+00:00,1769985000,1879.2,1869.45
2026-02-01 22:45:00+00:00,1769985900,1879.2,1869.52
2026-02-01 23:00:00+00:00,1769986800,1879.2,1869.59
2026-02-01 23:15:00+00:00,1769987700,1882.8,1873.28
2026-02-01 23:30:00+00:00,1769988600,1886.4,1876.96
2026-02-01 23:45:00+00:00,1769989500,1886.4,1877.1
2026-02-02 00:00:00+00:00,1769990400,1886.4,1877.24
2026-02-02 00:15:00+00:00,1769991300,1882.8,1873.84
2026-02-02 00:30:00+00:00,1769992200,1879.2,1870.43
2026-02-02 00:45:00+00:00,1769993100,1872.0,1863.48
2026-02-02 01:00:00+00:00,1769994000,1864.8,1856.53
2026-02-02 01:15:00+00:00,1769994900,1872.0,1863.94
2026-02-02 01:30:00+00:00,1769995800,1879.2,1871.36
2026-02-02 01:45:00+00:00,1769996700,1868.4,1860.87
2026-02-02 02:00:00+00:00,1769997600,1857.6,1850.38
2026-02-02 02:15:00+00:00,1769998500,1864.8,1857.82
2026-02-02 02:30:00+00:00,1769999400,1872.0,1865.27
2026-02-02 02:45:00+00:00,1770000300,1868.4,1861.95
2026-02-02 03:00:00+00:00,1770001200,1864.8,1858.63
2026-02-02 03:15:00+00:00,1770002100,1872.0,1866.05
2026-02-02 03:30:00+00:00,1770003000,1879.2,1873.47
2026-02-02 03:45:00+00:00,1770003900,1879.2,1873.68
2026-02-02 04:00:00+00:00,1770004800,1879.2,1873.89
2026-02-02 04:15:00+00:00,1770005700,1879.2,1874.06
2026-02-02 04:30:00+00:00,1770006600,1879.2,1874.23
2026-02-02 04:45:00+00:00,1770007500,1875.6,1870.77
2026-02-02 05:00:00+00:00,1770008400,1872.0,1867.31
2026-02-02 05:15:00+00:00,1770009300,1868.4,1863.82
2026-02-02 05:30:00+00:00,1770010200,1864.8,1860.32
2026-02-02 05:45:00+00:00,1770011100,1868.4,1863.98
2026-02-02 06:00:00+00:00,1770012000,1872.0,1867.64
2026-02-02 06:15:00+00:00,1770012900,1864.8,1860.52
2026-02-02 06:30:00+00:00,1770013800,1857.6,1853.39
2026-02-02 06:45:00+00:00,1770014700,1868.4,1864.23
2026-02-02 07:00:00+00:00,1770015600,1879.2,1875.07
2026-02-02 07:15:00+00:00,1770016500,1882.8,1878.75
2026-02-02 07:30:00+00:00,1770017400,1886.4,1882.43
2026-02-02 07:45:00+00:00,1770018300,1868.4,1864.58
2026-02-02 08:00:00+00:00,1770019200,1850.4,1846.73
2026-02-02 08:15:00+00:00,1770020100,1864.8,1861.24
2026-02-02 08:30:00+00:00,1770021000,1879.2,1875.76
2026-02-02 08:45:00+00:00,1770021900,1872.0,1868.74
2026-02-02 09:00:00+00:00,1770022800,1864.8,1861.71
2026-02-02 09:15:00+00:00,1770023700,1868.4,1865.47
2026-02-02 09:30:00+00:00,1770024600,1872.0,1869.23
2026-02-02 09:45:00+00:00,1770025500,1872.0,1869.39
2026-02-02 10:00:00+00:00,1770026400,1872.0,1869.55
2026-02-02 10:15:00+00:00,1770027300,1872.0,1869.68
2026-02-02 10:30:00+00:00,1770028200,1872.0,1869.81
2026-02-02 10:45:00+00:00,1770029100,1864.8,1862.71
2026-02-02 11:00:00+00:00,1770030000,1857.6,1855.61
2026-02-02 11:15:00+00:00,1770030900,1864.8,1862.85
2026-02-02 11:30:00+00:00,1770031800,1872.0,1870.09
2026-02-02 11:45:00+00:00,1770032700,1868.4,1866.48
2026-02-02 12:00:00+00:00,1770033600,1864.8,1862.87
2026-02-02 12:15:00+00:00,1770034500,1861.2,1859.2
2026-02-02 12:30:00+00:00,1770035400,1857.6,1855.53
2026-02-02 12:45:00+00:00,1770036300,1864.8,1862.58
2026-02-02 13:00:00+00:00,1770037200,1872.0,1869.63
2026-02-02 13:15:00+00:00,1770038100,1861.2,1858.64
2026-02-02 13:30:00+00:00,1770039000,1850.4,1847.64
2026-02-02 13:45:00+00:00,1770039900,1868.4,1865.33
2026-02-02 14:00:00+00:00,1770040800,1886.4,1883.02
2026-02-02 14:15:00+00:00,1770041700,1882.8,1879.08
2026-02-02 14:30:00+00:00,1770042600,1879.2,1875.14
2026-02-02 14:45:00+00:00,1770043500,1882.8,1878.34
2026-02-02 15:00:00+00:00,1770044400,1886.4,1881.53
2026-02-02 15:15:00+00:00,1770045300,1890.0,1884.7
2026-02-02 15:30:00+00:00,1770046200,1893.6,1887.86
2026-02-02 15:45:00+00:00,1770047100,1893.6,1887.44
2026-02-02 16:00:00+00:00,1770048000,1893.6,1887.02
2026-02-02 16:15:00+00:00,1770048900,1890.0,1883.04
2026-02-02 16:30:00+00:00,1770049800,1886.4,1879.05
2026-02-02 16:45:00+00:00,1770050700,1886.4,1878.7
2026-02-02 17:00:00+00:00,1770051600,1886.4,1878.35
2026-02-02 17:15:00+00:00,1770052500,1890.0,1881.64
2026-02-02 17:30:00+00:00,1770053400,1893.6,1884.93
2026-02-02 17:45:00+00:00,1770054300,1897.2,1888.28
2026-02-02 18:00:00+00:00,1770055200,1900.8,1891.64
2026-02-02 18:15:00+00:00,1770056100,1897.2,1887.89
2026-02-02 18:30:00+00:00,1770057000,1893.6,1884.14
2026-02-02 18:45:00+00:00,1770057900,1890.0,1880.44
2026-02-02 19:00:00+00:00,1770058800,1886.4,1876.74
2026-02-02 19:15:00+00:00,1770059700,1890.0,1880.24
2026-02-02 19:30:00+00:00,1770060600,1893.6,1883.75
2026-02-02 19:45:00+00:00,1770061500,1890.0,1880.12
2026-02-02 20:00:00+00:00,1770062400,1886.4,1876.5
2026-02-02 20:15:00+00:00,1770063300,1882.8,1872.89
2026-02-02 20:30:00+00:00,1770064200,1879.2,1869.28
2026-02-02 20:45:00+00:00,1770065100,1886.4,1876.43
2026-02-02 21:00:00+00:00,1770066000,1893.6,1883.58
2026-02-02 21:15:00+00:00,1770066900,1886.4,1876.41
2026-02-02 21:30:00+00:00,1770067800,1879.2,1869.24
2026-02-02 21:45:00+00:00,1770068700,1890.0,1879.98
2026-02-02 22:00:00+00:00,1770069600,1900.8,1890.72
2026-02-02 22:15:00+00:00,1770070500,1897.2,1887.14
2026-02-02 22:30:00+00:00,1770071400,1893.6,1883.55
2026-02-02 22:45:00+00:00,1770072300,1890.0,1879.97
2026-02-02 23:00:00+00:00,1770073200,1886.4,1876.39
2026-02-02 23:15:00+00:00,1770074100,1886.4,1876.39
2026-02-02 23:30:00+00:00,1770075000,1886.4,1876.39
2026-02-02 23:45:00+00:00,1770075900,1875.6,1865.64
2026-02-03 00:00:00+00:00,1770076800,1864.8,1854.9
2026-02-03 00:15:00+00:00,1770077700,1868.4,1858.48
2026-02-03 00:30:00+00:00,1770078600,1872.0,1862.07
2026-02-03 00:45:00+00:00,1770079500,1882.8,1872.81
2026-02-03 01:00:00+00:00,1770080400,1893.6,1883.55
2026-02-03 01:15:00+00:00,1770081300,1886.4,1876.39
2026-02-03 01:30:00+00:00,1770082200,1879.2,1869.23
2026-02-03 01:45:00+00:00,1770083100,1879.2,1869.23
2026-02-03 02:00:00+00:00,1770084000,1879.2,1869.23
2026-02-03 02:15:00+00:00,1770084900,1872.0,1862.07
2026-02-03 02:30:00+00:00,1770085800,1864.8,1854.91
2026-02-03 02:45:00+00:00,1770086700,1864.8,1854.91
2026-02-03 03:00:00+00:00,1770087600,1864.8,1854.91
2026-02-03 03:15:00+00:00,1770088500,1879.2,1869.24
2026-02-03 03:30:00+00:00,1770089400,1893.6,1883.57
2026-02-03 03:45:00+00:00,1770090300,1886.4,1876.42
2026-02-03 04:00:00+00:00,1770091200,1879.2,1869.26
2026-02-03 04:15:00+00:00,1770092100,1879.2,1869.28
2026-02-03 04:30:00+00:00,1770093000,1879.2,1869.29
2026-02-03 04:45:00+00:00,1770093900,1879.2,1869.32
2026-02-03 05:00:00+00:00,1770094800,1879.2,1869.36
2026-02-03 05:15:00+00:00,1770095700,1879.2,1869.41
2026-02-03 05:30:00+00:00,1770096600,1879.2,1869.46
2026-02-03 05:45:00+00:00,1770097500,1886.4,1876.71
2026-02-03 06:00:00+00:00,1770098400,1893.6,1883.96
2026-02-03 06:15:00+00:00,1770099300,1886.4,1876.93
2026-02-03 06:30:00+00:00,1770100200,1879.2,1869.9
2026-02-03 06:45:00+00:00,1770101100,1879.2,1870.08
2026-02-03 07:00:00+00:00,1770102000,1879.2,1870.27
2026-02-03 07:15:00+00:00,1770102900,1886.4,1877.68
2026-02-03 07:30:00+00:00,1770103800,1893.6,1885.1
2026-02-03 07:45:00+00:00,1770104700,1890.0,1881.83
2026-02-03 08:00:00+00:00,1770105600,1886.4,1878.56
2026-02-03 08:15:00+00:00,1770106500,1879.2,1871.76
2026-02-03 08:30:00+00:00,1770107400,1872.0,1864.95
2026-02-03 08:45:00+00:00,1770108300,1879.2,1872.54
2026-02-03 09:00:00+00:00,1770109200,1886.4,1880.12
2026-02-03 09:15:00+00:00,1770110100,1879.2,1873.36
2026-02-03 09:30:00+00:00,1770111000,1872.0,1866.61
2026-02-03 09:45:00+00:00,1770111900,1875.6,1870.61
2026-02-03 10:00:00+00:00,1770112800,1879.2,1874.61
2026-02-03 10:15:00+00:00,1770113700,1879.2,1874.98
2026-02-03 10:30:00+00:00,1770114600,1879.2,1875.36
2026-02-03 10:45:00+00:00,1770115500,1875.6,1872.08
2026-02-03 11:00:00+00:00,1770116400,1872.0,1868.8
2026-02-03 11:15:00+00:00,1770117300,1872.0,1869.04
2026-02-03 11:30:00+00:00,1770118200,1872.0,1869.27
2026-02-03 11:45:00+00:00,1770119100,1875.6,1873.02
2026-02-03 12:00:00+00:00,1770120000,1879.2,1876.76
2026-02-03 12:15:00+00:00,1770120900,1879.2,1876.82
2026-02-03 12:30:00+00:00,1770121800,1879.2,1876.87
2026-02-03 12:45:00+00:00,1770122700,1875.6,1873.24
2026-02-03 13:00:00+00:00,1770123600,1872.0,1869.6
2026-02-03 13:15:00+00:00,1770124500,1875.6,1873.06
2026-02-03 13:30:00+00:00,1770125400,1879.2,1876.53
2026-02-03 13:45:00+00:00,1770126300,1879.2,1876.3
2026-02-03 14:00:00+00:00,1770127200,1879.2,1876.08
2026-02-03 14:15:00+00:00,1770128100,1882.8,1879.37
2026-02-03 14:30:00+00:00,1770129000,1886.4,1882.66
2026-02-03 14:45:00+00:00,1770129900,1890.0,1885.88
2026-02-03 15:00:00+00:00,1770130800,1893.6,1889.11
2026-02-03 15:15:00+00:00,1770131700,1882.8,1877.93
2026-02-03 15:30:00+00:00,1770132600,1872.0,1866.75
2026-02-03 15:45:00+00:00,1770133500,1875.6,1869.92
2026-02-03 16:00:00+00:00,1770134400,1879.2,1873.08
2026-02-03 16:15:00+00:00,1770135300,1879.2,1872.66
2026-02-03 16:30:00+00:00,1770136200,1879.2,1872.25
2026-02-03 16:45:00+00:00,1770137100,1893.6,1886.22
2026-02-03 17:00:00+00:00,1770138000,1908.0,1900.18
2026-02-03 17:15:00+00:00,1770138900,1886.4,1878.35
2026-02-03 17:30:00+00:00,1770139800,1864.8,1856.52
2026-02-03 17:45:00+00:00,1770140700,1879.2,1870.6
2026-02-03 18:00:00+00:00,1770141600,1893.6,1884.67
2026-02-03 18:15:00+00:00,1770142500,1890.0,1880.9
2026-02-03 18:30:00+00:00,1770143400,1886.4,1877.12
2026-02-03 18:45:00+00:00,1770144300,1890.0,1880.57
2026-02-03 19:00:00+00:00,1770145200,1893.6,1884.02
2026-02-03 19:15:00+00:00,1770146100,1886.4,1876.78
2026-02-03 19:30:00+00:00,1770147000,1879.2,1869.53
2026-02-03 19:45:00+00:00,1770147900,1879.2,1869.49
2026-02-03 20:00:00+00:00,1770148800,1879.2,1869.45
2026-02-03 20:15:00+00:00,1770149700,1886.4,1876.62
2026-02-03 20:30:00+00:00,1770150600,1893.6,1883.79
2026-02-03 20:45:00+00:00,1770151500,1886.4,1876.67
2026-02-03 21:00:00+00:00,1770152400,1879.2,1869.55
2026-02-03 21:15:00+00:00,1770153300,1882.8,1873.22
2026-02-03 21:30:00+00:00,1770154200,1886.4,1876.9
2026-02-03 21:45:00+00:00,1770155100,1879.2,1869.88
2026-02-03 22:00:00+00:00,1770156000,1872.0,1862.85
2026-02-03 22:15:00+00:00,1770156900,1879.2,1870.22
2026-02-03 22:30:00+00:00,1770157800,1886.4,1877.59
2026-02-03 22:45:00+00:00,1770158700,1879.2,1870.69
2026-02-03 23:00:00+00:00,1770159600,1872.0,1863.79
2026-02-03 23:15:00+00:00,1770160500,1882.8,1874.88
2026-02-03 23:30:00+00:00,1770161400,1893.6,1885.97
2026-02-03 23:45:00+00:00,1770162300,1886.4,1879.18
2026-02-04 00:00:00+00:00,1770163200,1879.2,1872.39
2026-02-04 00:15:00+00:00,1770164100,1875.6,1869.22
2026-02-04 00:30:00+00:00,1770165000,1872.0,1866.05
2026-02-04 00:45:00+00:00,1770165900,1875.6,1870.06
2026-02-04 01:00:00+00:00,1770166800,1879.2,1874.08
2026-02-04 01:15:00+00:00,1770167700,1879.2,1874.48
2026-02-04 01:30:00+00:00,1770168600,1879.2,1874.89
2026-02-04 01:45:00+00:00,1770169500,1879.2,1875.26
2026-02-04 02:00:00+00:00,1770170400,1879.2,1875.63
2026-02-04 02:15:00+00:00,1770171300,1875.6,1872.35
2026-02-04 02:30:00+00:00,1770172200,1872.0,1869.07
2026-02-04 02:45:00+00:00,1770173100,1879.2,1876.5
2026-02-04 03:00:00+00:00,1770174000,1886.4,1883.94
2026-02-04 03:15:00+00:00,1770174900,1879.2,1876.94
2026-02-04 03:30:00+00:00,1770175800,1872.0,1869.93
2026-02-04 03:45:00+00:00,1770176700,1868.4,1866.46
2026-02-04 04:00:00+00:00,1770177600,1864.8,1863.0
2026-02-04 04:15:00+00:00,1770178500,1872.0,1870.28
2026-02-04 04:30:00+00:00,1770179400,1879.2,1877.56
2026-02-04 04:45:00+00:00,1770180300,1879.2,1877.62
2026-02-04 05:00:00+00:00,1770181200,1879.2,1877.67
2026-02-04 05:15:00+00:00,1770182100,1879.2,1877.7
2026-02-04 05:30:00+00:00,1770183000,1879.2,1877.73
2026-02-04 05:45:00+00:00,1770183900,1875.6,1874.15
2026-02-04 06:00:00+00:00,1770184800,1872.0,1870.57
2026-02-04 06:15:00+00:00,1770185700,1882.8,1881.38
2026-02-04 06:30:00+00:00,1770186600,1893.6,1892.18
2026-02-04 06:45:00+00:00,1770187500,1882.8,1881.39
2026-02-04 07:00:00+00:00,1770188400,1872.0,1870.6
2026-02-04 07:15:00+00:00,1770189300,1879.2,1877.8
2026-02-04 07:30:00+00:00,1770190200,1886.4,1884.99
2026-02-04 07:45:00+00:00,1770191100,1872.0,1870.6
2026-02-04 08:00:00+00:00,1770192000,1857.6,1856.22
2026-02-04 08:15:00+00:00,1770192900,1861.2,1859.82
2026-02-04 08:30:00+00:00,1770193800,1864.8,1863.41
2026-02-04 08:45:00+00:00,1770194700,1875.6,1874.2
2026-02-04 09:00:00+00:00,1770195600,1886.4,1885.0
2026-02-04 09:15:00+00:00,1770196500,1872.0,1870.61
2026-02-04 09:30:00+00:00,1770197400,1857.6,1856.22
2026-02-04 09:45:00+00:00,1770198300,1861.2,1859.82
2026-02-04 10:00:00+00:00,1770199200,1864.8,1863.41
2026-02-04 10:15:00+00:00,1770200100,1861.2,1859.82
2026-02-04 10:30:00+00:00,1770201000,1857.6,1856.22
2026-02-04 10:45:00+00:00,1770201900,1857.6,1856.22
2026-02-04 11:00:00+00:00,1770202800,1857.6,1856.22
2026-02-04 11:15:00+00:00,1770203700,1861.2,1859.82
2026-02-04 11:30:00+00:00,1770204600,1864.8,1863.41
2026-02-04 11:45:00+00:00,1770205500,1872.0,1870.6
2026-02-04 12:00:00+00:00,1770206400,1879.2,1877.8
2026-02-04 12:15:00+00:00,1770207300,1875.6,1874.2
2026-02-04 12:30:00+00:00,1770208200,1872.0,1870.59
2026-02-04 12:45:00+00:00,1770209100,1872.0,1870.58
2026-02-04 13:00:00+00:00,1770210000,1872.0,1870.58
2026-02-04 13:15:00+00:00,1770210900,1875.6,1874.16
2026-02-04 13:30:00+00:00,1770211800,1879.2,1877.74
2026-02-04 13:45:00+00:00,1770212700,1875.6,1874.12
2026-02-04 14:00:00+00:00,1770213600,1872.0,1870.49
2026-02-04 14:15:00+00:00,1770214500,1882.8,1881.23
2026-02-04 14:30:00+00:00,1770215400,1893.6,1891.97
2026-02-04 14:45:00+00:00,1770216300,1882.8,1881.1
2026-02-04 15:00:00+00:00,1770217200,1872.0,1870.23
2026-02-04 15:15:00+00:00,1770218100,1879.2,1877.3
2026-02-04 15:30:00+00:00,1770219000,1886.4,1884.36
2026-02-04 15:45:00+00:00,1770219900,1886.4,1884.18
2026-02-04 16:00:00+00:00,1770220800,1886.4,1884.01
2026-02-04 16:15:00+00:00,1770221700,1886.4,1883.77
2026-02-04 16:30:00+00:00,1770222600,1886.4,1883.53
2026-02-04 16:45:00+00:00,1770223500,1882.8,1879.64
2026-02-04 17:00:00+00:00,1770224400,1879.2,1875.74
2026-02-04 17:15:00+00:00,1770225300,1886.4,1882.57
2026-02-04 17:30:00+00:00,1770226200,1893.6,1889.4
2026-02-04 17:45:00+00:00,1770227100,1897.2,1892.6
2026-02-04 18:00:00+00:00,1770228000,1900.8,1895.79
2026-02-04 18:15:00+00:00,1770228900,1893.6,1888.2
2026-02-04 18:30:00+00:00,1770229800,1886.4,1880.61
2026-02-04 18:45:00+00:00,1770230700,1893.6,1887.39
2026-02-04 19:00:00+00:00,1770231600,1900.8,1894.17
2026-02-04 19:15:00+00:00,1770232500,1890.0,1883.07
2026-02-04 19:30:00+00:00,1770233400,1879.2,1871.97
2026-02-04 19:45:00+00:00,1770234300,1886.4,1878.88
2026-02-04 20:00:00+00:00,1770235200,1893.6,1885.79
2026-02-04 20:15:00+00:00,1770236100,1886.4,1878.46
2026-02-04 20:30:00+00:00,1770237000,1879.2,1871.14
2026-02-04 20:45:00+00:00,1770237900,1879.2,1871.1
2026-02-04 21:00:00+00:00,1770238800,1879.2,1871.06
2026-02-04 21:15:00+00:00,1770239700,1872.0,1863.97
2026-02-04 21:30:00+00:00,1770240600,1864.8,1856.88
2026-02-04 21:45:00+00:00,1770241500,1868.4,1860.66
2026-02-04 22:00:00+00:00,1770242400,1872.0,1864.43
2026-02-04 22:15:00+00:00,1770243300,1875.6,1868.3
2026-02-04 22:30:00+00:00,1770244200,1879.2,1872.18
2026-02-04 22:45:00+00:00,1770245100,1872.0,1865.36
2026-02-04 23:00:00+00:00,1770246000,1864.8,1858.55
2026-02-04 23:15:00+00:00,1770246900,1864.8,1858.94
2026-02-04 23:30:00+00:00,1770247800,1864.8,1859.34
2026-02-04 23:45:00+00:00,1770248700,1872.0,1866.92
2026-02-05 00:00:00+00:00,1770249600,1879.2,1874.51
2026-02-05 00:15:00+00:00,1770250500,1875.6,1871.3
2026-02-05 00:30:00+00:00,1770251400,1872.0,1868.1
2026-02-05 00:45:00+00:00,1770252300,1868.4,1864.84
2026-02-05 01:00:00+00:00,1770253200,1864.8,1861.58
2026-02-05 01:15:00+00:00,1770254100,1868.4,1865.46
2026-02-05 01:30:00+00:00,1770255000,1872.0,1869.33
2026-02-05 01:45:00+00:00,1770255900,1864.8,1862.36
2026-02-05 02:00:00+00:00,1770256800,1857.6,1855.38
2026-02-05 02:15:00+00:00,1770257700,1861.2,1859.13
2026-02-05 02:30:00+00:00,1770258600,1864.8,1862.88
2026-02-05 02:45:00+00:00,1770259500,1861.2,1859.39
2026-02-05 03:00:00+00:00,1770260400,1857.6,1855.9
2026-02-05 03:15:00+00:00,1770261300,1857.6,1855.97
2026-02-05 03:30:00+00:00,1770262200,1857.6,1856.04
2026-02-05 03:45:00+00:00,1770263100,1861.2,1859.68
2026-02-05 04:00:00+00:00,1770264000,1864.8,1863.32
2026-02-05 04:15:00+00:00,1770264900,1857.6,1856.15
2026-02-05 04:30:00+00:00,1770265800,1850.4,1848.98
2026-02-05 04:45:00+00:00,1770266700,1854.0,1852.59
2026-02-05 05:00:00+00:00,1770267600,1857.6,1856.2
2026-02-05 05:15:00+00:00,1770268500,1861.2,1859.8
2026-02-05 05:30:00+00:00,1770269400,1864.8,1863.41
2026-02-05 05:45:00+00:00,1770270300,1850.4,1849.03
2026-02-05 06:00:00+00:00,1770271200,1836.0,1834.65
2026-02-05 06:15:00+00:00,1770272100,1850.4,1849.06
2026-02-05 06:30:00+00:00,1770273000,1864.8,1863.46
2026-02-05 06:45:00+00:00,1770273900,1868.4,1867.08
2026-02-05 07:00:00+00:00,1770274800,1872.0,1870.71
2026-02-05 07:15:00+00:00,1770275700,1872.0,1870.75
2026-02-05 07:30:00+00:00,1770276600,1872.0,1870.79
2026-02-05 07:45:00+00:00,1770277500,1875.6,1874.46
2026-02-05 08:00:00+00:00,1770278400,1879.2,1878.13
2026-02-05 08:15:00+00:00,1770279300,1879.2,1878.24
2026-02-05 08:30:00+00:00,1770280200,1879.2,1878.34
2026-02-05 08:45:00+00:00,1770281100,1864.8,1864.09
2026-02-05 09:00:00+00:00,1770282000,1850.4,1849.84
2026-02-05 09:15:00+00:00,1770282900,1857.6,1857.24
2026-02-05 09:30:00+00:00,1770283800,1864.8,1864.63
2026-02-05 09:45:00+00:00,1770284700,1861.2,1861.27
2026-02-05 10:00:00+00:00,1770285600,1857.6,1857.91
2026-02-05 10:15:00+00:00,1770286500,1861.2,1861.78
2026-02-05 10:30:00+00:00,1770287400,1864.8,1865.65
2026-02-05 10:45:00+00:00,1770288300,1857.6,1858.73
2026-02-05 11:00:00+00:00,1770289200,1850.4,1851.81
2026-02-05 11:15:00+00:00,1770290100,1846.8,1848.47
2026-02-05 11:30:00+00:00,1770291000,1843.2,1845.13
2026-02-05 11:45:00+00:00,1770291900,1857.6,1859.76
2026-02-05 12:00:00+00:00,1770292800,1872.0,1874.38
2026-02-05 12:15:00+00:00,1770293700,1872.0,1874.51
2026-02-05 12:30:00+00:00,1770294600,1872.0,1874.64
2026-02-05 12:45:00+00:00,1770295500,1864.8,1867.46
2026-02-05 13:00:00+00:00,1770296400,1857.6,1860.27
2026-02-05 13:15:00+00:00,1770297300,1864.8,1867.4
2026-02-05 13:30:00+00:00,1770298200,1872.0,1874.52
2026-02-05 13:45:00+00:00,1770299100,1864.8,1867.12
2026-02-05 14:00:00+00:00,1770300000,1857.6,1859.73
2026-02-05 14:15:00+00:00,1770300900,1857.6,1859.47
2026-02-05 14:30:00+00:00,1770301800,1857.6,1859.21
2026-02-05 14:45:00+00:00,1770302700,1857.6,1858.9
2026-02-05 15:00:00+00:00,1770303600,1857.6,1858.59
2026-02-05 15:15:00+00:00,1770304500,1861.2,1861.86
2026-02-05 15:30:00+00:00,1770305400,1864.8,1865.13
2026-02-05 15:45:00+00:00,1770306300,1872.0,1871.99
2026-02-05 16:00:00+00:00,1770307200,1879.2,1878.85
2026-02-05 16:15:00+00:00,1770308100,1872.0,1871.32
2026-02-05 16:30:00+00:00,1770309000,1864.8,1863.78
2026-02-05 16:45:00+00:00,1770309900,1872.0,1870.64
2026-02-05 17:00:00+00:00,1770310800,1879.2,1877.5
2026-02-05 17:15:00+00:00,1770311700,1882.8,1880.76
2026-02-05 17:30:00+00:00,1770312600,1886.4,1884.02
2026-02-05 17:45:00+00:00,1770313500,1882.8,1880.08
2026-02-05 18:00:00+00:00,1770314400,1879.2,1876.13
2026-02-05 18:15:00+00:00,1770315300,1879.2,1875.78
2026-02-05 18:30:00+00:00,1770316200,1879.2,1875.43
2026-02-05 18:45:00+00:00,1770317100,1882.8,1878.69
2026-02-05 19:00:00+00:00,1770318000,1886.4,1881.95
2026-02-05 19:15:00+00:00,1770318900,1882.8,1878.07
2026-02-05 19:30:00+00:00,1770319800,1879.2,1874.19
2026-02-05 19:45:00+00:00,1770320700,1882.8,1877.56
2026-02-05 20:00:00+00:00,1770321600,1886.4,1880.92
2026-02-05 20:15:00+00:00,1770322500,1879.2,1873.62
2026-02-05 20:30:00+00:00,1770323400,1872.0,1866.32
2026-02-05 20:45:00+00:00,1770324300,1875.6,1869.9
2026-02-05 21:00:00+00:00,1770325200,1879.2,1873.47
2026-02-05 21:15:00+00:00,1770326100,1879.2,1873.58
2026-02-05 21:30:00+00:00,1770327000,1879.2,1873.68
2026-02-05 21:45:00+00:00,1770327900,1882.8,1877.47
2026-02-05 22:00:00+00:00,1770328800,1886.4,1881.26
2026-02-05 22:15:00+00:00,1770329700,1879.2,1874.34
2026-02-05 22:30:00+00:00,1770330600,1872.0,1867.43
2026-02-05 22:45:00+00:00,1770331500,1875.6,1871.32
2026-02-05 23:00:00+00:00,1770332400,1879.2,1875.21
2026-02-05 23:15:00+00:00,1770333300,1879.2,1875.51
2026-02-05 23:30:00+00:00,1770334200,1879.2,1875.81
2026-02-05 23:45:00+00:00,1770335100,1872.0,1868.89
2026-02-06 00:00:00+00:00,1770336000,1864.8,1861.97
2026-02-06 00:15:00+00:00,1770336900,1875.6,1872.98
2026-02-06 00:30:00+00:00,1770337800,1886.4,1883.99
2026-02-06 00:45:00+00:00,1770338700,1879.2,1876.98
2026-02-06 01:00:00+00:00,1770339600,1872.0,1869.96
2026-02-06 01:15:00+00:00,1770340500,1872.0,1870.08
2026-02-06 01:30:00+00:00,1770341400,1872.0,1870.21
2026-02-06 01:45:00+00:00,1770342300,1868.4,1866.7
2026-02-06 02:00:00+00:00,1770343200,1864.8,1863.18
2026-02-06 02:15:00+00:00,1770344100,1861.2,1859.64
2026-02-06 02:30:00+00:00,1770345000,1857.6,1856.09
2026-02-06 02:45:00+00:00,1770345900,1861.2,1859.72
2026-02-06 03:00:00+00:00,1770346800,1864.8,1863.35
2026-02-06 03:15:00+00:00,1770347700,1864.8,1863.37
2026-02-06 03:30:00+00:00,1770348600,1864.8,1863.39
2026-02-06 03:45:00+00:00,1770349500,1875.6,1874.2
2026-02-06 04:00:00+00:00,1770350400,1886.4,1885.0
2026-02-06 04:15:00+00:00,1770351300,1882.8,1881.42
2026-02-06 04:30:00+00:00,1770352200,1879.2,1877.84
2026-02-06 04:45:00+00:00,1770353100,1875.6,1874.27
2026-02-06 05:00:00+00:00,1770354000,1872.0,1870.7
2026-02-06 05:15:00+00:00,1770354900,1872.0,1870.74
2026-02-06 05:30:00+00:00,1770355800,1872.0,1870.79
2026-02-06 05:45:00+00:00,1770356700,1868.4,1867.26
2026-02-06 06:00:00+00:00,1770357600,1864.8,1863.73
2026-02-06 06:15:00+00:00,1770358500,1864.8,1863.84
2026-02-06 06:30:00+00:00,1770359400,1864.8,1863.94
2026-02-06 06:45:00+00:00,1770360300,1872.0,1871.3
2026-02-06 07:00:00+00:00,1770361200,1879.2,1878.65
2026-02-06 07:15:00+00:00,1770362100,1875.6,1875.27
2026-02-06 07:30:00+00:00,1770363000,1872.0,1871.89
2026-02-06 07:45:00+00:00,1770363900,1872.0,1872.17
2026-02-06 08:00:00+00:00,1770364800,1872.0,1872.45
2026-02-06 08:15:00+00:00,1770365700,1868.4,1869.19
2026-02-06 08:30:00+00:00,1770366600,1864.8,1865.93
2026-02-06 08:45:00+00:00,1770367500,1868.4,1869.92
2026-02-06 09:00:00+00:00,1770368400,1872.0,1873.91
2026-02-06 09:15:00+00:00,1770369300,1864.8,1867.12
2026-02-06 09:30:00+00:00,1770370200,1857.6,1860.32
2026-02-06 09:45:00+00:00,1770371100,1861.2,1864.34
2026-02-06 10:00:00+00:00,1770372000,1864.8,1868.37
2026-02-06 10:15:00+00:00,1770372900,1872.0,1875.98
2026-02-06 10:30:00+00:00,1770373800,1879.2,1883.6
2026-02-06 10:45:00+00:00,1770374700,1875.6,1880.34
2026-02-06 11:00:00+00:00,1770375600,1872.0,1877.07
2026-02-06 11:15:00+00:00,1770376500,1861.2,1866.52
2026-02-06 11:30:00+00:00,1770377400,1850.4,1855.96
2026-02-06 11:45:00+00:00,1770378300,1850.4,1856.16
2026-02-06 12:00:00+00:00,1770379200,1850.4,1856.35
2026-02-06 12:15:00+00:00,1770380100,1854.0,1860.07
2026-02-06 12:30:00+00:00,1770381000,1857.6,1863.79
2026-02-06 12:45:00+00:00,1770381900,1857.6,1863.8
2026-02-06 13:00:00+00:00,1770382800,1857.6,1863.82
2026-02-06 13:15:00+00:00,1770383700,1861.2,1867.36
2026-02-06 13:30:00+00:00,1770384600,1864.8,1870.89
2026-02-06 13:45:00+00:00,1770385500,1864.8,1870.72
2026-02-06 14:00:00+00:00,1770386400,1864.8,1870.56
2026-02-06 14:15:00+00:00,1770387300,1864.8,1870.31
2026-02-06 14:30:00+00:00,1770388200,1864.8,1870.06
2026-02-06 14:45:00+00:00,1770389100,1857.6,1862.52
2026-02-06 15:00:00+00:00,1770390000,1850.4,1854.97
2026-02-06 15:15:00+00:00,1770390900,1861.2,1865.42
2026-02-06 15:30:00+00:00,1770391800,1872.0,1875.86
2026-02-06 15:45:00+00:00,1770392700,1864.8,1868.24
2026-02-06 16:00:00+00:00,1770393600,1857.6,1860.61
2026-02-06 16:15:00+00:00,1770394500,1861.2,1863.8
2026-02-06 16:30:00+00:00,1770395400,1864.8,1866.98
2026-02-06 16:45:00+00:00,1770396300,1864.8,1866.58
2026-02-06 17:00:00+00:00,1770397200,1864.8,1866.18
2026-02-06 17:15:00+00:00,1770398100,1861.2,1862.22
2026-02-06 17:30:00+00:00,1770399000,1857.6,1858.26
2026-02-06 17:45:00+00:00,1770399900,1864.8,1865.16
2026-02-06 18:00:00+00:00,1770400800,1872.0,1872.06
2026-02-06 18:15:00+00:00,1770401700,1868.4,1868.22
2026-02-06 18:30:00+00:00,1770402600,1864.8,1864.39
2026-02-06 18:45:00+00:00,1770403500,1868.4,1867.81
2026-02-06 19:00:00+00:00,1770404400,1872.0,1871.23
2026-02-06 19:15:00+00:00,1770405300,1872.0,1871.11
2026-02-06 19:30:00+00:00,1770406200,1872.0,1870.99
2026-02-06 19:45:00+00:00,1770407100,1872.0,1870.91
2026-02-06 20:00:00+00:00,1770408000,1872.0,1870.83
2026-02-06 20:15:00+00:00,1770408900,1879.2,1877.98
2026-02-06 20:30:00+00:00,1770409800,1886.4,1885.12
2026-02-06 20:45:00+00:00,1770410700,1886.4,1885.09
2026-02-06 21:00:00+00:00,1770411600,1886.4,1885.06
2026-02-06 21:15:00+00:00,1770412500,1879.2,1877.85
2026-02-06 21:30:00+00:00,1770413400,1872.0,1870.64
2026-02-06 21:45:00+00:00,1770414300,1875.6,1874.23
2026-02-06 22:00:00+00:00,1770415200,1879.2,1877.82
2026-02-06 22:15:00+00:00,1770416100,1875.6,1874.22
2026-02-06 22:30:00+00:00,1770417000,1872.0,1870.61
2026-02-06 22:45:00+00:00,1770417900,1875.6,1874.2
2026-02-06 23:00:00+00:00,1770418800,1879.2,1877.8
2026-02-06 23:15:00+00:00,1770419700,1875.6,1874.2
2026-02-06 23:30:00+00:00,1770420600,1872.0,1870.61
2026-02-06 23:45:00+00:00,1770421500,1879.2,1877.8
2026-02-07 00:00:00+00:00,1770422400,1886.4,1885.0
2026-02-07 00:15:00+00:00,1770423300,1875.6,1874.2
2026-02-07 00:30:00+00:00,1770424200,1864.8,1863.41
2026-02-07 00:45:00+00:00,1770425100,1864.8,1863.41
2026-02-07 01:00:00+00:00,1770426000,1864.8,1863.41
2026-02-07 01:15:00+00:00,1770426900,1861.2,1859.82
2026-02-07 01:30:00+00:00,1770427800,1857.6,1856.22
2026-02-07 01:45:00+00:00,1770428700,1872.0,1870.61
2026-02-07 02:00:00+00:00,1770429600,1886.4,1885.0
2026-02-07 02:15:00+00:00,1770430500,1875.6,1874.2
2026-02-07 02:30:00+00:00,1770431400,1864.8,1863.41
2026-02-07 02:45:00+00:00,1770432300,1875.6,1874.2
2026-02-07 03:00:00+00:00,1770433200,1886.4,1885.0
2026-02-07 03:15:00+00:00,1770434100,1879.2,1877.81
2026-02-07 03:30:00+00:00,1770435000,1872.0,1870.62
2026-02-07 03:45:00+00:00,1770435900,1872.0,1870.63
2026-02-07 04:00:00+00:00,1770436800,1872.0,1870.64
2026-02-07 04:15:00+00:00,1770437700,1872.0,1870.66
2026-02-07 04:30:00+00:00,1770438600,1872.0,1870.67
2026-02-07 04:45:00+00:00,1770439500,1872.0,1870.7
2026-02-07 05:00:00+00:00,1770440400,1872.0,1870.73
2026-02-07 05:15:00+00:00,1770441300,1875.6,1874.38
2026-02-07 05:30:00+00:00,1770442200,1879.2,1878.02
2026-02-07 05:45:00+00:00,1770443100,1882.8,1881.7
2026-02-07 06:00:00+00:00,1770444000,1886.4,1885.38
2026-02-07 06:15:00+00:00,1770444900,1886.4,1885.5
2026-02-07 06:30:00+00:00,1770445800,1886.4,1885.63
2026-02-07 06:45:00+00:00,1770446700,1879.2,1878.61
2026-02-07 07:00:00+00:00,1770447600,1872.0,1871.59
2026-02-07 07:15:00+00:00,1770448500,1868.4,1868.22
2026-02-07 07:30:00+00:00,1770449400,1864.8,1864.86
2026-02-07 07:45:00+00:00,1770450300,1868.4,1868.76
2026-02-07 08:00:00+00:00,1770451200,1872.0,1872.67
2026-02-07 08:15:00+00:00,1770452100,1872.0,1873.02
2026-02-07 08:30:00+00:00,1770453000,1872.0,1873.38
2026-02-07 08:45:00+00:00,1770453900,1864.8,1866.58
2026-02-07 09:00:00+00:00,1770454800,1857.6,1859.77
2026-02-07 09:15:00+00:00,1770455700,1854.0,1856.58
2026-02-07 09:30:00+00:00,1770456600,1850.4,1853.4
2026-02-07 09:45:00+00:00,1770457500,1850.4,1853.82
2026-02-07 10:00:00+00:00,1770458400,1850.4,1854.23
2026-02-07 10:15:00+00:00,1770459300,1854.0,1858.22
2026-02-07 10:30:00+00:00,1770460200,1857.6,1862.22
2026-02-07 10:45:00+00:00,1770461100,1861.2,1866.16
2026-02-07 11:00:00+00:00,1770462000,1864.8,1870.11
2026-02-07 11:15:00+00:00,1770462900,1864.8,1870.38
2026-02-07 11:30:00+00:00,1770463800,1864.8,1870.66
2026-02-07 11:45:00+00:00,1770464700,1872.0,1878.1
2026-02-07 12:00:00+00:00,1770465600,1879.2,1885.53
2026-02-07 12:15:00+00:00,1770466500,1868.4,1874.83
2026-02-07 12:30:00+00:00,1770467400,1857.6,1864.13
2026-02-07 12:45:00+00:00,1770468300,1861.2,1867.82
2026-02-07 13:00:00+00:00,1770469200,1864.8,1871.51
2026-02-07 13:15:00+00:00,1770470100,1864.8,1871.52
2026-02-07 13:30:00+00:00,1770471000,1864.8,1871.54
2026-02-07 13:45:00+00:00,1770471900,1857.6,1864.27
2026-02-07 14:00:00+00:00,1770472800,1850.4,1857.0
2026-02-07 14:15:00+00:00,1770473700,1857.6,1864.12
2026-02-07 14:30:00+00:00,1770474600,1864.8,1871.24
2026-02-07 14:45:00+00:00,1770475500,1868.4,1874.68
2026-02-07 15:00:00+00:00,1770476400,1872.0,1878.11
2026-02-07 15:15:00+00:00,1770477300,1861.2,1867.04
2026-02-07 15:30:00+00:00,1770478200,1850.4,1855.96
2026-02-07 15:45:00+00:00,1770479100,1857.6,1862.88
2026-02-07 16:00:00+00:00,1770480000,1864.8,1869.79
2026-02-07 16:15:00+00:00,1770480900,1857.6,1862.21
2026-02-07 16:30:00+00:00,1770481800,1850.4,1854.63
2026-02-07 16:45:00+00:00,1770482700,1861.2,1865.04
2026-02-07 17:00:00+00:00,1770483600,1872.0,1875.46
2026-02-07 17:15:00+00:00,1770484500,1872.0,1875.04
2026-02-07 17:30:00+00:00,1770485400,1872.0,1874.62
2026-02-07 17:45:00+00:00,1770486300,1879.2,1881.42
2026-02-07 18:00:00+00:00,1770487200,1886.4,1888.22
2026-02-07 18:15:00+00:00,1770488100,1882.8,1884.25
2026-02-07 18:30:00+00:00,1770489000,1879.2,1880.28
2026-02-07 18:45:00+00:00,1770489900,1879.2,1879.98
2026-02-07 19:00:00+00:00,1770490800,1879.2,1879.68
2026-02-07 19:15:00+00:00,1770491700,1875.6,1875.86
2026-02-07 19:30:00+00:00,1770492600,1872.0,1872.04
2026-02-07 19:45:00+00:00,1770493500,1875.6,1875.52
2026-02-07 20:00:00+00:00,1770494400,1879.2,1879.0
2026-02-07 20:15:00+00:00,1770495300,1879.2,1878.98
2026-02-07 20:30:00+00:00,1770496200,1879.2,1878.97
2026-02-07 20:45:00+00:00,1770497100,1872.0,1871.86
2026-02-07 21:00:00+00:00,1770498000,1864.8,1864.74
2026-02-07 21:15:00+00:00,1770498900,1868.4,1868.52
2026-02-07 21:30:00+00:00,1770499800,1872.0,1872.31
2026-02-07 21:45:00+00:00,1770500700,1872.0,1872.58
2026-02-07 22:00:00+00:00,1770501600,1872.0,1872.86
2026-02-07 22:15:00+00:00,1770502500,1864.8,1866.0
2026-02-07 22:30:00+00:00,1770503400,1857.6,1859.14
2026-02-07 22:45:00+00:00,1770504300,1861.2,1863.14
2026-02-07 23:00:00+00:00,1770505200,1864.8,1867.13
2026-02-07 23:15:00+00:00,1770506100,1872.0,1874.76
2026-02-07 23:30:00+00:00,1770507000,1879.2,1882.39
2026-02-07 23:45:00+00:00,1770507900,1868.4,1871.98
2026-02-08 00:00:00+00:00,1770508800,1857.6,1861.57
2026-02-08 00:15:00+00:00,1770509700,1864.8,1869.16
2026-02-08 00:30:00+00:00,1770510600,1872.0,1876.75
2026-02-08 00:45:00+00:00,1770511500,1868.4,1873.46
2026-02-08 01:00:00+00:00,1770512400,1864.8,1870.17
2026-02-08 01:15:00+00:00,1770513300,1861.2,1866.8
2026-02-08 01:30:00+00:00,1770514200,1857.6,1863.43
2026-02-08 01:45:00+00:00,1770515100,1861.2,1867.2
2026-02-08 02:00:00+00:00,1770516000,1864.8,1870.97
2026-02-08 02:15:00+00:00,1770516900,1857.6,1863.82
2026-02-08 02:30:00+00:00,1770517800,1850.4,1856.67
2026-02-08 02:45:00+00:00,1770518700,1864.8,1871.1
2026-02-08 03:00:00+00:00,1770519600,1879.2,1885.54
2026-02-08 03:15:00+00:00,1770520500,1872.0,1878.23
2026-02-08 03:30:00+00:00,1770521400,1864.8,1870.92
2026-02-08 03:45:00+00:00,1770522300,1868.4,1874.37
2026-02-08 04:00:00+00:00,1770523200,1872.0,1877.82
2026-02-08 04:15:00+00:00,1770524100,1872.0,1877.61
2026-02-08 04:30:00+00:00,1770525000,1872.0,1877.4
2026-02-08 04:45:00+00:00,1770525900,1879.2,1884.38
2026-02-08 05:00:00+00:00,1770526800,1886.4,1891.36
2026-02-08 05:15:00+00:00,1770527700,1879.2,1883.9
2026-02-08 05:30:00+00:00,1770528600,1872.0,1876.44
2026-02-08 05:45:00+00:00,1770529500,1879.2,1883.45
2026-02-08 06:00:00+00:00,1770530400,1886.4,1890.46
2026-02-08 06:15:00+00:00,1770531300,1879.2,1883.11
2026-02-08 06:30:00+00:00,1770532200,1872.0,1875.76
2026-02-08 06:45:00+00:00,1770533100,1868.4,1872.1
2026-02-08 07:00:00+00:00,1770534000,1864.8,1868.45
2026-02-08 07:15:00+00:00,1770534900,1872.0,1875.71
2026-02-08 07:30:00+00:00,1770535800,1879.2,1882.97
2026-02-08 07:45:00+00:00,1770536700,1879.2,1883.11
2026-02-08 08:00:00+00:00,1770537600,1879.2,1883.25
2026-02-08 08:15:00+00:00,1770538500,1868.4,1872.63
2026-02-08 08:30:00+00:00,1770539400,1857.6,1862.01
2026-02-08 08:45:00+00:00,1770540300,1861.2,1865.86
2026-02-08 09:00:00+00:00,1770541200,1864.8,1869.72
2026-02-08 09:15:00+00:00,1770542100,1857.6,1862.75
2026-02-08 09:30:00+00:00,1770543000,1850.4,1855.78
2026-02-08 09:45:00+00:00,1770543900,1857.6,1863.23
2026-02-08 10:00:00+00:00,1770544800,1864.8,1870.68
2026-02-08 10:15:00+00:00,1770545700,1857.6,1863.64
2026-02-08 10:30:00+00:00,1770546600,1850.4,1856.61
2026-02-08 10:45:00+00:00,1770547500,1857.6,1863.98
2026-02-08 11:00:00+00:00,1770548400,1864.8,1871.35
2026-02-08 11:15:00+00:00,1770549300,1864.8,1871.44
2026-02-08 11:30:00+00:00,1770550200,1864.8,1871.54
2026-02-08 11:45:00+00:00,1770551100,1872.0,1878.8
2026-02-08 12:00:00+00:00,1770552000,1879.2,1886.07
2026-02-08 12:15:00+00:00,1770552900,1879.2,1886.06
2026-02-08 12:30:00+00:00,1770553800,1879.2,1886.06
2026-02-08 12:45:00+00:00,1770554700,1868.4,1875.16
2026-02-08 13:00:00+00:00,1770555600,1857.6,1864.26
2026-02-08 13:15:00+00:00,1770556500,1857.6,1864.14
2026-02-08 13:30:00+00:00,1770557400,1857.6,1864.02
2026-02-08 13:45:00+00:00,1770558300,1850.4,1856.62
2026-02-08 14:00:00+00:00,1770559200,1843.2,1849.21
2026-02-08 14:15:00+00:00,1770560100,1857.6,1863.4
2026-02-08 14:30:00+00:00,1770561000,1872.0,1877.59
2026-02-08 14:45:00+00:00,1770561900,1872.0,1877.26
2026-02-08 15:00:00+00:00,1770562800,1872.0,1876.92
2026-02-08 15:15:00+00:00,1770563700,1868.4,1872.9
2026-02-08 15:30:00+00:00,1770564600,1864.8,1868.89
2026-02-08 15:45:00+00:00,1770565500,1868.4,1872.02
2026-02-08 16:00:00+00:00,1770566400,1872.0,1875.16
2026-02-08 16:15:00+00:00,1770567300,1875.6,1878.24
2026-02-08 16:30:00+00:00,1770568200,1879.2,1881.33
2026-02-08 16:45:00+00:00,1770569100,1882.8,1884.38
2026-02-08 17:00:00+00:00,1770570000,1886.4,1887.43
2026-02-08 17:15:00+00:00,1770570900,1879.2,1879.66
2026-02-08 17:30:00+00:00,1770571800,1872.0,1871.9
2026-02-08 17:45:00+00:00,1770572700,1886.4,1885.75
2026-02-08 18:00:00+00:00,1770573600,1900.8,1899.6
2026-02-08 18:15:00+00:00,1770574500,1893.6,1891.9
2026-02-08 18:30:00+00:00,1770575400,1886.4,1884.2
2026-02-08 18:45:00+00:00,1770576300,1886.4,1883.76
2026-02-08 19:00:00+00:00,1770577200,1886.4,1883.32
2026-02-08 19:15:00+00:00,1770578100,1879.2,1875.78
2026-02-08 19:30:00+00:00,1770579000,1872.0,1868.24
2026-02-08 19:45:00+00:00,1770579900,1875.6,1871.59
2026-02-08 20:00:00+00:00,1770580800,1879.2,1874.94
2026-02-08 20:15:00+00:00,1770581700,1879.2,1874.82
2026-02-08 20:30:00+00:00,1770582600,1879.2,1874.69
2026-02-08 20:45:00+00:00,1770583500,1875.6,1871.09
2026-02-08 21:00:00+00:00,1770584400,1872.0,1867.49
2026-02-08 21:15:00+00:00,1770585300,1875.6,1871.18
2026-02-08 21:30:00+00:00,1770586200,1879.2,1874.87
2026-02-08 21:45:00+00:00,1770587100,1875.6,1871.45
2026-02-08 22:00:00+00:00,1770588000,1872.0,1868.03
2026-02-08 22:15:00+00:00,1770588900,1872.0,1868.25
2026-02-08 22:30:00+00:00,1770589800,1872.0,1868.47
2026-02-08 22:45:00+00:00,1770590700,1872.0,1868.7
2026-02-08 23:00:00+00:00,1770591600,1872.0,1868.93
2026-02-08 23:15:00+00:00,1770592500,1882.8,1879.94
2026-02-08 23:30:00+00:00,1770593400,1893.6,1890.94
2026-02-08 23:45:00+00:00,1770594300,1882.8,1880.34
2026-02-09 00:00:00+00:00,1770595200,1872.0,1869.75
2026-02-09 00:15:00+00:00,1770596100,1872.0,1869.9
2026-02-09 00:30:00+00:00,1770597000,1872.0,1870.04
2026-02-09 00:45:00+00:00,1770597900,1864.8,1862.96
2026-02-09 01:00:00+00:00,1770598800,1857.6,1855.87
2026-02-09 01:15:00+00:00,1770599700,1861.2,1859.54
2026-02-09 01:30:00+00:00,1770600600,1864.8,1863.21
2026-02-09 01:45:00+00:00,1770601500,1861.2,1859.66
2026-02-09 02:00:00+00:00,1770602400,1857.6,1856.11
2026-02-09 02:15:00+00:00,1770603300,1864.8,1863.33
2026-02-09 02:30:00+00:00,1770604200,1872.0,1870.55
2026-02-09 02:45:00+00:00,1770605100,1864.8,1863.37
2026-02-09 03:00:00+00:00,1770606000,1857.6,1856.19
2026-02-09 03:15:00+00:00,1770606900,1875.6,1874.18
2026-02-09 03:30:00+00:00,1770607800,1893.6,1892.18
2026-02-09 03:45:00+00:00,1770608700,1879.2,1877.8
2026-02-09 04:00:00+00:00,1770609600,1864.8,1863.41
2026-02-09 04:15:00+00:00,1770610500,1875.6,1874.2
2026-02-09 04:30:00+00:00,1770611400,1886.4,1884.99
2026-02-09 04:45:00+00:00,1770612300,1879.2,1877.8
2026-02-09 05:00:00+00:00,1770613200,1872.0,1870.61
2026-02-09 05:15:00+00:00,1770614100,1868.4,1867.01
2026-02-09 05:30:00+00:00,1770615000,1864.8,1863.41
2026-02-09 05:45:00+00:00,1770615900,1872.0,1870.6
2026-02-09 06:00:00+00:00,1770616800,1879.2,1877.8
2026-02-09 06:15:00+00:00,1770617700,1882.8,1881.4
2026-02-09 06:30:00+00:00,1770618600,1886.4,1885.0
2026-02-09 06:45:00+00:00,1770619500,1872.0,1870.61
2026-02-09 07:00:00+00:00,1770620400,1857.6,1856.22
2026-02-09 07:15:00+00:00,1770621300,1872.0,1870.61
2026-02-09 07:30:00+00:00,1770622200,1886.4,1885.0
2026-02-09 07:45:00+00:00,1770623100,1886.4,1885.0
2026-02-09 08:00:00+00:00,1770624000,1886.4,1885.0
2026-02-09 08:15:00+00:00,1770624900,1875.6,1874.2
2026-02-09 08:30:00+00:00,1770625800,1864.8,1863.41
2026-02-09 08:45:00+00:00,1770626700,1861.2,1859.82
2026-02-09 09:00:00+00:00,1770627600,1857.6,1856.22
2026-02-09 09:15:00+00:00,1770628500,1868.4,1867.01
2026-02-09 09:30:00+00:00,1770629400,1879.2,1877.8
2026-02-09 09:45:00+00:00,1770630300,1875.6,1874.2
2026-02-09 10:00:00+00:00,1770631200,1872.0,1870.61
2026-02-09 10:15:00+00:00,1770632100,1872.0,1870.6
2026-02-09 10:30:00+00:00,1770633000,1872.0,1870.6
2026-02-09 10:45:00+00:00,1770633900,1875.6,1874.2
2026-02-09 11:00:00+00:00,1770634800,1879.2,1877.79
2026-02-09 11:15:00+00:00,1770635700,1868.4,1867.0
2026-02-09 11:30:00+00:00,1770636600,1857.6,1856.2
2026-02-09 11:45:00+00:00,1770637500,1872.0,1870.58
2026-02-09 12:00:00+00:00,1770638400,1886.4,1884.95
2026-02-09 12:15:00+00:00,1770639300,1882.8,1881.34
2026-02-09 12:30:00+00:00,1770640200,1879.2,1877.72
2026-02-09 12:45:00+00:00,1770641100,1868.4,1866.89
2026-02-09 13:00:00+00:00,1770642000,1857.6,1856.06
2026-02-09 13:15:00+00:00,1770642900,1864.8,1863.19
2026-02-09 13:30:00+00:00,1770643800,1872.0,1870.32
2026-02-09 13:45:00+00:00,1770644700,1864.8,1863.02
2026-02-09 14:00:00+00:00,1770645600,1857.6,1855.73
2026-02-09 14:15:00+00:00,1770646500,1857.6,1855.58
2026-02-09 14:30:00+00:00,1770647400,1857.6,1855.44
2026-02-09 14:45:00+00:00,1770648300,1864.8,1862.42
2026-02-09 15:00:00+00:00,1770649200,1872.0,1869.41
2026-02-09 15:15:00+00:00,1770650100,1872.0,1869.14
2026-02-09 15:30:00+00:00,1770651000,1872.0,1868.87
2026-02-09 15:45:00+00:00,1770651900,1890.0,1886.5
2026-02-09 16:00:00+00:00,1770652800,1908.0,1904.14
2026-02-09 16:15:00+00:00,1770653700,1893.6,1889.38
2026-02-09 16:30:00+00:00,1770654600,1879.2,1874.63
2026-02-09 16:45:00+00:00,1770655500,1875.6,1870.62
2026-02-09 17:00:00+00:00,1770656400,1872.0,1866.62
2026-02-09 17:15:00+00:00,1770657300,1886.4,1880.55
2026-02-09 17:30:00+00:00,1770658200,1900.8,1894.48
2026-02-09 17:45:00+00:00,1770659100,1897.2,1890.48
2026-02-09 18:00:00+00:00,1770660000,1893.6,1886.49
2026-02-09 18:15:00+00:00,1770660900,1890.0,1882.54
2026-02-09 18:30:00+00:00,1770661800,1886.4,1878.59
2026-02-09 18:45:00+00:00,1770662700,1890.0,1881.88
2026-02-09 19:00:00+00:00,1770663600,1893.6,1885.16
2026-02-09 19:15:00+00:00,1770664500,1886.4,1877.77
2026-02-09 19:30:00+00:00,1770665400,1879.2,1870.38
2026-02-09 19:45:00+00:00,1770666300,1879.2,1870.24
2026-02-09 20:00:00+00:00,1770667200,1879.2,1870.1
2026-02-09 20:15:00+00:00,1770668100,1879.2,1870.04
2026-02-09 20:30:00+00:00,1770669000,1879.2,1869.99
2026-02-09 20:45:00+00:00,1770669900,1882.8,1873.6
2026-02-09 21:00:00+00:00,1770670800,1886.4,1877.21
2026-02-09 21:15:00+00:00,1770671700,1890.0,1880.9
2026-02-09 21:30:00+00:00,1770672600,1893.6,1884.6
2026-02-09 21:45:00+00:00,1770673500,1886.4,1877.63
2026-02-09 22:00:00+00:00,1770674400,1879.2,1870.66
2026-02-09 22:15:00+00:00,1770675300,1882.8,1874.52
2026-02-09 22:30:00+00:00,1770676200,1886.4,1878.38
2026-02-09 22:45:00+00:00,1770677100,1879.2,1871.55
2026-02-09 23:00:00+00:00,1770678000,1872.0,1864.72
2026-02-09 23:15:00+00:00,1770678900,1879.2,1872.28
2026-02-09 23:30:00+00:00,1770679800,1886.4,1879.85
2026-02-09 23:45:00+00:00,1770680700,1879.2,1873.09
2026-02-10 00:00:00+00:00,1770681600,1872.0,1866.33
2026-02-10 00:15:00+00:00,1770682500,1879.2,1873.93
2026-02-10 00:30:00+00:00,1770683400,1886.4,1881.53
2026-02-10 00:45:00+00:00,1770684300,1879.2,1874.74
2026-02-10 01:00:00+00:00,1770685200,1872.0,1867.96
2026-02-10 01:15:00+00:00,1770686100,1864.8,1861.12
2026-02-10 01:30:00+00:00,1770687000,1857.6,1854.28
2026-02-10 01:45:00+00:00,1770687900,1868.4,1865.36
2026-02-10 02:00:00+00:00,1770688800,1879.2,1876.43
2026-02-10 02:15:00+00:00,1770689700,1875.6,1873.06
2026-02-10 02:30:00+00:00,1770690600,1872.0,1869.69
2026-02-10 02:45:00+00:00,1770691500,1872.0,1869.86
2026-02-10 03:00:00+00:00,1770692400,1872.0,1870.03
2026-02-10 03:15:00+00:00,1770693300,1864.8,1862.95
2026-02-10 03:30:00+00:00,1770694200,1857.6,1855.87
2026-02-10 03:45:00+00:00,1770695100,1868.4,1866.74
2026-02-10 04:00:00+00:00,1770696000,1879.2,1877.6
2026-02-10 04:15:00+00:00,1770696900,1882.8,1881.24
2026-02-10 04:30:00+00:00,1770697800,1886.4,1884.89
2026-02-10 04:45:00+00:00,1770698700,1886.4,1884.92
2026-02-10 05:00:00+00:00,1770699600,1886.4,1884.94
2026-02-10 05:15:00+00:00,1770700500,1879.2,1877.76
2026-02-10 05:30:00+00:00,1770701400,1872.0,1870.59
2026-02-10 05:45:00+00:00,1770702300,1872.0,1870.6
2026-02-10 06:00:00+00:00,1770703200,1872.0,1870.61
2026-02-10 06:15:00+00:00,1770704100,1868.4,1867.02
2026-02-10 06:30:00+00:00,1770705000,1864.8,1863.44
2026-02-10 06:45:00+00:00,1770705900,1872.0,1870.66
2026-02-10 07:00:00+00:00,1770706800,1879.2,1877.87
2026-02-10 07:15:00+00:00,1770707700,1875.6,1874.3
2026-02-10 07:30:00+00:00,1770708600,1872.0,1870.74
2026-02-10 07:45:00+00:00,1770709500,1875.6,1874.39
2026-02-10 08:00:00+00:00,1770710400,1879.2,1878.04
2026-02-10 08:15:00+00:00,1770711300,1875.6,1874.53
2026-02-10 08:30:00+00:00,1770712200,1872.0,1871.02
2026-02-10 08:45:00+00:00,1770713100,1868.4,1867.55
2026-02-10 09:00:00+00:00,1770714000,1864.8,1864.08
2026-02-10 09:15:00+00:00,1770714900,1864.8,1864.26
2026-02-10 09:30:00+00:00,1770715800,1864.8,1864.45
2026-02-10 09:45:00+00:00,1770716700,1872.0,1871.9
2026-02-10 10:00:00+00:00,1770717600,1879.2,1879.35
2026-02-10 10:15:00+00:00,1770718500,1875.6,1876.06
2026-02-10 10:30:00+00:00,1770719400,1872.0,1872.77
2026-02-10 10:45:00+00:00,1770720300,1868.4,1869.53
2026-02-10 11:00:00+00:00,1770721200,1864.8,1866.29
2026-02-10 11:15:00+00:00,1770722100,1872.0,1873.9
2026-02-10 11:30:00+00:00,1770723000,1879.2,1881.5
2026-02-10 11:45:00+00:00,1770723900,1868.4,1871.1
2026-02-10 12:00:00+00:00,1770724800,1857.6,1860.69
2026-02-10 12:15:00+00:00,1770725700,1861.2,1864.68
2026-02-10 12:30:00+00:00,1770726600,1864.8,1868.67
2026-02-10 12:45:00+00:00,1770727500,1864.8,1869.0
2026-02-10 13:00:00+00:00,1770728400,1864.8,1869.32
2026-02-10 13:15:00+00:00,1770729300,1864.8,1869.56
2026-02-10 13:30:00+00:00,1770730200,1864.8,1869.81
2026-02-10 13:45:00+00:00,1770731100,1868.4,1873.56
2026-02-10 14:00:00+00:00,1770732000,1872.0,1877.31
2026-02-10 14:15:00+00:00,1770732900,1879.2,1884.55
2026-02-10 14:30:00+00:00,1770733800,1886.4,1891.79
2026-02-10 14:45:00+00:00,1770734700,1882.8,1888.08
2026-02-10 15:00:00+00:00,1770735600,1879.2,1884.36
2026-02-10 15:15:00+00:00,1770736500,1872.0,1876.92
2026-02-10 15:30:00+00:00,1770737400,1864.8,1869.49
2026-02-10 15:45:00+00:00,1770738300,1864.8,1869.18
2026-02-10 16:00:00+00:00,1770739200,1864.8,1868.86
2026-02-10 16:15:00+00:00,1770740100,1868.4,1872.08
2026-02-10 16:30:00+00:00,1770741000,1872.0,1875.29
2026-02-10 16:45:00+00:00,1770741900,1879.2,1882.06
2026-02-10 17:00:00+00:00,1770742800,1886.4,1888.83
2026-02-10 17:15:00+00:00,1770743700,1886.4,1888.36
2026-02-10 17:30:00+00:00,1770744600,1886.4,1887.89
2026-02-10 17:45:00+00:00,1770745500,1890.0,1891.02
2026-02-10 18:00:00+00:00,1770746400,1893.6,1894.15
2026-02-10 18:15:00+00:00,1770747300,1882.8,1882.9
2026-02-10 18:30:00+00:00,1770748200,1872.0,1871.64
2026-02-10 18:45:00+00:00,1770749100,1872.0,1871.21
2026-02-10 19:00:00+00:00,1770750000,1872.0,1870.78
2026-02-10 19:15:00+00:00,1770750900,1882.8,1881.17
2026-02-10 19:30:00+00:00,1770751800,1893.6,1891.56
2026-02-10 19:45:00+00:00,1770752700,1886.4,1884.0
2026-02-10 20:00:00+00:00,1770753600,1879.2,1876.45
2026-02-10 20:15:00+00:00,1770754500,1882.8,1879.73
2026-02-10 20:30:00+00:00,1770755400,1886.4,1883.01
2026-02-10 20:45:00+00:00,1770756300,1886.4,1882.76
2026-02-10 21:00:00+00:00,1770757200,1886.4,1882.51
2026-02-10 21:15:00+00:00,1770758100,1886.4,1882.34
2026-02-10 21:30:00+00:00,1770759000,1886.4,1882.17
2026-02-10 21:45:00+00:00,1770759900,1890.0,1885.68
2026-02-10 22:00:00+00:00,1770760800,1893.6,1889.2
2026-02-10 22:15:00+00:00,1770761700,1886.4,1882.04
2026-02-10 22:30:00+00:00,1770762600,1879.2,1874.87
2026-02-10 22:45:00+00:00,1770763500,1882.8,1878.57
2026-02-10 23:00:00+00:00,1770764400,1886.4,1882.27
2026-02-10 23:15:00+00:00,1770765300,1879.2,1875.26
2026-02-10 23:30:00+00:00,1770766200,1872.0,1868.24
2026-02-10 23:45:00+00:00,1770767100,1875.6,1872.04
2026-02-11 00:00:00+00:00,1770768000,1879.2,1875.84
2026-02-11 00:15:00+00:00,1770768900,1886.4,1883.24
2026-02-11 00:30:00+00:00,1770769800,1893.6,1890.65
2026-02-11 00:45:00+00:00,1770770700,1886.4,1883.66
2026-02-11 01:00:00+00:00,1770771600,1879.2,1876.68
2026-02-11 01:15:00+00:00,1770772500,1879.2,1876.85
2026-02-11 01:30:00+00:00,1770773400,1879.2,1877.02
2026-02-11 01:45:00+00:00,1770774300,1875.6,1873.56
2026-02-11 02:00:00+00:00,1770775200,1872.0,1870.1
2026-02-11 02:15:00+00:00,1770776100,1875.6,1873.8
2026-02-11 02:30:00+00:00,1770777000,1879.2,1877.49
2026-02-11 02:45:00+00:00,1770777900,1879.2,1877.56
2026-02-11 03:00:00+00:00,1770778800,1879.2,1877.62
2026-02-11 03:15:00+00:00,1770779700,1882.8,1881.26
2026-02-11 03:30:00+00:00,1770780600,1886.4,1884.9
2026-02-11 03:45:00+00:00,1770781500,1875.6,1874.14
2026-02-11 04:00:00+00:00,1770782400,1864.8,1863.37
2026-02-11 04:15:00+00:00,1770783300,1872.0,1870.58
2026-02-11 04:30:00+00:00,1770784200,1879.2,1877.79
2026-02-11 04:45:00+00:00,1770785100,1882.8,1881.4
2026-02-11 05:00:00+00:00,1770786000,1886.4,1885.02
2026-02-11 05:15:00+00:00,1770786900,1890.0,1888.64
2026-02-11 05:30:00+00:00,1770787800,1893.6,1892.25
2026-02-11 05:45:00+00:00,1770788700,1882.8,1881.5
2026-02-11 06:00:00+00:00,1770789600,1872.0,1870.74
2026-02-11 06:15:00+00:00,1770790500,1875.6,1874.39
2026-02-11 06:30:00+00:00,1770791400,1879.2,1878.04
2026-02-11 06:45:00+00:00,1770792300,1882.8,1881.72
2026-02-11 07:00:00+00:00,1770793200,1886.4,1885.41
2026-02-11 07:15:00+00:00,1770794100,1882.8,1881.94
2026-02-11 07:30:00+00:00,1770795000,1879.2,1878.48
2026-02-11 07:45:00+00:00,1770795900,1875.6,1875.06
2026-02-11 08:00:00+00:00,1770796800,1872.0,1871.65
2026-02-11 08:15:00+00:00,1770797700,1875.6,1875.5
2026-02-11 08:30:00+00:00,1770798600,1879.2,1879.34
2026-02-11 08:45:00+00:00,1770799500,1882.8,1883.26
2026-02-11 09:00:00+00:00,1770800400,1886.4,1887.17
2026-02-11 09:15:00+00:00,1770801300,1879.2,1880.32
2026-02-11 09:30:00+00:00,1770802200,1872.0,1873.48
2026-02-11 09:45:00+00:00,1770803100,1872.0,1873.87
2026-02-11 10:00:00+00:00,1770804000,1872.0,1874.26
2026-02-11 10:15:00+00:00,1770804900,1872.0,1874.66
2026-02-11 10:30:00+00:00,1770805800,1872.0,1875.06
2026-02-11 10:45:00+00:00,1770806700,1875.6,1879.04
2026-02-11 11:00:00+00:00,1770807600,1879.2,1883.01
2026-02-11 11:15:00+00:00,1770808500,1875.6,1879.7
2026-02-11 11:30:00+00:00,1770809400,1872.0,1876.4
2026-02-11 11:45:00+00:00,1770810300,1875.6,1880.22
2026-02-11 12:00:00+00:00,1770811200,1879.2,1884.03
2026-02-11 12:15:00+00:00,1770812100,1872.0,1876.9
2026-02-11 12:30:00+00:00,1770813000,1864.8,1869.78
2026-02-11 12:45:00+00:00,1770813900,1868.4,1873.36
2026-02-11 13:00:00+00:00,1770814800,1872.0,1876.93
2026-02-11 13:15:00+00:00,1770815700,1872.0,1876.78
2026-02-11 13:30:00+00:00,1770816600,1872.0,1876.62
2026-02-11 13:45:00+00:00,1770817500,1875.6,1879.96
2026-02-11 14:00:00+00:00,1770818400,1879.2,1883.3
2026-02-11 14:15:00+00:00,1770819300,1875.6,1879.34
2026-02-11 14:30:00+00:00,1770820200,1872.0,1875.37
2026-02-11 14:45:00+00:00,1770821100,1882.8,1885.76
2026-02-11 15:00:00+00:00,1770822000,1893.6,1896.16
2026-02-11 15:15:00+00:00,1770822900,1882.8,1884.9
2026-02-11 15:30:00+00:00,1770823800,1872.0,1873.63
2026-02-11 15:45:00+00:00,1770824700,1882.8,1883.97
2026-02-11 16:00:00+00:00,1770825600,1893.6,1894.31
2026-02-11 16:15:00+00:00,1770826500,1886.4,1886.64
2026-02-11 16:30:00+00:00,1770827400,1879.2,1878.97
2026-02-11 16:45:00+00:00,1770828300,1882.8,1882.1
2026-02-11 17:00:00+00:00,1770829200,1886.4,1885.24
2026-02-11 17:15:00+00:00,1770830100,1882.8,1881.18
2026-02-11 17:30:00+00:00,1770831000,1879.2,1877.12
2026-02-11 17:45:00+00:00,1770831900,1890.0,1887.44
2026-02-11 18:00:00+00:00,1770832800,1900.8,1897.77
2026-02-11 18:15:00+00:00,1770833700,1897.2,1893.72
2026-02-11 18:30:00+00:00,1770834600,1893.6,1889.66
2026-02-11 18:45:00+00:00,1770835500,1886.4,1882.03
2026-02-11 19:00:00+00:00,1770836400,1879.2,1874.4
2026-02-11 19:15:00+00:00,1770837300,1882.8,1877.58
2026-02-11 19:30:00+00:00,1770838200,1886.4,1880.76
2026-02-11 19:45:00+00:00,1770839100,1897.2,1891.18
2026-02-11 20:00:00+00:00,1770840000,1908.0,1901.59
2026-02-11 20:15:00+00:00,1770840900,1904.4,1897.74
2026-02-11 20:30:00+00:00,1770841800,1900.8,1893.89
2026-02-11 20:45:00+00:00,1770842700,1890.0,1882.98
2026-02-11 21:00:00+00:00,1770843600,1879.2,1872.08
2026-02-11 21:15:00+00:00,1770844500,1886.4,1879.24
2026-02-11 21:30:00+00:00,1770845400,1893.6,1886.4
2026-02-11 21:45:00+00:00,1770846300,1890.0,1882.93
2026-02-11 22:00:00+00:00,1770847200,1886.4,1879.46
2026-02-11 22:15:00+00:00,1770848100,1882.8,1876.1
2026-02-11 22:30:00+00:00,1770849000,1879.2,1872.74
2026-02-11 22:45:00+00:00,1770849900,1879.2,1873.06
2026-02-11 23:00:00+00:00,1770850800,1879.2,1873.37
2026-02-11 23:15:00+00:00,1770851700,1879.2,1873.74
2026-02-11 23:30:00+00:00,1770852600,1879.2,1874.1
2026-02-11 23:45:00+00:00,1770853500,1879.2,1874.48
2026-02-12 00:00:00+00:00,1770854400,1879.2,1874.85
2026-02-12 00:15:00+00:00,1770855300,1882.8,1878.8
2026-02-12 00:30:00+00:00,1770856200,1886.4,1882.75
2026-02-12 00:45:00+00:00,1770857100,1886.4,1883.06
2026-02-12 01:00:00+00:00,1770858000,1886.4,1883.38
2026-02-12 01:15:00+00:00,1770858900,1875.6,1872.85
2026-02-12 01:30:00+00:00,1770859800,1864.8,1862.32
2026-02-12 01:45:00+00:00,1770860700,1861.2,1858.92
2026-02-12 02:00:00+00:00,1770861600,1857.6,1855.51
2026-02-12 02:15:00+00:00,1770862500,1864.8,1862.84
2026-02-12 02:30:00+00:00,1770863400,1872.0,1870.17
2026-02-12 02:45:00+00:00,1770864300,1875.6,1873.86
2026-02-12 03:00:00+00:00,1770865200,1879.2,1877.54
2026-02-12 03:15:00+00:00,1770866100,1879.2,1877.6
2026-02-12 03:30:00+00:00,1770867000,1879.2,1877.66
2026-02-12 03:45:00+00:00,1770867900,1882.8,1881.29
2026-02-12 04:00:00+00:00,1770868800,1886.4,1884.92
2026-02-12 04:15:00+00:00,1770869700,1879.2,1877.74
2026-02-12 04:30:00+00:00,1770870600,1872.0,1870.57
2026-02-12 04:45:00+00:00,1770871500,1872.0,1870.58
2026-02-12 05:00:00+00:00,1770872400,1872.0,1870.59
2026-02-12 05:15:00+00:00,1770873300,1875.6,1874.19
2026-02-12 05:30:00+00:00,1770874200,1879.2,1877.79
2026-02-12 05:45:00+00:00,1770875100,1875.6,1874.2
2026-02-12 06:00:00+00:00,1770876000,1872.0,1870.6
2026-02-12 06:15:00+00:00,1770876900,1875.6,1874.2
2026-02-12 06:30:00+00:00,1770877800,1879.2,1877.8
2026-02-12 06:45:00+00:00,1770878700,1882.8,1881.4
2026-02-12 07:00:00+00:00,1770879600,1886.4,1885.0
2026-02-12 07:15:00+00:00,1770880500,1882.8,1881.4
2026-02-12 07:30:00+00:00,1770881400,1879.2,1877.8
2026-02-12 07:45:00+00:00,1770882300,1879.2,1877.8
2026-02-12 08:00:00+00:00,1770883200,1879.2,1877.8
2026-02-12 08:15:00+00:00,1770884100,1875.6,1874.2
2026-02-12 08:30:00+00:00,1770885000,1872.0,1870.61
2026-02-12 08:45:00+00:00,1770885900,1872.0,1870.61
2026-02-12 09:00:00+00:00,1770886800,1872.0,1870.61
2026-02-12 09:15:00+00:00,1770887700,1864.8,1863.42
2026-02-12 09:30:00+00:00,1770888600,1857.6,1856.22
2026-02-12 09:45:00+00:00,1770889500,1872.0,1870.61
2026-02-12 10:00:00+00:00,1770890400,1886.4,1885.0
2026-02-12 10:15:00+00:00,1770891300,1882.8,1881.4
2026-02-12 10:30:00+00:00,1770892200,1879.2,1877.8
2026-02-12 10:45:00+00:00,1770893100,1879.2,1877.8
2026-02-12 11:00:00+00:00,1770894000,1879.2,1877.8
2026-02-12 11:15:00+00:00,1770894900,1879.2,1877.8
2026-02-12 11:30:00+00:00,1770895800,1879.2,1877.79
2026-02-12 11:45:00+00:00,1770896700,1872.0,1870.59
2026-02-12 12:00:00+00:00,1770897600,1864.8,1863.39
2026-02-12 12:15:00+00:00,1770898500,1875.6,1874.17
2026-02-12 12:30:00+00:00,1770899400,1886.4,1884.95
2026-02-12 12:45:00+00:00,1770900300,1879.2,1877.74
2026-02-12 13:00:00+00:00,1770901200,1872.0,1870.52
2026-02-12 13:15:00+00:00,1770902100,1875.6,1874.08
2026-02-12 13:30:00+00:00,1770903000,1879.2,1877.64
2026-02-12 13:45:00+00:00,1770903900,1890.0,1888.36
2026-02-12 14:00:00+00:00,1770904800,1900.8,1899.09
2026-02-12 14:15:00+00:00,1770905700,1886.4,1884.6
2026-02-12 14:30:00+00:00,1770906600,1872.0,1870.12
2026-02-12 14:45:00+00:00,1770907500,1872.0,1869.97
2026-02-12 15:00:00+00:00,1770908400,1872.0,1869.82
2026-02-12 15:15:00+00:00,1770909300,1879.2,1876.8
2026-02-12 15:30:00+00:00,1770910200,1886.4,1883.79
2026-02-12 15:45:00+00:00,1770911100,1897.2,1894.3
2026-02-12 16:00:00+00:00,1770912000,1908.0,1904.82
2026-02-12 16:15:00+00:00,1770912900,1897.2,1893.7
2026-02-12 16:30:00+00:00,1770913800,1886.4,1882.59
2026-02-12 16:45:00+00:00,1770914700,1893.6,1889.4
2026-02-12 17:00:00+00:00,1770915600,1900.8,1896.2
2026-02-12 17:15:00+00:00,1770916500,1893.6,1888.61
2026-02-12 17:30:00+00:00,1770917400,1886.4,1881.02
2026-02-12 17:45:00+00:00,1770918300,1882.8,1877.02
2026-02-12 18:00:00+00:00,1770919200,1879.2,1873.03
2026-02-12 18:15:00+00:00,1770920100,1893.6,1887.01
2026-02-12 18:30:00+00:00,1770921000,1908.0,1900.99
2026-02-12 18:45:00+00:00,1770921900,1908.0,1900.68
2026-02-12 19:00:00+00:00,1770922800,1908.0,1900.38
2026-02-12 19:15:00+00:00,1770923700,1904.4,1896.58
2026-02-12 19:30:00+00:00,1770924600,1900.8,1892.79
2026-02-12 19:45:00+00:00,1770925500,1900.8,1892.7
2026-02-12 20:00:00+00:00,1770926400,1900.8,1892.62
2026-02-12 20:15:00+00:00,1770927300,1890.0,1881.92
2026-02-12 20:30:00+00:00,1770928200,1879.2,1871.21
2026-02-12 20:45:00+00:00,1770929100,1879.2,1871.4
2026-02-12 21:00:00+00:00,1770930000,1879.2,1871.59
2026-02-12 21:15:00+00:00,1770930900,1882.8,1875.5
2026-02-12 21:30:00+00:00,1770931800,1886.4,1879.42
2026-02-12 21:45:00+00:00,1770932700,1882.8,1876.28
2026-02-12 22:00:00+00:00,1770933600,1879.2,1873.15
2026-02-12 22:15:00+00:00,1770934500,1879.2,1873.71
2026-02-12 22:30:00+00:00,1770935400,1879.2,1874.27
2026-02-12 22:45:00+00:00,1770936300,1879.2,1874.92
2026-02-12 23:00:00+00:00,1770937200,1879.2,1875.57
2026-02-12 23:15:00+00:00,1770938100,1875.6,1872.68
2026-02-12 23:30:00+00:00,1770939000,1872.0,1869.78
2026-02-12 23:45:00+00:00,1770939900,1875.6,1874.1
2026-02-13 00:00:00+00:00,1770940800,1879.2,1878.42
2026-02-13 00:15:00+00:00,1770941700,1875.6,1875.54
2026-02-13 00:30:00+00:00,1770942600,1872.0,1872.65
2026-02-13 00:45:00+00:00,1770943500,1882.8,1884.13
2026-02-13 01:00:00+00:00,1770944400,1893.6,1895.61
2026-02-13 01:15:00+00:00,1770945300,1879.2,1881.8
2026-02-13 01:30:00+00:00,1770946200,1864.8,1867.99
2026-02-13 01:45:00+00:00,1770947100,1879.2,1882.94
2026-02-13 02:00:00+00:00,1770948000,1893.6,1897.89
2026-02-13 02:15:00+00:00,1770948900,1879.2,1883.88
2026-02-13 02:30:00+00:00,1770949800,1864.8,1869.88
2026-02-13 02:45:00+00:00,1770950700,1861.2,1866.6
2026-02-13 03:00:00+00:00,1770951600,1857.6,1863.32
2026-02-13 03:15:00+00:00,1770952500,1861.2,1867.18
2026-02-13 03:30:00+00:00,1770953400,1864.8,1871.04
2026-02-13 03:45:00+00:00,1770954300,1864.8,1871.22
2026-02-13 04:00:00+00:00,1770955200,1864.8,1871.4
2026-02-13 04:15:00+00:00,1770956100,1864.8,1871.52
2026-02-13 04:30:00+00:00,1770957000,1864.8,1871.64
2026-02-13 04:45:00+00:00,1770957900,1868.4,1875.34
2026-02-13 05:00:00+00:00,1770958800,1872.0,1879.03
2026-02-13 05:15:00+00:00,1770959700,1868.4,1875.48
2026-02-13 05:30:00+00:00,1770960600,1864.8,1871.92
2026-02-13 05:45:00+00:00,1770961500,1864.8,1871.97
2026-02-13 06:00:00+00:00,1770962400,1864.8,1872.02
2026-02-13 06:15:00+00:00,1770963300,1864.8,1872.08
2026-02-13 06:30:00+00:00,1770964200,1864.8,1872.14
2026-02-13 06:45:00+00:00,1770965100,1868.4,1875.84
2026-02-13 07:00:00+00:00,1770966000,1872.0,1879.53
2026-02-13 07:15:00+00:00,1770966900,1868.4,1876.04
2026-02-13 07:30:00+00:00,1770967800,1864.8,1872.54
2026-02-13 07:45:00+00:00,1770968700,1861.2,1869.09
2026-02-13 08:00:00+00:00,1770969600,1857.6,1865.64
2026-02-13 08:15:00+00:00,1770970500,1864.8,1873.1
2026-02-13 08:30:00+00:00,1770971400,1872.0,1880.56
2026-02-13 08:45:00+00:00,1770972300,1875.6,1884.47
2026-02-13 09:00:00+00:00,1770973200,1879.2,1888.38
2026-02-13 09:15:00+00:00,1770974100,1872.0,1881.5
2026-02-13 09:30:00+00:00,1770975000,1864.8,1874.61
2026-02-13 09:45:00+00:00,1770975900,1861.2,1871.38
2026-02-13 10:00:00+00:00,1770976800,1857.6,1868.16
2026-02-13 10:15:00+00:00,1770977700,1854.0,1864.96
2026-02-13 10:30:00+00:00,1770978600,1850.4,1861.75
2026-02-13 10:45:00+00:00,1770979500,1846.8,1858.54
2026-02-13 11:00:00+00:00,1770980400,1843.2,1855.32
2026-02-13 11:15:00+00:00,1770981300,1846.8,1859.32
2026-02-13 11:30:00+00:00,1770982200,1850.4,1863.33
2026-02-13 11:45:00+00:00,1770983100,1861.2,1874.53
2026-02-13 12:00:00+00:00,1770984000,1872.0,1885.73
2026-02-13 12:15:00+00:00,1770984900,1864.8,1878.72
2026-02-13 12:30:00+00:00,1770985800,1857.6,1871.72
2026-02-13 12:45:00+00:00,1770986700,1857.6,1871.87
2026-02-13 13:00:00+00:00,1770987600,1857.6,1872.02
2026-02-13 13:15:00+00:00,1770988500,1857.6,1872.07
2026-02-13 13:30:00+00:00,1770989400,1857.6,1872.12
2026-02-13 13:45:00+00:00,1770990300,1861.2,1875.7
2026-02-13 14:00:00+00:00,1770991200,1864.8,1879.28
2026-02-13 14:15:00+00:00,1770992100,1861.2,1875.5
2026-02-13 14:30:00+00:00,1770993000,1857.6,1871.72
2026-02-13 14:45:00+00:00,1770993900,1857.6,1871.48
2026-02-13 15:00:00+00:00,1770994800,1857.6,1871.23
2026-02-13 15:15:00+00:00,1770995700,1868.4,1881.78
2026-02-13 15:30:00+00:00,1770996600,1879.2,1892.34
2026-02-13 15:45:00+00:00,1770997500,1868.4,1881.1
2026-02-13 16:00:00+00:00,1770998400,1857.6,1869.85
2026-02-13 16:15:00+00:00,1770999300,1868.4,1880.32
2026-02-13 16:30:00+00:00,1771000200,1879.2,1890.78
2026-02-13 16:45:00+00:00,1771001100,1868.4,1879.52
2026-02-13 17:00:00+00:00,1771002000,1857.6,1868.25
2026-02-13 17:15:00+00:00,1771002900,1872.0,1882.36
2026-02-13 17:30:00+00:00,1771003800,1886.4,1896.48
2026-02-13 17:45:00+00:00,1771004700,1875.6,1885.32
2026-02-13 18:00:00+00:00,1771005600,1864.8,1874.17
2026-02-13 18:15:00+00:00,1771006500,1872.0,1881.18
2026-02-13 18:30:00+00:00,1771007400,1879.2,1888.2
2026-02-13 18:45:00+00:00,1771008300,1882.8,1891.68
2026-02-13 19:00:00+00:00,1771009200,1886.4,1895.17
2026-02-13 19:15:00+00:00,1771010100,1879.2,1887.9
2026-02-13 19:30:00+00:00,1771011000,1872.0,1880.62
2026-02-13 19:45:00+00:00,1771011900,1864.8,1873.44
2026-02-13 20:00:00+00:00,1771012800,1857.6,1866.25
2026-02-13 20:15:00+00:00,1771013700,1857.6,1866.38
2026-02-13 20:30:00+00:00,1771014600,1857.6,1866.51
2026-02-13 20:45:00+00:00,1771015500,1868.4,1877.56
2026-02-13 21:00:00+00:00,1771016400,1879.2,1888.61
2026-02-13 21:15:00+00:00,1771017300,1882.8,1892.5
2026-02-13 21:30:00+00:00,1771018200,1886.4,1896.38
2026-02-13 21:45:00+00:00,1771019100,1879.2,1889.46
2026-02-13 22:00:00+00:00,1771020000,1872.0,1882.53
2026-02-13 22:15:00+00:00,1771020900,1868.4,1879.26
2026-02-13 22:30:00+00:00,1771021800,1864.8,1875.98
2026-02-13 22:45:00+00:00,1771022700,1872.0,1883.58
2026-02-13 23:00:00+00:00,1771023600,1879.2,1891.19
2026-02-13 23:15:00+00:00,1771024500,1875.6,1887.92
2026-02-13 23:30:00+00:00,1771025400,1872.0,1884.64
2026-02-13 23:45:00+00:00,1771026300,1872.0,1884.96
2026-02-14 00:00:00+00:00,1771027200,1872.0,1885.28
2026-02-14 00:15:00+00:00,1771028100,1872.0,1885.54
2026-02-14 00:30:00+00:00,1771029000,1872.0,1885.79
2026-02-14 00:45:00+00:00,1771029900,1857.6,1871.46
2026-02-14 01:00:00+00:00,1771030800,1843.2,1857.12
2026-02-14 01:15:00+00:00,1771031700,1854.0,1868.08
2026-02-14 01:30:00+00:00,1771032600,1864.8,1879.03
2026-02-14 01:45:00+00:00,1771033500,1861.2,1875.36
2026-02-14 02:00:00+00:00,1771034400,1857.6,1871.7
2026-02-14 02:15:00+00:00,1771035300,1864.8,1878.82
2026-02-14 02:30:00+00:00,1771036200,1872.0,1885.93
2026-02-14 02:45:00+00:00,1771037100,1868.4,1882.06
2026-02-14 03:00:00+00:00,1771038000,1864.8,1878.19
2026-02-14 03:15:00+00:00,1771038900,1868.4,1881.5
2026-02-14 03:30:00+00:00,1771039800,1872.0,1884.81
2026-02-14 03:45:00+00:00,1771040700,1868.4,1880.82
2026-02-14 04:00:00+00:00,1771041600,1864.8,1876.82
2026-02-14 04:15:00+00:00,1771042500,1872.0,1883.68
2026-02-14 04:30:00+00:00,1771043400,1879.2,1890.53
2026-02-14 04:45:00+00:00,1771044300,1879.2,1890.16
2026-02-14 05:00:00+00:00,1771045200,1879.2,1889.8
2026-02-14 05:15:00+00:00,1771046100,1864.8,1875.02
2026-02-14 05:30:00+00:00,1771047000,1850.4,1860.23
2026-02-14 05:45:00+00:00,1771047900,1857.6,1867.26
2026-02-14 06:00:00+00:00,1771048800,1864.8,1874.28
2026-02-14 06:15:00+00:00,1771049700,1872.0,1881.41
2026-02-14 06:30:00+00:00,1771050600,1879.2,1888.54
2026-02-14 06:45:00+00:00,1771051500,1875.6,1884.94
2026-02-14 07:00:00+00:00,1771052400,1872.0,1881.35
2026-02-14 07:15:00+00:00,1771053300,1857.6,1867.02
2026-02-14 07:30:00+00:00,1771054200,1843.2,1852.69
2026-02-14 07:45:00+00:00,1771055100,1854.0,1863.8
2026-02-14 08:00:00+00:00,1771056000,1864.8,1874.9
2026-02-14 08:15:00+00:00,1771056900,1872.0,1882.48
2026-02-14 08:30:00+00:00,1771057800,1879.2,1890.05
2026-02-14 08:45:00+00:00,1771058700,1868.4,1879.57
2026-02-14 09:00:00+00:00,1771059600,1857.6,1869.09
2026-02-14 09:15:00+00:00,1771060500,1857.6,1869.49
2026-02-14 09:30:00+00:00,1771061400,1857.6,1869.89
2026-02-14 09:45:00+00:00,1771062300,1872.0,1884.77
2026-02-14 10:00:00+00:00,1771063200,1886.4,1899.65
2026-02-14 10:15:00+00:00,1771064100,1879.2,1892.74
2026-02-14 10:30:00+00:00,1771065000,1872.0,1885.84
2026-02-14 10:45:00+00:00,1771065900,1868.4,1882.5
2026-02-14 11:00:00+00:00,1771066800,1864.8,1879.15
2026-02-14 11:15:00+00:00,1771067700,1868.4,1883.0
2026-02-14 11:30:00+00:00,1771068600,1872.0,1886.84
2026-02-14 11:45:00+00:00,1771069500,1872.0,1886.98
2026-02-14 12:00:00+00:00,1771070400,1872.0,1887.13
2026-02-14 12:15:00+00:00,1771071300,1864.8,1879.94
2026-02-14 12:30:00+00:00,1771072200,1857.6,1872.76
2026-02-14 12:45:00+00:00,1771073100,1864.8,1880.02
2026-02-14 13:00:00+00:00,1771074000,1872.0,1887.28
2026-02-14 13:15:00+00:00,1771074900,1875.6,1890.85
2026-02-14 13:30:00+00:00,1771075800,1879.2,1894.42
2026-02-14 13:45:00+00:00,1771076700,1872.0,1887.03
2026-02-14 14:00:00+00:00,1771077600,1864.8,1879.64
2026-02-14 14:15:00+00:00,1771078500,1864.8,1879.44
2026-02-14 14:30:00+00:00,1771079400,1864.8,1879.23
2026-02-14 14:45:00+00:00,1771080300,1861.2,1875.33
2026-02-14 15:00:00+00:00,1771081200,1857.6,1871.43
2026-02-14 15:15:00+00:00,1771082100,1861.2,1874.72
2026-02-14 15:30:00+00:00,1771083000,1864.8,1878.01
2026-02-14 15:45:00+00:00,1771083900,1872.0,1884.86
2026-02-14 16:00:00+00:00,1771084800,1879.2,1891.72
2026-02-14 16:15:00+00:00,1771085700,1882.8,1894.92
2026-02-14 16:30:00+00:00,1771086600,1886.4,1898.12
2026-02-14 16:45:00+00:00,1771087500,1879.2,1890.46
2026-02-14 17:00:00+00:00,1771088400,1872.0,1882.79
2026-02-14 17:15:00+00:00,1771089300,1879.2,1889.62
2026-02-14 17:30:00+00:00,1771090200,1886.4,1896.45
2026-02-14 17:45:00+00:00,1771091100,1879.2,1888.86
2026-02-14 18:00:00+00:00,1771092000,1872.0,1881.26
2026-02-14 18:15:00+00:00,1771092900,1875.6,1884.57
2026-02-14 18:30:00+00:00,1771093800,1879.2,1887.88
2026-02-14 18:45:00+00:00,1771094700,1875.6,1884.02
2026-02-14 19:00:00+00:00,1771095600,1872.0,1880.17
2026-02-14 19:15:00+00:00,1771096500,1872.0,1880.0
2026-02-14 19:30:00+00:00,1771097400,1872.0,1879.82
2026-02-14 19:45:00+00:00,1771098300,1875.6,1883.31
2026-02-14 20:00:00+00:00,1771099200,1879.2,1886.8
2026-02-14 20:15:00+00:00,1771100100,1882.8,1890.33
2026-02-14 20:30:00+00:00,1771101000,1886.4,1893.86
2026-02-14 20:45:00+00:00,1771101900,1882.8,1890.2
2026-02-14 21:00:00+00:00,1771102800,1879.2,1886.54
2026-02-14 21:15:00+00:00,1771103700,1875.6,1882.9
2026-02-14 21:30:00+00:00,1771104600,1872.0,1879.25
2026-02-14 21:45:00+00:00,1771105500,1872.0,1879.24
2026-02-14 22:00:00+00:00,1771106400,1872.0,1879.22
2026-02-14 22:15:00+00:00,1771107300,1875.6,1882.82
2026-02-14 22:30:00+00:00,1771108200,1879.2,1886.43
2026-02-14 22:45:00+00:00,1771109100,1875.6,1882.81
2026-02-14 23:00:00+00:00,1771110000,1872.0,1879.19
2026-02-14 23:15:00+00:00,1771110900,1879.2,1886.42
2026-02-14 23:30:00+00:00,1771111800,1886.4,1893.65
2026-02-14 23:45:00+00:00,1771112700,1886.4,1893.64
2026-02-15 00:00:00+00:00,1771113600,1886.4,1893.64
2026-02-15 00:15:00+00:00,1771114500,1886.4,1893.64
2026-02-15 00:30:00+00:00,1771115400,1886.4,1893.64
2026-02-15 00:45:00+00:00,1771116300,1882.8,1890.03
2026-02-15 01:00:00+00:00,1771117200,1879.2,1886.42
2026-02-15 01:15:00+00:00,1771118100,1868.4,1875.58
2026-02-15 01:30:00+00:00,1771119000,1857.6,1864.73
2026-02-15 01:45:00+00:00,1771119900,1875.6,1882.8
2026-02-15 02:00:00+00:00,1771120800,1893.6,1900.87
2026-02-15 02:15:00+00:00,1771121700,1882.8,1890.03
2026-02-15 02:30:00+00:00,1771122600,1872.0,1879.19
2026-02-15 02:45:00+00:00,1771123500,1872.0,1879.19
2026-02-15 03:00:00+00:00,1771124400,1872.0,1879.19
2026-02-15 03:15:00+00:00,1771125300,1872.0,1879.19
2026-02-15 03:30:00+00:00,1771126200,1872.0,1879.19
2026-02-15 03:45:00+00:00,1771127100,1875.6,1882.8
2026-02-15 04:00:00+00:00,1771128000,1879.2,1886.42
2026-02-15 04:15:00+00:00,1771128900,1872.0,1879.19
2026-02-15 04:30:00+00:00,1771129800,1864.8,1871.96
2026-02-15 04:45:00+00:00,1771130700,1868.4,1875.58
2026-02-15 05:00:00+00:00,1771131600,1872.0,1879.19
2026-02-15 05:15:00+00:00,1771132500,1879.2,1886.42
2026-02-15 05:30:00+00:00,1771133400,1886.4,1893.64
2026-02-15 05:45:00+00:00,1771134300,1879.2,1886.42
2026-02-15 06:00:00+00:00,1771135200,1872.0,1879.19
2026-02-15 06:15:00+00:00,1771136100,1868.4,1875.58
2026-02-15 06:30:00+00:00,1771137000,1864.8,1871.96
2026-02-15 06:45:00+00:00,1771137900,1868.4,1875.58
2026-02-15 07:00:00+00:00,1771138800,1872.0,1879.19
2026-02-15 07:15:00+00:00,1771139700,1864.8,1871.96
2026-02-15 07:30:00+00:00,1771140600,1857.6,1864.73
2026-02-15 07:45:00+00:00,1771141500,1868.4,1875.58
2026-02-15 08:00:00+00:00,1771142400,1879.2,1886.42
2026-02-15 08:15:00+00:00,1771143300,1875.6,1882.8
2026-02-15 08:30:00+00:00,1771144200,1872.0,1879.19
2026-02-15 08:45:00+00:00,1771145100,1875.6,1882.8
2026-02-15 09:00:00+00:00,1771146000,1879.2,1886.42
2026-02-15 09:15:00+00:00,1771146900,1882.8,1890.03
2026-02-15 09:30:00+00:00,1771147800,1886.4,1893.64
2026-02-15 09:45:00+00:00,1771148700,1872.0,1879.18
2026-02-15 10:00:00+00:00,1771149600,1857.6,1864.73
2026-02-15 10:15:00+00:00,1771150500,1864.8,1871.96
2026-02-15 10:30:00+00:00,1771151400,1872.0,1879.19
2026-02-15 10:45:00+00:00,1771152300,1864.8,1871.96
2026-02-15 11:00:00+00:00,1771153200,1857.6,1864.73
2026-02-15 11:15:00+00:00,1771154100,1864.8,1871.96
2026-02-15 11:30:00+00:00,1771155000,1872.0,1879.19
2026-02-15 11:45:00+00:00,1771155900,1872.0,1879.18
2026-02-15 12:00:00+00:00,1771156800,1872.0,1879.18
2026-02-15 12:15:00+00:00,1771157700,1872.0,1879.18
2026-02-15 12:30:00+00:00,1771158600,1872.0,1879.18
2026-02-15 12:45:00+00:00,1771159500,1861.2,1868.33
2026-02-15 13:00:00+00:00,1771160400,1850.4,1857.48
2026-02-15 13:15:00+00:00,1771161300,1861.2,1868.31
2026-02-15 13:30:00+00:00,1771162200,1872.0,1879.14
2026-02-15 13:45:00+00:00,1771163100,1875.6,1882.73
2026-02-15 14:00:00+00:00,1771164000,1879.2,1886.32
2026-02-15 14:15:00+00:00,1771164900,1875.6,1882.66
2026-02-15 14:30:00+00:00,1771165800,1872.0,1879.01
2026-02-15 14:45:00+00:00,1771166700,1882.8,1889.78
2026-02-15 15:00:00+00:00,1771167600,1893.6,1900.55
2026-02-15 15:15:00+00:00,1771168500,1882.8,1889.6
2026-02-15 15:30:00+00:00,1771169400,1872.0,1878.65
2026-02-15 15:45:00+00:00,1771170300,1872.0,1878.49
2026-02-15 16:00:00+00:00,1771171200,1872.0,1878.33
2026-02-15 16:15:00+00:00,1771172100,1882.8,1888.95
2026-02-15 16:30:00+00:00,1771173000,1893.6,1899.57
2026-02-15 16:45:00+00:00,1771173900,1886.4,1892.06
2026-02-15 17:00:00+00:00,1771174800,1879.2,1884.56
2026-02-15 17:15:00+00:00,1771175700,1875.6,1880.61
2026-02-15 17:30:00+00:00,1771176600,1872.0,1876.66
2026-02-15 17:45:00+00:00,1771177500,1872.0,1876.28
2026-02-15 18:00:00+00:00,1771178400,1872.0,1875.89
2026-02-15 18:15:00+00:00,1771179300,1875.6,1879.08
2026-02-15 18:30:00+00:00,1771180200,1879.2,1882.28
2026-02-15 18:45:00+00:00,1771181100,1890.0,1892.69
2026-02-15 19:00:00+00:00,1771182000,1900.8,1903.1
2026-02-15 19:15:00+00:00,1771182900,1890.0,1891.92
2026-02-15 19:30:00+00:00,1771183800,1879.2,1880.73
2026-02-15 19:45:00+00:00,1771184700,1879.2,1880.43
2026-02-15 20:00:00+00:00,1771185600,1879.2,1880.13
2026-02-15 20:15:00+00:00,1771186500,1890.0,1890.72
2026-02-15 20:30:00+00:00,1771187400,1900.8,1901.31
2026-02-15 20:45:00+00:00,1771188300,1893.6,1894.01
2026-02-15 21:00:00+00:00,1771189200,1886.4,1886.71
2026-02-15 21:15:00+00:00,1771190100,1879.2,1879.52
2026-02-15 21:30:00+00:00,1771191000,1872.0,1872.34
2026-02-15 21:45:00+00:00,1771191900,1879.2,1879.68
2026-02-15 22:00:00+00:00,1771192800,1886.4,1887.02
2026-02-15 22:15:00+00:00,1771193700,1879.2,1880.06
2026-02-15 22:30:00+00:00,1771194600,1872.0,1873.1
2026-02-15 22:45:00+00:00,1771195500,1872.0,1873.42
2026-02-15 23:00:00+00:00,1771196400,1872.0,1873.75
2026-02-15 23:15:00+00:00,1771197300,1879.2,1881.35
2026-02-15 23:30:00+00:00,1771198200,1886.4,1888.95
