Fecha,PresionIntEalm,UnixTime,Cuentas,Cuentas_corr
2026-01-01 00:00:00,969.6666666666666,1767226051.018028,148.4097876712329,150.14797506898373
2026-01-01 00:15:00,969.6466666666666,1767226949.7554154,148.87501369863014,150.61292646117016
2026-01-01 00:30:00,969.6166666666667,1767227849.9697807,148.56896928327646,150.29474235015073
2026-01-01 00:45:00,969.5,1767228750.158654,149.20823287671232,150.9079766359873
2026-01-01 01:00:00,969.5833333333334,1767229650.4706278,149.02613310580205,150.747668920379
2026-01-01 01:15:00,969.5866666666667,1767230550.6896398,149.5901712328767,151.3191811144049
2026-01-01 01:30:00,969.5933333333332,1767231450.8318715,148.39535836177473,150.11245963572134
2026-01-01 01:45:00,969.5233333333332,1767232350.9595933,148.5434897260274,150.24232148890388
2026-01-01 02:00:00,969.48,1767233251.0524943,148.37539590443686,150.0599498018263
2026-01-01 02:15:00,969.4233333333333,1767234151.189179,148.29491438356163,149.96240772640664
2026-01-01 02:30:00,969.3466666666667,1767235049.8205097,149.2476712328767,150.9038945250568
2026-01-01 02:45:00,969.2766666666666,1767235949.9182012,148.87266211604097,150.50470542004436
2026-01-01 03:00:00,969.2533333333334,1767236850.0808804,148.97522602739727,150.60171688258797
2026-01-01 03:15:00,969.14,1767237750.2664492,148.91828327645052,150.51173875442436
2026-01-01 03:30:00,969.0,1767238650.5557225,148.66026712328767,150.21100033598447
2026-01-01 03:45:00,968.9033333333333,1767239550.7844884,149.02488054607508,150.55176330355982
2026-01-01 04:00:00,968.8533333333334,1767240451.037224,148.72738356164385,150.23694502952273
2026-01-01 04:15:00,968.8633333333333,1767241351.15615,149.7232627986348,151.2458059399838
2026-01-01 04:30:00,968.75,1767242251.3523703,149.84209589041095,151.33325684781286
2026-01-01 04:45:00,968.65,1767243150.2540262,148.82868493150687,150.28120473846053
2026-01-01 05:00:00,968.5933333333332,1767244050.520084,149.6275051194539,151.07155490656422
2026-01-01 05:15:00,968.5833333333334,1767244950.653493,150.43853424657536,151.887525356857
2026-01-01 05:30:00,968.63,1767245850.7987156,150.3228566552901,151.78419118592925
2026-01-01 05:45:00,968.6466666666666,1767246750.9331484,148.98733904109588,150.4404544682597
2026-01-01 06:00:00,968.6733333333333,1767247651.145361,149.6378566552901,151.10497255506073
2026-01-01 06:15:00,968.6666666666666,1767248551.2029378,149.72495205479453,151.19100677826737
2026-01-01 06:30:00,968.7000000000002,1767249449.948841,150.23855479452055,151.71924711899655
2026-01-01 06:45:00,968.6700000000001,1767250350.3175476,149.32904778156995,150.79218096203886
2026-01-01 07:00:00,968.65,1767251250.472513,150.3804691780822,151.84813389715615
2026-01-01 07:15:00,968.68,1767252150.7011237,149.77740273037543,151.24780259511053
2026-01-01 07:30:00,968.6533333333333,1767253050.9146125,149.89729794520548,151.36120568732483
2026-01-01 07:45:00,968.6366666666667,1767253951.018272,149.33661092150172,150.79026785325678
2026-01-01 08:00:00,968.7733333333334,1767254851.146871,150.17445547945206,151.67564806759677
2026-01-01 08:15:00,968.8233333333334,1767255749.7890568,150.168301369863,151.68384172004298
2026-01-01 08:30:00,968.8333333333334,1767256383.684925,150.31585833333332,151.83577272178914
2026-01-01 23:15:00,972.2366666666667,1767310104.147276,145.81501612903227,148.24492886108695
2026-01-01 23:30:00,972.2533333333334,1767310650.4163373,149.5957781569966,152.09351105596107
2026-01-01 23:45:00,972.4200000000001,1767311550.5438232,149.5217397260274,152.0663831699059
2026-01-02 00:00:00,972.56,1767312450.4562209,148.72537201365188,151.2967020031519
2026-01-02 00:15:00,972.66,1767313350.5461864,147.7755102739726,150.35898348812748
2026-01-02 00:30:00,972.7800000000001,1767314250.5837483,148.206228668942,150.83161757072915
2026-01-02 00:45:00,972.8433333333332,1767315150.5663393,149.32000000000002,151.983406295923
2026-01-02 01:00:00,972.9866666666667,1767316050.666118,148.3686723549488,151.05624196115423
2026-01-02 01:15:00,973.0966666666667,1767316950.753977,148.78257876712328,151.50930806498604
2026-01-02 01:30:00,973.1999999999999,1767317850.8919535,149.0508395904437,151.81228817497882
2026-01-02 01:45:00,973.1833333333334,1767318751.018879,147.9089006849315,150.64442221016705
2026-01-02 02:00:00,973.2033333333334,1767319651.1545284,147.97612627986348,150.71861831679752
2026-01-02 02:15:00,973.2266666666666,1767320551.2636492,149.25932191780822,152.0323358081366
2026-01-02 02:30:00,973.32,1767321449.831756,148.9708904109589,151.76545636546325
2026-01-02 02:45:00,973.3633333333333,1767322349.8099723,148.3721058020478,151.16788471506794
2026-01-02 03:00:00,973.3933333333333,1767323250.0293849,147.75406164383563,150.5467756585929
2026-01-02 03:15:00,973.3299999999999,1767324150.135463,148.40062798634813,151.18736884027825
2026-01-02 03:30:00,973.31,1767325050.4345396,147.9015719178082,150.6732155575157
2026-01-02 03:45:00,973.2566666666667,1767325950.73824,148.1959351535836,150.95779726513663
2026-01-02 04:00:00,973.36,1767326850.8635364,149.38570547945204,152.19961973991968
2026-01-02 04:15:00,973.4666666666667,1767327750.5936396,147.1832457337884,149.98606730390972
2026-01-02 04:30:00,973.4766666666666,1767328650.705769,147.87941438356162,150.69835638698262
2026-01-02 04:45:00,973.4900000000001,1767329550.8938882,147.1053037542662,149.91328707784112
2026-01-02 05:00:00,973.4566666666666,1767330451.1016245,149.70791438356164,152.5559148179188
2026-01-02 05:15:00,973.4399999999999,1767331349.691653,148.19393493150685,151.00835184804652
2026-01-02 05:30:00,973.4466666666667,1767332249.8948085,149.1919829351536,152.02727989182102
2026-01-02 05:45:00,973.5099999999999,1767333149.9411726,149.49909246575342,152.35855855020952
2026-01-02 06:00:00,973.5033333333334,1767334050.0826654,148.54031399317407,151.37952405527605
2026-01-02 06:15:00,973.5600000000001,1767334950.2099347,148.6631780821918,151.52104946530946
2026-01-02 06:30:00,973.6533333333333,1767335850.3889446,149.89858703071673,152.80730309576091
2026-01-02 06:45:00,973.6999999999999,1767336750.5075521,147.73122260273973,150.61123551977758
2026-01-02 07:00:00,973.8233333333333,1767337650.6472683,148.22880204778156,151.15393150647193
2026-01-02 07:15:00,973.8133333333334,1767338550.76311,148.30590753424656,151.22968519207305
2026-01-02 07:30:00,973.77,1767339450.9271858,147.99021501706486,150.8953447247926
2026-01-02 07:45:00,973.86,1767340351.0371552,148.8452808219178,151.793150353493
2026-01-02 08:00:00,973.8333333333334,1767341251.1721895,148.87401023890786,151.81475661187983
2026-01-02 08:15:00,973.9433333333333,1767342151.5567696,149.01090753424657,151.98611985430904
2026-01-02 08:30:00,973.9833333333332,1767343050.324074,149.17351712328767,152.16354016208518
2026-01-02 08:45:00,973.9433333333333,1767343950.4691567,147.54807508532423,150.49407989839113
2026-01-02 09:00:00,973.91,1767344850.5791821,148.0845479452055,151.03169854953427
2026-01-02 09:15:00,973.8566666666666,1767345750.802095,148.77260750853242,151.71807686643498
2026-01-02 09:30:00,973.8000000000001,1767346650.9693446,148.02090068493152,150.9352358325308
2026-01-02 09:45:00,973.7833333333333,1767347551.1608944,148.13206825938568,151.04380901934948
2026-01-02 10:00:00,973.7199999999999,1767348451.4492605,147.58247602739726,150.46530671028674
2026-01-02 10:15:00,973.6366666666667,1767349350.2105079,148.48456849315068,151.36105297531367
2026-01-02 10:30:00,973.6,1767350250.3916662,148.19664505119454,151.0570277939358
2026-01-02 10:45:00,973.59,1767351150.5662637,148.16751369863013,151.02446467732196
2026-01-02 11:00:00,973.5666666666666,1767352050.7419426,148.80449829351537,151.66700749154407
2026-01-02 11:15:00,973.5366666666665,1767352950.9835925,149.20814383561643,152.06974962370117
2026-01-02 11:30:00,973.5966666666667,1767353849.722761,148.5864691780822,151.4534168116537
2026-01-02 11:45:00,973.5300000000001,1767354749.886116,149.66445733788396,152.53288249227515
2026-01-02 12:00:00,973.5633333333334,1767355649.9873056,148.23445547945207,151.08504205338215
2026-01-02 12:15:00,973.4699999999999,1767356550.1525266,147.85507849829352,150.6716480808079
2026-01-02 12:30:00,973.3266666666667,1767357450.4048452,147.90319178082194,150.67963722271094
2026-01-02 12:45:00,973.2266666666668,1767358350.526864,150.00455631399316,152.79141553944453
2026-01-02 13:00:00,973.1,1767359250.6171045,148.8033595890411,151.53142943178088
2026-01-02 13:15:00,973.1166666666667,1767360150.7469573,148.421023890785,151.14687046630735
2026-01-02 13:30:00,973.11,1767361050.904488,149.04689041095892,151.78230883540758
2026-01-02 13:45:00,973.1233333333333,1767361951.1305337,149.33557337883957,152.08014257410426
2026-01-02 14:00:00,973.0533333333333,1767362851.5320222,148.80074657534246,151.51533355750323
2026-01-02 14:15:00,972.9466666666667,1767363750.2329605,149.14362328767123,151.83369065779678
2026-01-02 14:30:00,973.0433333333334,1767364650.467779,149.3415290102389,152.06309231453537
2026-01-02 14:45:00,973.02,1767365550.709633,149.32559589041097,152.0401282383487
2026-01-02 15:00:00,973.0333333333333,1767366450.9109619,147.59647440273037,150.28338084957454
2026-01-02 15:15:00,972.9266666666666,1767367351.0186853,149.41772602739726,152.10695714798283
2026-01-02 15:30:00,972.84,1767368251.104076,148.11927645051193,150.76031073911074
2026-01-02 15:45:00,972.7533333333334,1767369151.2622204,148.04638356164384,150.66130719880857
2026-01-02 16:00:00,972.77,1767370049.8898299,148.75435273972602,151.38657497488862
2026-01-02 16:15:00,972.7633333333333,1767370950.1175644,147.9908600682594,150.60766451976602
2026-01-02 16:30:00,972.69,1767371850.3849294,149.86865410958904,152.49741264362865
2026-01-02 16:45:00,972.65,1767372750.5855234,149.63990784982937,152.2530824053402
2026-01-02 17:00:00,972.6633333333333,1767373650.8298013,149.16701712328768,151.77577848513465
2026-01-02 17:15:00,972.6533333333333,1767374550.972847,149.4658771331058,152.0769757264017
2026-01-02 17:30:00,972.52,1767375451.1119468,149.83021575342465,152.40906398384243
2026-01-02 17:45:00,972.5100000000001,1767376349.7343569,149.3670719178082,151.93506181394088
2026-01-02 18:00:00,972.5566666666667,1767377249.9476492,149.67915017064848,152.26600578551245
2026-01-02 18:15:00,972.5033333333334,1767378149.9755037,148.41586643835615,150.96559051357053
2026-01-02 18:30:00,972.5966666666667,1767379050.0855267,149.7702866894198,152.3702970893634
2026-01-02 18:45:00,972.4900000000001,1767379950.2566266,149.36299657534246,151.9251431411142
2026-01-02 19:00:00,972.4333333333334,1767380850.4120183,149.18754607508532,151.7303458138077
2026-01-02 19:15:00,972.37,1767381750.521321,149.3075479452055,151.83412122851843
2026-01-02 19:30:00,972.35,1767382650.67508,149.17720819112628,151.69581132265884
2026-01-02 19:45:00,972.4066666666666,1767383550.759742,149.5872431506849,152.12914738075906
2026-01-02 20:00:00,972.4733333333334,1767384450.8283532,148.07149829351536,150.60672143661554
2026-01-02 20:15:00,972.4566666666666,1767385350.9074376,149.1052910958904,151.65341200695627
2026-01-02 20:30:00,972.4733333333334,1767386251.0067148,148.8157133105802,151.3636786164629
2026-01-02 20:45:00,972.4533333333334,1767387151.2260852,148.8011095890411,151.3430737095582
2026-01-02 21:00:00,972.41,1767388050.0069215,147.97264383561645,150.4880646107491
2026-01-02 21:15:00,972.3966666666666,1767388950.310149,148.1972218430034,150.71264216902173
2026-01-02 21:30:00,972.4499999999999,1767389850.5776489,149.3071404109589,151.85678727550712
2026-01-02 21:45:00,972.4633333333333,1767390750.7312386,148.7944266211604,151.33915199334362
2026-01-02 22:00:00,972.36,1767391651.0007808,148.30727397260276,150.81405518606363
2026-01-02 22:15:00,972.2666666666668,1767392551.0958607,147.16566552901025,149.62661443183492
2026-01-02 22:30:00,972.2800000000001,1767393451.2497299,149.016948630137,151.51269352353077
2026-01-02 22:45:00,972.3100000000001,1767394349.8428907,147.7870582191781,150.27077002315855
2026-01-02 23:00:00,972.225,1767395250.0592663,148.54114675767917,151.01314119462188
2026-01-02 23:15:00,972.1833333333334,1767396150.3651333,148.98043150684933,151.44774635191743
2026-01-02 23:30:00,972.1733333333333,1767397050.541066,147.4624266211604,149.90175311831192
2026-01-02 23:45:00,972.13,1767397950.694283,147.36539383561643,149.7907819323395
2026-01-03 00:00:00,972.0533333333333,1767398850.9106622,148.14537883959045,150.56167077176764
2026-01-03 00:15:00,971.9766666666666,1767399751.0534647,147.67295890410958,150.05968525075127
2026-01-03 00:30:00,972.0133333333333,1767400651.1736596,147.86929351535838,150.26966149159273
2026-01-03 00:45:00,971.9866666666667,1767401551.332247,147.81048287671234,150.2022857356286
2026-01-03 01:00:00,971.9900000000001,1767402450.014962,147.99980136986304,150.39562019819945
2026-01-03 01:15:00,971.8333333333334,1767403350.2552426,147.68259044368602,150.02860910243083
2026-01-03 01:30:00,971.81,1767404250.404669,150.0616575342466,152.43871070791954
2026-01-03 01:45:00,971.8666666666667,1767405150.7170382,148.88819453924916,151.26294456105188
2026-01-03 02:00:00,971.8466666666667,1767406050.9966753,148.57733904109588,150.94139507053688
2026-01-03 02:15:00,971.77,1767406951.2722523,148.09982593856657,150.4343692528726
2026-01-03 02:30:00,971.69,1767407851.4840684,148.8891780821918,151.21317804825554
2026-01-03 02:45:00,971.5466666666666,1767408750.2729518,147.34327397260273,149.60239677030546
2026-01-03 03:00:00,971.4699999999999,1767409650.763828,147.99874061433448,150.2460258426073
2026-01-03 03:15:00,971.4399999999999,1767410550.9658506,148.32960616438356,150.57333249235242
2026-01-03 03:30:00,971.4733333333334,1767411451.1510494,148.07158361774745,150.32092695931686
2026-01-03 03:45:00,971.2866666666667,1767412351.2685268,148.33412328767122,150.53405596724727
2026-01-03 04:00:00,971.2800000000001,1767413249.9481432,147.49717465753426,149.68279861824217
2026-01-03 04:15:00,971.2366666666667,1767414150.2964494,147.86750853242322,150.0462658098751
2026-01-03 04:30:00,971.1166666666667,1767415050.4895756,147.73555479452054,149.87819167289067
2026-01-03 04:45:00,971.0666666666666,1767415950.6897085,148.30064163822527,150.43718186752906
2026-01-03 05:00:00,970.9900000000001,1767416850.8509717,147.07121575342464,149.1683134351383
2026-01-03 05:15:00,970.9266666666666,1767417750.9426553,146.94216382252557,149.0194882539635
2026-01-03 05:30:00,970.8666666666667,1767418651.051653,148.57797602739726,150.66124960856757
2026-01-03 05:45:00,970.84,1767419549.8144147,147.74058219178082,149.80452403762015
2026-01-03 06:00:00,970.88,1767420450.052496,147.79493515358362,149.8710260776399
2026-01-03 06:15:00,970.8766666666667,1767421350.3161933,146.00045547945206,148.05040150418236
2026-01-03 06:30:00,970.8433333333332,1767422250.4625938,147.9229146757679,149.99035364960383
2026-01-03 06:45:00,970.8533333333334,1767423150.638267,147.44723630136986,149.51086765405162
2026-01-03 07:00:00,970.8666666666668,1767424050.7926683,147.6498327645051,149.72009246306092
2026-01-03 07:15:00,970.8133333333334,1767424950.9364576,147.47981164383563,149.53253400769114
2026-01-03 07:30:00,970.7800000000001,1767425849.6810794,148.60476712328767,150.66360503718155
2026-01-03 07:45:00,970.8699999999999,1767426749.988468,147.39278498293515,149.4603870871181
2026-01-03 08:00:00,970.9233333333333,1767427650.1686616,147.71525342465753,149.80255828736762
2026-01-03 08:15:00,971.0033333333332,1767428550.3806348,147.49135494880545,149.59823319553777
2026-01-03 08:30:00,970.8866666666667,1767429450.6432917,147.82132191780823,149.89968221678635
2026-01-03 08:45:00,970.93,1767430350.8757172,148.85266552901024,150.95795482689695
2026-01-03 09:00:00,970.9366666666666,1767431250.8724642,148.32721575342464,150.42697877831156
2026-01-03 09:15:00,970.9433333333333,1767432151.1080139,147.7776109215017,149.87149194141907
2026-01-03 09:30:00,970.89,1767433051.3027744,148.51878767123287,150.60790815044174
2026-01-03 09:45:00,970.8433333333334,1767433949.9602654,148.31207191780823,150.38494993299156
2026-01-03 10:00:00,970.7933333333334,1767434850.0494177,148.0397337883959,150.0945458209269
2026-01-03 10:15:00,970.7833333333333,1767435750.235806,147.56452739726026,149.60990088406743
2026-01-03 10:30:00,970.7399999999999,1767436650.4777784,149.28336518771331,151.34010242242627
2026-01-03 10:45:00,970.7233333333334,1767437550.6763227,148.34432534246574,150.38336283062148
2026-01-03 11:00:00,970.7066666666666,1767438451.0832999,147.93225597269623,149.96088060668765
2026-01-03 11:15:00,970.6700000000001,1767439351.3225806,147.96922602739727,149.9879081175619
2026-01-03 11:30:00,970.5300000000001,1767440249.9649994,148.64167123287672,150.62945444662185
2026-01-03 11:45:00,970.46,1767441150.1939535,148.63559726962458,150.60326768966257
2026-01-03 12:00:00,970.4266666666666,1767442050.523192,148.73419520547947,150.69362665455498
2026-01-03 12:15:00,970.2800000000001,1767442950.8498793,148.37206825938568,150.28484381842466
2026-01-03 12:30:00,970.2433333333333,1767443850.9924123,147.50507876712328,149.39626901205273
2026-01-03 12:45:00,970.2866666666667,1767444751.1487973,148.75801365187712,150.6776732940687
2026-01-03 13:00:00,970.23,1767445651.2847705,149.20418150684932,151.1133280134732
2026-01-03 13:15:00,970.2199999999999,1767446549.9492738,148.8873698630137,150.7895975673301
2026-01-03 13:30:00,970.0966666666667,1767447450.145606,149.3394744027304,151.2120401507876
2026-01-03 13:45:00,969.9966666666666,1767448350.3070772,148.41152739726027,150.2439085750517
2026-01-03 14:00:00,969.9866666666667,1767449250.5394351,147.9700784982935,149.79416315681718
2026-01-03 14:15:00,969.9633333333333,1767450150.6622782,149.27049657534246,151.10391290420765
2026-01-03 14:30:00,969.8299999999999,1767451050.6055882,147.39154266211605,149.16408769876674
2026-01-03 14:45:00,969.82,1767451950.3463893,148.74969178082193,150.5357098452945
2026-01-03 15:00:00,969.75,1767452850.4861028,149.02272354948806,150.79196320579752
2026-01-03 15:15:00,969.7166666666667,1767453750.7551892,147.7572979452055,149.50204535038415
2026-01-03 15:30:00,969.6899999999999,1767454650.956604,148.28756313993173,150.0309702596967
2026-01-03 15:45:00,969.6033333333334,1767455551.2486124,148.81690753424655,150.541746872473
2026-01-03 16:00:00,969.5633333333334,1767456449.8239439,148.14941780821917,149.85513128729585
2026-01-03 16:15:00,969.46,1767457349.9238868,150.2806109215017,151.98101995318973
2026-01-03 16:30:00,969.4,1767458250.0874093,149.13975684931506,150.81006391196723
2026-01-03 16:45:00,969.25,1767459150.210464,149.23643003412968,150.86481719823612
2026-01-03 17:00:00,969.21,1767460050.4719887,148.28476712328768,149.89137807907932
2026-01-03 17:15:00,969.15,1767460950.7426775,150.81020136518774,152.4267968275252
2026-01-03 17:30:00,969.02,1767461850.8640049,149.11664383561643,150.67786334177111
2026-01-03 17:45:00,968.9499999999999,1767462750.9923654,150.7745290102389,152.3328446054205
2026-01-03 18:00:00,968.8266666666667,1767463651.1592696,149.99724315068494,151.51201670670923
2026-01-03 18:15:00,968.7533333333334,1767464549.832868,149.25310273972605,150.73935698250764
2026-01-03 18:30:00,968.6633333333333,1767465450.0104785,149.10190443686008,150.5609049390565
2026-01-03 18:45:00,968.5566666666667,1767466350.2083025,149.1995719178082,150.6289975509408
2026-01-03 19:00:00,968.5533333333333,1767467250.469768,150.04083276450513,151.47735884542453
2026-01-03 19:15:00,968.5,1767468150.6149135,148.33003424657534,149.73500682556144
2026-01-03 19:30:00,968.4166666666666,1767469050.7612247,150.0031604095563,151.400007166681
2026-01-03 19:45:00,968.4633333333335,1767469950.8709865,149.9194006849315,151.328884694762
2026-01-03 20:00:00,968.3133333333334,1767470851.0069776,149.44234129692833,150.80435481333123
2026-01-03 20:15:00,968.1966666666667,1767471751.2121973,148.1964417808219,149.51395426883292
2026-01-03 20:30:00,968.2966666666666,1767472650.0053482,150.3215308219178,151.68675375829986
2026-01-03 20:45:00,968.18,1767473550.1649032,150.3665153583618,151.69851661341085
2026-01-03 21:00:00,968.13,1767474450.283229,148.6856198630137,149.9884815521253
2026-01-03 21:15:00,968.02,1767475350.4383476,149.0310204778157,150.305491618255
2026-01-03 21:30:00,967.9699999999999,1767476250.5096714,150.24789726027396,151.5183798569835
2026-01-03 21:45:00,967.9333333333334,1767477150.6961808,148.75225938566552,149.99964466485144
2026-01-03 22:00:00,967.7566666666667,1767478050.91682,149.19055821917806,150.39112915920296
2026-01-03 22:15:00,967.68,1767478951.07756,149.54509897610922,150.7265655520583
2026-01-03 22:30:00,967.6466666666666,1767479851.2794237,150.07076369863015,151.24680397023448
2026-01-03 22:45:00,967.4900000000001,1767480750.006602,149.08775684931507,150.21137414297823
2026-01-03 23:00:00,967.3333333333334,1767481650.1823416,150.47808873720138,151.5670612521359
2026-01-03 23:15:00,967.1466666666666,1767482550.3788137,149.13314383561644,150.15911743978134
2026-01-03 23:30:00,966.93,1767483450.5893269,148.85223208191127,149.81458676300682
2026-01-03 23:45:00,966.8166666666666,1767484350.8245175,150.11230479452055,151.05027639558867
2026-01-04 00:00:00,966.6866666666666,1767485250.9581463,149.00315358361775,149.89716551849165
2026-01-04 00:15:00,966.4933333333333,1767486151.1100295,150.35724657534246,151.203830595068
2026-01-04 00:30:00,966.43,1767487049.7356722,150.32975,151.15798876162364
2026-01-04 00:45:00,966.3233333333333,1767487950.0140095,150.0763242320819,150.87258680656552
2026-01-04 01:00:00,966.1633333333333,1767488850.3594344,150.883301369863,151.63774065629363
2026-01-04 01:15:00,965.9233333333333,1767489750.6005275,150.11770989761092,150.7995408397623
2026-01-04 01:30:00,965.7599999999999,1767490650.9902706,148.9384315068493,149.56848290674958
2026-01-04 01:45:00,965.66,1767491551.1418831,150.73646075085324,151.34535996914488
2026-01-04 02:00:00,965.61,1767492451.3304875,151.48893150684933,152.08642143084336
2026-01-04 02:15:00,965.4833333333332,1767493350.0240216,149.7954280821918,150.35005003227738
2026-01-04 02:30:00,965.35,1767494250.232986,149.3136723549488,149.8285492163364
2026-01-04 02:45:00,965.2733333333332,1767495150.662024,150.57016095890413,151.06736347544265
2026-01-04 03:00:00,965.1,1767496050.8528945,150.4584505119454,150.90557772439269
2026-01-04 03:15:00,964.88,1767496951.0266278,150.84785273972602,151.2329085945848
2026-01-04 03:30:00,964.6833333333334,1767497851.1873357,149.93333447098976,150.25989830986384
2026-01-04 03:45:00,964.6,1767498751.4501946,150.5480993150685,150.85211533957323
2026-01-04 04:00:00,964.4466666666667,1767499650.2048235,148.88930479452057,149.14651337733972
2026-01-04 04:15:00,964.2166666666667,1767500550.295484,151.87578156996588,152.0716794911838
2026-01-04 04:30:00,963.9833333333332,1767501450.5483296,151.41959589041096,151.5477043536326
2026-01-04 04:45:00,963.7666666666668,1767502350.711269,150.7519590443686,150.81740337486812
2026-01-04 05:00:00,963.3866666666667,1767503250.8790343,150.70387671232876,150.6604840219953
2026-01-04 05:15:00,963.1333333333333,1767504151.0749273,151.38977133105803,151.27335071611017
2026-01-04 05:30:00,963.0166666666668,1767505051.2583709,150.1897602739726,150.0409997076795
2026-01-04 05:45:00,962.8433333333332,1767505949.8788414,151.3269417808219,151.1272754084186
2026-01-04 06:00:00,962.7133333333335,1767506850.0872498,150.53124232081913,150.29549825062313
2026-01-04 06:15:00,962.6166666666667,1767507750.2097352,151.5235993150685,151.25851743466325
2026-01-04 06:30:00,962.44,1767508650.360587,150.4163822525597,150.10284440656207
2026-01-04 06:45:00,962.1033333333334,1767509550.4799595,150.4221095890411,150.01257106618766
2026-01-04 07:00:00,961.9033333333333,1767510450.6153803,151.88629351535837,151.41521989516067
2026-01-04 07:15:00,961.65,1767511350.7987173,150.24955479452055,149.7114790302064
2026-01-04 07:30:00,961.4266666666666,1767512250.9687064,150.4132696245734,149.81102426186865
2026-01-04 07:45:00,961.2199999999999,1767513151.1255844,150.39482534246574,149.7338467939842
2026-01-04 08:00:00,961.0733333333334,1767514049.78111,150.56730479452054,149.8638003414606
2026-01-04 08:15:00,960.9033333333333,1767514950.011279,150.8625119453925,150.10913509679222
2026-01-04 08:30:00,960.69,1767515850.1539881,151.59067123287673,150.77253258370553
2026-01-04 08:45:00,960.4666666666667,1767516750.3571332,151.02977133105801,150.15093230718648
2026-01-04 09:00:00,960.2533333333332,1767517650.5773158,151.90566095890412,150.9605234170642
2026-01-04 09:15:00,960.0766666666667,1767518550.762711,152.13392150170648,151.13662370995587
2026-01-04 09:30:00,959.9833333333332,1767519450.9014122,151.6802876712329,150.6592443529218
2026-01-04 09:45:00,959.7800000000001,1767520351.035012,151.83896928327644,150.75860346601257
2026-01-04 10:00:00,959.54,1767521251.19595,151.8111301369863,150.66224475099304
2026-01-04 10:15:00,959.3133333333334,1767522149.800728,151.72171232876713,150.50867061704307
2026-01-04 10:30:00,958.9933333333333,1767523049.9450443,151.51764163822526,150.2148730944944
2026-01-04 10:45:00,958.86,1767523950.1995187,152.59685958904112,151.24649115640398
2026-01-04 11:00:00,958.6766666666667,1767524850.5180368,151.528180887372,150.13496334276323
2026-01-04 11:15:00,958.5033333333334,1767525750.7904453,152.3245719178082,150.87433586877603
2026-01-04 11:30:00,958.29,1767526650.9534822,151.56603754266212,150.0621857344929
2026-01-04 11:45:00,958.1133333333333,1767527551.2136135,152.23193150684932,150.67088895487606
2026-01-04 12:00:00,957.96,1767528449.9113886,153.24621917808219,151.63059426311972
2026-01-04 12:15:00,957.8299999999999,1767529350.1487787,152.21952218430033,150.57752415879827
2026-01-04 12:30:00,957.5600000000001,1767530250.272833,152.14925684931507,150.43082596729795
2026-01-04 12:45:00,957.1966666666667,1767531150.4454248,153.5465699658703,151.707592339303
2026-01-04 13:00:00,957.0066666666667,1767532050.315794,152.27831506849313,150.40022263909654
2026-01-04 13:15:00,956.8633333333333,1767532950.4524195,152.727,150.80229972416177
2026-01-04 13:30:00,956.6333333333333,1767533850.7063248,152.07232534246575,150.09027164298027
2026-01-04 13:45:00,956.4366666666666,1767534750.8952992,153.15068941979524,151.09810985000982
2026-01-04 14:00:00,956.29,1767535651.2209067,152.07100684931507,149.99109422365598
2026-01-04 14:15:00,956.25,1767536549.8463984,152.30502739726026,150.2104975832772
2026-01-04 14:30:00,956.2366666666667,1767537450.0430543,152.5511228668942,150.4493972647893
2026-01-04 14:45:00,956.1066666666667,1767538350.34249,152.5289726027397,150.390401151957
2026-01-04 15:00:00,955.9766666666666,1767539250.530929,152.7313242320819,150.55272454267782
2026-01-04 15:15:00,955.9499999999999,1767540150.6729214,153.43916780821917,151.242808089214
2026-01-04 15:30:00,955.8433333333334,1767541050.773283,152.6597986348123,150.4441018714986
2026-01-04 15:45:00,955.6633333333334,1767541950.8436966,153.51048630136987,151.23071295024653
2026-01-04 16:00:00,955.59,1767542850.9208982,152.71374402730376,150.42484238428827
2026-01-04 16:15:00,955.5566666666667,1767543751.060607,152.24072602739727,149.94941696789306
2026-01-04 16:30:00,955.5533333333333,1767544651.2049563,153.4993037542662,151.1880948602778
2026-01-04 16:45:00,955.4966666666666,1767545551.3830082,152.9956198630137,150.67577120714336
2026-01-04 17:00:00,955.39,1767546450.0756292,153.00754794520546,150.65698218306656
2026-01-04 17:15:00,955.3266666666667,1767547350.1903133,153.1777781569966,150.80644911275022
2026-01-04 17:30:00,955.3033333333333,1767548250.3214846,153.4975616438356,151.1145825034596
2026-01-04 17:45:00,955.2233333333334,1767549150.3949242,153.44679863481227,151.04164749149476
2026-01-04 18:00:00,955.25,1767550050.8171003,153.3290684931507,150.93340977107184
2026-01-04 18:15:00,955.25,1767550950.6472027,152.514614334471,150.1316808850893
2026-01-04 18:30:00,955.2966666666666,1767551850.9790697,152.2126404109589,149.84771099950908
2026-01-04 18:45:00,955.2766666666666,1767552751.1386123,153.27708532423208,150.88988369632978
2026-01-04 19:00:00,955.2733333333334,1767553651.4531543,153.27269520547947,150.88460634559542
2026-01-04 19:15:00,955.1999999999999,1767554550.344054,152.66804452054797,150.26843765286833
2026-01-04 19:30:00,955.3233333333334,1767555450.4894896,153.5726928327645,151.19429258914693
2026-01-04 19:45:00,955.3433333333332,1767556350.5697515,153.08040410958904,150.7153550800555
2026-01-04 20:00:00,955.3333333333334,1767557250.6364448,153.3675563139932,150.99520192787207
2026-01-04 20:15:00,955.3433333333332,1767558150.889383,153.61063356164382,151.2373926367576
2026-01-04 20:30:00,955.36,1767559051.0476127,153.99431058020477,151.61994317587303
2026-01-04 20:45:00,955.4066666666668,1767559950.950033,152.0930102739726,149.76123638500437
2026-01-04 21:00:00,955.5466666666666,1767560850.6523125,153.78276450511945,151.46536902473974
2026-01-04 21:15:00,955.6066666666667,1767561750.7441833,153.04614041095888,150.75703064694702
2026-01-04 21:30:00,955.5300000000001,1767562650.9082801,152.83298976109214,150.5251399970087
2026-01-04 21:45:00,955.5466666666666,1767563551.1002843,153.2705993150685,150.96092179515367
2026-01-04 22:00:00,955.64,1767564449.8512766,153.84511301369864,151.55365111751885
2026-01-04 22:15:00,955.5933333333332,1767565350.0745406,153.41917747440274,151.1206597598026
2026-01-04 22:30:00,955.59,1767566250.4418218,153.06274657534246,150.76861401803885
2026-01-04 22:45:00,955.6666666666666,1767567150.5976083,152.99935494880546,150.7281269816176
2026-01-04 23:00:00,955.7366666666667,1767568050.8181002,153.38129452054795,151.1244950001605
2026-01-04 23:15:00,955.9,1767568950.9815762,151.76817747440273,149.58152573381003
2026-01-04 23:30:00,955.8533333333334,1767569851.0857756,152.50188698630137,150.2913376531282
2026-01-04 23:45:00,955.8366666666667,1767570751.2296045,152.84530034129693,150.6250032866027
2026-01-05 00:00:00,955.8466666666667,1767571651.3425224,153.33972260273973,151.1151145159615
2026-01-05 00:15:00,955.9,1767572550.0194283,153.3889589041096,151.17895520269502
2026-01-05 00:30:00,956.0133333333333,1767573450.1845903,153.26624232081912,151.09053802692424
2026-01-05 00:45:00,955.9966666666666,1767574350.3890855,152.54495547945206,150.37472833395086
2026-01-05 01:00:00,956.0033333333334,1767575250.5996256,153.17693174061432,150.99962624268642
2026-01-05 01:15:00,955.9966666666666,1767576150.7631476,151.73387328767123,149.5751852493421
2026-01-05 01:30:00,956.0266666666666,1767577050.913948,153.47344709897612,151.2986342617883
2026-01-05 01:45:00,956.0500000000001,1767577951.1030395,152.61709246575342,150.4610849923093
2026-01-05 02:00:00,956.1166666666667,1767578851.2420523,152.3418600682594,150.20876601603902
2026-01-05 02:15:00,956.1333333333333,1767579751.5139937,150.6786917808219,148.57359020315425
2026-01-05 02:30:00,956.2333333333332,1767580650.2315853,152.41922260273972,150.31836219615153
2026-01-05 02:45:00,956.3433333333332,1767581550.4371433,152.98345392491467,150.90635260477754
2026-01-05 03:00:00,956.4266666666667,1767582450.6293056,152.56662328767123,150.51901168985088
2026-01-05 03:15:00,956.4866666666667,1767583350.8149357,152.97632764505119,150.94042359242837
2026-01-05 03:30:00,956.5666666666666,1767584250.952308,152.56257876712328,150.55506377230802
2026-01-05 03:45:00,956.5633333333334,1767585151.1455047,152.87949829351535,150.86685757781464
2026-01-05 04:00:00,956.62,1767586051.4496284,152.3342859589041,150.3450091744367
2026-01-05 04:15:00,956.6466666666666,1767586950.1202013,153.04644520547944,151.05552188416647
2026-01-05 04:30:00,956.6766666666666,1767587850.3300922,152.97487713310582,150.99349119749226
2026-01-05 04:45:00,956.73,1767588750.49694,152.9156301369863,150.95030711269575
2026-01-05 05:00:00,956.6999999999999,1767589650.8142521,153.27770307167236,151.2991022698295
2026-01-05 05:15:00,956.7199999999999,1767590551.0610907,152.46651369863014,150.50410326448073
2026-01-05 05:30:00,956.7533333333334,1767591449.8173149,153.09283219178081,151.13193174097012
2026-01-05 05:45:00,956.82,1767592350.1542163,153.89862457337884,151.94664842999563
2026-01-05 06:00:00,956.96,1767593250.4040997,151.0283424657534,149.15244087331376
2026-01-05 06:15:00,957.0933333333332,1767594150.5816197,153.33641638225257,151.47021412563774
2026-01-05 06:30:00,957.1266666666667,1767595050.9216435,153.396301369863,151.53896743867276
2026-01-05 06:45:00,957.2566666666667,1767595951.0246172,153.13455290102388,151.3177591109495
2026-01-05 07:00:00,957.3466666666667,1767596851.2185254,152.55256164383562,150.768451819843
2026-01-05 07:15:00,957.4966666666666,1767597749.8660338,153.99697602739727,152.2393557392345
2026-01-05 07:30:00,957.66,1767598650.1635888,153.20303071672353,151.50148066355473
2026-01-05 07:45:00,957.7666666666668,1767599550.269318,152.54975000000002,150.88603208228645
2026-01-05 08:00:00,957.8299999999999,1767600450.4142463,151.15594880546075,149.52542358819622
2026-01-05 08:15:00,957.96,1767601350.6735487,153.53343150684933,151.91477860596507
2026-01-05 08:30:00,958.14,1767602250.8588758,151.49733105802048,149.95141871693463
2026-01-05 08:45:00,958.3000000000001,1767603150.978779,153.2519006849315,151.73420451407202
2026-01-05 09:00:00,958.3733333333333,1767604051.0963838,152.45106825938566,150.96233557475506
2026-01-05 09:15:00,958.3666666666667,1767604951.3110986,153.7957123287671,152.2919197282033
2026-01-05 09:30:00,958.5,1767605850.0139558,152.4007910958904,150.94887337462228
2026-01-05 09:45:00,958.6533333333333,1767606750.3156626,152.77017747440271,151.3588300701122
2026-01-05 10:00:00,958.66,1767607650.4111834,152.11761643835615,150.71420666880522
2026-01-05 10:15:00,958.7766666666666,1767608550.5211473,153.49351535836178,152.11112602231236
2026-01-05 10:30:00,958.9233333333333,1767609450.746781,152.02608561643834,150.69890111797176
2026-01-05 10:45:00,958.9833333333332,1767610350.95159,152.1142218430034,150.80345853153983
2026-01-05 11:00:00,959.0099999999999,1767611251.0603998,152.2840616438356,150.97948426173716
2026-01-05 11:15:00,959.0366666666667,1767612151.2526202,152.3927781569966,151.09492471146035
2026-01-05 11:30:00,959.0166666666668,1767613051.5063336,151.70333219178082,150.4056348916723
2026-01-05 11:45:00,959.1366666666667,1767613950.1935766,152.24388013698632,150.9759774925596
2026-01-05 12:00:00,959.2733333333334,1767614850.2944028,152.2354300341297,151.00680410598173
2026-01-05 12:15:00,959.2433333333333,1767615750.538765,152.17299315068493,150.93626751101226
2026-01-05 12:30:00,959.1833333333334,1767616650.732344,152.85296245733787,151.59342800096383
2026-01-05 12:45:00,959.2599999999999,1767617550.9132445,151.493051369863,150.26661005461327
2026-01-05 13:00:00,959.2766666666666,1767618451.0749123,152.40719795221844,151.17814321847027
2026-01-05 13:15:00,959.3966666666666,1767619351.1426804,152.83511643835615,151.63718018498022
2026-01-05 13:30:00,959.4433333333333,1767620250.6167412,152.15409215017064,150.97487967615342
2026-01-05 13:45:00,959.5133333333333,1767621150.6539705,151.34456164383562,150.1915972825213
2026-01-05 14:00:00,959.4833333333332,1767622050.874429,152.29864505119454,151.12979770302036
2026-01-05 14:15:00,959.6866666666666,1767622951.0979269,153.15126027397258,152.03459404161816
2026-01-05 14:30:00,959.6433333333334,1767623849.7756948,152.90437671232877,151.777013751227
2026-01-05 14:45:00,959.86,1767624750.224745,152.17048805460752,151.11073049789184
2026-01-05 15:00:00,960.0500000000001,1767625650.4326708,150.26832876712328,149.27569717713953
2026-01-05 15:15:00,960.0333333333333,1767626550.5699413,152.37353924914675,151.36220800049443
2026-01-05 15:30:00,960.1633333333333,1767627450.8005915,152.64198630136985,151.66633027763532
2026-01-05 15:45:00,960.2733333333334,1767628350.999794,151.49407508532425,150.55721944364524
2026-01-05 16:00:00,960.3866666666667,1767629251.0708346,153.0949109589041,152.1809216733286
2026-01-05 16:15:00,960.4499999999999,1767630151.18258,152.7495699658703,151.85591462358877
2026-01-05 16:30:00,960.5033333333334,1767631051.4050567,151.2406095890411,150.37101918460488
2026-01-05 16:45:00,960.5333333333333,1767631950.154501,152.08379794520548,151.21797862714675
2026-01-05 17:00:00,960.5566666666667,1767632850.3856423,152.33548122866895,151.4749443076659
2026-01-05 17:15:00,960.66,1767633750.5692327,152.11922260273974,151.28960759518043
2026-01-05 17:30:00,960.77,1767634650.690839,151.90590443686006,151.10903129342555
2026-01-05 17:45:00,960.9566666666666,1767635550.8918047,152.8355205479452,152.0877016666833
2026-01-05 18:00:00,961.0233333333332,1767636451.1613595,151.98882252559727,151.26430544021306
2026-01-05 18:15:00,961.1566666666668,1767637351.3099446,149.69639726027395,149.02055505297275
2026-01-05 18:30:00,961.1700000000001,1767638249.9960616,151.70331849315068,151.0222413812013
2026-01-05 18:45:00,961.29,1767639150.211563,152.16872696245733,151.5201030291299
2026-01-05 19:00:00,961.4233333333333,1767640050.608421,152.39549657534246,151.78435319544718
2026-01-05 19:15:00,961.5633333333334,1767640950.984648,152.39412627986349,151.82336804035756
2026-01-05 19:30:00,961.5766666666667,1767641851.1284957,152.78748630136988,152.2191109881956
2026-01-05 19:45:00,961.6533333333333,1767642749.7784462,152.30822945205477,151.76374230117378
2026-01-05 20:00:00,961.7133333333333,1767643649.9069226,151.38841638225256,150.8644150369358
2026-01-05 20:15:00,961.79,1767644550.0610619,152.1783698630137,151.67372644554524
2026-01-05 20:30:00,961.9033333333333,1767645450.2357466,151.7009556313993,151.23045683455092
2026-01-05 20:45:00,962.0466666666666,1767646350.1677895,152.58453767123288,152.15272907284782
2026-01-05 21:00:00,962.1999999999999,1767647250.294092,151.27439590443686,150.89024791489825
2026-01-05 21:15:00,962.2800000000001,1767648150.4581351,152.37795547945205,152.01410948634478
2026-01-05 21:30:00,962.4133333333333,1767649050.6888027,151.8563310580205,151.53211386598173
2026-01-05 21:45:00,962.4933333333333,1767649950.9637606,151.61687328767124,151.31616565342532
2026-01-05 22:00:00,962.5166666666668,1767650851.0948188,152.5925733788396,152.29668227062004
2026-01-05 22:15:00,962.5966666666667,1767651751.2909207,152.5091198630137,152.23652877270342
2026-01-05 22:30:00,962.7266666666668,1767652650.0359836,152.35572260273972,152.12097493177623
2026-01-05 22:45:00,962.8299999999999,1767653550.2470431,152.68621160409555,152.48088886262332
2026-01-05 23:00:00,962.89,1767654450.4052017,152.22599315068493,152.03862069667431
2026-01-05 23:15:00,963.0333333333333,1767655350.5512588,152.7439419795222,152.5974837140574
2026-01-05 23:30:00,963.1066666666667,1767656250.682039,152.88147260273973,152.75616500921365
2026-01-05 23:45:00,963.14,1767657150.9605212,153.35227645051194,153.23628762542967
2026-01-06 00:00:00,963.2266666666668,1767658051.1677704,150.20123630136985,150.11234724737722
2026-01-06 00:15:00,963.2800000000001,1767658949.7679083,152.6038801369863,152.5290246903845
2026-01-06 00:30:00,963.4499999999999,1767659849.9373436,151.48855631399317,151.4631626588205
2026-01-06 00:45:00,963.52,1767660750.3934011,151.86149657534247,151.85623594145568
2026-01-06 01:00:00,963.5799999999999,1767661650.5254426,152.51676450511945,152.5288684720081
2026-01-06 01:15:00,963.69,1767662550.6983666,150.5723390410959,150.61576410076782
2026-01-06 01:30:00,963.84,1767663450.8034396,151.2740784982935,151.3608376317783
2026-01-06 01:45:00,963.9200000000001,1767664350.9974952,150.63750000000002,150.7468058143452
2026-01-06 02:00:00,964.07,1767665249.6432717,151.91562671232876,152.06919350777022
2026-01-06 02:15:00,964.1899999999999,1767666149.8438199,151.66356655290105,151.8514967431782
2026-01-06 02:30:00,964.4033333333333,1767667051.3521872,151.67086348122868,151.92036862453057
2026-01-06 02:45:00,964.5566666666667,1767667951.3215973,152.21394863013697,152.5087715893629
2026-01-06 03:00:00,964.5933333333332,1767668850.0819235,151.00598972602742,151.3090138189927
2026-01-06 03:15:00,964.7166666666667,1767669750.3097055,151.6265529010239,151.96642890741467
2026-01-06 03:30:00,964.7433333333333,1767670650.4475446,152.98191780821918,153.3326005654852
2026-01-06 03:45:00,964.7166666666667,1767671550.6384077,151.07940614334473,151.4180557019178
2026-01-06 04:00:00,964.73,1767672450.7628546,151.89681849315068,152.24115703606154
2026-01-06 04:15:00,964.8133333333334,1767673350.9532568,150.95069624573378,151.3168466055159
2026-01-06 04:30:00,964.84,1767674251.0679073,152.1147397260274,152.49143966044232
2026-01-06 04:45:00,964.93,1767675149.7728553,150.14392465753423,150.54148441970585
2026-01-06 05:00:00,965.0600000000001,1767676049.9774804,149.2805119453925,149.71275999866162
2026-01-06 05:15:00,965.18,1767676950.125165,150.80347602739727,151.27462056961292
2026-01-06 05:30:00,965.2566666666667,1767677850.3352406,151.560156996587,152.05581343352424
2026-01-06 05:45:00,965.27,1767678750.5436306,151.00664383561644,151.50432814569197
2026-01-06 06:00:00,965.35,1767679650.6931984,151.91653583617747,152.440388125995
2026-01-06 06:15:00,965.4333333333334,1767680550.788801,150.8515684931507,151.39571755760974
2026-01-06 06:30:00,965.57,1767681450.8834956,151.3549146757679,151.9403281180777
2026-01-06 06:45:00,965.7233333333334,1767682351.048984,150.31903767123288,150.944413262568
2026-01-06 07:00:00,965.7933333333334,1767683251.152719,149.99268941979523,150.6367406515969
2026-01-06 07:15:00,965.8766666666667,1767684151.3818123,149.79235616438356,150.45936803580045
2026-01-06 07:30:00,965.9966666666666,1767685050.4278338,151.19570547945204,151.90359641098408
2026-01-06 07:45:00,966.0799999999999,1767685950.580127,151.8146928327645,152.54963361286943
2026-01-06 08:00:00,966.2466666666666,1767686850.8083296,151.81429794520548,152.59755172142548
2026-01-06 08:15:00,966.4466666666667,1767687751.064826,150.27654948805463,151.10928019396042
2026-01-06 08:30:00,966.6366666666667,1767688651.0913813,151.83594520547945,152.7324434858993
2026-01-06 08:45:00,966.7400000000001,1767689551.1188028,150.3505051194539,151.2679288072023
2026-01-06 09:00:00,966.8966666666666,1767690451.2178042,149.6148698630137,150.57261855762388
2026-01-06 09:15:00,967.0300000000001,1767691349.849709,152.04573287671232,153.0578122986334
2026-01-06 09:30:00,967.0833333333334,1767692250.1402423,150.77660409556313,151.79561684676952
2026-01-06 09:45:00,967.1966666666667,1767693150.2633388,151.26805821917807,152.32318915628446
2026-01-06 10:00:00,967.3533333333334,1767694050.510888,149.53264505119455,150.6204990954574
2026-01-06 10:15:00,967.4499999999999,1767694950.6622884,150.68307534246574,151.80717815632323
2026-01-06 10:30:00,967.5733333333334,1767695850.861496,150.58391126279864,151.7428285448561
2026-01-06 10:45:00,967.6133333333333,1767696750.3200333,151.23287328767125,152.4083676785522
2026-01-06 11:00:00,967.9,1767697650.4346359,150.4768361774744,151.72907335212747
2026-01-06 11:15:00,968.1333333333333,1767698550.5520978,150.45167465753426,151.77097266175778
2026-01-06 11:30:00,968.2133333333335,1767699450.6922824,151.11835153583618,152.46666874563667
2026-01-06 11:45:00,968.3733333333333,1767700350.8668072,150.53424657534248,151.92352998261333
2026-01-06 12:00:00,968.5566666666667,1767701250.9767673,150.2487781569966,151.68825584506112
2026-01-06 12:15:00,968.6733333333333,1767702151.076175,150.40529452054793,151.87993472145044
2026-01-06 12:30:00,968.73,1767703051.0955884,148.8253686006826,150.30070001153655
2026-01-06 12:45:00,968.7766666666666,1767703951.6761525,150.3992397260274,151.90364138379158
2026-01-06 13:00:00,968.81,1767704850.6339877,150.9084794520548,152.42762833690145
2026-01-06 13:15:00,968.9266666666666,1767705750.841437,149.2893822525597,150.82566150419203
2026-01-06 13:30:00,969.0300000000001,1767706650.94205,151.2779006849315,152.86465249085828
2026-01-06 13:45:00,969.0766666666667,1767707551.0732074,150.95982593856655,152.55676756327358
2026-01-06 14:00:00,969.1266666666667,1767708451.2005267,150.7505616438356,152.35976303801985
2026-01-06 14:15:00,969.1999999999999,1767709349.8707755,150.43695547945205,152.0639953617745
2026-01-06 14:30:00,969.2833333333333,1767710249.9219027,150.7987781569966,152.45386792423017
2026-01-06 14:45:00,969.3933333333333,1767711150.0294418,150.44702397260275,152.1300449239939
2026-01-06 15:00:00,969.5366666666667,1767712050.3927205,150.55458703071673,152.28027661753526
2026-01-06 15:15:00,969.6933333333333,1767712950.7016377,150.66333219178082,152.4356364945593
2026-01-06 15:30:00,969.7333333333332,1767713850.8665192,149.51521160409558,151.28550743341233
2026-01-06 15:45:00,969.7933333333334,1767714750.991701,151.01905821917808,152.82458096094726
2026-01-06 16:00:00,969.9233333333333,1767715651.0827742,150.24143686006826,152.07522061647143
2026-01-06 16:15:00,970.1533333333333,1767716551.260413,150.87603424657536,152.78431579122991
2026-01-06 16:30:00,970.2666666666668,1767717449.8917966,151.42721575342466,153.37549194742078
2026-01-06 16:45:00,970.34,1767718349.945801,149.8550819112628,151.8042808126551
2026-01-06 17:00:00,970.4466666666667,1767719250.1062803,149.5561267123288,151.53214443873478
2026-01-06 17:15:00,970.5566666666667,1767720150.2507513,152.04643686006827,154.08755886724654
2026-01-06 17:30:00,970.61,1767721050.4087772,150.63653767123287,152.67420292419553
2026-01-06 17:45:00,970.68,1767721950.576301,149.57497269624574,151.6184420377708
2026-01-06 18:00:00,970.7233333333334,1767722850.675011,149.2718082191781,151.32359423917606
2026-01-06 18:15:00,970.8633333333333,1767723750.8932812,150.51205460750853,152.62148010287962
2026-01-06 18:30:00,970.9966666666666,1767724651.2697988,149.0190376712329,151.14582396937877
2026-01-06 18:45:00,971.0500000000001,1767725550.028848,151.13429109589043,153.30680040262297
2026-01-06 19:00:00,971.1433333333334,1767726450.3007803,150.4482218430034,152.63793450747136
2026-01-06 19:15:00,971.3466666666667,1767727350.4525454,151.76801369863014,154.0364333116289
2026-01-06 19:30:00,971.4,1767728250.6329522,150.75817406143344,153.02700593084973
2026-01-06 19:45:00,971.5,1767729150.709071,150.59960273972604,152.89509550204065
2026-01-06 20:00:00,971.6666666666666,1767730050.8452635,150.33304778156997,152.6728163561206
2026-01-06 20:15:00,971.7966666666667,1767730951.000533,150.79555479452057,153.18035265693152
2026-01-06 20:30:00,971.9,1767731849.8190055,149.43815410958905,151.83129160222427
2026-01-06 20:45:00,971.9833333333332,1767732750.177984,149.94517747440273,152.37055798611433
2026-01-06 21:00:00,972.0799999999999,1767733650.4790096,152.05974315068494,154.54770966182176
2026-01-06 21:15:00,972.1733333333333,1767734550.6483574,150.8485938566553,153.34393440193142
2026-01-06 21:30:00,972.1733333333333,1767735450.8494778,150.62521575342467,153.1168611735182
2026-01-06 21:45:00,972.1766666666666,1767736351.097848,150.9898976109215,153.488547696867
2026-01-06 22:00:00,972.18,1767737251.2026043,151.1212294520548,153.62302582029952
2026-01-06 22:15:00,972.2533333333334,1767738149.8506918,150.86650342465754,153.38545304742053
2026-01-06 22:30:00,972.23,1767739050.0649776,150.02601706484643,152.52417141301237
2026-01-06 22:45:00,972.2933333333334,1767739950.2431848,150.6588390410959,153.18596307658083
2026-01-06 23:00:00,972.3333333333334,1767740850.494959,150.50477133105804,153.0409417323244
2026-01-06 23:15:00,972.3066666666667,1767741750.6185684,151.0971506849315,153.6355189309307
2026-01-06 23:30:00,972.3333333333334,1767742650.7368329,150.29931399317405,152.83202221304606
2026-01-06 23:45:00,972.4066666666668,1767743550.9013803,151.02075684931506,153.58702047299573
2026-01-07 00:00:00,972.5433333333334,1767744451.005573,149.05778156996587,151.6300569318583
2026-01-07 00:15:00,972.5733333333334,1767745351.147827,150.88306506849315,153.49558816597352
2026-01-07 00:30:00,972.4699999999999,1767746250.038027,150.17215753424657,152.74237998403058
2026-01-07 00:45:00,972.52,1767747150.3350394,149.79329010238908,152.37150277575748
2026-01-07 01:00:00,972.5233333333334,1767748050.6271818,149.14317465753425,151.71115850591457
2026-01-07 01:15:00,972.4833333333332,1767748950.808085,149.40142320819112,151.96230406961996
2026-01-07 01:30:00,972.4133333333333,1767749851.0192032,149.65441780821916,152.19939136971934
2026-01-07 01:45:00,972.4333333333334,1767750751.181079,149.90350170648466,152.45850441951927
2026-01-07 02:00:00,972.3266666666667,1767751651.2845876,150.0593801369863,152.5861124386675
2026-01-07 02:15:00,972.3166666666666,1767752549.987936,150.88837328767124,153.4261492308119
2026-01-07 02:30:00,972.4,1767753450.196115,150.263795221843,152.81526028524732
2026-01-07 02:45:00,972.32,1767754350.3690572,151.38025342465752,153.9272771186124
2026-01-07 03:00:00,972.3566666666667,1767755250.4743764,150.53160068259385,153.07500936283478
2026-01-07 03:15:00,972.2733333333334,1767756150.7130141,150.3356609589041,152.85155559439238
2026-01-07 03:30:00,972.2199999999999,1767757050.9442983,149.82818771331057,152.3201538007229
2026-01-07 03:45:00,972.1866666666666,1767757951.158843,150.60923287671233,153.10449250574456
2026-01-07 04:00:00,972.1533333333333,1767758849.9112709,151.77499657534247,154.27979894971253
2026-01-07 04:15:00,972.0966666666667,1767759750.1546092,150.41467918088736,152.88057067548687
2026-01-07 04:30:00,971.96,1767760650.3239648,149.53887671232877,151.95094862104534
2026-01-07 04:45:00,971.9433333333333,1767761550.4981103,150.01766211604095,152.4326297550796
2026-01-07 05:00:00,971.9133333333333,1767762450.683789,149.7003287671233,152.10151797558828
2026-01-07 05:15:00,971.87,1767763350.886488,148.11909897610923,150.482535062885
2026-01-07 05:30:00,971.8433333333334,1767764251.1935062,149.0451095890411,151.41564947904564
2026-01-07 05:45:00,971.82,1767765149.7706776,149.46842123287672,151.8389621539115
2026-01-07 06:00:00,971.6933333333333,1767766050.141468,150.6565529010239,153.0091087421327
2026-01-07 06:15:00,971.6033333333334,1767766950.5230453,147.75822602739726,150.03986444939173
2026-01-07 06:30:00,971.66,1767767850.7458098,150.1785324232082,152.51396428033655
2026-01-07 06:45:00,971.5033333333334,1767768750.9266381,150.08615410958905,152.3747857423359
2026-01-07 07:00:00,971.4533333333334,1767769651.1301236,150.95969965870307,153.24709263516516
2026-01-07 07:15:00,971.4133333333333,1767770551.4863684,150.63234589041096,152.90315760909255
2026-01-07 07:30:00,971.4333333333334,1767771450.1844583,149.72746575342464,151.99041175511607
2026-01-07 07:45:00,971.3866666666667,1767772350.3865812,148.66736177474402,150.90090513866483
2026-01-07 08:00:00,971.3133333333334,1767773250.5272455,149.22568835616437,151.4465168687425
2026-01-07 08:15:00,971.38,1767774150.8314428,150.1154880546075,152.36885770830432
2026-01-07 08:30:00,971.4,1767775050.9800994,150.2884794520548,152.55024266263857
2026-01-07 08:45:00,971.4066666666666,1767775951.068672,149.50954266211605,151.7615055806103
2026-01-07 09:00:00,971.4366666666666,1767776851.1869028,150.4549315068493,152.72983954221723
2026-01-07 09:15:00,971.5333333333333,1767777749.960548,148.78508219178082,151.06248437360657
2026-01-07 09:30:00,971.4766666666668,1767778650.0750268,149.9626552901024,152.2416899414192
2026-01-07 09:45:00,971.5,1767779549.9986048,148.10880479452055,150.36633192776583
2026-01-07 10:00:00,971.4433333333333,1767780450.2163737,149.77190443686007,152.03841077681204
2026-01-07 10:15:00,971.5766666666667,1767781350.5074787,149.76360273972602,152.06850259100491
2026-01-07 10:30:00,971.56,1767782250.694166,151.12065187713313,153.44157799877343
2026-01-07 10:45:00,971.5933333333334,1767783150.8152592,150.96058698630137,153.2887627961893
2026-01-07 11:00:00,971.6233333333333,1767784050.9698522,149.46817064846417,151.78198113059392
2026-01-07 11:15:00,971.6633333333333,1767784951.0980175,148.71295547945203,151.02655259433064
2026-01-07 11:30:00,971.7166666666667,1767785849.7037747,150.35324657534247,152.70783607726153
2026-01-07 11:45:00,971.68,1767786749.950722,149.08988395904439,151.4141398320351
2026-01-07 12:00:00,971.7166666666667,1767787650.1222577,149.22241780821918,151.5592980979717
2026-01-07 12:15:00,971.7999999999998,1767788550.3135567,149.50421501706484,151.8695524681091
2026-01-07 12:30:00,971.7533333333334,1767789450.4950278,148.60669520547944,150.94444847342837
2026-01-07 12:45:00,971.8866666666667,1767790350.6378953,148.95886348122866,151.3404914941487
2026-01-07 13:00:00,971.8966666666666,1767791250.798719,149.59570547945205,151.99040342757476
2026-01-07 13:15:00,972.04,1767792151.0889206,149.60978498293517,152.04610989907354
2026-01-07 13:30:00,972.1,1767793051.1618862,149.82637671232877,152.28358806235264
2026-01-07 13:45:00,972.15,1767793951.2965422,150.3820819112628,152.8629283329535
2026-01-07 14:00:00,972.23,1767794851.386917,151.99086643835616,154.52173842511544
2026-01-07 14:15:00,972.2833333333333,1767795749.9849179,150.68147602739725,153.20606882862228
2026-01-07 14:30:00,972.3133333333334,1767796650.140964,150.09092832764506,152.614325566031
2026-01-07 14:45:00,972.4133333333333,1767797550.4958885,149.1104897260274,151.64621342635536
2026-01-07 15:00:00,972.4766666666666,1767798450.6335835,150.11615699658702,152.68735501506453
2026-01-07 15:15:00,972.4833333333332,1767799350.8329341,150.5612602739726,153.14202183319102
2026-01-07 15:30:00,972.5733333333334,1767800251.098276,150.3616723549488,152.96516759694137
2026-01-07 15:45:00,972.66,1767801151.2442727,151.05951369863013,153.70039923277676
2026-01-07 16:00:00,972.7233333333334,1767802049.9688613,151.8336301369863,154.50664027860464
2026-01-07 16:15:00,972.8166666666666,1767802950.155168,148.9626928327645,151.61204400404597
2026-01-07 16:30:00,972.8633333333333,1767803850.329127,149.78548630136987,152.46298891461296
2026-01-07 16:45:00,972.82,1767804750.5669966,149.6230170648464,152.28507679191335
2026-01-07 17:00:00,972.8433333333332,1767805650.789221,149.26273630136984,151.92512119027796
2026-01-07 17:15:00,972.9,1767806550.9612858,150.11005460750852,152.80400404265256
2026-01-07 17:30:00,972.85,1767807451.0748892,149.37092123287673,152.03716159772094
2026-01-07 17:45:00,972.8566666666666,1767808351.176994,147.94551194539247,150.588216484926
2026-01-07 18:00:00,973.13,1767809251.457076,149.68737671232876,152.44034243655997
2026-01-07 18:15:00,973.1766666666666,1767810150.3359323,150.24527739726028,153.02207107139088
2026-01-07 18:30:00,973.31,1767811050.3378398,151.2070580204778,154.04064575864084
2026-01-07 18:45:00,973.4,1767811950.4129171,149.10385616438356,151.9240071363667
2026-01-07 19:00:00,973.3866666666667,1767812850.5345712,149.43263139931742,152.2551436483344
2026-01-07 19:15:00,973.5500000000001,1767813750.6392875,150.0418321917808,152.92330097712104
2026-01-07 19:30:00,973.5933333333332,1767814650.787973,150.71792491467576,153.6250256193026
2026-01-07 19:45:00,973.6466666666666,1767815550.935255,150.16415753424658,153.0760879018926
2026-01-07 20:00:00,973.6766666666666,1767816451.0975022,149.14749146757677,152.0483735158122
2026-01-07 20:15:00,973.6833333333334,1767817351.292804,149.84033561643835,152.75662821810278
2026-01-07 20:30:00,973.8166666666666,1767818250.246684,150.69084246575343,153.66261113031084
2026-01-07 20:45:00,973.8766666666667,1767819150.3316097,149.1338976109215,152.0922993560685
2026-01-07 21:00:00,973.7966666666666,1767820050.365579,151.25524657534245,154.23228489478782
2026-01-07 21:15:00,973.8666666666667,1767820950.5339642,149.38164846416382,152.34207037033917
2026-01-07 21:30:00,973.9666666666667,1767821850.6751764,149.06004794520547,152.04298184545928
2026-01-07 21:45:00,974.0033333333334,1767822750.8517177,151.23912969283276,154.27641811101154
2026-01-07 22:00:00,973.9699999999999,1767823650.9006574,148.98784931506847,151.97030087887754
2026-01-07 22:15:00,973.9633333333335,1767824549.6348777,150.5967910958904,153.60950486173846
2026-01-07 22:30:00,974.0033333333334,1767825449.9256768,150.09546075085325,153.1097812212611
2026-01-07 22:45:00,973.9900000000001,1767826350.150238,149.03235616438354,152.02147537643103
2026-01-07 23:00:00,973.9666666666667,1767827250.4065857,148.28789078498292,151.25537256509253
2026-01-07 23:15:00,973.8966666666666,1767828150.6239092,149.03758561643835,151.99985268414514
2026-01-07 23:30:00,973.9666666666667,1767829050.7922075,149.83467918088738,152.83311471155767
2026-01-07 23:45:00,974.11,1767829950.8873212,150.18829794520548,153.2355354245332
2026-01-08 00:00:00,973.9933333333333,1767830851.155598,150.20190784982935,153.21545494292977
2026-01-08 00:15:00,973.9366666666666,1767831751.4164336,150.19078767123287,153.18761756869446
2026-01-08 00:30:00,973.91,1767832650.235271,150.5545890410959,153.55089793512798
2026-01-08 00:45:00,973.7733333333332,1767833550.4503517,150.63021843003415,153.58814558560076
2026-01-08 01:00:00,973.7000000000002,1767834450.5465856,150.10898630136987,153.03535360473904
2026-01-08 01:15:00,973.5533333333333,1767835350.8173423,148.75905119453927,151.6168451311089
2026-01-08 01:30:00,973.4633333333335,1767836250.989455,147.04850684931506,149.84781353761196
2026-01-08 01:45:00,973.48,1767837151.181352,149.19441979522182,152.03939191940694
2026-01-08 02:00:00,973.48,1767838051.393678,148.56252739726028,151.39545003420486
2026-01-08 02:15:00,973.4833333333332,1767838950.089013,149.93685273972602,152.7969499477332
2026-01-08 02:30:00,973.37,1767839850.3718364,149.0194505119454,151.82935051542717
2026-01-08 02:45:00,973.2466666666666,1767840750.5316691,149.11953767123288,151.8957265082714
2026-01-08 03:00:00,973.0566666666667,1767841650.6699944,148.63862116040957,151.3512090269453
2026-01-08 03:15:00,973.1766666666666,1767842550.8220687,149.94370205479453,152.71492209281664
2026-01-08 03:30:00,973.1766666666666,1767843451.059461,149.56064163822523,152.32478205444514
2026-01-08 03:45:00,973.0,1767844351.23008,148.77309246575342,151.47182502855978
2026-01-08 04:00:00,972.7199999999999,1767845249.8320303,149.89980034246574,152.5377996011702
2026-01-08 04:15:00,972.6266666666667,1767846149.9730978,148.65631399317408,151.24560659420987
2026-01-08 04:30:00,972.4699999999999,1767847050.1383352,149.39530821917808,151.95223475857182
2026-01-08 04:45:00,972.3666666666667,1767847950.2426145,149.13526962457337,151.6579671210788
2026-01-08 05:00:00,972.41,1767848850.413738,149.77122602739726,152.31722131207246
2026-01-08 05:15:00,972.3933333333333,1767849750.5285244,150.3338600682594,152.884578275888
2026-01-08 05:30:00,972.4,1767850650.672272,149.6964691780822,152.2383010987985
2026-01-08 05:45:00,972.3566666666667,1767851550.8612633,150.04108873720136,152.57620964043056
2026-01-08 06:00:00,972.41,1767852451.0357404,149.94334246575343,152.4922635970822
2026-01-08 06:15:00,972.3133333333334,1767853351.1748295,149.28684982935152,151.79672853277572
2026-01-08 06:30:00,971.9200000000001,1767854251.4495108,149.40882534246575,151.8072617237183
2026-01-08 06:45:00,972.0099999999999,1767855150.3033078,150.20224315068492,152.63951526883358
2026-01-08 07:00:00,972.0333333333333,1767856050.5024877,149.39991126279864,151.83089528068706
2026-01-08 07:15:00,972.0300000000001,1767856950.636823,148.36951369863013,150.78277648082073
2026-01-08 07:30:00,971.96,1767857850.8337562,148.9379010238908,151.34027915525814
2026-01-08 07:45:00,971.9366666666666,1767858751.0718892,148.80173287671232,151.19521147062338
2026-01-08 08:00:00,971.9633333333333,1767859651.228284,149.1320409556314,151.5385103177156
2026-01-08 08:15:00,972.0500000000001,1767860551.4804332,149.64387328767123,152.08364287756814
2026-01-08 08:30:00,972.1966666666667,1767861450.250705,149.57690410958904,152.05794942321668
2026-01-08 08:45:00,972.2133333333335,1767862350.3394685,149.73410921501704,152.22258240906143
2026-01-08 09:00:00,972.2800000000001,1767863250.4982886,149.38187328767123,151.88372996136172
2026-01-08 09:15:00,972.3033333333333,1767864150.5084856,150.16541979522185,152.68716833442477
2026-01-08 09:30:00,972.42,1767865050.554936,148.22275,150.74528652018924
2026-01-08 09:45:00,972.6733333333333,1767865950.7442307,148.0369624573379,150.6288223696343
2026-01-08 10:00:00,972.77,1767866850.895378,148.97119863013697,151.60725797368553
2026-01-08 10:15:00,972.8033333333333,1767867751.0597715,148.56384300341296,151.2022699914365
2026-01-08 10:30:00,972.7833333333333,1767868651.2413604,150.36195205479453,153.0264975329079
2026-01-08 10:45:00,972.8233333333334,1767869549.8999605,150.29883561643837,152.97388818971143
2026-01-08 11:00:00,972.9666666666667,1767870450.1530776,148.52927303754265,151.21400554420475
2026-01-08 11:15:00,973.0500000000001,1767871350.2401972,148.57920547945204,151.2887926997359
2026-01-08 11:30:00,973.1766666666667,1767872250.407869,148.18688395904437,150.92563494739395
2026-01-08 11:45:00,973.1733333333333,1767873150.602345,149.8759006849315,152.64490088178
2026-01-08 12:00:00,973.29,1767874050.9532592,148.5988566552901,151.37781479471292
2026-01-08 12:15:00,973.2866666666665,1767874951.166987,149.54765753424655,152.34339442408444
2026-01-08 12:30:00,973.38,1767875851.374435,150.6748156996587,153.51884598000885
2026-01-08 12:45:00,973.4466666666667,1767876751.4436994,148.0858698630137,150.90014585752573
2026-01-08 13:00:00,973.4466666666667,1767877650.2631814,149.46308904109588,152.30353819362526
2026-01-08 13:15:00,973.5266666666666,1767878550.4539173,150.1367986348123,153.01330745680787
2026-01-08 13:30:00,973.5066666666667,1767879450.5848436,149.52047602739725,152.37938604229868
2026-01-08 13:45:00,973.59,1767880350.7407103,148.8406757679181,151.71060658938828
2026-01-08 14:00:00,973.6233333333333,1767881251.1262283,150.11304109589042,153.01719631885103
2026-01-08 14:15:00,973.7599999999999,1767882151.2449148,148.92615699658703,151.84677464649522
2026-01-08 14:30:00,973.8666666666667,1767883051.5343385,148.1795890410959,151.11618872355663
2026-01-08 14:45:00,973.9933333333333,1767883949.9679692,148.43878767123286,151.41696074169232
2026-01-08 15:00:00,974.0833333333334,1767884850.0944066,148.7261023890785,151.73598457815984
2026-01-08 15:15:00,974.1933333333333,1767885750.4911957,148.95707534246574,152.00339729566306
2026-01-08 15:30:00,974.2666666666668,1767886650.6205907,148.95551877133104,152.0229892853224
2026-01-08 15:45:00,974.3533333333334,1767887550.7575042,151.06942465753423,154.20581772176192
2026-01-08 16:00:00,974.5300000000001,1767888450.974226,148.54707849829353,151.68201050435695
2026-01-08 16:15:00,974.6066666666666,1767889351.219437,148.1790376712329,151.32824443292117
2026-01-08 16:30:00,974.71,1767890250.1605022,148.59363356164383,151.7814484439254
2026-01-08 16:45:00,974.69,1767891150.4408934,147.56240955631398,150.72237378349558
2026-01-08 17:00:00,974.7333333333332,1767892050.6256661,148.96409246575342,152.16660079491243
2026-01-08 17:15:00,974.7966666666666,1767892950.9407766,147.88336177474403,151.080814951942
2026-01-08 17:30:00,974.85,1767893851.043146,147.81434931506848,151.02561349606472
2026-01-08 17:45:00,975.1166666666667,1767894749.784601,147.67921232876714,150.96400971886817
2026-01-08 18:00:00,975.2033333333333,1767895650.107525,148.13221843003413,151.45202898630814
2026-01-08 18:15:00,975.2466666666666,1767896550.3668976,149.04886643835616,152.40176734222507
2026-01-08 18:30:00,975.2833333333334,1767897450.509094,147.962023890785,151.30101620166207
2026-01-08 18:45:00,975.3266666666667,1767898350.9027863,147.70389726027398,151.0495004407288
2026-01-08 19:00:00,975.3333333333334,1767899251.0449445,147.70386348122867,151.0513792019152
2026-01-08 19:15:00,975.3166666666666,1767900150.9456441,146.26712671232875,149.57734397422706
2026-01-08 19:30:00,975.3666666666668,1767901049.5386338,146.19758561643835,149.52043283839484
2026-01-08 19:45:00,975.4033333333333,1767901949.9325976,146.90529010238907,150.25468974224128
2026-01-08 20:00:00,975.3699999999999,1767902850.4000406,146.34287671232877,149.66997408521812
2026-01-08 20:15:00,975.3133333333334,1767903749.9930525,149.30162328767125,152.67954822064394
2026-01-08 20:30:00,975.2833333333333,1767904650.579933,148.76547440273038,152.12259781921824
2026-01-08 20:45:00,975.38,1767905550.8310447,146.92928424657535,150.27256871466457
2026-01-08 21:00:00,975.38,1767906451.0311894,146.29294880546075,149.6217538564094
2026-01-08 21:15:00,975.3933333333333,1767907351.1987023,146.91750684931506,150.26432997819728
2026-01-08 21:30:00,975.4733333333334,1767908250.1730173,146.7222123287671,150.08739814300827
2026-01-08 21:45:00,975.5600000000001,1767909150.4164965,145.54173037542662,148.90435850165846
2026-01-08 22:00:00,975.5033333333334,1767910050.5996947,147.55629452054797,150.94921450585295
2026-01-08 22:15:00,975.4766666666668,1767910950.7790203,146.29503071672357,149.6513665839571
2026-01-08 22:30:00,975.4,1767911850.945564,147.52409931506847,150.8866520138841
2026-01-08 22:45:00,975.36,1767912750.838142,146.9750614334471,150.31367550475164
2026-01-08 23:00:00,975.2800000000001,1767913650.9206042,146.89062671232878,150.20448998781208
2026-01-08 23:15:00,975.2400000000001,1767914551.1556334,146.77668259385666,150.07656902902028
2026-01-08 23:30:00,975.19,1767915451.4285634,148.44062328767123,151.76350082156478
2026-01-08 23:45:00,974.9733333333334,1767916350.138807,147.6946404109589,150.93866973583619
2026-01-09 00:00:00,974.9266666666667,1767917250.360129,146.03345392491468,149.22776411221142
2026-01-09 00:15:00,974.94,1767918150.5198913,148.07885958904112,151.32174405712246
2026-01-09 00:30:00,974.8166666666666,1767919050.7029967,147.43130375426622,150.62470641025055
2026-01-09 00:45:00,974.7766666666666,1767919950.889191,148.2571130136986,151.45689176455633
2026-01-09 01:00:00,974.7933333333334,1767920850.7542815,147.412228668942,150.59854146998592
2026-01-09 01:15:00,974.75,1767921750.681293,146.59852739726026,149.75492172975527
2026-01-09 01:30:00,974.6133333333333,1767922650.7897134,147.80952901023892,150.95279476652576
2026-01-09 01:45:00,974.7400000000001,1767923550.9414093,147.15686301369863,150.32242264649645
2026-01-09 02:00:00,974.8733333333333,1767924451.0782323,146.96560068259387,150.16508298534754
2026-01-09 02:15:00,974.87,1767925351.2474985,147.196801369863,150.40036443769705
2026-01-09 02:30:00,974.8066666666667,1767926249.9056368,147.27408561643836,150.4612240938283
2026-01-09 02:45:00,974.71,1767927150.1372771,147.37919112627986,150.54095228353745
2026-01-09 03:00:00,974.4966666666666,1767928050.342047,147.70576712328767,150.81339230814393
2026-01-09 03:15:00,974.3633333333333,1767928950.5285068,147.69355972696246,150.76273001365433
2026-01-09 03:30:00,974.2933333333334,1767929850.6953142,146.67511301369865,149.7032074504163
2026-01-09 03:45:00,974.2166666666667,1767930750.9233797,145.75449488054608,148.7419149221263
2026-01-09 04:00:00,974.12,1767931651.0437462,145.764051369863,148.72434906951142
2026-01-09 04:15:00,974.04,1767932549.690661,146.70192465753425,149.65851964473273
2026-01-09 04:30:00,973.77,1767933450.0287519,146.30180887372015,149.17379423575468
2026-01-09 04:45:00,973.6866666666666,1767934350.0270722,148.197448630137,151.0827231231761
2026-01-09 05:00:00,973.5933333333334,1767935250.3027544,147.47766552901024,150.32226696323795
2026-01-09 05:15:00,973.5233333333332,1767936150.4935195,146.96954794520548,149.7844259740718
2026-01-09 05:30:00,973.4933333333333,1767937050.5533988,146.82105460750853,149.62455973053474
2026-01-09 05:45:00,973.3266666666667,1767937950.57412,147.12891438356166,149.89082505493965
2026-01-09 06:00:00,973.1866666666666,1767938850.8049033,148.0498600682594,150.78894357983324
2026-01-09 06:15:00,973.0833333333334,1767939750.9654446,147.01852397260274,149.70913086587512
2026-01-09 06:30:00,973.0099999999999,1767940651.1120157,147.298228668942,149.97305677584785
2026-01-09 06:45:00,972.8666666666667,1767941551.2517576,148.08822260273973,150.73634030149574
2026-01-09 07:00:00,972.9066666666668,1767942449.8571255,147.6834315068493,150.3357358017779
2026-01-09 07:15:00,972.7833333333333,1767943349.984951,148.62847781569965,151.2623046121114
2026-01-09 07:30:00,972.7033333333334,1767944250.1716635,147.01778424657533,149.6003271642897
2026-01-09 07:45:00,972.66,1767945150.3386953,148.33073037542664,150.92391017937712
2026-01-09 08:00:00,972.6433333333333,1767946050.4468348,147.92186301369864,150.5031288197245
2026-01-09 08:15:00,972.6033333333334,1767946950.5484347,147.88800682593856,150.45724664950578
2026-01-09 08:30:00,972.7433333333333,1767947850.7019083,148.14881164383561,150.76267993649924
2026-01-09 08:45:00,972.7566666666667,1767948750.832209,147.41182935153583,150.01649504330956
2026-01-09 09:00:00,972.8133333333334,1767949650.918749,148.15823630136987,150.79232492387115
2026-01-09 09:15:00,972.8766666666667,1767950551.06187,148.41742320819114,151.0742980656875
2026-01-09 09:30:00,972.7833333333333,1767951451.1870553,146.74775,149.34824865236732
2026-01-09 09:45:00,972.7566666666667,1767952349.7927873,146.87109589041097,149.46620719363406
2026-01-09 10:00:00,972.8299999999999,1767953250.032393,148.86362116040954,151.51504864157081
2026-01-09 10:15:00,972.8066666666667,1767954150.296759,148.21745890410958,150.8506896511014
2026-01-09 10:30:00,972.8000000000001,1767955050.5370474,146.36115017064847,148.95951491207344
2026-01-09 10:45:00,972.8000000000001,1767955950.730983,148.3740239726027,151.00812347225988
2026-01-09 11:00:00,972.75,1767956850.8542848,148.85441979522184,151.48265627601432
2026-01-09 11:15:00,972.6966666666667,1767957751.0380688,147.10191780821918,149.684042622517
2026-01-09 11:30:00,972.64,1767958651.1761453,147.25498293515358,149.8236626655292
2026-01-09 11:45:00,972.6166666666667,1767959551.3195531,147.95306849315068,150.527251933662
2026-01-09 12:00:00,972.63,1767960449.8012702,148.71170547945206,151.30292113704903
2026-01-09 12:15:00,972.5666666666666,1767961350.2880507,146.90474402730374,149.4464899479244
2026-01-09 12:30:00,972.6666666666666,1767962250.6554277,147.5511609589041,150.1326136723246
2026-01-09 12:45:00,972.6566666666668,1767963150.8831563,149.21272013651875,151.82035772200848
2026-01-09 13:00:00,972.6566666666668,1767964051.0153732,148.02575342465752,150.61264761100713
2026-01-09 13:15:00,972.8466666666667,1767964951.1762102,147.59896245733788,150.23262224450625
2026-01-09 13:30:00,972.82,1767965851.2910397,147.87005479452054,150.50092620340996
2026-01-09 13:45:00,972.7633333333333,1767966750.0622737,146.50390410958903,149.094415903765
2026-01-09 14:00:00,972.7733333333334,1767967650.0614781,146.48182593856657,149.07477973594462
2026-01-09 14:15:00,972.65,1767968550.4082472,147.75747602739725,150.3377775144095
2026-01-09 14:30:00,972.6833333333334,1767969450.573264,147.849590443686,150.441028162729
2026-01-09 14:45:00,972.8633333333333,1767970350.6988263,148.29818150684932,150.9490976825653
2026-01-09 15:00:00,973.0266666666666,1767971250.8463533,147.94214675767918,150.6334379294933
2026-01-09 15:15:00,973.1066666666666,1767972151.0396516,149.38668150684933,152.12737255160573
2026-01-09 15:30:00,973.11,1767973049.7166977,147.11097602739724,149.81086512373747
2026-01-09 15:45:00,973.0866666666667,1767973949.879612,147.7887576791809,150.4944138572094
2026-01-09 16:00:00,973.0733333333334,1767974850.1344714,148.68263013698632,151.40081543076158
2026-01-09 16:15:00,973.0533333333333,1767975750.4515433,148.4217542662116,151.12942725356802
2026-01-09 16:30:00,973.0666666666666,1767976650.6634817,148.36162328767122,151.0720264090652
2026-01-09 16:45:00,973.09,1767977550.793099,148.94370989761092,151.67147105179592
2026-01-09 17:00:00,973.0833333333334,1767978450.9717202,149.3808082191781,152.11464761204277
2026-01-09 17:15:00,973.1433333333333,1767979351.0716054,147.93500341296928,150.65955713724367
2026-01-09 17:30:00,973.1666666666666,1767980251.3507142,149.62243150684932,152.38481856810037
2026-01-09 17:45:00,973.1700000000001,1767981150.0904937,148.3997910958904,151.1405625186585
2026-01-09 18:00:00,973.2400000000001,1767982050.3027525,147.83323549488054,150.5835695780743
2026-01-09 18:15:00,973.21,1767982950.445092,148.64266095890412,151.3994238243521
2026-01-09 18:30:00,973.2733333333332,1767983850.5481162,148.4866928327645,151.25876345161598
2026-01-09 18:45:00,973.3666666666667,1767984750.6585007,149.10848287671234,151.91909951069462
2026-01-09 19:00:00,973.3933333333333,1767985650.7644532,147.31362798634814,150.09801732133585
2026-01-09 19:15:00,973.37,1767986551.0050719,147.84820547945205,150.6360205711349
2026-01-09 19:30:00,973.4699999999999,1767987451.1325085,148.00706143344712,150.82652621926843
2026-01-09 19:45:00,973.5133333333333,1767988351.3254933,149.16608561643838,152.02014507690072
2026-01-09 20:00:00,973.4200000000001,1767989250.1887856,147.329102739726,150.1213905223128
2026-01-09 20:15:00,973.4,1767990150.4274356,147.4383481228669,150.22699766864312
2026-01-09 20:30:00,973.44,1767991050.606965,147.20302739726029,149.9986255481845
2026-01-09 20:45:00,973.5,1767991950.7640944,147.2328771331058,150.04614645937045
2026-01-09 21:00:00,973.5433333333334,1767992851.0337389,147.74642808219178,150.58190754297453
2026-01-09 21:15:00,973.5666666666666,1767993749.6970625,147.84248287671232,150.68648606174528
2026-01-09 21:30:00,973.5799999999999,1767994650.0873659,147.06029351535835,149.89304719176795
2026-01-09 21:45:00,973.5033333333334,1767995550.2452445,147.86101712328767,150.6872430569986
2026-01-09 22:00:00,973.5166666666668,1767996450.440871,146.76995221843003,149.57911274994638
2026-01-09 22:15:00,973.54,1767997350.6136506,146.93312328767124,149.75204575547068
2026-01-09 22:30:00,973.4766666666666,1767998250.8305175,146.4394914675768,149.2309850312912
2026-01-09 22:45:00,973.5466666666666,1767999150.9826386,146.41758561643834,149.22850767297547
2026-01-09 23:00:00,973.5666666666666,1768000049.6987016,145.96585958904112,148.7737627133649
2026-01-09 23:15:00,973.5666666666666,1768000949.9081016,147.36493174061434,150.19974841223348
2026-01-09 23:30:00,973.5533333333333,1768001850.012483,147.0393184931507,149.8640748320274
2026-01-09 23:45:00,973.6466666666666,1768002750.178387,146.51262116040954,149.35374222289153
2026-01-10 00:00:00,973.6533333333333,1768003650.4449868,145.42885958904108,148.2508425615758
2026-01-10 00:15:00,973.7033333333334,1768004550.6616912,147.12986006825938,149.9990994435596
2026-01-10 00:30:00,973.71,1768005450.772414,147.5288595890411,150.40778516985193
2026-01-10 00:45:00,973.7166666666667,1768006350.8781898,146.02636791808874,148.87785916781468
2026-01-10 01:00:00,973.7066666666666,1768007251.113616,145.60904452054794,148.4495660295343
2026-01-10 01:15:00,973.7633333333333,1768008149.8740642,146.06072602739727,148.92609239080625
2026-01-10 01:30:00,973.84,1768009050.224349,147.06862116040955,149.9756049004627
2026-01-10 01:45:00,973.82,1768009950.4182725,146.67756164383562,149.57113182301248
2026-01-10 02:00:00,973.84,1768010850.6189716,146.25496928327644,149.14587023994434
2026-01-10 02:15:00,973.7966666666666,1768011750.8445902,146.79077739726029,149.6799450734053
2026-01-10 02:30:00,973.8766666666667,1768012651.067796,146.70641296928326,149.61666017065997
2026-01-10 02:45:00,973.8833333333333,1768013551.2573242,146.30380479452054,149.20795532494128
2026-01-10 03:00:00,973.8266666666667,1768014449.944628,146.05598630136987,148.9391809523755
2026-01-10 03:15:00,973.7766666666666,1768015350.1635058,145.97821160409558,148.84572994019624
2026-01-10 03:30:00,973.7133333333333,1768016250.2989838,145.8584726027397,148.70574351510848
2026-01-10 03:45:00,973.7366666666667,1768017150.4124436,146.8509146757679,149.7241964554318
2026-01-10 04:00:00,973.7266666666666,1768018050.6917038,145.84207534246576,148.69279300392733
2026-01-10 04:15:00,973.62,1768018950.9646823,147.31364163822525,150.16268737165493
2026-01-10 04:30:00,973.5666666666666,1768019851.2104464,146.2215787671233,149.03440108749135
2026-01-10 04:45:00,973.5866666666666,1768020750.0534537,145.6494828767123,148.4569412100889
2026-01-10 05:00:00,973.4533333333334,1768021650.3680925,147.21161433447097,150.01117579872187
2026-01-10 05:15:00,973.46,1768022550.588441,145.82575342465753,148.60084187783053
2026-01-10 05:30:00,973.5099999999999,1768023450.7857294,146.28296928327643,149.08092064538843
2026-01-10 05:45:00,973.4466666666667,1768024351.014009,147.64004794520548,150.44585138306996
2026-01-10 06:00:00,973.52,1768025251.1844099,146.50491126279863,149.30994456661094
2026-01-10 06:15:00,973.5966666666667,1768026151.267806,146.1343904109589,148.95402565156743
2026-01-10 06:30:00,973.61,1768027049.8653607,146.27631506849315,149.1024659329733
2026-01-10 06:45:00,973.64,1768027950.0239146,145.5254505119454,148.3455496539391
2026-01-10 07:00:00,973.5633333333334,1768028850.2470338,144.14092808219178,146.91279507503052
2026-01-10 07:15:00,973.6,1768029750.4826486,145.88674744027304,148.7025462367212
2026-01-10 07:30:00,973.6133333333333,1768030650.6534126,145.66203424657533,148.4772571702898
2026-01-10 07:45:00,973.5533333333333,1768031550.8517025,146.24154607508532,149.0509764948949
2026-01-10 08:00:00,973.5099999999999,1768032450.9861398,145.9429794520548,148.73442783561754
2026-01-10 08:15:00,973.5033333333334,1768033351.1606739,145.77635153583617,148.56273102414184
2026-01-10 08:30:00,973.5033333333334,1768034251.3059583,146.64853424657537,149.45158469686942
2026-01-10 08:45:00,973.4866666666667,1768035149.827395,146.267,149.05803753180865
2026-01-10 09:00:00,973.4900000000001,1768036049.8922896,145.2619385665529,148.03473526820287
2026-01-10 09:15:00,973.5866666666667,1768036950.11708,147.04035616438355,149.87462419680628
2026-01-10 09:30:00,973.5833333333334,1768037850.4622564,146.5758156996587,149.40018330458525
2026-01-10 09:45:00,973.6666666666666,1768038750.643194,146.71271232876714,149.56339678969186
2026-01-10 10:00:00,973.6533333333333,1768039650.7941012,145.58733105802048,148.4123890996189
2026-01-10 10:15:00,973.7266666666666,1768040550.930618,147.5389178082192,150.42280298169322
2026-01-10 10:30:00,973.7366666666667,1768041451.1162426,145.88186689419797,148.7361883061954
2026-01-10 10:45:00,973.7966666666666,1768042351.4357924,147.48196575342465,150.38473754756782
2026-01-10 11:00:00,973.77,1768043250.174049,146.7300308219178,149.61042241745275
2026-01-10 11:15:00,973.8566666666667,1768044150.4906545,147.3439795221843,150.26116423798712
2026-01-10 11:30:00,973.7933333333334,1768045050.659384,147.18383561643836,150.079789040715
2026-01-10 11:45:00,973.7233333333334,1768045950.765734,147.57084982935152,150.45440628455427
2026-01-10 12:00:00,973.61,1768046850.9304194,147.6648595890411,150.5178380113202
2026-01-10 12:15:00,973.5600000000001,1768047751.079505,145.30803071672355,148.10140341384775
2026-01-10 12:30:00,973.5366666666667,1768048651.2132561,147.02388698630136,149.84360174966065
2026-01-10 12:45:00,973.63,1768049549.8223877,147.39566095890413,150.24914765262798
2026-01-10 13:00:00,973.5633333333334,1768050449.4768224,146.84568259385668,149.6695627092302
2026-01-10 13:15:00,973.5133333333333,1768051349.7976449,147.03227054794522,149.84550279853647
2026-01-10 13:30:00,973.5300000000001,1768052250.158054,146.59768941979522,149.40733779848833
2026-01-10 13:45:00,973.6166666666667,1768053150.3883078,146.65474657534247,149.4901025050374
2026-01-10 14:00:00,973.62,1768054050.7266972,147.9705290102389,150.8322789450159
2026-01-10 14:15:00,973.6700000000001,1768054950.8798132,146.49726027397259,149.34470426535742
2026-01-10 14:30:00,973.63,1768055851.0236042,147.20978498293513,150.05967323542495
2026-01-10 14:45:00,973.6933333333333,1768056751.1901488,147.11872602739726,149.9848985330835
2026-01-10 15:00:00,973.6933333333333,1768057649.8321004,147.92723287671234,150.80915674298157
2026-01-10 15:15:00,973.66,1768058550.044359,147.39615358361775,150.25821428836883
2026-01-10 15:30:00,973.5166666666668,1768059450.3015163,147.66682534246576,150.49315192564143
2026-01-10 15:45:00,973.4433333333333,1768060350.4826953,146.25284982935153,149.03134659776882
2026-01-10 16:00:00,973.4333333333334,1768061250.6304536,148.62590753424658,151.4466098986978
2026-01-10 16:15:00,973.4066666666668,1768062150.8416991,146.75404778156997,149.53164852332208
2026-01-10 16:30:00,973.3166666666666,1768063051.0630014,147.0855616438356,149.84381143614772
2026-01-10 16:45:00,973.2066666666666,1768063949.6786742,147.8053116438356,150.5455913672319
2026-01-10 17:00:00,973.1999999999999,1768064849.8698337,147.3651638225256,150.09538207668425
2026-01-10 17:15:00,973.3100000000001,1768065750.1562889,145.83817465753427,148.57115067648246
2026-01-10 17:30:00,973.3033333333333,1768066650.3917122,147.75411604095564,150.52108977670736
2026-01-10 17:45:00,973.2800000000001,1768067550.4806602,147.8285205479452,150.59021133401254
2026-01-10 18:00:00,973.2266666666668,1768068450.6992028,146.2562457337884,148.97346698172103
2026-01-10 18:15:00,973.14,1768069350.8988824,147.31528424657535,150.02747428030847
2026-01-10 18:30:00,973.0666666666666,1768070251.0148013,148.09888395904437,150.80448712287088
2026-01-10 18:45:00,973.0533333333333,1768071151.1434386,147.42789383561643,150.1174357272017
2026-01-10 19:00:00,972.9366666666666,1768072049.8504207,145.5065787671233,148.1282311839824
2026-01-10 19:15:00,972.8933333333333,1768072950.2257469,147.36129351535834,150.00401225878977
2026-01-10 19:30:00,972.7666666666668,1768073850.4341202,146.0895,148.67362581317406
2026-01-10 19:45:00,972.6533333333333,1768074750.5827208,146.17831399317407,148.73198040425757
2026-01-10 20:00:00,972.6700000000001,1768075650.817627,146.9364109589041,149.50805531430555
2026-01-10 20:15:00,972.4466666666667,1768076550.929617,146.12070989761094,148.61500237587265
2026-01-10 20:30:00,972.3633333333333,1768077451.0894372,146.48436643835615,148.9612791603806
2026-01-10 20:45:00,972.2233333333334,1768078351.2180853,146.44098634812286,148.87755885555075
2026-01-10 21:00:00,972.0833333333334,1768079251.4293766,148.3827671232877,150.8115269358019
2026-01-10 21:15:00,972.0766666666667,1768080150.1652045,146.65404109589042,149.05261675158005
2026-01-10 21:30:00,971.9133333333333,1768081050.3807926,147.5668566552901,149.93382502901355
2026-01-10 21:45:00,971.6033333333334,1768081950.514039,146.9945582191781,149.26440431082509
2026-01-10 22:00:00,971.5166666666668,1768082850.2771478,145.96832081911262,148.1979147932015
2026-01-10 22:15:00,971.4366666666666,1768083750.2170794,146.00708219178082,148.21473787426396
2026-01-10 22:30:00,971.5500000000001,1768084650.3103049,147.56393515358363,149.82739011576035
2026-01-10 22:45:00,971.4066666666668,1768085550.4342954,146.0852910958904,148.28567678785163
2026-01-10 23:00:00,971.2066666666666,1768086450.6231875,146.9485153583618,149.10523246882917
2026-01-10 23:15:00,970.9033333333333,1768087350.7739456,146.61053424657533,148.67657894934536
2026-01-10 23:30:00,970.6999999999999,1768088250.9107323,147.5893037542662,149.61133032699325
2026-01-10 23:45:00,970.7333333333332,1768089151.002394,146.3092602739726,148.323143291996
2026-01-11 00:00:00,970.5733333333333,1768090051.1481333,146.8132423208191,148.7888237530825
2026-01-11 00:15:00,970.3233333333334,1768090951.2528074,147.27069520547946,149.18155424784896
2026-01-11 00:30:00,970.2266666666666,1768091849.9010272,146.35013356164384,148.22182227239796
2026-01-11 00:45:00,970.2199999999999,1768092750.0668325,146.32081228668943,148.19024891590726
2026-01-11 01:00:00,970.1833333333334,1768093650.2464218,145.17966095890412,147.02427486379202
2026-01-11 01:15:00,970.1033333333334,1768094550.4377563,146.48545733788396,148.32411536291536
2026-01-11 01:30:00,970.0233333333332,1768095450.4370909,146.49409246575343,148.31031399619755
2026-01-11 01:45:00,969.93,1768096350.3784943,145.91421160409556,147.6970498873798
2026-01-11 02:00:00,969.6366666666667,1768097250.4547007,146.54108561643838,148.24893619487378
2026-01-11 02:15:00,969.48,1768098150.4881985,145.92435494880547,147.5810813848473
2026-01-11 02:30:00,969.3433333333332,1768099050.6762373,145.17623630136987,146.78634863329313
2026-01-11 02:45:00,969.21,1768099950.8102565,145.7485324232082,147.3276642081136
2026-01-11 03:00:00,968.8833333333333,1768100851.0288851,145.08753082191782,146.5685024766048
2026-01-11 03:15:00,968.5266666666666,1768101749.788882,145.62564726027398,147.01245250126166
2026-01-11 03:30:00,968.5966666666667,1768102649.9800951,145.43847781569966,146.84302945060486
2026-01-11 03:45:00,968.4533333333334,1768103550.1933472,145.67197260273971,147.03873018008537
2026-01-11 04:00:00,968.4133333333333,1768104450.5221555,145.02699317406143,146.3765742325022
2026-01-11 04:15:00,967.9900000000001,1768105350.7679398,144.72830821917807,145.9576639572509
2026-01-11 04:30:00,967.9433333333333,1768106250.8501759,144.48495221843004,145.69932158839777
2026-01-11 04:45:00,967.7033333333334,1768107150.939154,145.4865410958904,146.64244443250752
2026-01-11 05:00:00,967.5966666666667,1768108051.0664358,143.67801023890786,144.790197518715
2026-01-11 05:15:00,967.3299999999999,1768108951.2235658,144.8965479452055,145.9442039209442
2026-01-11 05:30:00,967.27,1768109849.8435013,145.52589726027398,146.56139471443052
2026-01-11 05:45:00,967.16,1768110750.1726484,145.51556313993174,146.52036110531978
2026-01-11 06:00:00,967.1466666666666,1768111650.56491,144.9856198630137,145.9830602383531
2026-01-11 06:15:00,967.0766666666667,1768112550.8842268,145.10992832764506,146.08879279160615
2026-01-11 06:30:00,967.0766666666667,1768113451.0896194,146.18549315068492,147.17161302574084
2026-01-11 06:45:00,967.1166666666667,1768114351.2050922,145.5935733788396,146.58684053184035
2026-01-11 07:00:00,966.9333333333334,1768115251.587271,143.99006164383562,144.92189941220613
2026-01-11 07:15:00,966.8333333333334,1768116150.3306925,146.27553767123288,147.19419643994263
2026-01-11 07:30:00,966.7400000000001,1768117050.4702654,144.55605460750854,145.4381211399689
2026-01-11 07:45:00,966.62,1768117950.5865254,145.06408561643835,145.91597946685636
2026-01-11 08:00:00,966.64,1768118850.7884855,145.11341296928327,145.97114329433902
2026-01-11 08:15:00,966.6133333333333,1768119750.8762965,145.27199657534248,146.1232604836886
2026-01-11 08:30:00,966.5366666666665,1768120651.0259318,145.8085051194539,146.64155051539444
2026-01-11 08:45:00,966.4433333333333,1768121551.1239486,146.0669897260274,146.87546369282632
2026-01-11 09:00:00,966.4766666666666,1768122451.226344,145.51537542662115,146.33006351125542
2026-01-11 09:15:00,966.3633333333333,1768123351.3501122,145.49904452054793,146.28213836218967
2026-01-11 09:30:00,966.3166666666666,1768124250.0133388,147.00345205479454,147.7815389263525
2026-01-11 09:45:00,966.3866666666667,1768125150.163736,146.1143071672355,146.90722517110538
2026-01-11 10:00:00,966.3266666666667,1768126050.349118,146.42302054794519,147.2008319942526
2026-01-11 10:15:00,966.2766666666666,1768126950.5078375,146.1742013651877,146.93673141043377
2026-01-11 10:30:00,966.2666666666668,1768127850.6959388,145.38363698630135,146.13926631337495
2026-01-11 10:45:00,966.2133333333333,1768128750.936983,144.69560750853242,145.43292286289704
2026-01-11 11:00:00,966.3166666666666,1768129651.067498,146.07053767123287,146.84368664219062
2026-01-11 11:15:00,966.3066666666667,1768130551.162531,145.50469624573378,146.27207103151315
2026-01-11 11:30:00,966.3133333333334,1768131451.4473124,144.16089383561643,144.92301724424917
2026-01-11 11:45:00,966.3533333333334,1768132350.1167107,145.22424315068494,146.00308389244026
2026-01-11 12:00:00,966.3066666666667,1768133250.3675575,145.4767576791809,146.24398512022105
2026-01-11 12:15:00,966.25,1768134150.5671666,145.6160404109589,146.36824258369666
2026-01-11 12:30:00,966.2133333333333,1768135050.7220998,145.96787713310582,146.71167550340465
2026-01-11 12:45:00,966.2566666666667,1768135950.7895634,146.6700993150685,147.42961382200815
2026-01-11 13:00:00,966.21,1768136850.8955605,145.78931058020476,146.53127100700422
2026-01-11 13:15:00,966.2400000000001,1768137751.0584896,146.80377397260273,147.55930791322245
2026-01-11 13:30:00,966.2233333333334,1768138650.0739615,145.1085102739726,145.85070076526108
2026-01-11 13:45:00,966.1933333333333,1768139550.521657,147.01738225255974,147.76091349178336
2026-01-11 14:00:00,966.2333333333332,1768140450.716731,145.29449315068493,146.0404096351346
2026-01-11 14:15:00,966.1133333333333,1768141350.8146315,146.47512627986347,147.19353997479115
2026-01-11 14:30:00,966.25,1768142250.8517191,145.17046232876712,145.92036279902345
2026-01-11 14:45:00,966.2966666666666,1768143151.060894,145.85193174061433,146.6183520307136
2026-01-11 15:00:00,966.27,1768144051.3750737,145.4719897260274,146.2290043792686
2026-01-11 15:15:00,966.11,1768144950.0931327,145.53637671232877,146.24925989231673
2026-01-11 15:30:00,966.0866666666667,1768145850.1579852,145.52251535836177,146.22884768510434
2026-01-11 15:45:00,966.0633333333334,1768146750.3602204,145.5675,146.26756599919253
2026-01-11 16:00:00,965.9033333333333,1768147650.5577655,145.28391126279865,145.93824145202476
2026-01-11 16:15:00,965.7066666666666,1768148550.7696812,146.17576369863013,146.77925385302882
2026-01-11 16:30:00,965.6133333333333,1768149451.023362,145.33079180887373,145.90491737688518
2026-01-11 16:45:00,965.65,1768150351.2665014,146.49192123287673,147.08088009064647
2026-01-11 17:00:00,965.6333333333333,1768151249.908604,146.40097260273973,146.98491121305142
2026-01-11 17:15:00,965.6466666666666,1768152150.1159327,146.42782252559726,147.01559257802492
2026-01-11 17:30:00,965.48,1768153050.4797056,147.0140924657534,147.55748190575954
2026-01-11 17:45:00,965.38,1768153950.6836836,145.25725938566552,145.7664570095388
2026-01-11 18:00:00,965.3666666666667,1768154850.842973,147.02926369863013,147.54093531185822
2026-01-11 18:15:00,965.25,1768155751.0446093,147.58267918088737,148.06345234695195
2026-01-11 18:30:00,965.1633333333333,1768156651.4677236,146.31031849315067,146.76277782226214
2026-01-11 18:45:00,965.1233333333333,1768157550.2934878,146.7346301369863,147.17721574094162
2026-01-11 19:00:00,964.9766666666666,1768158450.5572195,146.55653924914677,146.95762979039742
2026-01-11 19:15:00,964.87,1768159350.7059946,146.09234589041097,146.46247997367152
2026-01-11 19:30:00,964.82,1768160250.9013846,146.310566552901,146.66731945463465
2026-01-11 19:45:00,964.5933333333334,1768161150.9922318,146.42146232876712,146.7152866392685
2026-01-11 20:00:00,964.3633333333333,1768162051.0982492,147.0257372013652,147.2564089982623
2026-01-11 20:15:00,964.3299999999999,1768162951.2534087,147.8271198630137,148.04967218999585
2026-01-11 20:30:00,964.41,1768163850.0153198,147.5671609589041,147.81178760450217
2026-01-11 20:45:00,964.4900000000001,1768164750.2052703,147.51465529010238,147.78165600005457
2026-01-11 21:00:00,964.37,1768165650.3921738,147.85762671232877,148.09147949184722
2026-01-11 21:15:00,964.3033333333333,1768166550.5531685,146.2577747440273,146.47054307462753
2026-01-11 21:30:00,964.2800000000001,1768167450.7634287,146.50332191780822,146.7099431728876
2026-01-11 21:45:00,964.15,1768168350.9033253,148.1336928327645,148.30597738396077
2026-01-11 22:00:00,964.0566666666667,1768169251.1376617,146.14827397260274,146.29230461137095
2026-01-11 22:15:00,963.9499999999999,1768170149.8014016,147.09841780821918,147.2135465213111
2026-01-11 22:30:00,963.85,1768171050.0711918,146.19632081911263,146.28294709237235
2026-01-11 22:45:00,963.9033333333333,1768171950.3814666,146.51988356164384,146.62155845528548
2026-01-11 23:00:00,963.82,1768172850.6058722,145.5719180887372,145.64987210290167
2026-01-11 23:15:00,963.7733333333332,1768173750.8982708,146.94210958904108,147.0077620770004
2026-01-11 23:30:00,963.7166666666667,1768174650.9603431,146.34675085324233,146.39637448176484
2026-01-11 23:45:00,963.8066666666667,1768175551.0457144,147.49250342465754,147.56774748530498
2026-01-12 00:00:00,963.84,1768176451.149598,146.86936177474402,146.95359470274818
2026-01-12 00:15:00,963.82,1768177351.4010255,146.49056506849317,146.56901101970575
2026-01-12 00:30:00,963.83,1768178250.2451336,146.6500924657534,146.73141171450112
2026-01-12 00:45:00,963.7333333333332,1768179150.4165106,146.96429010238907,147.01877864863528
2026-01-12 01:00:00,963.9033333333333,1768180050.5177472,145.71736986301372,145.81848786640285
2026-01-12 01:15:00,963.9499999999999,1768180950.6691413,146.3917133105802,146.50628891113314
2026-01-12 01:30:00,963.9133333333333,1768181850.8088517,144.57292465753426,144.67599731115666
2026-01-12 01:45:00,963.9833333333332,1768182751.0925064,146.10466894197953,146.22828071427094
2026-01-12 02:00:00,963.9066666666668,1768183651.3357773,144.42073630136989,144.52186983100398
2026-01-12 02:15:00,963.82,1768184549.9852931,145.75564726027397,145.8336996617279
2026-01-12 02:30:00,963.7066666666666,1768185450.2874796,146.09870648464164,146.14546921535418
2026-01-12 02:45:00,963.6,1768186350.4509091,145.45813698630135,145.47520872246633
2026-01-12 03:00:00,963.5566666666667,1768187250.566037,145.64884300341296,145.65394445339322
2026-01-12 03:15:00,963.5166666666668,1768188150.7827935,145.46978424657536,145.46382375418514
2026-01-12 03:30:00,963.3800000000001,1768189051.118533,145.53665870307168,145.49291090587909
2026-01-12 03:45:00,963.3233333333334,1768189951.4213383,146.93354794520548,146.87356600952933
2026-01-12 04:00:00,963.13,1768190850.0831246,146.34756849315067,146.2340992425991
2026-01-12 04:15:00,962.9333333333334,1768191750.3096714,146.2946723549488,146.12663126285352
2026-01-12 04:30:00,962.79,1768192650.549918,145.70744520547944,145.50044861249748
2026-01-12 04:45:00,962.61,1768193550.8637357,147.52435494880547,147.2644041570075
2026-01-12 05:00:00,962.44,1768194451.0883925,146.01244178082192,145.70808379933592
2026-01-12 05:15:00,962.46,1768195349.9072158,146.33388356164383,146.03440474761538
2026-01-12 05:30:00,962.3966666666666,1768196250.3875315,147.56139931740614,147.24168918833325
2026-01-12 05:45:00,962.2666666666668,1768197150.6162803,145.39855821917808,145.04770294681407
2026-01-12 06:00:00,962.1533333333333,1768198050.7721655,146.7900170648464,146.4042750053873
2026-01-12 06:15:00,962.1166666666667,1768198950.894651,146.35067123287672,145.9559150918147
2026-01-12 06:30:00,962.02,1768199851.0135286,148.287228668942,147.8600895284414
2026-01-12 06:45:00,961.9866666666667,1768200751.107313,148.07698287671232,147.64109844705595
2026-01-12 07:00:00,961.9,1768201651.163089,147.3929351535836,146.93486704304829
2026-01-12 07:15:00,961.8633333333333,1768202551.2556713,148.18595205479454,147.71512822539688
2026-01-12 07:30:00,961.91,1768203449.8486679,146.70158219178083,146.24844136359448
2026-01-12 07:45:00,961.9266666666666,1768204350.1486382,147.44276791808875,146.99199234278018
2026-01-12 08:00:00,961.88,1768205250.5011876,146.58369178082194,146.1225858749787
2026-01-12 08:15:00,961.8533333333334,1768206150.6471543,146.4926791808874,146.02446081176655
2026-01-12 08:30:00,961.82,1768207050.8067088,146.64082191780824,146.16287278133422
2026-01-12 08:45:00,961.8133333333334,1768207950.993991,146.72919112627986,146.24910146606317
2026-01-12 09:00:00,961.8833333333333,1768208851.2327154,146.47462671232876,146.01478864807552
2026-01-12 09:15:00,961.79,1768209749.9547453,146.82511643835616,146.33822511078867
2026-01-12 09:30:00,961.7766666666666,1768210650.131019,146.512614334471,146.02306000712238
2026-01-12 09:45:00,961.7833333333333,1768211550.4028482,148.1903595890411,147.6970700948674
2026-01-12 10:00:00,961.7133333333333,1768212450.6012409,147.71880546075084,147.20750575473787
2026-01-12 10:15:00,961.6133333333333,1768213350.8730502,147.7847123287671,147.24520525209994
2026-01-12 10:30:00,961.5733333333334,1768214251.007682,146.29121501706484,145.74608302095263
2026-01-12 10:45:00,961.5266666666666,1768215151.1352732,147.4185684931507,146.85621375727072
2026-01-12 11:00:00,961.6,1768216051.2153792,147.73289078498294,147.18984403290415
2026-01-12 11:15:00,961.5766666666667,1768216951.4620624,147.61763698630136,147.06849371100301
2026-01-12 11:30:00,961.5466666666666,1768217850.2700217,148.5992705479452,148.03803714951158
2026-01-12 11:45:00,961.4,1768218750.4491463,147.42129692832765,146.82359198748262
2026-01-12 12:00:00,961.3733333333333,1768219650.5415864,148.3873184931507,147.77820929529096
2026-01-12 12:15:00,961.21,1768220550.7268198,148.9328566552901,148.275486132972
2026-01-12 12:30:00,961.3333333333334,1768221450.7471447,147.52680479452053,146.9100622960723
2026-01-12 12:45:00,961.4899999999999,1768222350.6412756,145.94049146757678,145.37364707307435
2026-01-12 13:00:00,961.6466666666666,1768223250.7813156,148.1237020547945,147.59230466921682
2026-01-12 13:15:00,961.7933333333334,1768224150.9193156,148.36453924914676,147.8734795228684
2026-01-12 13:30:00,961.8866666666667,1768225050.9876006,146.8644897260274,146.40435496212908
2026-01-12 13:45:00,961.85,1768225951.0280993,146.64229010238907,146.17266778524473
2026-01-12 14:00:00,961.8533333333334,1768226851.1548336,148.00665753424659,147.5336002033465
2026-01-12 14:15:00,961.91,1768227751.2792208,147.5446552901024,147.0889103261168
2026-01-12 14:30:00,961.8666666666667,1768228651.367506,148.54294520547944,148.07192490544998
2026-01-12 14:45:00,962.0533333333333,1768229549.907986,148.20451712328767,147.7869757775656
2026-01-12 15:00:00,962.1633333333333,1768230450.0870104,147.66463139931741,147.27938926690945
2026-01-12 15:15:00,962.36,1768231350.359213,147.92868493150684,147.59789602084845
2026-01-12 15:30:00,962.4766666666668,1768232250.4896195,147.16924914675766,146.87271161539311
2026-01-12 15:45:00,962.5300000000001,1768233150.6996787,147.4383904109589,147.15622165045536
2026-01-12 16:00:00,962.66,1768234050.7918665,147.80719795221842,147.56076637331577
2026-01-12 16:15:00,962.6333333333333,1768234950.97379,149.53453424657536,149.2776591728999
2026-01-12 16:30:00,962.6866666666666,1768235851.1151261,147.93411945392492,147.69495928682346
2026-01-12 16:45:00,962.7566666666667,1768236751.247946,147.1888698630137,146.97046028751672
2026-01-12 17:00:00,962.7833333333333,1768237649.75353,147.31649315068492,147.10534734723387
2026-01-12 17:15:00,962.7800000000001,1768238549.8930423,147.91157679180887,147.69864263909645
2026-01-12 17:30:00,962.7733333333334,1768239450.0837088,147.4117397260274,147.19766062543064
2026-01-12 17:45:00,962.86,1768240350.281466,146.34932081911265,146.16085045783467
2026-01-12 18:00:00,962.8666666666667,1768241250.294522,147.167801369863,146.98013869642355
2026-01-12 18:15:00,962.83,1768242150.3630116,147.51559726962458,147.31722764264185
2026-01-12 18:30:00,962.7866666666665,1768243050.5065322,148.97495205479453,148.76237137384044
2026-01-12 18:45:00,962.88,1768243950.6747544,148.6706075085324,148.48479008201605
2026-01-12 19:00:00,962.8533333333334,1768244850.8052962,148.97761301369863,148.78387329943138
2026-01-12 19:15:00,962.8766666666667,1768245751.0950198,147.23260068259387,147.0476492583776
2026-01-12 19:30:00,963.0133333333333,1768246651.3072522,148.3425410958904,148.1946716015569
2026-01-12 19:45:00,963.0033333333334,1768247550.0692232,147.97544863013698,147.82513635338162
2026-01-12 20:00:00,963.1866666666666,1768248450.3227909,148.41080204778157,148.31170045476176
2026-01-12 20:15:00,963.1833333333334,1768249350.534663,148.18563356164384,148.08574444595396
2026-01-12 20:30:00,963.1333333333333,1768250250.6210995,147.43760409556313,147.3242227463192
2026-01-12 20:45:00,963.12,1768251150.7333674,149.3680479452055,149.24940102793937
2026-01-12 21:00:00,963.0533333333333,1768252050.9805365,147.2600819112628,147.1244724593022
2026-01-12 21:15:00,963.1,1768252951.123448,148.20339383561645,148.0800448847169
2026-01-12 21:30:00,963.1233333333333,1768253851.2599447,148.05745392491468,147.94078500183278
2026-01-12 21:45:00,963.1366666666667,1768254751.5237157,147.54541780821918,147.43288728755346
2026-01-12 22:00:00,963.0766666666667,1768255650.2460055,148.46909589041096,148.3389492911434
2026-01-12 22:15:00,963.0033333333334,1768256550.4663928,148.22886689419795,148.07829719719757
2026-01-12 22:30:00,962.9466666666667,1768257450.6014838,149.2239794520548,149.05634966339647
2026-01-12 22:45:00,963.0099999999999,1768258350.7105865,147.24924232081912,147.10153099288075
2026-01-12 23:00:00,963.0366666666667,1768259250.9165668,148.2097089041096,148.06853604463836
2026-01-12 23:15:00,963.0,1768260149.77235,148.2659589041096,148.11441346841983
2026-01-12 23:30:00,962.9866666666667,1768261050.072933,147.7654709897611,147.6106975938445
2026-01-12 23:45:00,963.1166666666667,1768261950.3270464,147.87966438356165,147.7612639036874
2026-01-13 00:00:00,963.09,1768262850.4778047,149.6266928327645,149.4993187631154
2026-01-13 00:15:00,963.0833333333334,1768263750.6082652,148.08624657534247,147.9583097048682
2026-01-13 00:30:00,963.1700000000001,1768264650.7459066,148.2819385665529,148.17823063743322
2026-01-13 00:45:00,963.2433333333333,1768265550.9001913,148.91598630136986,148.83257081479192
2026-01-13 01:00:00,963.2400000000001,1768266450.9613655,148.66962457337883,148.58540604276362
2026-01-13 01:15:00,963.3966666666666,1768267351.120472,147.95419178082193,147.91440116373903
2026-01-13 01:30:00,963.2533333333334,1768268249.8670137,147.5625479452055,147.48269273345338
2026-01-13 01:45:00,963.2233333333334,1768269150.3071256,147.46848805460752,147.38028282892856
2026-01-13 02:00:00,963.0666666666666,1768270050.6090388,146.44232191780824,146.3111720306764
2026-01-13 02:15:00,963.0433333333334,1768270950.7869792,149.09283959044367,148.95271225285785
2026-01-13 02:30:00,963.1033333333334,1768271850.9682786,147.56439726027395,147.4425139426915
2026-01-13 02:45:00,963.1033333333334,1768272751.0980606,148.05681911262798,147.93452907086186
2026-01-13 03:00:00,963.1766666666667,1768273651.2888193,149.24338356164384,149.1408923068737
2026-01-13 03:15:00,963.16,1768274549.930219,148.0970273972603,147.9906369456259
2026-01-13 03:30:00,963.25,1768275450.145225,148.75202047781568,148.67057998566375
2026-01-13 03:45:00,963.2199999999999,1768276350.4150043,148.22531506849316,148.13571896653337
2026-01-13 04:00:00,963.2033333333333,1768277250.6805384,146.5397781569966,146.4465633447892
2026-01-13 04:15:00,963.1966666666667,1768278150.8969793,147.76524315068494,147.6693783223704
2026-01-13 04:30:00,963.0433333333334,1768279050.7677062,147.49078156996586,147.35215995274652
2026-01-13 04:45:00,963.0366666666667,1768279950.7261124,147.4487294520548,147.30828144148882
2026-01-13 05:00:00,962.9433333333333,1768280850.9173799,147.24780887372015,147.0814674845425
2026-01-13 05:15:00,962.9266666666666,1768281751.1744037,147.09317465753426,146.92235533902797
2026-01-13 05:30:00,962.89,1768282649.8088803,148.74772602739728,148.5646349147864
2026-01-13 05:45:00,962.9399999999999,1768283549.9480875,148.31906825938566,148.1505784109633
2026-01-13 06:00:00,962.9566666666666,1768284450.3007448,148.44898287671234,148.2850410644411
2026-01-13 06:15:00,962.94,1768285350.4512475,147.46747440273037,147.2999519614089
2026-01-13 06:30:00,962.98,1768286250.6598248,148.45786301369864,148.3004859036569
2026-01-13 06:45:00,962.9699999999999,1768287150.8448098,148.624614334471,148.46423960745247
2026-01-13 07:00:00,962.94,1768288051.0117714,148.03485273972603,147.86668575895916
2026-01-13 07:15:00,962.9766666666666,1768288949.6787212,147.2894280821918,147.13235776463762
2026-01-13 07:30:00,963.0099999999999,1768289849.9800599,147.37680546075086,147.22896616936427
2026-01-13 07:45:00,963.0,1768290750.3002105,150.08223287671234,149.92883099310598
2026-01-13 08:00:00,963.0066666666667,1768291650.420777,146.76193174061433,146.61378069560988
2026-01-13 08:15:00,963.0266666666666,1768292550.5798283,149.77704794520548,149.63153913613823
2026-01-13 08:30:00,962.9699999999999,1768293450.6953363,148.32879180887372,148.16873629181242
2026-01-13 08:45:00,962.9499999999999,1768294350.7650442,147.9286198630137,147.7633810399242
2026-01-13 09:00:00,962.93,1768295250.9513726,150.12017747440274,149.94679255723338
2026-01-13 09:15:00,962.9433333333333,1768296151.1035554,149.0795308219178,148.91112019194276
2026-01-13 09:30:00,962.9166666666666,1768297049.749768,148.15620890410958,147.9813434115903
2026-01-13 09:45:00,962.88,1768297949.9220228,147.24015017064846,147.05612061535777
2026-01-13 10:00:00,962.7266666666668,1768298850.0640962,148.0908801369863,147.8627036785691
2026-01-13 10:15:00,962.6999999999999,1768299750.259773,147.38924573378839,147.15469431759757
2026-01-13 10:30:00,962.6433333333333,1768300650.4773223,148.24362328767123,147.9917775980522
2026-01-13 10:45:00,962.6133333333333,1768301550.5842898,149.23055972696244,148.96854591786928
2026-01-13 11:00:00,962.48,1768302450.7126422,149.22414726027398,148.9244124129323
2026-01-13 11:15:00,962.3733333333333,1768303350.9011893,150.25782593856655,149.92562681564235
2026-01-13 11:30:00,962.3333333333334,1768304251.029171,148.57692808219178,148.23717873658285
2026-01-13 11:45:00,962.1766666666666,1768305151.2003925,148.49759726962458,148.1139341853979
2026-01-13 12:00:00,962.0766666666667,1768306051.3547268,150.33165410958904,149.91476598649155
2026-01-13 12:15:00,961.8466666666667,1768306950.0341005,148.47508561643835,147.99865643907992
2026-01-13 12:30:00,961.7199999999999,1768307850.3266413,149.3764709897611,148.86131916403454
2026-01-13 12:45:00,961.6666666666666,1768308750.5171235,149.43098287671233,148.9005537029104
2026-01-13 13:00:00,961.6033333333334,1768309650.9448328,150.37201023890785,149.8202112878002
2026-01-13 13:15:00,961.6766666666666,1768310551.1530156,148.97517808219177,148.44918736817476
2026-01-13 13:30:00,961.7600000000001,1768311449.837993,148.10228424657532,147.60274406698574
2026-01-13 13:45:00,961.66,1768312350.059307,148.92304778156998,148.3925419538585
2026-01-13 14:00:00,961.5333333333333,1768313250.2017682,150.05988698630136,149.4893499840936
2026-01-13 14:15:00,961.5300000000001,1768314150.3547788,149.55990443686008,148.99032479095303
2026-01-13 14:30:00,961.52,1768315050.4572413,149.9549315068493,149.3810091850529
2026-01-13 14:45:00,961.5266666666666,1768315950.5573258,149.6490204778157,149.0781572802843
2026-01-13 15:00:00,961.5466666666666,1768316850.6735508,149.8968390410959,149.33070495390098
2026-01-13 15:15:00,961.6666666666666,1768317750.8026576,148.7530853242321,148.22506245621602
2026-01-13 15:30:00,961.64,1768318651.0353365,150.06029109589042,149.52005221734638
2026-01-13 15:45:00,961.4,1768319549.9974616,150.49139383561644,149.88124149315038
2026-01-13 16:00:00,961.3100000000001,1768320450.2395012,149.5879385665529,148.95597554358875
2026-01-13 16:15:00,961.2400000000001,1768321350.404368,151.04460616438357,150.38648643608246
2026-01-13 16:30:00,961.2366666666667,1768322250.5639918,150.99592832764506,150.33706855681913
2026-01-13 16:45:00,961.2833333333333,1768323150.7064369,150.42702397260274,149.78392682737257
2026-01-13 17:00:00,961.3566666666667,1768324050.5506332,149.88748122866895,149.26748719389974
2026-01-13 17:15:00,961.18,1768324950.4301765,150.88375342465753,150.20920972531084
2026-01-13 17:30:00,961.1700000000001,1768325850.4537494,152.2319180887372,151.54846781125977
2026-01-13 17:45:00,961.13,1768326750.5112016,150.48138356164384,149.79440755976358
2026-01-13 18:00:00,961.0166666666668,1768327650.5324385,151.26147098976108,150.53851429065588
2026-01-13 18:15:00,960.9666666666667,1768328550.659919,149.78752739726028,149.0574543050997
2026-01-13 18:30:00,960.91,1768329450.8646026,149.91362798634813,149.16687910734478
2026-01-13 18:45:00,960.77,1768330351.1075394,150.28923630136987,149.50084393044907
2026-01-13 19:00:00,960.7233333333334,1768331249.786485,150.73186301369861,149.92785450409775
2026-01-13 19:15:00,960.68,1768332150.2673705,150.91631058020477,150.0989595650403
2026-01-13 19:30:00,960.6999999999999,1768333050.4036615,150.9761095890411,150.1641408360245
2026-01-13 19:45:00,960.5799999999999,1768333950.5805714,150.61726962457337,149.77307860348563
2026-01-13 20:00:00,960.5,1768334850.757564,150.62064383561645,149.75366961467296
2026-01-13 20:15:00,960.5033333333334,1768335750.9673672,149.69901365187715,148.83828698475406
2026-01-13 20:30:00,960.4833333333332,1768336651.0007305,151.47540068493151,150.59873743784854
2026-01-13 20:45:00,960.54,1768337549.6286862,150.44225684931507,149.58767765749437
2026-01-13 21:00:00,960.5099999999999,1768338450.0203307,149.60333788395903,148.74504541721163
2026-01-13 21:15:00,960.34,1768339350.369119,148.5205993150685,147.620829421314
2026-01-13 21:30:00,960.2599999999999,1768340250.5957274,149.57825938566552,148.64948551950258
2026-01-13 21:45:00,960.07,1768341150.738784,149.8669691780822,148.88264629312891
2026-01-13 22:00:00,960.0366666666667,1768342050.992515,150.00960068259386,149.01490308773208
2026-01-13 22:15:00,960.1666666666666,1768342951.344262,149.76908561643836,148.81273505769397
2026-01-13 22:30:00,960.16,1768343850.1363919,148.9603116438356,148.0072507412481
2026-01-13 22:45:00,960.1166666666667,1768344750.3245058,149.68311262798636,148.71318262635666
2026-01-13 23:00:00,960.0866666666667,1768345650.4362466,149.86081849315067,148.8812505040438
2026-01-13 23:15:00,960.0233333333332,1768346550.7022192,150.22276450511944,149.2228730831129
2026-01-13 23:30:00,959.9466666666667,1768347450.8502781,149.52016780821918,148.50331935139943
2026-01-13 23:45:00,960.0066666666667,1768348350.991536,150.19655631399317,149.19211484345078
2026-01-14 00:00:00,960.0300000000001,1768349251.1295664,150.37228424657536,149.37328966219505
2026-01-14 00:15:00,960.0300000000001,1768350149.7716022,149.69930821917808,148.7047845345394
2026-01-14 00:30:00,960.1566666666668,1768351049.9734766,149.67569283276453,148.71711298168907
2026-01-14 00:45:00,960.0866666666667,1768351950.17745,149.89882534246576,148.91900892089114
2026-01-14 01:00:00,960.1033333333334,1768352850.3679729,149.3502013651877,148.37866961778104
2026-01-14 01:15:00,960.0266666666666,1768353750.5902157,150.8388869863014,149.83584357470963
2026-01-14 01:30:00,960.2033333333334,1768354650.7861395,149.3759556313993,148.43245583856603
2026-01-14 01:45:00,960.0533333333333,1768355550.922448,150.14846575342466,149.15757060743584
2026-01-14 02:00:00,960.0433333333334,1768356451.103354,151.88494539249146,150.87972371878647
2026-01-14 02:15:00,959.9566666666666,1768357351.3115778,150.27026369863015,149.2511497762255
2026-01-14 02:30:00,960.0766666666667,1768358250.1095657,149.65674657534245,148.67568764116848
2026-01-14 02:45:00,959.96,1768359150.3075674,150.46274402730376,149.44327119870852
2026-01-14 03:00:00,959.88,1768360050.4784224,150.41668493150684,149.37481748222098
2026-01-14 03:15:00,959.8666666666667,1768360950.58075,149.80097610921501,148.7596047684077
2026-01-14 03:30:00,959.7433333333333,1768361850.858179,150.15273630136986,149.07398253293738
2026-01-14 03:45:00,959.6533333333333,1768362750.9923067,151.08849829351536,149.97737333504242
2026-01-14 04:00:00,959.7666666666668,1768363651.1273835,150.9476609589041,149.86984023486298
2026-01-14 04:15:00,959.6333333333333,1768364551.2262833,150.82283959044366,149.7079793101845
2026-01-14 04:30:00,959.5500000000001,1768365451.3794403,150.1741780821918,149.0405126630869
2026-01-14 04:45:00,959.39,1768366350.2007883,150.70150342465755,149.5183967223656
2026-01-14 05:00:00,959.3566666666666,1768367250.414941,150.2153276450512,149.0265990947528
2026-01-14 05:15:00,959.3466666666667,1768368150.5333505,149.92155479452055,148.73232507378182
2026-01-14 05:30:00,959.2833333333333,1768369050.7284489,151.15115017064846,149.93412371486716
2026-01-14 05:45:00,959.1666666666666,1768369950.8864381,149.7838390410959,148.54489068862387
2026-01-14 06:00:00,959.0533333333333,1768370851.0978425,150.9166484641638,149.63610488217978
2026-01-14 06:15:00,959.0600000000001,1768371751.367633,150.32543835616437,149.05179923141978
2026-01-14 06:30:00,959.1733333333333,1768372650.0420332,152.42755479452055,151.16865353807304
2026-01-14 06:45:00,959.1566666666666,1768373550.196987,151.13084982935155,149.87791186789417
2026-01-14 07:00:00,959.0533333333333,1768374450.3622224,149.42727739726027,148.15937128490154
2026-01-14 07:15:00,959.0233333333332,1768375350.5006137,151.36901365187714,150.07607712365711
2026-01-14 07:30:00,959.0866666666667,1768376250.6012456,150.31992465753424,149.05388411999886
2026-01-14 07:45:00,959.1,1768377150.7557552,149.7459385665529,148.48849397689398
2026-01-14 08:00:00,958.9666666666667,1768378050.9065871,150.61595547945205,149.31337434888508
2026-01-14 08:15:00,959.0366666666667,1768378951.0514307,151.21962457337884,149.93176229303464
2026-01-14 08:30:00,959.1999999999999,1768379851.199596,150.47841780821918,149.24317596344716
2026-01-14 08:45:00,959.1733333333333,1768380749.944632,150.32250342465755,149.08098781621825
2026-01-14 09:00:00,959.16,1768381650.096762,150.8892627986348,149.6392754071251
2026-01-14 09:15:00,959.1733333333333,1768382550.3581696,150.86324657534246,149.6172649618378
2026-01-14 09:30:00,959.1700000000001,1768383450.4815798,150.58832081911262,149.34366397498246
2026-01-14 09:45:00,959.1666666666666,1768384350.6275609,150.66547260273973,149.4192317515864
2026-01-14 10:00:00,959.31,1768385250.8352823,150.79531740614334,149.58873498605266
2026-01-14 10:15:00,959.2800000000001,1768386151.0429127,149.6564417808219,148.45051010613662
2026-01-14 10:30:00,959.3566666666667,1768387049.7324266,150.64500342465755,149.45287463635023
2026-01-14 10:45:00,959.2866666666667,1768387949.8945699,150.88849146757678,149.67452780131057
2026-01-14 11:00:00,959.1466666666666,1768388850.075313,151.77145205479454,150.51034350923743
2026-01-14 11:15:00,959.13,1768389750.2643228,151.40552559726964,150.14270303579548
2026-01-14 11:30:00,959.09,1768390650.3335059,152.24781506849317,150.96649336435834
2026-01-14 11:45:00,959.0833333333334,1768391550.5223262,150.8286757679181,149.5574031725129
2026-01-14 12:00:00,959.0166666666668,1768392450.724715,150.03683561643837,148.75339382459862
2026-01-14 12:15:00,958.9766666666666,1768393350.885083,152.55936177474402,151.2428469520783
2026-01-14 12:30:00,958.9533333333333,1768394251.0662346,152.78127397260272,151.45612944916948
2026-01-14 12:45:00,958.9333333333334,1768395149.713617,152.10375684931506,150.7787590518418
2026-01-14 13:00:00,958.9833333333332,1768396049.9608767,152.22531740614332,150.91359678781873
2026-01-14 13:15:00,959.0533333333333,1768396950.1374495,151.71875342465754,150.43140389800345
2026-01-14 13:30:00,958.9933333333333,1768397850.270996,152.1756518771331,150.86722567511617
2026-01-14 13:45:00,958.9533333333334,1768398750.3661973,152.9776917808219,151.65084363248693
2026-01-14 14:00:00,958.87,1768399650.5911891,152.4252252559727,151.0792461376213
2026-01-14 14:15:00,958.82,1768400550.930716,151.444948630137,150.09336622131917
2026-01-14 14:30:00,958.6566666666666,1768401449.6137962,152.7577705479452,151.34749629453808
2026-01-14 14:45:00,958.59,1768402350.0093741,152.86279180887374,151.43236534138754
2026-01-14 15:00:00,958.58,1768403250.2832696,153.47529794520545,152.0362511836718
2026-01-14 15:15:00,958.5566666666667,1768404150.417371,152.4847337883959,151.04827833682
2026-01-14 15:30:00,958.5766666666667,1768405050.5648456,151.42845547945205,150.00765069319303
2026-01-14 15:45:00,958.4233333333333,1768405950.7420282,154.19662457337884,152.70535230111702
2026-01-14 16:00:00,958.3933333333333,1768406850.9337282,151.59687671232876,150.1221900119526
2026-01-14 16:15:00,958.5099999999999,1768407751.0492635,153.7212013651877,152.25959704013405
2026-01-14 16:30:00,958.4533333333334,1768408651.1848621,152.5797089041096,151.11268738599486
2026-01-14 16:45:00,958.4633333333333,1768409551.253636,153.13393515358362,151.66446646519483
2026-01-14 17:00:00,958.5566666666667,1768410451.3622453,152.39246232876712,150.95687610414865
2026-01-14 17:15:00,958.5766666666667,1768411350.0373123,152.64936643835617,151.21710623489358
2026-01-14 17:30:00,958.64,1768412250.2283185,152.31001706484642,150.8990979670472
2026-01-14 17:45:00,958.7199999999999,1768413150.4062643,153.1451095890411,151.7495188115994
2026-01-14 18:00:00,958.6533333333333,1768414050.5274277,152.11261092150173,150.70733836023965
2026-01-14 18:15:00,958.5933333333332,1768414950.6884124,152.7540205479452,151.32557030895106
2026-01-14 18:30:00,958.5133333333333,1768415850.8251953,152.3153242320819,150.8680426930403
2026-01-14 18:45:00,958.43,1768416751.0295942,152.88325684931507,151.40660427388218
2026-01-14 19:00:00,958.4533333333334,1768417651.1876147,152.75593174061433,151.28721587732753
2026-01-14 19:15:00,958.4266666666666,1768418551.3674397,151.89183219178082,150.4238027965069
2026-01-14 19:30:00,958.5066666666667,1768419450.0356193,151.0176301369863,149.58078442622062
2026-01-14 19:45:00,958.4566666666666,1768420350.3890915,151.47783617747442,150.0223590703672
2026-01-14 20:00:00,958.5433333333334,1768421250.8239815,151.37559246575344,149.94578680902285
2026-01-14 20:15:00,958.61,1768422150.9834874,152.39767235494878,150.97733531172054
2026-01-14 20:30:00,958.6466666666666,1768423051.194682,152.53607876712329,151.12497979140855
2026-01-14 20:45:00,958.59,1768423950.12161,152.19645205479452,150.7722609177592
2026-01-14 21:00:00,958.6,1768424850.3650553,151.5258532423208,150.1107893681377
2026-01-14 21:15:00,958.6366666666667,1768425750.5306327,152.41284246575344,151.00001451160284
2026-01-14 21:30:00,958.7033333333334,1768426650.6493518,152.38678839590443,150.9933265664124
2026-01-14 21:45:00,958.7466666666666,1768427550.815866,150.70573287671232,149.33993817620754
2026-01-14 22:00:00,958.69,1768428451.074083,151.87403071672355,150.48144542316604
2026-01-14 22:15:00,958.6833333333334,1768429351.1829956,152.4755993150685,151.07558439566188
2026-01-14 22:30:00,958.6933333333333,1768430249.7980354,152.54472260273974,151.14694476524298
2026-01-14 22:45:00,958.6266666666667,1768431150.018488,151.80682935153584,150.39676141789155
2026-01-14 23:00:00,958.6833333333334,1768432050.3009448,152.3904006849315,150.99116805038776
2026-01-14 23:15:00,958.6266666666667,1768432950.3959365,152.78344368600682,151.3643044045025
2026-01-14 23:30:00,958.5133333333333,1768433850.573026,152.1991095890411,150.7529323072913
2026-01-14 23:45:00,958.4666666666667,1768434750.7379613,152.31295563139932,150.8523204330981
2026-01-15 00:00:00,958.5300000000001,1768435650.898169,151.66680479452054,150.2304426297018
2026-01-15 00:15:00,958.5433333333334,1768436551.000177,151.61594197952218,150.18386612130942
2026-01-15 00:30:00,958.57,1768437451.181299,153.52301712328767,152.0806333678639
2026-01-15 00:45:00,958.64,1768438349.7509136,152.9801678082192,151.56304078988757
2026-01-15 01:00:00,958.6700000000001,1768439249.9188974,152.60117406143345,151.1961757762732
2026-01-15 01:15:00,958.6766666666666,1768440150.256524,152.67863698630137,151.27484163621807
2026-01-15 01:30:00,958.6866666666666,1768441050.5140324,153.28001023890783,151.87357116589078
2026-01-15 01:45:00,958.7433333333333,1768441950.6477025,152.09085616438355,150.7115540540047
2026-01-15 02:00:00,958.6700000000001,1768442850.9878964,153.17856313993175,151.76824883626674
2026-01-15 02:15:00,958.6466666666666,1768443751.1701994,153.70933219178082,152.2873795431569
2026-01-15 02:30:00,958.6766666666666,1768444649.926491,152.1869178082192,150.78764354313748
2026-01-15 02:45:00,958.6266666666667,1768445550.1430051,152.5714675767918,151.15429724961965
2026-01-15 03:00:00,958.68,1768446450.3355749,151.33057876712328,149.94012768216794
2026-01-15 03:15:00,958.7133333333335,1768447350.4989202,153.30178498293517,151.90284232885466
2026-01-15 03:30:00,958.77,1768448250.725765,150.90428424657534,149.5433197495515
2026-01-15 03:45:00,958.7333333333332,1768449151.029092,151.62694880546076,150.24899908272954
2026-01-15 04:00:00,958.7166666666667,1768450051.2683227,153.03809589041097,151.64251990873842
2026-01-15 04:15:00,958.7166666666667,1768450949.9900296,152.4336369863014,151.0435731506313
2026-01-15 04:30:00,958.6433333333334,1768451850.2155905,151.966566552901,150.55978254048875
2026-01-15 04:45:00,958.6533333333333,1768452750.4196289,152.71893150684932,151.3080575317613
2026-01-15 05:00:00,958.68,1768453650.624354,153.36292491467577,151.95380028780383
2026-01-15 05:15:00,958.6733333333333,1768454550.8004024,152.81420547945206,151.40820473063076
2026-01-15 05:30:00,958.5799999999999,1768455450.9267685,152.56909897610922,151.13854910436328
2026-01-15 05:45:00,958.6266666666667,1768456351.0382538,152.3824589041096,150.96704419669229
2026-01-15 06:00:00,958.54,1768457251.1246955,153.14601023890785,151.69852148697214
2026-01-15 06:15:00,958.4866666666667,1768458151.262265,153.02005821917808,151.55840123064942
2026-01-15 06:30:00,958.4433333333333,1768459049.8364854,152.76367465753427,151.29200977225054
2026-01-15 06:45:00,958.3766666666667,1768459950.091872,152.32275767918088,150.83623328088683
2026-01-15 07:00:00,958.3933333333333,1768460850.3180716,151.97077054794522,150.49244672602214
2026-01-15 07:15:00,958.4633333333333,1768461750.5022657,152.47295563139932,151.00982968285157
2026-01-15 07:30:00,958.4533333333334,1768462650.7455385,152.53125,151.06469440396353
2026-01-15 07:45:00,958.4699999999999,1768463551.1057637,153.18174061433447,151.7137348813035
2026-01-15 08:00:00,958.4666666666667,1768464451.2386703,151.75605821917807,150.30076349870268
2026-01-15 08:15:00,958.59,1768465349.9408493,151.98875342465755,150.56650584507196
2026-01-15 08:30:00,958.61,1768466250.238877,152.34020819112627,150.920406710412
2026-01-15 08:45:00,958.6933333333333,1768467150.38616,152.86843150684933,151.46768750228864
2026-01-15 09:00:00,958.7600000000001,1768468050.508649,152.60573378839592,151.22655105119918
2026-01-15 09:15:00,958.8966666666666,1768468950.6357684,152.53859246575342,151.1992728361448
2026-01-15 09:30:00,959.0466666666666,1768469850.766527,153.07319453924913,151.77242997480386
2026-01-15 09:45:00,959.0766666666667,1768470750.9009328,151.91303424657534,150.63071404041176
2026-01-15 10:00:00,959.0666666666666,1768471651.084598,153.02527303754266,151.7306813502572
2026-01-15 10:15:00,959.1633333333333,1768472551.2735295,152.2426301369863,150.98238748319585
2026-01-15 10:30:00,959.1833333333334,1768473449.9293308,152.66665068493148,151.4086514693091
2026-01-15 10:45:00,959.14,1768474350.101719,152.02194880546074,150.756849218274
2026-01-15 11:00:00,959.1266666666667,1768475250.3530452,153.40397602739728,152.12352161107324
2026-01-15 11:15:00,959.0933333333334,1768476150.52139,151.70489761092148,150.42909782930622
2026-01-15 11:30:00,959.0500000000001,1768477050.6744466,153.02330136986302,151.72392169593164
2026-01-15 11:45:00,959.11,1768477950.8063223,152.69823208191127,151.41887346395262
2026-01-15 12:00:00,959.1466666666666,1768478850.952615,152.2078904109589,150.94315538536804
2026-01-15 12:15:00,959.1366666666667,1768479751.0829685,152.72425938566553,151.4523560935991
2026-01-15 12:30:00,959.2266666666668,1768480651.2573042,152.81242123287672,151.56569923863668
2026-01-15 12:45:00,959.1266666666667,1768481549.8662353,152.70946575342464,151.43480837555109
2026-01-15 13:00:00,959.0633333333334,1768482450.1448393,152.15841638225254,150.8702027759367
2026-01-15 13:15:00,959.0466666666666,1768483350.3824313,151.13699315068493,149.85268177494754
2026-01-15 13:30:00,958.9699999999999,1768484250.53143,154.20647781569966,152.87381275012902
2026-01-15 13:45:00,958.8966666666666,1768485150.8268018,152.6164109589041,151.27640806721902
2026-01-15 14:00:00,958.8033333333333,1768486050.9885316,153.64138566552901,152.2653791675094
2026-01-15 14:15:00,958.77,1768486951.2257197,154.10480479452056,152.71497567738672
2026-01-15 14:30:00,958.6366666666667,1768487850.006794,153.71505821917808,152.29015905902537
2026-01-15 14:45:00,958.6733333333333,1768488750.1738834,151.77950511945392,150.38302435914676
2026-01-15 15:00:00,958.6533333333333,1768489650.4638543,152.0354075342466,150.63084820643104
2026-01-15 15:15:00,958.5666666666666,1768490550.620852,152.97876109215017,151.5405309865161
2026-01-15 15:30:00,958.6133333333333,1768491450.956703,153.16875342465752,151.74219098356082
2026-01-15 15:45:00,958.73,1768492351.1959991,154.3402252559727,152.9366493189977
2026-01-15 16:00:00,958.7066666666666,1768493251.3599823,153.81951369863015,152.41391596583514
2026-01-15 16:15:00,958.7033333333334,1768494149.968503,153.5542979452055,152.15016012464073
2026-01-15 16:30:00,958.8566666666666,1768495050.124075,152.85327986348122,151.4996828015702
2026-01-15 16:45:00,958.8833333333333,1768495950.2913563,154.63877397260273,153.27713125562818
2026-01-15 17:00:00,958.85,1768496850.5150468,153.56309215017063,152.20128142796142
2026-01-15 17:15:00,958.82,1768497750.689035,154.84836643835615,153.466409958425
2026-01-15 17:30:00,958.7933333333334,1768498650.9639955,153.4546962457338,152.0774722317461
2026-01-15 17:45:00,958.7966666666666,1768499551.1338222,154.449448630137,153.06426632413917
2026-01-15 18:00:00,958.7199999999999,1768500449.743149,152.8166198630137,151.42402256824573
2026-01-15 18:15:00,958.73,1768501349.9661455,151.3541399317406,149.97771956940528
2026-01-15 18:30:00,958.8966666666666,1768502250.0891504,153.47771575342466,152.1301504318015
2026-01-15 18:45:00,958.9,1768503150.3747008,152.25089419795222,150.9150564095333
2026-01-15 19:00:00,958.79,1768504050.7318788,154.3546506849315,152.96838096403053
2026-01-15 19:15:00,958.8100000000001,1768504950.886236,154.45709556313994,153.07572254468798
2026-01-15 19:30:00,958.7800000000001,1768505851.10068,152.43487671232876,151.06297838949456
2026-01-15 19:45:00,958.7833333333333,1768506749.7060616,152.81293493150685,151.4385932313629
2026-01-15 20:00:00,958.7133333333333,1768507649.877277,153.0290204778157,151.63256691347908
2026-01-15 20:15:00,958.7766666666666,1768508549.96112,153.38176027397262,152.00037742367962
2026-01-15 20:30:00,958.87,1768509450.1841629,154.35196587030717,152.9889728185401
2026-01-15 20:45:00,958.8733333333333,1768510351.6518574,153.7218737201365,152.36540962605727
2026-01-15 21:00:00,958.8433333333332,1768511252.0389435,155.13853767123288,153.76080811326696
2026-01-15 21:15:00,958.9166666666666,1768512150.7515397,152.0519006849315,150.72258165667296
2026-01-15 21:30:00,958.9499999999999,1768513050.9100335,152.76108532423208,151.4351568141673
2026-01-15 21:45:00,958.87,1768513951.0531783,153.567698630137,152.211630989349
2026-01-15 22:00:00,958.8233333333333,1768514849.7055266,152.0260684931507,150.67025407612525
2026-01-15 22:15:00,958.7599999999999,1768515750.0285332,154.32633105802046,152.9315983280873
2026-01-15 22:30:00,958.7233333333334,1768516650.2530506,151.71033561643836,150.32877182036142
2026-01-15 22:45:00,958.63,1768517550.414335,153.09253924914677,151.67148949579578
2026-01-15 23:00:00,958.5466666666666,1768518450.538458,151.92590753424656,150.49185703406263
2026-01-15 23:15:00,958.4933333333333,1768519350.720229,154.37299317406143,152.90034959329572
2026-01-15 23:30:00,958.4133333333333,1768520250.9040017,152.59139383561643,151.11277496204335
2026-01-15 23:45:00,958.4466666666667,1768521151.015024,152.63348122866896,151.1640279445853
2026-01-16 00:00:00,958.57,1768522051.165952,152.21656506849317,150.78645572804888
2026-01-16 00:15:00,958.5133333333333,1768522949.7718651,154.0981917808219,152.6339696528878
2026-01-16 00:30:00,958.4366666666666,1768523850.1725607,151.92341638225255,150.4579404005614
2026-01-16 00:45:00,958.3933333333333,1768524750.3496537,151.71524657534246,150.23940841019672
2026-01-16 01:00:00,958.3433333333332,1768525650.4714487,152.39008532423207,150.89334699125584
2026-01-16 01:15:00,958.4200000000001,1768526550.599781,152.81587328767122,151.33699611918922
2026-01-16 01:30:00,958.4200000000001,1768527450.7971914,152.9284470989761,151.4484804962899
2026-01-16 01:45:00,958.4,1768528350.866978,153.72694863013697,152.23346953900258
2026-01-16 02:00:00,958.2399999999999,1768529250.9792347,153.43592832764506,151.89909219629862
2026-01-16 02:15:00,958.18,1768530151.1057873,152.9991198630137,151.44939265260078
2026-01-16 02:30:00,958.1366666666667,1768531049.754013,152.78330821917808,151.2233157314412
2026-01-16 02:45:00,958.1733333333333,1768531950.1291363,152.8197781569966,151.2699513995123
2026-01-16 03:00:00,958.1833333333334,1768532850.338824,152.82150342465755,151.27453335914407
2026-01-16 03:15:00,958.2166666666667,1768533750.52451,153.34723549488055,151.80455757235453
2026-01-16 03:30:00,958.29,1768534650.6735902,152.8028801369863,151.28675626574773
2026-01-16 03:45:00,958.3299999999999,1768535550.8132074,153.4302218430034,151.91941886823585
2026-01-16 04:00:00,958.2166666666667,1768536450.9304829,152.10998630136987,150.57975514392137
2026-01-16 04:15:00,958.0833333333334,1768537351.008474,153.1608976109215,151.58168869429196
2026-01-16 04:30:00,958.0799999999999,1768538251.181295,153.22560958904108,151.64477302125246
2026-01-16 04:45:00,958.0799999999999,1768539151.3206978,153.31769965870308,151.73591299288555
2026-01-16 05:00:00,958.0533333333333,1768540051.5343506,151.85894178082194,150.28459058359383
2026-01-16 05:15:00,957.96,1768540950.3015232,152.8612773972603,151.24971079796293
2026-01-16 05:30:00,958.0066666666667,1768541850.5637093,152.33509556313993,150.7424415646154
2026-01-16 05:45:00,958.0433333333334,1768542750.949331,153.42174657534247,151.82830871145788
2026-01-16 06:00:00,958.0033333333334,1768543651.143064,152.24060750853243,150.64798726983182
2026-01-16 06:15:00,958.1566666666668,1768544551.4352314,152.29474315068495,150.74546737076784
2026-01-16 06:30:00,958.1666666666666,1768545450.2856498,152.9081198630137,151.35548000368507
2026-01-16 06:45:00,958.1133333333333,1768546350.598683,152.97543686006827,151.40677012910373
2026-01-16 07:00:00,958.1766666666666,1768547250.7212195,152.5535308219178,151.00736059737577
2026-01-16 07:15:00,958.3299999999999,1768548150.8617637,152.60502730375427,151.102349888278
2026-01-16 07:30:00,958.3233333333334,1768549050.9036272,152.26587328767124,150.76462577045766
2026-01-16 07:45:00,958.34,1768549951.0444312,151.9847986348123,150.4910878158295
2026-01-16 08:00:00,958.3833333333333,1768550851.3015826,152.965,151.47412659116222
2026-01-16 08:15:00,958.4266666666666,1768551750.2585728,152.22083561643834,150.74962641424804
2026-01-16 08:30:00,958.35,1768552650.4178848,153.1602593856655,151.65787757810097
2026-01-16 08:45:00,958.46,1768553550.511965,153.3254691780822,151.8532007949056
2026-01-16 09:00:00,958.52,1768554450.6320283,152.19003071672356,150.7458491366349
2026-01-16 09:15:00,958.4866666666667,1768555350.7667792,152.5846575342466,151.12715951978544
2026-01-16 09:30:00,958.4433333333333,1768556250.9207692,151.96473037542663,150.50076220369678
2026-01-16 09:45:00,958.3533333333334,1768557151.1781542,151.85901712328766,150.3703518224853
2026-01-16 10:00:00,958.3000000000001,1768558050.072188,152.95458561643835,151.43983383934477
2026-01-16 10:15:00,958.32,1768558950.4542406,153.51655972696244,152.00201853100438
2026-01-16 10:30:00,958.3366666666667,1768559850.6809359,152.67884589041094,151.1773564961153
2026-01-16 10:45:00,958.3533333333334,1768560750.7717743,152.77054607508532,151.27294510785418
2026-01-16 11:00:00,958.3633333333333,1768561650.9628286,154.73064726027397,153.2167426231509
2026-01-16 11:15:00,958.3299999999999,1768562551.0543118,151.90412627986348,150.40835052521513
2026-01-16 11:30:00,958.2633333333333,1768563451.2051194,152.4003595890411,150.880584752793
2026-01-16 11:45:00,958.3000000000001,1768564349.8240633,152.7837089041096,151.27064936659562
2026-01-16 12:00:00,958.3133333333334,1768565250.0401092,153.74185324232081,152.2231612063343
2026-01-16 12:15:00,958.1766666666666,1768566150.3381436,153.11573287671234,151.5638645862349
2026-01-16 12:30:00,958.0233333333332,1768567050.6570816,154.54375085324233,152.93284829716956
2026-01-16 12:45:00,958.0233333333332,1768567951.0127115,152.9936404109589,151.39889558924864
2026-01-16 13:00:00,957.9833333333332,1768568851.184966,152.57833105802047,150.97644061020975
2026-01-16 13:15:00,957.9033333333333,1768569751.29457,152.35269520547945,150.73026092394875
2026-01-16 13:30:00,957.8966666666666,1768570649.980798,153.14900684931507,151.5161732690208
2026-01-16 13:45:00,957.8766666666667,1768571550.1261957,153.07349488054606,151.4357117221994
2026-01-16 14:00:00,957.9433333333333,1768572450.3050797,153.88111643835617,152.25397655635606
2026-01-16 14:15:00,957.98,1768573350.5643253,152.42875767918088,150.82748232965832
2026-01-16 14:30:00,958.0,1768574250.7043412,153.09301369863013,151.4905168208618
2026-01-16 14:45:00,958.0033333333334,1768575150.839613,151.99856655290102,150.40847835431006
2026-01-16 15:00:00,958.0,1768576051.0767782,152.9077910958904,151.30723303058264
2026-01-16 15:15:00,957.9066666666668,1768576949.7548661,153.6088904109589,151.97404115499066
2026-01-16 15:30:00,957.9733333333334,1768577850.0615184,153.45698976109216,151.84298940094615
2026-01-16 15:45:00,958.0933333333332,1768578750.2133834,153.66914726027397,152.08758752805593
2026-01-16 16:00:00,958.1633333333334,1768579650.4570212,153.1049385665529,151.54934038066546
2026-01-16 16:15:00,958.2066666666666,1768580550.6948328,153.4305205479452,151.88411894953921
2026-01-16 16:30:00,958.2166666666667,1768581450.868935,152.70119453924914,151.16501580867845
2026-01-16 16:45:00,958.2466666666666,1768582351.032529,154.96723630136987,153.41700564082547
2026-01-16 17:00:00,958.3000000000001,1768583251.173017,153.74064163822527,152.21810532985333
2026-01-16 17:15:00,958.35,1768584151.3366485,154.0297808219178,152.51886969224088
2026-01-16 17:30:00,958.36,1768585049.981978,153.29507191780823,151.79425176860957
2026-01-16 17:45:00,958.4533333333334,1768585950.1471846,154.41737883959044,152.93268851506687
2026-01-16 18:00:00,958.4866666666667,1768586850.4007833,153.87274657534246,152.40294465529746
2026-01-16 18:15:00,958.57,1768587750.5548317,153.39496587030717,151.95378518560608
2026-01-16 18:30:00,958.71,1768588650.6784253,153.33307534246575,151.93288490616732
2026-01-16 18:45:00,958.8933333333334,1768589550.776958,154.48755631399317,153.13015456104287
2026-01-16 19:00:00,958.9466666666667,1768590450.9419637,154.17999657534247,152.84078427119098
2026-01-16 19:15:00,958.8533333333334,1768591351.1533978,156.36566211604097,154.97997949884896
2026-01-16 19:30:00,959.0333333333333,1768592251.4520183,153.77274999999997,152.4621784242357
2026-01-16 19:45:00,959.2833333333333,1768593150.0472023,153.6580684931507,152.42085703766858
2026-01-16 20:00:00,959.3466666666667,1768594050.2054532,153.967819112628,152.74649302127966
2026-01-16 20:15:00,959.4366666666666,1768594950.432515,154.24576369863013,153.04840189372445
2026-01-16 20:30:00,959.52,1768595850.5891507,154.0337372013652,152.86222256135073
2026-01-16 20:45:00,959.91,1768596750.7663698,153.85886301369862,152.8018626321359
2026-01-16 21:00:00,959.8299999999999,1768597651.0962806,153.5447303754266,152.466711363145
2026-01-16 21:15:00,959.5666666666666,1768598551.2039678,153.2806917808219,152.12839260127865
2026-01-16 21:30:00,959.52,1768599449.8323636,152.80247602739726,151.64032583258287
2026-01-16 21:45:00,959.7233333333334,1768600350.013356,153.27487030716722,152.16790346280587
2026-01-16 22:00:00,959.8766666666667,1768601250.149943,154.56579109589043,153.4942125564071
2026-01-16 22:15:00,959.9633333333335,1768602150.4555526,153.78352218430035,152.74251651348783
2026-01-16 22:30:00,959.9966666666666,1768603050.7003732,153.94732191780824,152.9148917417963
2026-01-16 22:45:00,960.1,1768603950.8495684,152.85219453924915,151.8569203589972
2026-01-16 23:00:00,960.14,1768604851.2112072,152.8354006849315,151.85177615179833
2026-01-16 23:15:00,960.3533333333334,1768605750.1294734,153.58401369863014,152.65743581879192
2026-01-16 23:30:00,960.7466666666666,1768606650.4110749,153.95834129692832,153.14391188003768
2026-01-16 23:45:00,960.85,1768607550.6229858,153.82176712328766,153.03810370637757
2026-01-17 00:00:00,960.86,1768608450.8181849,152.27664505119455,151.50373198731222
2026-01-17 00:15:00,960.9366666666666,1768609350.9276874,152.3226780821918,151.57160869069452
2026-01-17 00:30:00,961.1533333333333,1768610251.047552,152.36137201365187,151.67253750872206
2026-01-17 00:45:00,961.1666666666666,1768611151.2207634,153.5346609589041,152.84439395626745
2026-01-17 01:00:00,961.0300000000001,1768612049.9112477,152.7426506849315,152.01646569802506
2026-01-17 01:15:00,960.9666666666667,1768612950.220061,153.6452627986348,152.8963868804836
2026-01-17 01:30:00,960.8299999999999,1768613850.394766,152.9309006849315,152.14599423616505
2026-01-17 01:45:00,960.6866666666666,1768614750.5347657,152.85164846416384,152.0257414565498
2026-01-17 02:00:00,960.71,1768615650.647669,153.37033561643835,152.54838880265402
2026-01-17 02:15:00,961.0033333333334,1768616550.9043992,153.75154607508532,153.01281164731694
2026-01-17 02:30:00,961.1566666666668,1768617451.0858014,152.31835273972604,151.63067305195696
2026-01-17 02:45:00,961.18,1768618349.7424562,152.44518493150684,151.7636606675798
2026-01-17 03:00:00,961.2633333333333,1768619249.9839602,152.9370034129693,152.27738909419315
2026-01-17 03:15:00,961.39,1768620150.2734015,152.6547397260274,152.03292766040818
2026-01-17 03:30:00,961.6999999999999,1768621050.5151713,153.0372457337884,152.50367381334746
2026-01-17 03:45:00,961.7166666666667,1768621950.8354897,153.05542808219178,152.5266227013391
2026-01-17 04:00:00,961.7866666666665,1768622850.9995008,153.1318122866894,152.62304051354434
2026-01-17 04:15:00,961.8933333333334,1768623751.1782422,152.88643150684933,152.40936016463803
2026-01-17 04:30:00,961.9566666666666,1768624649.7450082,152.25566095890412,151.79882325117453
2026-01-17 04:45:00,961.9766666666666,1768625549.9939008,153.2690068259386,152.81493546711152
2026-01-17 05:00:00,962.1833333333334,1768626450.3177063,152.47047602739727,152.0784748032327
2026-01-17 05:15:00,962.43,1768627350.6129663,153.08797610921502,152.76596683551145
2026-01-17 05:30:00,962.4233333333333,1768628250.7006593,151.18674657534245,150.86682540593327
2026-01-17 05:45:00,962.3933333333333,1768629150.8132596,152.40566211604096,152.07449314745529
2026-01-17 06:00:00,962.4499999999999,1768630050.9782114,152.59627397260275,152.28108552940498
2026-01-17 06:15:00,962.6366666666667,1768630951.1930559,151.2256689419795,150.9668449048508
2026-01-17 06:30:00,962.8366666666667,1768631851.1328926,151.83811301369863,151.63585145008636
2026-01-17 06:45:00,962.8766666666667,1768632749.823421,151.21283561643835,151.02288427972772
2026-01-17 07:00:00,962.91,1768633649.9985027,150.043566552901,149.86457515730237
2026-01-17 07:15:00,962.7766666666666,1768634550.3903635,152.32595547945203,152.10570302870863
2026-01-17 07:30:00,962.7400000000001,1768635450.5429626,152.9363515358362,152.7045777065031
2026-01-17 07:45:00,962.7633333333333,1768636350.759046,150.29189041095893,150.0707772318285
2026-01-17 08:00:00,962.8333333333334,1768637250.9773178,151.45143344709896,151.24872906262706
2026-01-17 08:15:00,962.9900000000001,1768638151.1255858,152.80869863013697,152.64960960427555
2026-01-17 08:30:00,963.0433333333334,1768639051.2208817,152.21057337883957,152.06751578829008
2026-01-17 08:45:00,963.1666666666666,1768639951.3599546,153.22594520547946,153.1178097042119
2026-01-17 09:00:00,963.1333333333333,1768640850.0500326,151.71422260273974,151.59755248073313
2026-01-17 09:15:00,963.21,1768641750.2671375,152.73134129692835,152.6361213737258
2026-01-17 09:30:00,963.3233333333334,1768642650.5440612,151.53538698630138,151.47352646525644
2026-01-17 09:45:00,963.5466666666666,1768643550.6595814,151.7153651877133,151.7177964562492
2026-01-17 10:00:00,963.7833333333333,1768644450.8581264,151.64626369863015,151.71690055646312
2026-01-17 10:15:00,963.8566666666667,1768645351.0028036,151.8334266211604,151.92531744576127
2026-01-17 10:30:00,963.9133333333334,1768646251.1596756,151.684147260274,151.79228982989832
2026-01-17 10:45:00,964.0,1768647149.9431224,151.70694178082192,151.84010154662337
2026-01-17 11:00:00,964.2133333333333,1768648050.3060975,152.04280204778155,152.23795122465694
2026-01-17 11:15:00,964.3266666666667,1768648950.5429146,151.6308904109589,151.85820750673338
2026-01-17 11:30:00,964.5466666666666,1768649850.7266817,151.11695221843004,151.40677365099197
2026-01-17 11:45:00,964.7533333333334,1768650750.8452022,151.16569520547947,151.51509336770903
2026-01-17 12:00:00,964.8633333333333,1768651650.9652588,150.93989078498294,151.3203896889368
2026-01-17 12:15:00,964.9633333333333,1768652551.1101215,151.0426404109589,151.45217151177215
2026-01-17 12:30:00,965.0366666666667,1768653449.8574138,151.612551369863,152.04481113947276
2026-01-17 12:45:00,965.1333333333333,1768654350.2316089,151.84504778156997,152.30594137326355
2026-01-17 13:00:00,965.27,1768655250.5695903,152.54128424657534,153.0440263900994
2026-01-17 13:15:00,965.4433333333333,1768656150.8379643,151.2050989761092,151.7534065767009
2026-01-17 13:30:00,965.66,1768657051.0783,150.75977739726028,151.3687708030345
2026-01-17 13:45:00,965.7400000000001,1768657951.2656043,152.49603071672354,153.13531250811883
2026-01-17 14:00:00,965.8000000000001,1768658851.4342499,151.59709246575343,152.24996130566137
2026-01-17 14:15:00,965.82,1768659750.1270342,151.11672945205478,151.773296833769
2026-01-17 14:30:00,966.1066666666667,1768660650.287775,151.85112969283276,152.59397809754591
2026-01-17 14:45:00,966.4033333333333,1768661550.5179243,151.4974417808219,152.3243959521254
2026-01-17 15:00:00,966.4499999999999,1768662450.7222831,150.46212969283278,151.29684696868568
2026-01-17 15:15:00,966.58,1768663350.9432204,151.41709246575343,152.29471972966311
2026-01-17 15:30:00,966.8133333333334,1768664249.761394,151.80129452054794,152.74885230367633
2026-01-17 15:45:00,966.9466666666667,1768665149.8719494,151.7447337883959,152.73062537206494
2026-01-17 16:00:00,967.1,1768666049.9824083,151.27116780821916,152.29834573702234
2026-01-17 16:15:00,967.0866666666667,1768666950.1874068,151.64931399317408,152.67519183079324
2026-01-17 16:30:00,967.0233333333332,1768667850.34832,152.30340410958902,153.3152566924916
2026-01-17 16:45:00,967.2033333333334,1768668750.5727594,151.24204095563138,152.29891952352258
2026-01-17 17:00:00,967.3666666666667,1768669650.707347,150.74547260273974,151.84599671682594
2026-01-17 17:15:00,967.5233333333332,1768670551.0043614,150.60252218430034,151.74716603336023
2026-01-17 17:30:00,967.6633333333333,1768671451.4672077,150.6842602739726,151.86991739326777
2026-01-17 17:45:00,967.6466666666666,1768672350.2127092,152.47790753424658,153.67281156065872
2026-01-17 18:00:00,967.6766666666666,1768673250.374972,150.19747781569964,151.3831396845888
2026-01-17 18:15:00,967.7333333333332,1768674150.6492236,151.69481506849314,152.90875923752935
2026-01-17 18:30:00,967.86,1768675050.8350985,151.8523720136519,153.10441973556834
2026-01-17 18:45:00,968.0966666666667,1768675950.9670393,151.07214041095892,152.38626261410212
2026-01-17 19:00:00,968.2433333333333,1768676851.158049,152.02955972696245,153.39475022465535
2026-01-17 19:15:00,968.4200000000001,1768677751.321168,151.21427739726028,152.62336882728317
2026-01-17 19:30:00,968.4866666666667,1768678650.1552393,151.28158904109588,152.71064983915244
2026-01-17 19:45:00,968.5066666666667,1768679550.3326957,151.15837883959043,152.5920741380113
2026-01-17 20:00:00,968.7966666666667,1768680450.4574828,151.43817808219177,152.95878427400342
2026-01-17 20:15:00,968.7466666666666,1768681350.6468391,150.2955051194539,151.7902168599249
2026-01-17 20:30:00,968.8333333333334,1768682250.834341,150.89187328767125,152.41761203442678
2026-01-17 20:45:00,968.9266666666666,1768683150.952228,151.20415358361777,152.76013700592276
2026-01-17 21:00:00,969.0666666666666,1768684051.1765752,150.42513698630137,152.01353407292024
2026-01-17 21:15:00,969.2566666666667,1768684949.9413269,150.10987328767123,151.74971314274933
2026-01-17 21:30:00,969.3533333333334,1768685850.2626355,151.5759010238908,153.25990230325618
2026-01-17 21:45:00,969.4733333333334,1768686750.5772226,151.0064589041096,152.71894965910357
2026-01-17 22:00:00,969.65,1768687650.7658236,150.74176109215017,152.50243143048073
2026-01-17 22:15:00,969.6433333333334,1768688550.8969002,152.0009897260274,153.77442008801697
2026-01-17 22:30:00,969.6633333333333,1768689451.067447,150.02831399317407,151.78449639683566
2026-01-17 22:45:00,969.7066666666666,1768690351.2464552,150.46554109589042,152.2393753963561
2026-01-17 23:00:00,969.7733333333334,1768691250.0794244,151.27894178082192,153.08175436808529
2026-01-17 23:15:00,969.84,1768692150.308884,149.53304778156996,151.3342220901091
2026-01-17 23:30:00,969.98,1768693050.4697554,150.14211301369863,151.9910479536081
2026-01-17 23:45:00,970.0533333333333,1768693950.6058335,150.68996245733788,152.56690009917145
2026-01-18 00:00:00,970.0866666666667,1768694850.8654315,150.84223287671233,152.73073978231557
2026-01-18 00:15:00,970.1233333333333,1768695751.1752625,150.75904095563138,152.65714106297042
2026-01-18 00:30:00,970.1666666666666,1768696651.3141866,149.48931506849314,151.38389238556218
2026-01-18 00:45:00,970.2766666666666,1768697550.0468593,149.83686301369863,151.767561142401
2026-01-18 01:00:00,970.41,1768698450.2453046,150.49771672354947,152.4755524210726
2026-01-18 01:15:00,970.5433333333334,1768699350.4181762,150.98102397260274,153.00396737274153
2026-01-18 01:30:00,970.5833333333334,1768700250.551107,149.57458020477816,151.5901995605087
2026-01-18 01:45:00,970.61,1768701150.7168367,150.5521712328767,152.58869525833498
2026-01-18 02:00:00,970.5533333333333,1768702050.8190126,150.00896245733787,152.02176992196524
2026-01-18 02:15:00,970.5733333333334,1768702951.124043,150.84189383561645,152.8716865161561
2026-01-18 02:30:00,970.6333333333333,1768703849.8601928,149.75058904109588,151.78299893578958
2026-01-18 02:45:00,970.66,1768704750.232835,149.3337986348123,151.3682209932165
2026-01-18 03:00:00,970.6633333333333,1768705650.490887,150.64507534246576,152.6983287314638
2026-01-18 03:15:00,970.64,1768706550.7300053,151.0981228668942,153.15076134213885
2026-01-18 03:30:00,970.7133333333333,1768707450.938204,150.6077705479452,152.67501892012183
2026-01-18 03:45:00,970.7233333333334,1768708349.6097627,149.59352739726026,151.64973554438208
2026-01-18 04:00:00,970.6666666666666,1768709249.9830327,150.76035836177476,152.8161508610473
2026-01-18 04:15:00,970.7366666666667,1768710150.1439745,150.9491506849315,153.02786893986746
2026-01-18 04:30:00,970.8166666666666,1768711050.5355272,149.68215358361775,151.76649079593147
2026-01-18 04:45:00,970.8966666666666,1768711950.8118448,149.43462328767123,151.5385457272118
2026-01-18 05:00:00,970.88,1768712851.1033955,149.89410921501707,151.99968745683853
2026-01-18 05:15:00,970.8766666666667,1768713751.3020146,149.06754452054793,151.16055456837762
2026-01-18 05:30:00,970.8466666666667,1768714650.243026,150.2361917808219,152.33692698134948
2026-01-18 05:45:00,970.7966666666667,1768715550.3819056,150.52183959044368,152.612070135732
2026-01-18 06:00:00,970.6833333333334,1768716450.5331225,150.01907534246575,152.06957504753564
2026-01-18 06:15:00,970.6133333333333,1768717350.8294284,149.5181433447099,151.54163980260125
2026-01-18 06:30:00,970.59,1768718250.942964,149.6185821917808,151.63671522382114
2026-01-18 06:45:00,970.6266666666667,1768719151.005778,149.2962832764505,151.32061060890416
2026-01-18 07:00:00,970.52,1768720051.1501303,150.22154452054795,152.22756300887144
2026-01-18 07:15:00,970.5266666666666,1768720949.9213898,149.75458904109587,151.75629416455664
2026-01-18 07:30:00,970.5333333333333,1768721850.2378085,147.35816723549488,149.32973191828026
2026-01-18 07:45:00,970.4666666666667,1768722750.3888767,148.70914383561643,150.67969647851962
2026-01-18 08:00:00,970.4633333333333,1768723650.5742443,149.87470989761093,151.8597457359289
2026-01-18 08:15:00,970.44,1768724550.766082,148.95188356164383,150.9180060553309
2026-01-18 08:30:00,970.4166666666666,1768725450.886558,149.8162252559727,151.78702744011326
2026-01-18 08:45:00,970.4166666666666,1768726351.0265954,149.9089691780822,151.88099138978617
2026-01-18 09:00:00,970.3633333333333,1768727251.1803029,149.90482252559727,151.86140078726237
2026-01-18 09:15:00,970.2333333333332,1768728151.5978127,150.8492808219178,152.78044485178495
2026-01-18 09:30:00,970.0566666666667,1768729050.3443155,150.6955410958904,152.57351451901835
2026-01-18 09:45:00,970.0133333333333,1768729950.5310051,147.70235153583616,149.53071185086148
2026-01-18 10:00:00,969.8966666666666,1768730850.6433773,149.36109589041098,151.17647477328597
2026-01-18 10:15:00,969.7133333333335,1768731750.7858586,149.9665870307167,151.73646115785348
2026-01-18 10:30:00,969.6,1768732650.9018843,150.50076027397262,152.24415183079753
2026-01-18 10:45:00,969.4866666666667,1768733551.088453,149.41754266211603,151.1158425108606
2026-01-18 11:00:00,969.4,1768734451.3852904,148.96636301369864,150.6347281330731
2026-01-18 11:15:00,969.2433333333333,1768735349.9895468,149.53005479452054,151.159731131061
2026-01-18 11:30:00,969.04,1768736250.0872433,150.58254266211603,152.1648919728502
2026-01-18 11:45:00,968.89,1768737150.235324,148.6022876712329,150.12103750187282
2026-01-18 12:00:00,968.7933333333334,1768738050.3873975,150.89909556313992,152.41332348495615
2026-01-18 12:15:00,968.5666666666666,1768738950.5830877,147.70134246575344,149.11924735826136
2026-01-18 12:30:00,968.3566666666667,1768739850.810622,150.39987030716722,151.78310701216037
2026-01-18 12:45:00,968.1133333333333,1768740751.0344386,149.98793493150686,151.2974170302281
2026-01-18 13:00:00,967.92,1768741651.202881,149.1443720136519,150.39123545489915
2026-01-18 13:15:00,967.8566666666667,1768742551.3977356,149.39151712328766,150.62232074849103
2026-01-18 13:30:00,967.7266666666666,1768743450.0000818,148.32496575342466,149.51004875494382
2026-01-18 13:45:00,967.4899999999999,1768744350.1589181,149.95108532423208,151.0812091937873
2026-01-18 14:00:00,967.3366666666667,1768745250.377383,149.49740410958904,150.58023332549152
2026-01-18 14:15:00,967.2166666666666,1768746150.7256713,150.90505460750853,151.96342800802663
2026-01-18 14:30:00,966.9900000000001,1768747050.883171,150.43108904109587,151.42091229771796
2026-01-18 14:45:00,966.7566666666667,1768747951.1225493,150.52687030716723,151.45016600357357
2026-01-18 15:00:00,966.61,1768748851.2786756,149.16365410958903,150.03677209174927
2026-01-18 15:15:00,966.3266666666667,1768749749.946309,149.9931506849315,150.78992696392004
2026-01-18 15:30:00,966.13,1768750650.0543997,150.53101706484642,151.27411387929186
2026-01-18 15:45:00,965.9433333333333,1768751550.3788137,149.10185273972604,149.7847613964686
2026-01-18 16:00:00,965.8066666666667,1768752450.7562203,150.8480170648464,151.4995789151851
2026-01-18 16:15:00,965.5966666666667,1768753350.9037752,149.08027397260275,149.66447232379977
2026-01-18 16:30:00,965.4033333333333,1768754251.0543947,151.29256655290104,151.82965184082195
2026-01-18 16:45:00,965.2866666666667,1768755151.2409658,148.98512328767123,149.48087860187067
2026-01-18 17:00:00,964.8933333333333,1768756049.859695,149.85612671232877,150.24245717067802
2026-01-18 17:15:00,964.6166666666667,1768756950.0103273,149.67553242320818,149.9825357625773
2026-01-18 17:30:00,964.4133333333334,1768757850.1887717,151.34526369863013,151.59711353397336
2026-01-18 17:45:00,964.1033333333334,1768758750.4951787,151.00121843003413,151.16343425951254
2026-01-18 18:00:00,963.9533333333334,1768759650.720375,151.8273082191781,151.947100395619
2026-01-18 18:15:00,963.7466666666666,1768760550.8227408,150.92052559726963,150.98030574513064
2026-01-18 18:30:00,963.4966666666666,1768761450.992945,151.41750684931506,151.40554913420564
2026-01-18 18:45:00,963.2533333333334,1768762351.0549555,151.24945392491466,151.16760350054378
2026-01-18 19:00:00,963.0233333333334,1768763251.2094383,150.71968493150686,150.57230672041698
2026-01-18 19:15:00,962.7166666666667,1768764149.76968,151.2043801369863,150.96853800970828
2026-01-18 19:30:00,962.4399999999999,1768765049.878083,149.91678839590443,149.60429193635247
2026-01-18 19:45:00,962.14,1768765950.0993266,150.89648630136986,150.49614044197403
2026-01-18 20:00:00,961.8833333333333,1768766850.3658743,151.2126791808874,150.73796661635808
2026-01-18 20:15:00,961.6166666666667,1768767750.6319885,151.23572602739728,150.68457491452773
2026-01-18 20:30:00,961.25,1768768650.7809675,151.44956996587032,150.79255079225692
2026-01-18 20:45:00,960.9533333333334,1768769550.897433,152.1832089041096,151.43762265303096
2026-01-18 21:00:00,960.5933333333334,1768770449.6215582,151.10919520547947,150.26605369464025
2026-01-18 21:15:00,960.2933333333334,1768771350.1175592,152.53717747440274,151.59963185200232
2026-01-18 21:30:00,959.8766666666667,1768772250.3368618,151.83218150684934,150.77955462122273
2026-01-18 21:45:00,959.6066666666666,1768773150.4628654,152.66589419795224,151.52973262775396
2026-01-18 22:00:00,959.2566666666667,1768774050.6496878,152.85410616438355,151.61568593092665
2026-01-18 22:15:00,958.9866666666667,1768774950.8570464,153.05056996587032,151.73269914374734
2026-01-18 22:30:00,958.8466666666667,1768775851.0369864,151.52341438356163,150.17874056435735
2026-01-18 22:45:00,958.5533333333333,1768776751.2298708,151.88439590443684,150.45264295990722
2026-01-18 23:00:00,958.2466666666666,1768777651.5060382,152.66891438356163,151.14167522231622
2026-01-18 23:15:00,957.9233333333333,1768778550.3455694,152.52228767123287,150.90378160041033
2026-01-18 23:30:00,957.6333333333333,1768779450.6214075,152.98826279863482,151.28143294606156
2026-01-18 23:45:00,957.3766666666667,1768780350.8551292,152.40003424657533,150.62629369216066
2026-01-19 00:00:00,957.0733333333334,1768781251.0385337,151.95223890784985,150.09717917519555
2026-01-19 00:15:00,956.84,1768782151.2408698,152.837301369863,150.90452080243577
2026-01-19 00:30:00,956.4933333333333,1768783049.7579992,153.06341438356165,151.02826433905875
2026-01-19 00:45:00,956.2733333333334,1768783949.9212918,151.79961774744027,149.7186758109196
2026-01-19 01:00:00,955.9733333333334,1768784850.1014435,152.30568835616438,150.13220920825603
2026-01-19 01:15:00,955.6766666666666,1768785750.3413985,152.41586689419796,150.15615356601035
2026-01-19 01:30:00,955.5033333333334,1768786650.6118648,152.6310616438356,150.31864475133477
2026-01-19 01:45:00,955.0100000000001,1768787550.81699,152.67470307167235,150.2207520650381
2026-01-19 02:00:00,954.9200000000001,1768788451.013479,153.2604794520548,150.77132911959936
2026-01-19 02:15:00,954.6066666666666,1768789349.7166023,153.4439006849315,150.86193147589867
2026-01-19 02:30:00,954.3133333333334,1768790250.2049396,152.44529351535834,149.79661774785785
2026-01-19 02:45:00,954.0033333333334,1768791150.5481699,153.08793150684932,150.33951410537205
2026-01-19 03:00:00,953.86,1768792050.7423606,152.80479180887374,150.02059649665946
2026-01-19 03:15:00,953.6266666666667,1768792950.9767125,153.04924315068493,150.19399302218395
2026-01-19 03:30:00,953.4,1768793851.1306694,153.28817406143344,150.3636959169522
2026-01-19 03:45:00,953.1966666666667,1768794751.315573,153.50921575342466,150.52235747015334
2026-01-19 04:00:00,953.0300000000001,1768795649.993456,152.06927397260276,149.06322208470303
2026-01-19 04:15:00,952.8766666666667,1768796550.2833443,153.89203412969283,150.80600934267025
2026-01-19 04:30:00,952.6466666666666,1768797450.609615,153.92989726027398,150.77720915766176
2026-01-19 04:45:00,952.36,1768798350.7877493,152.04035494880546,148.8452740329122
2026-01-19 05:00:00,952.3933333333333,1768799250.9707522,152.776198630137,149.575126978845
2026-01-19 05:15:00,952.27,1768800151.0723364,152.31658361774743,149.09020123771774
2026-01-19 05:30:00,952.1333333333333,1768801051.2324755,153.8375410958904,150.5398464139151
2026-01-19 05:45:00,951.9499999999999,1768801949.836898,153.41847602739725,150.07747842025364
2026-01-19 06:00:00,951.79,1768802849.996773,152.84878839590445,149.47474965761506
2026-01-19 06:15:00,951.93,1768803750.168012,152.61761986301372,149.2883894520089
2026-01-19 06:30:00,951.8566666666667,1768804650.3770373,153.58333447098977,150.21210676220056
2026-01-19 06:45:00,951.8066666666667,1768805550.4794862,153.25320547945205,149.874985460102
2026-01-19 07:00:00,951.9266666666667,1768806450.6473367,153.5258566552901,150.17586267363305
2026-01-19 07:15:00,951.9166666666666,1768807350.776548,153.43725684931505,150.0863444822929
2026-01-19 07:30:00,951.93,1768808250.9175525,152.98664163822528,149.6493613145206
2026-01-19 07:45:00,951.9066666666666,1768809151.063458,153.62883219178082,150.27088084184552
2026-01-19 08:00:00,951.91,1768810051.1743364,153.40910580204778,150.05690749216785
2026-01-19 08:15:00,951.87,1768810951.4614165,152.7949726027397,149.44483570221405
2026-01-19 08:30:00,951.8633333333333,1768811850.1169477,154.11710273972605,150.73606787336837
2026-01-19 08:45:00,951.9233333333333,1768812750.2354496,152.6056518771331,149.27479171209393
2026-01-19 09:00:00,951.8866666666667,1768813650.4258177,153.8657979452055,150.49694810951243
2026-01-19 09:15:00,951.7866666666665,1768814550.7229004,152.45096928327644,149.08476793962254
2026-01-19 09:30:00,951.7966666666666,1768815450.9021547,153.25675684931505,149.87561088207823
2026-01-19 09:45:00,951.9833333333332,1768816349.6664329,153.6430890410959,150.3067191553995
2026-01-19 10:00:00,952.0266666666666,1768817250.0392523,152.80440273037544,149.49855318115095
2026-01-19 10:15:00,952.15,1768818150.5072727,153.5957191780822,150.30796791980367
2026-01-19 10:30:00,952.1533333333333,1768819050.6786823,153.63084300341296,150.34329208284282
2026-01-19 10:45:00,952.1733333333333,1768819950.8081555,153.66689726027397,150.38428930802021
2026-01-19 11:00:00,952.1833333333334,1768820850.9824936,154.23588054607507,150.94398597136004
2026-01-19 11:15:00,952.1433333333333,1768821751.173317,154.2486267123288,150.9449878380166
2026-01-19 11:30:00,952.3233333333333,1768822649.940645,153.66320890410958,150.4235443435788
2026-01-19 11:45:00,952.3033333333333,1768823550.2568088,152.9690819112628,149.73836138805927
2026-01-19 12:00:00,952.21,1768824450.564646,152.8200205479452,149.5659228384059
2026-01-19 12:15:00,952.0133333333333,1768825350.813338,154.33133105802048,150.98862205738462
2026-01-19 12:30:00,952.0866666666667,1768826250.9902565,152.98909246575343,149.69631165002593
2026-01-19 12:45:00,952.0833333333334,1768827151.1406987,154.1908976109215,150.87129484870493
2026-01-19 13:00:00,951.9833333333332,1768828051.4050684,152.86416780821918,149.54471224884176
2026-01-19 13:15:00,951.9766666666668,1768828950.0822306,154.17366438356163,150.8238625713632
2026-01-19 13:30:00,951.98,1768829850.3621044,153.44609897610923,150.11305602372883
2026-01-19 13:45:00,952.1266666666667,1768830750.5250027,153.81623287671232,150.51708840045384
2026-01-19 14:00:00,952.3266666666667,1768831650.7734826,152.93155290102388,149.70826191299062
2026-01-19 14:15:00,952.32,1768832551.0903928,153.06183561643834,149.8339007918552
2026-01-19 14:30:00,952.39,1768833449.731904,152.16924657534247,148.9799486569432
2026-01-19 14:45:00,952.4233333333333,1768834349.949236,152.7186348122867,149.52729209031654
2026-01-19 15:00:00,952.5300000000001,1768835250.2374923,153.37260273972603,150.19803117950772
2026-01-19 15:15:00,952.7266666666666,1768836150.4849675,154.06359726962458,150.93111059914216
2026-01-19 15:30:00,952.9,1768837049.9996924,153.2834006849315,150.21624037346717
2026-01-19 15:45:00,953.0799999999999,1768837950.2401655,153.27634129692834,150.2607026157009
2026-01-19 16:00:00,953.1633333333333,1768838850.6907759,153.50716438356164,150.51081336081054
2026-01-19 16:15:00,953.2400000000001,1768839750.8069887,155.7319180887372,152.7143852261787
2026-01-19 16:30:00,953.3533333333334,1768840650.9443717,155.3346198630137,152.35758936810362
2026-01-19 16:45:00,953.4399999999999,1768841551.0614226,155.23731399317407,152.2872229567369
2026-01-19 17:00:00,953.4633333333333,1768842451.2348819,154.4792294520548,151.55026344379363
2026-01-19 17:15:00,953.6700000000001,1768843349.85229,155.56382876712328,152.67423679127455
2026-01-19 17:30:00,953.7533333333334,1768844249.9922163,155.9102457337884,153.03844824591025
2026-01-19 17:45:00,953.85,1768845150.142133,157.11002397260273,154.24445406566883
2026-01-19 18:00:00,953.9699999999999,1768846050.4539788,154.83043686006826,152.04110634616177
2026-01-19 18:15:00,954.02,1768846950.6184943,155.0879589041096,152.30845764666844
2026-01-19 18:30:00,954.2466666666666,1768847850.7747638,154.0771023890785,151.38089846930555
2026-01-19 18:45:00,954.2266666666666,1768848750.846304,154.01793835616436,151.31701959514916
2026-01-19 19:00:00,954.3566666666667,1768849650.9217472,153.49731740614334,150.84278202373426
2026-01-19 19:15:00,954.5766666666667,1768850551.0766926,154.3721506849315,151.76591109906235
2026-01-19 19:30:00,954.7733333333334,1768851449.8594265,154.12459246575344,151.57916186372404
2026-01-19 19:45:00,954.88,1768852350.2186832,154.15864505119453,151.643382001486
2026-01-19 20:00:00,954.8166666666666,1768853250.3934295,154.24484931506848,151.70992289151116
2026-01-19 20:15:00,954.8033333333333,1768854150.5580592,154.16254948805462,151.6251343966473
2026-01-19 20:30:00,954.96,1768855050.694903,154.19912671232876,151.70626076026804
2026-01-19 20:45:00,955.16,1768855950.7847772,153.9138156996587,151.4831148867218
2026-01-19 21:00:00,955.3233333333334,1768856850.9315066,153.22979452054793,150.85670478763555
2026-01-19 21:15:00,955.4900000000001,1768857751.0334778,154.03994880546077,151.70234357797787
2026-01-19 21:30:00,955.54,1768858651.13048,152.80651369863014,150.50192324487296
2026-01-19 21:45:00,955.62,1768859549.7732937,147.82566438356164,145.61832618403537
2026-01-19 22:00:00,955.75,1768860450.1093848,146.21078498293517,144.06313942260502
2026-01-19 22:15:00,955.77,1768861350.3691304,145.3473116438356,143.2177915523114
2026-01-19 22:30:00,955.94,1768862250.5145495,146.19130034129694,144.09595023471653
2026-01-19 22:45:00,955.9833333333332,1768863150.6376662,146.0637602739726,143.98209222822192
2026-01-19 23:00:00,956.0733333333334,1768864050.713567,144.41823208191127,142.38436138013233
2026-01-19 23:15:00,956.12,1768864950.896661,142.82524657534248,140.82629625016955
2026-01-19 23:30:00,956.21,1768865851.0975118,141.6758976109215,139.71692286893978
2026-01-19 23:45:00,956.3733333333333,1768866751.3933153,141.50102397260272,139.5877792556032
2026-01-20 00:00:00,956.5066666666667,1768867650.0670717,140.97250684931507,139.10164286696354
2026-01-20 00:15:00,956.5966666666667,1768868550.2034574,141.76082593856654,139.90342151353548
2026-01-20 00:30:00,956.73,1768869450.2671876,139.52926712328767,137.73599013130112
2026-01-20 00:45:00,956.84,1768870350.4146485,140.06325597269625,138.29201598790027
2026-01-20 01:00:00,956.9633333333335,1768871250.5626013,138.34120205479454,136.62375091256376
2026-01-20 01:15:00,957.1066666666667,1768872150.650328,139.83426962457338,138.13589652794232
2026-01-20 01:30:00,957.23,1768873050.8632743,138.7874589041096,137.13393125303423
2026-01-20 01:45:00,957.2666666666668,1768873951.023214,139.4046771331058,137.75339236777327
2026-01-20 02:00:00,957.4500000000002,1768874851.2344694,139.60274657534248,137.99717627115163
2026-01-20 02:15:00,957.4766666666668,1768875749.9812317,140.37632876712328,138.7688922781384
2026-01-20 02:30:00,957.5466666666666,1768876650.195927,139.90965870307167,138.3259621398605
2026-01-20 02:45:00,957.6366666666667,1768877550.5191429,139.07996369863014,137.52917428203736
2026-01-20 03:00:00,957.64,1768878450.7290907,140.72615699658704,139.15789328922705
2026-01-20 03:15:00,957.7033333333334,1768879351.088551,139.7796095890411,138.23852798481488
2026-01-20 03:30:00,957.8100000000001,1768880249.88383,141.96213356164384,140.42544612586138
2026-01-20 03:45:00,957.9066666666668,1768881150.1823678,140.34909215017063,138.85536604965873
2026-01-20 04:00:00,957.9566666666666,1768882050.5112936,141.04852739726027,139.56061488236338
2026-01-20 04:15:00,958.0866666666667,1768882950.6739664,143.62796928327646,142.14795259804777
2026-01-20 04:30:00,958.09,1768883850.8753266,141.55220205479452,140.09446240798064
2026-01-20 04:45:00,958.11,1768884751.0114312,142.77005460750854,141.30514270678142
2026-01-20 05:00:00,958.2733333333334,1768885651.2905846,143.52891438356164,142.10030771735515
2026-01-20 05:15:00,958.16,1768886549.9428976,142.19494520547946,140.74930484320006
2026-01-20 05:30:00,958.1033333333334,1768887450.175289,145.02878156996587,143.53887551809018
2026-01-20 05:45:00,958.1333333333333,1768888350.3870358,142.4780890410959,141.02242474904295
2026-01-20 06:00:00,958.14,1768889250.6479897,142.91738907849827,141.45902836686562
2026-01-20 06:15:00,958.1766666666666,1768890150.877767,143.28080821917808,141.8286194810792
2026-01-20 06:30:00,958.1300000000001,1768891051.001132,143.20641979522185,141.74241661860012
2026-01-20 06:45:00,958.11,1768891951.1287653,143.13600684931507,141.66734004497323
2026-01-20 07:00:00,958.2733333333332,1768892849.717476,142.89670205479453,141.4743880770767
2026-01-20 07:15:00,958.2166666666667,1768893749.9367256,143.60384300341298,142.15918391010538
2026-01-20 07:30:00,958.16,1768894650.1594615,144.50824657534247,143.03908778330768
2026-01-20 07:45:00,957.9733333333334,1768895550.3176394,143.55232081911262,142.04249387761877
2026-01-20 08:00:00,957.94,1768896450.4127023,142.7121678082192,141.2022341748306
2026-01-20 08:15:00,957.9266666666666,1768897350.5551023,143.3975494880546,141.87677007264847
2026-01-20 08:30:00,957.7666666666668,1768898250.77991,143.06873630136985,141.5084189619496
2026-01-20 08:45:00,957.5866666666667,1768899150.9263256,145.14982935153583,143.51772401442065
2026-01-20 09:00:00,957.44,1768900051.0622382,144.23565753424657,142.5740952169159
2026-01-20 09:15:00,957.4166666666666,1768900951.1916566,144.1960853242321,142.52865995919612
2026-01-20 09:30:00,957.2600000000001,1768901851.3885896,143.2277910958904,141.5294278309428
2026-01-20 09:45:00,957.0466666666667,1768902750.2507646,143.07747260273973,141.32359700541406
2026-01-20 10:00:00,956.84,1768903650.555497,144.63631740614335,142.80724648483516
2026-01-20 10:15:00,956.6466666666666,1768904550.7865584,143.8148184931507,141.9439859122045
2026-01-20 10:30:00,956.4566666666666,1768905450.9768283,145.51998634812287,143.57513190429964
2026-01-20 10:45:00,956.0866666666667,1768906351.252156,143.91426369863012,141.8910850125059
2026-01-20 11:00:00,955.79,1768907249.9858928,144.33101712328767,142.22179134428623
2026-01-20 11:15:00,955.57,1768908150.2386026,142.95904436860067,140.81099703607194
2026-01-20 11:30:00,955.25,1768909050.4495375,144.07344178082192,141.82239570838354
2026-01-20 11:45:00,954.8833333333333,1768909950.6289468,143.40289419795224,141.06401612113496
2026-01-20 12:00:00,954.4766666666666,1768910850.796767,143.06232191780822,140.620303911522
2026-01-20 12:15:00,954.1566666666668,1768911750.9090116,144.4403515358362,141.88851665275556
2026-01-20 12:30:00,953.89,1768912651.089233,143.302852739726,140.69980813907574
2026-01-20 12:45:00,953.71,1768913549.999253,142.9825787671233,140.33734824635067
2026-01-20 13:00:00,953.42,1768914450.2449064,143.00665870307168,140.28366509607937
2026-01-20 13:15:00,953.1633333333333,1768915350.411766,143.98542123287672,141.17492788616633
2026-01-20 13:30:00,953.0033333333334,1768916250.5564241,143.72870648464163,140.88038987883982
2026-01-20 13:45:00,952.7933333333334,1768917150.7308807,144.77381849315069,141.8481818594528
2026-01-20 14:00:00,952.4900000000001,1768918050.9303036,142.7716552901024,139.80588101183125
2026-01-20 14:15:00,952.2033333333334,1768918951.0899866,143.33258219178083,140.27872990306494
2026-01-20 14:30:00,951.8533333333334,1768919851.1823118,143.29687372013652,140.15055112577565
2026-01-20 14:45:00,951.39,1768920751.3408196,143.4293219178082,140.15665230305777
2026-01-20 15:00:00,951.2933333333334,1768921650.1627047,143.64723630136987,140.3438156210512
2026-01-20 15:15:00,951.1966666666667,1768922550.3924246,143.08856313993175,139.77231625784768
2026-01-20 15:30:00,950.8733333333333,1768923450.5490122,142.47146232876713,139.0840472714041
2026-01-20 15:45:00,950.48,1768924350.641019,144.40952559726963,140.87071423416583
2026-01-20 16:00:00,950.4699999999999,1768925250.7310812,143.61212671232877,140.0901941788043
2026-01-20 16:15:00,950.0233333333332,1768926150.884453,145.04572354948806,141.36860785063266
2026-01-20 16:30:00,949.6733333333333,1768927051.0606377,144.28757876712328,140.53619546723735
2026-01-20 16:45:00,949.1966666666667,1768927951.2356844,144.38474061433448,140.50352417100848
2026-01-20 17:00:00,948.7233333333334,1768928851.4447405,144.5180205479452,140.50680210856402
2026-01-20 17:15:00,948.3733333333333,1768929750.074574,145.95009589041095,141.80479745099146
2026-01-20 17:30:00,947.8333333333334,1768930650.4375973,144.7727986348123,140.5166938716676
2026-01-20 17:45:00,947.2833333333334,1768931550.609197,145.20234589041095,140.78641437644998
2026-01-20 18:00:00,947.2199999999999,1768932450.7519836,144.99315699658703,140.56667151578984
2026-01-20 18:15:00,946.9466666666667,1768933350.8842843,144.73489383561645,140.24344084275143
2026-01-20 18:30:00,946.41,1768934251.078291,144.6876313993174,140.05476306033077
2026-01-20 18:45:00,946.02,1768935151.2174516,145.67671575342467,140.90772581662642
2026-01-20 19:00:00,945.91,1768936049.9370334,144.7338595890411,139.9664796972909
2026-01-20 19:15:00,945.6233333333333,1768936949.9846535,145.76684641638226,140.88868276253598
2026-01-20 19:30:00,945.1899999999999,1768937850.2111633,146.23049657534247,141.22049720579088
2026-01-20 19:45:00,945.1533333333333,1768938749.922722,145.71274744027303,140.71068347507537
2026-01-20 20:00:00,945.0633333333334,1768939649.967151,146.82336301369864,141.75893070697364
2026-01-20 20:15:00,944.8766666666667,1768940550.0350301,147.832204778157,142.68236046895493
2026-01-20 20:30:00,944.5633333333334,1768941450.3867168,147.09028424657532,141.881793179551
2026-01-20 20:45:00,944.4,1768942350.4388185,146.15739931740615,140.9381972506832
2026-01-20 21:00:00,944.48,1768943250.2992485,145.960051369863,140.76929179840175
2026-01-20 21:15:00,944.6866666666666,1768944150.5777006,147.24376450511946,142.06312490240492
2026-01-20 21:30:00,944.7866666666667,1768945050.6397946,147.1590993150685,142.008417617279
2026-01-20 21:45:00,944.69,1768945950.775471,146.2996109215017,141.1530844813111
2026-01-20 22:00:00,944.6833333333334,1768946850.8040802,146.1783801369863,141.03433190609374
2026-01-20 22:15:00,944.7566666666667,1768947750.9501164,145.83725938566553,140.7248215589661
2026-01-20 22:30:00,944.7533333333334,1768948651.109486,146.77085616438356,141.62479342128347
2026-01-20 22:45:00,944.7566666666667,1768949549.7598886,145.83432876712328,140.72199367552156
2026-01-20 23:00:00,944.9066666666668,1768950449.8478823,144.65983959044368,139.62846556710696
2026-01-20 23:15:00,944.9466666666667,1768951351.2381704,144.91673037542662,139.887052516485
2026-01-20 23:30:00,945.1733333333333,1768952251.48203,145.2866712328767,140.30456519142686
2026-01-20 23:45:00,945.2466666666666,1768953150.2498333,146.2754794520548,141.27914916152156
2026-01-21 00:00:00,945.3166666666666,1768954050.682962,146.22796928327645,141.25204707018057
2026-01-21 00:15:00,945.4566666666666,1768954950.848333,145.58531506849314,140.66867432210577
2026-01-21 00:30:00,945.6733333333333,1768955851.007394,146.86360750853243,141.96222594274545
2026-01-21 00:45:00,945.8766666666667,1768956751.2287195,145.03074315068494,140.24470178344177
2026-01-21 01:00:00,945.82,1768957649.8047628,147.20329452054796,142.33023350919746
2026-01-21 01:15:00,946.1233333333333,1768958550.0029817,145.97306825938566,141.22210057309402
2026-01-21 01:30:00,946.1433333333334,1768959450.1845872,145.84532534246574,141.10387713479898
2026-01-21 01:45:00,946.2800000000001,1768960350.2405307,146.35965529010238,141.63826011719706
2026-01-21 02:00:00,946.2033333333334,1768961250.4264357,146.54630136986302,141.79822842804367
2026-01-21 02:15:00,946.1966666666667,1768962150.803261,146.9306757679181,142.1683483565192
2026-01-21 02:30:00,946.2066666666666,1768963051.0370913,146.56458561643834,141.81681843876567
2026-01-21 02:45:00,946.3566666666666,1768963951.16736,148.29438225255973,143.53148122919697
2026-01-21 03:00:00,946.3866666666667,1768964851.439737,148.42547260273972,143.66654999534165
2026-01-21 03:15:00,946.4566666666666,1768965750.3257306,146.76859246575344,142.08168953071885
2026-01-21 03:30:00,946.4833333333332,1768966650.6645322,146.5546109215017,141.88172975757652
2026-01-21 03:45:00,946.62,1768967550.8322964,147.04937671232875,142.39769111721859
2026-01-21 04:00:00,946.79,1768968451.0674834,148.4186109215017,143.7700418887176
2026-01-21 04:15:00,946.93,1768969351.2385316,147.63671232876712,143.05067929721648
2026-01-21 04:30:00,946.9066666666668,1768970249.9704072,147.5852876712329,142.9945124777599
2026-01-21 04:45:00,946.91,1768971150.1331544,147.62036177474403,143.02940141924793
2026-01-21 05:00:00,946.9033333333333,1768972050.306132,147.78015068493153,143.182407274624
2026-01-21 05:15:00,946.9666666666667,1768972950.4383552,147.09518771331057,142.53590569382536
2026-01-21 05:30:00,946.8866666666667,1768973850.586532,148.56836301369862,143.94153848126084
2026-01-21 05:45:00,946.8366666666667,1768974750.684446,147.22850511945393,142.62985694065924
2026-01-21 06:00:00,947.0266666666666,1768975650.8339005,146.98630479452055,142.44663564133845
2026-01-21 06:15:00,947.12,1768976550.9365032,146.90637542662117,142.39442392943496
2026-01-21 06:30:00,947.2066666666666,1768977451.0706813,148.20178767123286,143.67370635934685
2026-01-21 06:45:00,947.14,1768978351.2158363,147.64310238907848,143.11396194373876
2026-01-21 07:00:00,947.2466666666666,1768979251.4239252,146.63707534246575,142.1676057749884
2026-01-21 07:15:00,947.32,1768980150.101995,147.73856164383562,143.25547786063981
2026-01-21 07:30:00,947.38,1768981050.2836692,147.98902730375428,143.51470295640078
2026-01-21 07:45:00,947.29,1768981950.4582713,147.6276712328767,143.13979318627727
2026-01-21 08:00:00,947.2666666666668,1768982850.5923748,148.36425255972696,143.84760507136323
2026-01-21 08:15:00,947.4266666666666,1768983750.7199416,147.2605102739726,142.82087491862907
2026-01-21 08:30:00,947.3633333333333,1768984650.889311,150.1526348122867,145.60828460121803
2026-01-21 08:45:00,947.48,1768985551.020407,149.23630821917808,144.75177360192336
2026-01-21 09:00:00,947.4133333333333,1768986449.827196,148.25932534246576,143.78593491437937
2026-01-21 09:15:00,947.3533333333334,1768987350.1599522,149.78221843003413,145.2463191169278
2026-01-21 09:30:00,947.2833333333333,1768988250.3553936,148.92427739726028,144.39515353414603
2026-01-21 09:45:00,947.3466666666667,1768989150.4940684,149.67076450511945,145.13640197818572
2026-01-21 10:00:00,947.4733333333334,1768990050.6777627,149.48597260273974,144.9920990200509
2026-01-21 10:15:00,947.6433333333334,1768990950.8526962,150.0106689419795,145.54802626657903
2026-01-21 10:30:00,947.67,1768991851.0803876,149.32421575342465,144.88933513451056
2026-01-21 10:45:00,947.7966666666666,1768992749.7575104,148.4861678082192,144.1108554466465
2026-01-21 11:00:00,947.8033333333333,1768993650.027803,148.614795221843,144.23751970550464
2026-01-21 11:15:00,947.8633333333333,1768994550.4368973,148.68051712328767,144.31775713154235
2026-01-21 11:30:00,947.8233333333333,1768995450.6602993,148.94989078498293,144.5682389082374
2026-01-21 11:45:00,947.89,1768996350.8301897,150.24288356164382,145.84166788568461
2026-01-21 12:00:00,947.8933333333334,1768997251.0891957,149.26674744027304,144.89504436575166
2026-01-21 12:15:00,947.8433333333334,1768998151.3589764,149.81257534246575,145.41107143071437
2026-01-21 12:30:00,947.71,1768999050.104528,149.16654452054794,144.74734706630258
2026-01-21 12:45:00,947.71,1768999950.4497857,150.4182662116041,145.96198533943604
2026-01-21 13:00:00,947.9466666666667,1769000850.7663748,148.52033219178082,144.18510003647336
2026-01-21 13:15:00,947.7866666666665,1769001750.9601116,149.09813651877133,144.70204244418525
2026-01-21 13:30:00,947.82,1769002651.1138992,149.0524109589041,144.66682702492275
2026-01-21 13:45:00,948.0866666666667,1769003550.0490708,151.16409589041095,146.790734774417
2026-01-21 14:00:00,948.2866666666667,1769004450.3137398,150.213590443686,145.92316887597482
2026-01-21 14:15:00,948.38,1769005350.4287999,149.99369520547944,145.73539576847284
2026-01-21 14:30:00,948.1966666666667,1769006250.5569274,149.0073890784983,144.7266688263211
2026-01-21 14:45:00,948.0500000000001,1769007150.6634645,149.2139897260274,144.8869534100839
2026-01-21 15:00:00,947.8733333333333,1769008050.8195345,150.16074744027304,145.7573221385896
2026-01-21 15:15:00,948.0166666666668,1769008950.9707675,149.15606849315068,144.8215395059199
2026-01-21 15:30:00,947.9933333333333,1769009849.8024063,149.33383561643836,144.98771272159732
2026-01-21 15:45:00,948.3299999999999,1769010750.0559738,150.54029692832765,146.2525848914632
2026-01-21 16:00:00,948.4433333333333,1769011650.4394422,149.8590890410959,145.62213319616362
2026-01-21 16:15:00,948.5633333333334,1769012550.592415,150.6435699658703,146.4178140012293
2026-01-21 16:30:00,948.6433333333334,1769013450.7386365,150.11890753424657,145.93004874241333
2026-01-21 16:45:00,948.9666666666667,1769014350.9660532,148.99207167235497,144.92365975709723
2026-01-21 17:00:00,949.11,1769015251.1925333,148.72019520547946,144.69860810075116
2026-01-21 17:15:00,949.2833333333333,1769016149.9370382,149.622948630137,145.62490113881202
2026-01-21 17:30:00,949.7166666666667,1769017050.189407,150.44962798634813,146.55010087203797
2026-01-21 17:45:00,949.8066666666667,1769017950.457139,149.19450684931508,145.3523645426891
2026-01-21 18:00:00,949.77,1769018850.716617,150.090385665529,146.21498550953459
2026-01-21 18:15:00,949.96,1769019750.9900708,150.53660616438356,146.70263449069066
2026-01-21 18:30:00,950.0566666666667,1769020651.1862013,148.70369283276452,144.9430218361033
2026-01-21 18:45:00,950.0366666666667,1769021551.5867202,149.90421575342467,146.10763170309028
2026-01-21 19:00:00,950.2266666666666,1769022450.3131976,148.48536986301372,144.77697559932264
2026-01-21 19:15:00,950.3566666666667,1769023350.5161195,148.14325255972696,144.47908453850255
2026-01-21 19:30:00,950.48,1769024250.7150655,149.48602739726027,145.82281439111856
2026-01-21 19:45:00,950.8299999999999,1769025150.8756325,148.59763822525596,145.0526234686666
2026-01-21 20:00:00,951.0099999999999,1769026051.130048,148.17868493150684,144.6931415140556
2026-01-21 20:15:00,951.0300000000001,1769026951.2313924,149.05181911262798,145.55126817880657
2026-01-21 20:30:00,951.1666666666666,1769027851.205496,147.8263082191781,144.39202790475372
2026-01-21 20:45:00,951.41,1769028749.892448,147.36018493150684,144.0032956642932
2026-01-21 21:00:00,951.52,1769029650.2327476,147.2854470989761,143.96034494003445
2026-01-21 21:15:00,951.7666666666668,1769030550.553399,148.6759691780822,145.38759708166464
2026-01-21 21:30:00,951.7400000000001,1769031450.6727173,149.51500682593857,146.20066944918935
2026-01-21 21:45:00,951.96,1769032350.851068,148.00495547945206,144.78459911243303
2026-01-21 22:00:00,952.16,1769033249.6133695,147.99282876712329,144.8277603520935
2026-01-21 22:15:00,952.2400000000001,1769034149.9499228,148.32964846416382,145.17944220784736
2026-01-21 22:30:00,952.5033333333334,1769035050.0993695,149.71914041095891,146.61276120449764
2026-01-21 22:45:00,952.66,1769035950.301607,148.6482457337884,145.60742152208843
2026-01-21 23:00:00,952.9633333333333,1769036850.4761686,150.31380821917807,147.323795564446
2026-01-21 23:15:00,953.0466666666666,1769037750.6926818,147.92216382252562,145.00268222742062
2026-01-21 23:30:00,953.09,1769038650.8714123,149.3715616438356,146.4355298827098
2026-01-21 23:45:00,953.33,1769039551.019343,147.65224914675767,144.81603306902025
2026-01-22 00:00:00,953.5,1769040451.2182937,150.06699657534247,147.2319444412138
2026-01-22 00:15:00,953.6266666666667,1769041349.941432,146.96939383561644,144.22756792392798
2026-01-22 00:30:00,953.7966666666666,1769042250.2091691,149.70111945392492,146.95579017667794
2026-01-22 00:45:00,954.04,1769043150.4764042,149.0887020547945,146.42228399443252
2026-01-22 01:00:00,954.0533333333333,1769044050.5695703,149.53115358361774,146.86054279667124
2026-01-22 01:15:00,954.1733333333333,1769044950.6877959,148.0867226027397,145.4750737381763
2026-01-22 01:30:00,954.3100000000001,1769045850.7924404,146.84838225255973,144.29603669327753
2026-01-22 01:45:00,954.4666666666667,1769046750.8814895,148.88947945205481,146.34521355518453
2026-01-22 02:00:00,954.66,1769047651.066909,148.8273481228669,146.33788885662665
2026-01-22 02:15:00,954.75,1769048551.2524948,149.5500308219178,147.07363056524932
2026-01-22 02:30:00,954.7833333333333,1769049449.8101885,148.7314212328767,146.27784030934623
2026-01-22 02:45:00,954.8733333333333,1769050350.028231,148.411590443686,145.98824753583278
2026-01-22 03:00:00,955.2266666666666,1769051250.3318033,148.17019178082194,145.84867077346425
2026-01-22 03:15:00,955.6166666666667,1769052150.5629199,148.15393174061433,145.94076754651311
2026-01-22 03:30:00,955.6933333333333,1769053050.708206,149.25563356164383,147.04743019161788
2026-01-22 03:45:00,955.6433333333334,1769053950.8584266,148.90574402730377,146.68878109771265
2026-01-22 04:00:00,955.8366666666667,1769054850.6534843,148.28443835616437,146.13039435871067
2026-01-22 04:15:00,955.94,1769055750.595836,149.21145392491468,147.07281615950265
2026-01-22 04:30:00,956.0933333333332,1769056650.9240155,148.65810273972602,146.5700906533572
2026-01-22 04:45:00,956.4,1769057551.1170695,148.38297269624573,146.3840933009217
2026-01-22 05:00:00,956.5666666666666,1769058451.299611,148.48959589041095,146.5356757827869
2026-01-22 05:15:00,956.8066666666667,1769059349.988244,147.76811986301368,145.89020416119587
2026-01-22 05:30:00,957.1366666666667,1769060250.2823772,148.7102252559727,146.91242199561518
2026-01-22 05:45:00,957.3066666666667,1769061150.4662054,149.75406506849313,147.99143602510475
2026-01-22 06:00:00,957.5,1769062050.5980403,148.54156313993175,146.84713737846963
2026-01-22 06:15:00,957.7033333333334,1769062950.6805375,148.9696506849315,147.327248127552
2026-01-22 06:30:00,957.86,1769063850.8999379,147.89809897610922,146.3110558067207
2026-01-22 06:45:00,958.0966666666667,1769064750.9971156,148.56727739726026,147.0391572507563
2026-01-22 07:00:00,958.2566666666667,1769065651.140277,148.50975426621162,147.02691517511735
2026-01-22 07:15:00,958.4533333333333,1769066551.413217,147.75095890410958,146.33036479240735
2026-01-22 07:30:00,958.5500000000001,1769067450.1109622,149.60994520547945,148.19869399569188
2026-01-22 07:45:00,958.6733333333333,1769068350.340262,148.32688737201366,146.96217318159486
2026-01-22 08:00:00,958.91,1769069250.4831202,149.6870205479452,148.3764971189728
2026-01-22 08:15:00,959.1266666666667,1769070150.6260147,149.65872013651875,148.40952716184654
2026-01-22 08:30:00,959.1999999999999,1769071050.8992739,147.93016438356165,146.7158405502033
2026-01-22 08:45:00,959.2666666666668,1769071951.1236525,149.61764505119453,148.40826627687196
2026-01-22 09:00:00,959.3866666666667,1769072851.2745605,149.36965410958905,148.19606472925787
2026-01-22 09:15:00,959.5966666666667,1769073749.945475,148.75779452054795,147.64791225397508
2026-01-22 09:30:00,959.6966666666667,1769074650.1520467,148.7490375426621,147.6672747288955
2026-01-22 09:45:00,959.7766666666666,1769075550.3899274,148.7569109589041,147.69753920633246
2026-01-22 10:00:00,959.7999999999998,1769076450.4806778,148.18157679180885,147.1328250232183
2026-01-22 10:15:00,959.7933333333334,1769077350.6952183,147.54129452054792,146.4952187174394
2026-01-22 10:30:00,960.0133333333333,1769078250.8524063,147.53109215017065,146.54633224850582
2026-01-22 10:45:00,960.1166666666667,1769079150.9791183,148.1758698630137,147.21570662766658
2026-01-22 11:00:00,960.1300000000001,1769080051.0534408,147.73020477815697,146.77664769787282
2026-01-22 11:15:00,960.0833333333334,1769080951.2411869,148.04331849315068,147.0746991500895
2026-01-22 11:30:00,960.0600000000001,1769081849.831931,148.67667808219176,147.6973667257744
2026-01-22 11:45:00,960.2733333333334,1769082749.961745,149.74835494880548,148.82229502806652
2026-01-22 12:00:00,960.52,1769083650.1351929,147.46255821917808,146.61933340549098
2026-01-22 12:15:00,960.62,1769084550.300643,147.93878498293515,147.1207872893379
2026-01-22 12:30:00,960.6233333333333,1769085450.4724538,148.71964383561644,147.89826522642707
2026-01-22 12:45:00,960.6566666666668,1769086350.6353152,148.4009624573379,147.59069103987315
2026-01-22 13:00:00,960.7633333333333,1769087250.7360106,149.02537671232878,148.24173659833184
2026-01-22 13:15:00,960.88,1769088150.8536599,147.95488737201364,147.20950417931422
2026-01-22 13:30:00,961.0533333333333,1769089051.015424,149.01392123287673,148.31203878042373
2026-01-22 13:45:00,961.1366666666667,1769089951.223925,147.7590614334471,147.08637642971584
2026-01-22 14:00:00,961.1766666666666,1769090851.1308806,148.3393595890411,147.67525562426547
2026-01-22 14:15:00,961.0933333333334,1769091749.7006936,148.96048287671235,148.27012022950186
2026-01-22 14:30:00,960.7633333333333,1769092649.9667335,149.3696928327645,148.58424215515873
2026-01-22 14:45:00,960.63,1769093550.195455,148.7098801369863,147.89042871960527
2026-01-22 15:00:00,960.9666666666667,1769094450.4568737,148.52927303754265,147.80533275007605
2026-01-22 15:15:00,960.9,1769095350.5838482,149.64819520547945,148.899939372953
2026-01-22 15:30:00,960.6766666666666,1769096250.6587088,147.75033788395905,146.94920284975788
2026-01-22 15:45:00,960.5433333333334,1769097150.7379515,147.41016438356164,146.5737371281803
2026-01-22 16:00:00,960.5300000000001,1769098050.8559961,149.24401023890786,148.3934181211255
2026-01-22 16:15:00,960.3866666666667,1769098951.267163,147.8659075342466,146.9831358317667
2026-01-22 16:30:00,960.2466666666666,1769099850.07122,147.52597602739726,146.6062312995185
2026-01-22 16:45:00,960.1033333333334,1769100750.5166862,147.61440955631397,146.654169235593
2026-01-22 17:00:00,959.96,1769101650.7885938,147.73631164383562,146.73531198447517
2026-01-22 17:15:00,959.5733333333334,1769102550.9084992,148.3076552901024,147.1946057412475
2026-01-22 17:30:00,959.4699999999999,1769103451.0628603,147.26475,146.13083428911818
2026-01-22 17:45:00,959.3666666666667,1769104349.7251048,148.58092465753424,147.40793067451148
2026-01-22 18:00:00,959.0466666666666,1769105250.0347688,147.6307167235495,146.3762005065484
2026-01-22 18:15:00,958.9233333333333,1769106150.2062616,149.65401369863014,148.34753733762432
2026-01-22 18:30:00,958.8333333333334,1769107050.4337268,150.20559726962458,148.86884684628762
2026-01-22 18:45:00,958.4,1769107950.632468,148.12074315068492,146.6817291402587
2026-01-22 19:00:00,958.0300000000001,1769108850.7623668,148.79862798634812,147.24947545289868
2026-01-22 19:15:00,957.61,1769109750.8751297,147.51181506849315,145.85961720208567
2026-01-22 19:30:00,957.3766666666667,1769110650.9384894,149.3507337883959,147.61248317275982
2026-01-22 19:45:00,956.9699999999999,1769111551.3091235,148.1971712328767,146.35921601491899
2026-01-22 20:00:00,956.5133333333333,1769112450.309893,149.75595547945207,147.77039698504998
2026-01-22 20:15:00,956.2133333333333,1769113350.4629478,148.0197133105802,145.97394613782384
2026-01-22 20:30:00,955.9766666666666,1769114250.7696679,149.07014383561645,146.94376818417376
2026-01-22 20:45:00,955.57,1769115150.955506,149.39183959044368,147.14713556383862
2026-01-22 21:00:00,955.0133333333333,1769116050.9080305,148.86724315068494,146.47541738402333
2026-01-22 21:15:00,954.5233333333332,1769116950.6100383,147.77876450511945,145.26911862191724
2026-01-22 21:30:00,954.0466666666666,1769117850.749152,149.9111095890411,147.23184787896676
2026-01-22 21:45:00,953.5933333333332,1769118750.9358814,149.11923890784982,146.32803826402815
2026-01-22 22:00:00,952.9066666666668,1769119651.135014,149.14540410958904,146.16289540024172
2026-01-22 22:15:00,952.5766666666667,1769120549.8705108,148.37078767123288,145.31262962837798
2026-01-22 22:30:00,951.9566666666666,1769121450.1693263,150.6746109215017,147.3952335210228
2026-01-22 22:45:00,951.7333333333332,1769122350.4187112,149.75679794520548,146.43524586471148
2026-01-22 23:00:00,951.1666666666666,1769123250.5593376,150.0274061433447,146.5419902268604
2026-01-22 23:15:00,950.6266666666667,1769124150.6801016,149.66822260273972,146.04123598704362
2026-01-22 23:30:00,949.93,1769125050.8206844,150.95950511945392,147.10637745661566
2026-01-22 23:45:00,949.18,1769125950.9618928,151.16834589041096,147.10012062874156
2026-01-23 00:00:00,948.4933333333333,1769126849.8326354,151.869051369863,147.58928831295503
2026-01-23 00:15:00,947.7533333333332,1769127750.0149684,150.07258020477818,145.63853101380596
2026-01-23 00:30:00,947.5500000000001,1769128650.1508796,151.45862328767123,146.9268483188804
2026-01-23 00:45:00,947.31,1769129550.3238137,151.2454914675768,146.65320447914314
2026-01-23 01:00:00,946.84,1769130450.5399776,151.2810582191781,146.55675767495967
2026-01-23 01:15:00,946.6366666666667,1769131350.7119777,152.38872696245733,147.5728121276096
2026-01-23 01:30:00,946.5366666666667,1769132250.859087,152.53594520547944,147.68731460201593
2026-01-23 01:45:00,946.0733333333334,1769133150.9724715,151.5127167235495,146.5675261965284
2026-01-23 02:00:00,944.2666666666668,1769134051.0441647,152.954551369863,147.4552665953407
2026-01-23 02:15:00,943.6,1769134949.9360957,153.8421301369863,148.12319201816163
2026-01-23 02:30:00,943.52,1769135850.3627672,152.18325255972695,146.50371141549388
2026-01-23 02:45:00,943.4533333333334,1769136750.5227437,152.44388356164384,146.7360278212427
2026-01-23 03:00:00,942.5966666666667,1769137650.7022603,154.15713651877132,148.14380749595352
2026-01-23 03:15:00,941.5933333333332,1769138550.8320227,152.63799657534247,146.40456374853113
2026-01-23 03:30:00,941.11,1769139450.9851124,154.67774744027304,148.22483291089736
2026-01-23 03:45:00,940.21,1769140351.2147107,154.93584931506848,148.21849672195466
2026-01-23 04:00:00,940.1566666666668,1769141249.9248197,152.44102397260275,145.81705940751561
2026-01-23 04:15:00,939.7566666666667,1769142150.2554626,154.570023890785,147.741222656177
2026-01-23 04:30:00,939.31,1769143050.494668,153.5836815068493,146.6739261184284
2026-01-23 04:45:00,938.7600000000001,1769143950.7691693,152.3728122866894,145.36554770956334
2026-01-23 05:00:00,938.7199999999999,1769144850.3887281,154.40236643835618,147.2905729660594
2026-01-23 05:15:00,938.3866666666667,1769145750.5405147,154.8654641638225,147.6388061556162
2026-01-23 05:30:00,938.1700000000001,1769146650.734295,155.6271883561644,148.30392082265072
2026-01-23 05:45:00,938.1533333333333,1769147550.8907757,153.92735153583618,146.6794274160225
2026-01-23 06:00:00,938.0033333333334,1769148451.0964217,152.8978904109589,145.65692203328868
2026-01-23 06:15:00,937.93,1769149349.8099387,154.2755719178082,146.94888272412712
2026-01-23 06:30:00,937.84,1769150250.2209303,154.69705119453923,147.3251508064116
2026-01-23 06:45:00,937.92,1769151150.4628906,154.31146575342464,146.98027927655005
2026-01-23 07:00:00,938.07,1769152050.6234016,153.61860409556311,146.3620420353045
2026-01-23 07:15:00,938.3666666666667,1769152950.777036,152.65943150684933,145.53018578216722
2026-01-23 07:30:00,938.5833333333334,1769153850.9487484,154.99608873720138,147.8185598004999
2026-01-23 07:45:00,938.9733333333334,1769154751.104678,154.28963356164383,147.25389373282843
2026-01-23 08:00:00,939.3833333333333,1769155649.9873712,153.59380821917807,146.704036566739
2026-01-23 08:15:00,939.7633333333333,1769156550.2606661,154.04582593856657,147.24204847627988
2026-01-23 08:30:00,940.1366666666667,1769157450.4402719,154.46468493150687,147.74717246098476
2026-01-23 08:45:00,940.61,1769158350.65178,153.84086348122867,147.2828772303678
2026-01-23 09:00:00,940.93,1769159250.806944,153.69825,147.2358353098011
2026-01-23 09:15:00,941.2866666666665,1769160149.608354,153.64396232876712,147.2836056033969
2026-01-23 09:30:00,941.5833333333334,1769161049.925821,152.91738566552903,146.66975639095577
2026-01-23 09:45:00,941.9366666666666,1769161950.1862326,153.3632294520548,147.19616920967303
2026-01-23 10:00:00,942.3266666666667,1769162850.4781272,154.66254607508532,148.55327476243448
2026-01-23 10:15:00,942.7966666666666,1769163750.7655427,152.7359691780822,146.83386301861952
2026-01-23 10:30:00,943.2933333333334,1769164651.0691304,153.6555324232082,147.8573542454279
2026-01-23 10:45:00,943.7066666666666,1769165551.2932985,153.50477397260275,147.82833359533657
2026-01-23 11:00:00,944.0966666666667,1769166449.8952456,154.48097602739725,148.87871501954024
2026-01-23 11:15:00,944.6633333333333,1769167350.1099498,151.88993174061434,146.5393241960976
2026-01-23 11:30:00,945.2199999999999,1769168250.3202868,153.34169178082192,148.0964971907452
2026-01-23 11:45:00,945.6700000000001,1769169150.80219,151.814409556314,146.74687202231843
2026-01-23 12:00:00,946.0033333333334,1769170051.0110638,151.1014006849315,146.15019574369956
2026-01-23 12:15:00,946.4366666666666,1769170951.1437485,151.98319795221843,147.1241811686608
2026-01-23 12:30:00,946.7599999999999,1769171851.3310826,152.2147910958904,147.43891893200095
2026-01-23 12:45:00,947.0500000000001,1769172750.2334595,152.01840753424656,147.32985346493803
2026-01-23 13:00:00,947.1700000000001,1769173650.4680216,152.5539351535836,147.88257771742934
2026-01-23 13:15:00,947.5533333333333,1769174550.6460228,151.52436301369863,146.9915519981425
2026-01-23 13:30:00,947.7166666666667,1769175450.7758794,151.95966894197952,147.45959039163967
2026-01-23 13:45:00,948.0966666666667,1769176350.9621775,152.6872397260274,148.27262935985706
2026-01-23 14:00:00,948.5133333333333,1769177251.2310233,151.73382252559728,147.46347380603666
2026-01-23 14:15:00,948.85,1769178151.4961748,151.9380410958904,147.75642955367795
2026-01-23 14:30:00,949.5466666666666,1769179050.2979338,150.9170410958904,146.95792395284766
2026-01-23 14:45:00,949.9166666666666,1769179950.4298632,153.26737201365185,149.35155416603365
2026-01-23 15:00:00,950.1966666666667,1769180850.5221326,149.91603424657535,146.16357784684345
2026-01-23 15:15:00,950.4533333333333,1769181750.6300006,151.64470307167235,147.92109602321318
2026-01-23 15:30:00,950.68,1769182650.8203392,151.01631506849316,147.37159233640352
2026-01-23 15:45:00,951.2633333333333,1769183551.0226746,151.69447440273038,148.19754583717838
2026-01-23 16:00:00,951.8066666666667,1769184451.3240309,151.56206164383562,148.22112016585902
2026-01-23 16:15:00,952.23,1769185350.0482934,151.30932876712328,148.09302664431095
2026-01-23 16:30:00,952.5300000000001,1769186250.192435,150.6746518771331,147.55592365481385
2026-01-23 16:45:00,953.0966666666667,1769187150.3859549,150.92268150684933,147.958035219501
2026-01-23 17:00:00,953.5566666666667,1769188050.466878,150.8922832764505,148.05757990854994
2026-01-23 17:15:00,953.9066666666666,1769188950.608537,150.29952397260274,147.57406046876295
2026-01-23 17:30:00,954.2666666666668,1769189850.9041994,149.774385665529,147.15906716710174
2026-01-23 17:45:00,954.6433333333333,1769190751.0118814,150.3503287671233,147.83071297582543
2026-01-23 18:00:00,954.9200000000001,1769191649.8282673,151.07200342465754,148.61839680086493
2026-01-23 18:15:00,955.2400000000001,1769192550.1796699,150.4383686006826,148.08506138591957
2026-01-23 18:30:00,955.5933333333332,1769193450.5057433,150.89104452054795,148.630403155404
2026-01-23 18:45:00,955.8733333333333,1769194350.5121505,151.3119829351536,149.12434814780724
2026-01-23 19:00:00,956.18,1769195250.6447117,149.58513698630136,147.50839173943513
2026-01-23 19:15:00,956.3733333333333,1769196150.796615,149.41741296928328,147.39713023234305
2026-01-23 19:30:00,956.6366666666667,1769197050.952217,150.0767808219178,148.12167440285106
2026-01-23 19:45:00,956.8733333333333,1769197951.1013362,150.70227645051193,148.80591948544188
2026-01-23 20:00:00,957.1633333333333,1769198851.4073732,151.07061301369862,149.2518362074333
2026-01-23 20:15:00,957.4766666666666,1769199750.2749698,151.1662705479452,149.43527942346836
2026-01-23 20:30:00,957.94,1769200650.735838,150.98635153583618,149.38887478337764
2026-01-23 20:45:00,958.0933333333332,1769201550.9470015,150.4911506849315,148.94229882870744
2026-01-23 21:00:00,958.3866666666667,1769202449.6482756,150.53345547945204,149.0672252092981
2026-01-23 21:15:00,958.6433333333333,1769203349.9487638,149.87778498293514,148.4903372270739
2026-01-23 21:30:00,958.8433333333332,1769204250.276733,148.99159246575343,147.66845171742764
2026-01-23 21:45:00,958.9633333333333,1769205150.6048777,150.19741296928328,148.89750852482896
2026-01-23 22:00:00,959.16,1769206050.784552,148.72783219178083,147.49575038848914
2026-01-23 22:15:00,959.3466666666667,1769206951.0174022,149.3553105802048,148.17057250477873
2026-01-23 22:30:00,959.5300000000001,1769207851.221468,149.97083219178083,148.8330460683363
2026-01-23 22:45:00,959.9033333333333,1769208749.9513478,149.94880136986302,148.91677656635756
2026-01-23 23:00:00,960.2866666666667,1769209650.068701,150.29786689419797,149.37219278015056
2026-01-23 23:15:00,960.4766666666666,1769210550.162036,151.968801369863,151.08736878292385
2026-01-23 23:30:00,960.5766666666667,1769211450.3358078,148.49910580204778,147.66585160512446
2026-01-23 23:45:00,960.8033333333333,1769212350.7177022,150.5995993150685,149.81906707177887
2026-01-24 00:00:00,961.0233333333332,1769213250.9338348,148.82703412969283,148.11758900601697
2026-01-24 00:15:00,961.36,1769214151.0563023,149.8271198630137,149.20832048981623
2026-01-24 00:30:00,961.5500000000001,1769215051.2050753,149.77030716723547,149.20559593453154
2026-01-24 00:45:00,961.7599999999999,1769215951.4928591,148.37116438356165,147.87071728729208
2026-01-24 01:00:00,961.9133333333334,1769216850.0321522,148.0336404109589,147.5773196931945
2026-01-24 01:15:00,961.9866666666667,1769217750.290182,150.17380887372013,149.73175215593338
2026-01-24 01:30:00,962.1133333333333,1769218650.5382717,149.94685958904108,149.5414562402624
2026-01-24 01:45:00,962.2866666666667,1769219550.7219553,148.99172696245734,148.63784929354736
2026-01-24 02:00:00,962.4633333333333,1769220450.8375475,149.22689726027397,148.92244093725762
2026-01-24 02:15:00,962.81,1769221350.9252493,148.2624300341297,148.05742982454072
2026-01-24 02:30:00,962.9233333333333,1769222251.0086036,149.41834589041096,149.24388113607796
2026-01-24 02:45:00,963.14,1769223149.616948,148.00017465753425,147.8882339236382
2026-01-24 03:00:00,963.34,1769224050.0283034,148.89924914675768,148.84317805554574
2026-01-24 03:15:00,963.4900000000001,1769224950.2749915,148.78548630136987,148.77185198630298
2026-01-24 03:30:00,963.5233333333332,1769225850.3301039,149.09984300341299,149.09562230524804
2026-01-24 03:45:00,963.71,1769226749.9710143,149.26641095890412,149.3151332562019
2026-01-24 04:00:00,963.77,1769227650.1242673,148.26270648464163,148.32800959038823
2026-01-24 04:15:00,963.8866666666667,1769228550.3150294,148.25572602739726,148.3539075302354
2026-01-24 04:30:00,964.0566666666667,1769229450.4759736,148.79273720136518,148.93937398605416
2026-01-24 04:45:00,964.16,1769230350.6217244,149.0975102739726,149.2737519521606
2026-01-24 05:00:00,964.19,1769231250.755784,147.95541979522184,148.13875512635397
2026-01-24 05:15:00,964.23,1769232150.8704927,148.52623287671233,148.72157792730562
2026-01-24 05:30:00,964.27,1769233051.0580766,147.41609556313992,147.6211993209351
2026-01-24 05:45:00,964.29,1769233951.2300277,148.28935273972604,148.50131442514135
2026-01-24 06:00:00,964.4066666666668,1769234849.9442546,148.1819212328767,148.42662694730896
2026-01-24 06:15:00,964.4666666666667,1769235750.1904535,148.87815358361775,149.14101015325448
2026-01-24 06:30:00,964.3933333333334,1769236650.3157706,147.71986643835618,147.96006075243915
2026-01-24 06:45:00,964.4233333333333,1769237550.5380352,147.67183959044368,147.92038703405188
2026-01-24 07:00:00,964.5633333333334,1769238450.6953366,147.8135890410959,148.10176489451823
2026-01-24 07:15:00,964.7400000000001,1769239351.0753055,148.58735836177473,148.92702419667526
2026-01-24 07:30:00,964.8066666666667,1769240251.27692,147.87527397260274,148.23208688114852
2026-01-24 07:45:00,964.8166666666666,1769241150.0577435,147.97627739726028,148.336152380273
2026-01-24 08:00:00,964.7600000000001,1769242050.47606,148.15798634812288,148.50231363336312
2026-01-24 08:15:00,964.8666666666667,1769242951.077645,149.22114726027397,149.59826089857776
2026-01-24 08:30:00,964.8833333333333,1769243849.6380272,148.71334589041095,149.09389743843911
2026-01-24 08:45:00,964.8733333333333,1769244749.9125557,148.31638566552903,148.6930962124342
2026-01-24 09:00:00,964.9366666666666,1769245650.4930124,147.48018150684933,147.87256109651761
2026-01-24 09:15:00,964.98,1769246550.6456077,149.05945733788397,149.46834440306714
2026-01-24 09:30:00,964.7633333333333,1769247450.7915545,148.76490068493152,149.1115828427411
2026-01-24 09:45:00,964.5933333333332,1769248350.7483356,148.6322627986348,148.9305235279055
2026-01-24 10:00:00,964.4366666666666,1769249250.413268,148.38844520547946,148.64196432143964
2026-01-24 10:15:00,964.4466666666667,1769250150.4785664,148.98480887372014,149.24218244131706
2026-01-24 10:30:00,964.44,1769251050.6311152,149.53202739726026,149.78844896097226
2026-01-24 10:45:00,964.4166666666666,1769251950.841724,148.80370989761093,149.05227439213797
2026-01-24 11:00:00,964.35,1769252851.0050719,149.70328424657532,149.9343585186161
2026-01-24 11:15:00,964.1833333333334,1769253751.134089,148.5598532423208,148.74205346439746
2026-01-24 11:30:00,963.9699999999999,1769254651.3214853,148.89925684931507,149.02145772303845
2026-01-24 11:45:00,963.8033333333333,1769255549.975487,147.46285616438357,147.53715069541502
2026-01-24 12:00:00,963.8833333333333,1769256450.1667721,148.51725938566554,148.6146728582257
2026-01-24 12:15:00,963.8000000000001,1769257350.3465686,148.53594178082193,148.60983575374883
2026-01-24 12:30:00,963.6666666666666,1769258250.4932153,147.8916348122867,147.9277284822407
2026-01-24 12:45:00,963.4133333333333,1769259150.763348,148.45622260273973,148.4209968939285
2026-01-24 13:00:00,963.3133333333334,1769260050.9457233,148.70541979522184,148.64189031455763
2026-01-24 13:15:00,963.2666666666668,1769260951.133225,149.05499999999998,148.97811119457606
2026-01-24 13:30:00,963.3333333333334,1769261849.8248775,148.73956849315067,148.68167421985632
2026-01-24 13:45:00,963.1466666666666,1769262750.0554419,149.4893310580205,149.37815610394068
2026-01-24 14:00:00,963.0633333333334,1769263650.2094164,148.1788904109589,148.04524767594393
2026-01-24 14:15:00,962.9166666666666,1769264550.3480875,149.02034129692834,148.84445588808163
2026-01-24 14:30:00,962.79,1769265450.5681257,149.30577397260274,149.09366548026537
2026-01-24 14:45:00,962.6266666666667,1769266350.735195,150.20367918088738,149.94375532963593
2026-01-24 15:00:00,962.3166666666666,1769267250.9084926,147.3069212328767,146.96542202025475
2026-01-24 15:15:00,962.0966666666667,1769268151.007457,150.2736996587031,149.86266692355278
2026-01-24 15:30:00,961.9666666666666,1769269051.121666,149.9864794520548,149.53929156245985
2026-01-24 15:45:00,962.0,1769269951.1912625,148.32541638225257,147.89254721904183
2026-01-24 16:00:00,961.6933333333333,1769270851.4147434,149.75842465753425,149.2343941945185
2026-01-24 16:15:00,961.5366666666665,1769271750.183227,149.3479589041096,148.78107097378088
2026-01-24 16:30:00,961.2400000000001,1769272650.504405,149.03424914675767,148.38488878860443
2026-01-24 16:45:00,960.9833333333332,1769273550.6957934,148.58322260273974,147.86370163838018
2026-01-24 17:00:00,960.5966666666667,1769274450.8448408,149.43979863481226,148.60691300291415
2026-01-24 17:15:00,960.3666666666667,1769275351.3802092,150.76181506849315,149.85605991995052
2026-01-24 17:30:00,960.2066666666666,1769276250.4259472,149.22007534246575,148.27849922677885
2026-01-24 17:45:00,959.9200000000001,1769277150.5512595,149.18426962457337,148.16219845057492
2026-01-24 18:00:00,959.87,1769278050.7969942,150.38222260273972,149.33775641388564
2026-01-24 18:15:00,959.7199999999999,1769278951.2248824,150.02545392491467,148.94101140310272
2026-01-24 18:30:00,959.5,1769279851.3070066,150.27672260273974,149.12811523076564
2026-01-24 18:45:00,959.3533333333334,1769280750.0839765,149.7572808219178,148.57123606965587
2026-01-24 19:00:00,958.9699999999999,1769281650.452711,148.7594914675768,147.4738997060697
2026-01-24 19:15:00,958.71,1769282550.7241688,149.1565,147.79444876385742
2026-01-24 19:30:00,958.18,1769283450.9574177,149.90844368600682,148.3900219169217
2026-01-24 19:45:00,957.7199999999999,1769284351.2527084,150.00725,148.35810575778322
2026-01-24 20:00:00,957.2066666666666,1769285251.3961775,150.71654266211604,148.91428870221876
2026-01-24 20:15:00,956.8533333333334,1769286151.1554408,150.3856404109589,148.48762518774618
2026-01-24 20:30:00,956.4633333333335,1769287051.1788855,150.52074061433447,148.51093290957738
2026-01-24 20:45:00,956.1166666666667,1769287951.4331975,151.56666438356166,149.44442463825072
2026-01-24 21:00:00,955.4933333333333,1769288850.1290348,150.3892191780822,148.10795294815756
2026-01-24 21:15:00,954.9766666666666,1769289750.4182377,150.23254402730376,147.80848451054905
2026-01-24 21:30:00,954.4200000000001,1769290650.8615015,152.33973630136987,149.72323538247662
2026-01-24 21:45:00,953.96,1769291549.5851638,152.3318390410959,149.5846796023726
2026-01-24 22:00:00,953.2599999999999,1769292450.0223153,151.08427303754266,148.16242513609112
2026-01-24 22:15:00,952.7766666666666,1769293350.2155318,151.77481506849315,148.7029910055884
2026-01-24 22:30:00,952.19,1769294250.4171016,151.36923208191126,148.14039752806642
2026-01-24 22:45:00,951.3533333333334,1769295150.5609002,152.59433561643837,149.1021573386079
2026-01-24 23:00:00,950.8866666666667,1769296050.7166452,152.653590443686,149.0278594631318
2026-01-24 23:15:00,950.2199999999999,1769296950.8596451,150.667448630137,146.90269657921402
2026-01-24 23:30:00,949.54,1769297851.0167496,152.77177133105803,148.7621133608841
2026-01-24 23:45:00,948.82,1769298751.1979582,153.7525582191781,149.51248540727465
2026-01-25 00:00:00,948.3633333333333,1769299650.0681202,152.59217808219177,148.25541326090305
2026-01-25 00:15:00,948.0,1769300550.4929113,152.97419453924914,148.52400610145068
2026-01-25 00:30:00,947.7466666666666,1769301450.787991,153.2101301369863,148.68149548582656
2026-01-25 00:45:00,947.41,1769302350.939344,152.37129351535836,147.77289783295834
2026-01-25 01:00:00,947.0666666666666,1769303251.1279411,152.66760273972602,147.96371162522763
2026-01-25 01:15:00,946.8000000000001,1769304149.8745728,153.5460616438356,148.73972349190677
2026-01-25 01:30:00,946.4900000000001,1769305050.182678,153.79960750853243,148.89760627598048
2026-01-25 01:45:00,946.0600000000001,1769305950.336643,153.25967808219178,148.25371305596954
2026-01-25 02:00:00,945.4866666666667,1769306850.4740958,153.52364163822526,148.3473669126661
2026-01-25 02:15:00,945.1866666666666,1769307750.6474771,151.95408561643836,146.74706110554158
2026-01-25 02:30:00,945.52,1769308650.7399771,153.59127986348125,148.42212438617904
2026-01-25 02:45:00,945.1466666666666,1769309550.8638575,153.73185616438354,148.45262979937073
2026-01-25 03:00:00,945.5933333333334,1769310451.0580602,153.13210921501707,147.9990270095419
2026-01-25 03:15:00,945.0966666666667,1769311351.4252977,154.08381506849315,148.77836764801344
2026-01-25 03:30:00,944.88,1769312250.2720435,154.3461712328767,148.97035155515437
2026-01-25 03:45:00,945.15,1769313150.445927,152.77221501706484,147.52687752756256
2026-01-25 04:00:00,945.4933333333333,1769314050.629217,153.47682191780822,148.30400429327614
2026-01-25 04:15:00,946.2366666666667,1769314950.7893362,154.66512969283278,149.6634866088427
2026-01-25 04:30:00,946.3166666666666,1769315850.9738333,154.1142876712329,149.15312756146847
2026-01-25 04:45:00,946.4866666666667,1769316751.1462648,154.62346416382255,149.69425636889753
2026-01-25 05:00:00,946.8299999999999,1769317651.328836,153.3831883561644,148.59041791804648
2026-01-25 05:15:00,947.27,1769318549.9865785,154.23617465753426,149.54171555506989
2026-01-25 05:30:00,947.6033333333334,1769319450.2142968,153.73391467576792,149.14917400847662
2026-01-25 05:45:00,947.8333333333334,1769320350.3412466,153.72858561643838,149.20919404810897
2026-01-25 06:00:00,948.0366666666667,1769321250.4532814,153.78488737201366,149.32151735348128
2026-01-25 06:15:00,948.2833333333333,1769322150.737315,154.0974109589041,149.69511109470204
2026-01-25 06:30:00,948.75,1769323050.9464793,153.32053583617747,149.0725490461947
2026-01-25 06:45:00,949.18,1769323951.1034062,153.1241575342466,149.00329769296562
2026-01-25 07:00:00,949.1766666666666,1769324849.722479,153.21962328767123,149.09525001002908
2026-01-25 07:15:00,949.5133333333333,1769325749.9298313,152.99684982935153,148.97373624023479
2026-01-25 07:30:00,949.89,1769326650.35755,153.7075376712329,149.772885375533
2026-01-25 07:45:00,950.2866666666667,1769327550.5445993,154.0008976109215,150.17187269387873
2026-01-25 08:00:00,950.6700000000001,1769328450.7825143,153.12658904109588,149.42809646885468
2026-01-25 08:15:00,951.2233333333334,1769329351.1422193,153.350409556314,149.80392210557554
2026-01-25 08:30:00,951.6633333333333,1769330251.3085046,154.1615205479452,150.7222259103452
2026-01-25 08:45:00,951.7733333333334,1769331150.018417,153.8533493150685,150.4523711397926
2026-01-25 09:00:00,952.02,1769332050.2156444,152.38113651877134,149.08255573887706
2026-01-25 09:15:00,952.4733333333334,1769332950.38078,153.12055136986302,149.93505299998708
2026-01-25 09:30:00,952.7866666666667,1769333850.5166934,152.82902389078498,149.73870833179149
2026-01-25 09:45:00,953.1766666666666,1769334750.665202,151.31602397260275,148.366201020123
2026-01-25 10:00:00,953.2133333333333,1769335650.7808554,151.55574402730375,148.61160077796936
2026-01-25 10:15:00,953.3833333333333,1769336550.8701606,151.52583561643837,148.63027319796362
2026-01-25 10:30:00,953.8266666666667,1769337451.016145,150.86284982935155,148.10465761058188
2026-01-25 10:45:00,954.2133333333333,1769338351.0847,152.51186301369864,149.8335595469114
2026-01-25 11:00:00,954.7333333333332,1769339249.778218,151.67233219178084,149.1560653781432
2026-01-25 11:15:00,955.0666666666666,1769340150.037669,151.2089351535836,148.79456288775663
2026-01-25 11:30:00,955.38,1769341050.2743926,151.24528424657535,148.9189616271622
2026-01-25 11:45:00,955.6,1769341950.455497,151.93446075085325,149.66008266326614
2026-01-25 12:00:00,955.6966666666667,1769342850.6741953,151.6574589041096,149.41466736079875
2026-01-25 12:15:00,955.9866666666667,1769343750.9385839,151.9205085324232,149.75631987398435
2026-01-25 12:30:00,956.3100000000001,1769344651.0958512,151.48465753424657,149.41844234555603
2026-01-25 12:45:00,956.85,1769345551.1685033,151.142566552901,149.23405302264206
2026-01-25 13:00:00,957.2833333333333,1769346451.395714,152.03939383561644,150.2432051812558
2026-01-25 13:15:00,957.7733333333334,1769347350.0716386,151.0938493150685,149.4479025437242
2026-01-25 13:30:00,958.0166666666668,1769348250.3767166,151.00901023890785,149.4330595815575
2026-01-25 13:45:00,958.3666666666667,1769349150.6138265,150.77934589041098,149.30504689185926
2026-01-25 14:00:00,958.5233333333332,1769350050.8171742,150.2830170648464,148.85787453212174
2026-01-25 14:15:00,959.1133333333333,1769350950.9300122,150.24566780821917,148.98780120868793
2026-01-25 14:30:00,959.5066666666667,1769351851.0744605,149.66523549488053,148.52318317306245
2026-01-25 14:45:00,959.7766666666666,1769352751.2278485,151.29912328767122,150.2216471800631
2026-01-25 15:00:00,960.0300000000001,1769353650.1347718,152.10478424657535,151.0942798409131
2026-01-25 15:15:00,960.2633333333333,1769354550.466551,150.25710921501707,149.32506590001358
2026-01-25 15:30:00,960.7266666666668,1769355450.7669413,150.49159589041096,149.68981700572652
2026-01-25 15:45:00,961.1633333333333,1769356350.9622874,150.3853686006826,149.7083121514689
2026-01-25 16:00:00,961.6133333333333,1769357251.1134608,150.1675684931507,149.61936249395555
2026-01-25 16:15:00,962.0066666666667,1769358149.9053288,151.28690410958905,150.8473029355103
2026-01-25 16:30:00,962.41,1769359050.1159132,150.33114334470991,150.00923240638218
2026-01-25 16:45:00,962.54,1769359950.6208384,149.63828767123286,149.3547464431352
2026-01-25 17:00:00,962.9966666666666,1769360851.0798633,149.8023481228669,149.6482845392813
2026-01-25 17:15:00,963.02,1769361751.3877268,150.20148287671233,150.05366103621165
2026-01-25 17:30:00,963.21,1769362650.0650556,150.75882534246574,150.66483517876185
2026-01-25 17:45:00,963.3833333333333,1769363550.4015992,150.05638907849828,150.01223274104413
2026-01-25 18:00:00,963.63,1769364450.561185,150.15401712328767,150.18020002021623
2026-01-25 18:15:00,963.8299999999999,1769365350.788613,150.004843003413,150.08802250188077
2026-01-25 18:30:00,963.9466666666667,1769366250.9737616,148.82569178082193,148.9412290725368
2026-01-25 18:45:00,964.2166666666667,1769367151.1238582,150.21632423208192,150.4100816919341
2026-01-25 19:00:00,964.5566666666667,1769368051.2729464,149.89745890410958,150.18779505800532
2026-01-25 19:15:00,964.9566666666666,1769368950.029601,149.82337328767125,150.22769561915328
2026-01-25 19:30:00,965.19,1769369850.2361777,150.35282252559728,150.82542477907273
2026-01-25 19:45:00,965.4833333333332,1769370750.4457397,149.22213356164383,149.77463287201317
2026-01-25 20:00:00,965.5799999999999,1769371650.5912967,149.76115699658703,150.34326256722537
2026-01-25 20:15:00,965.5833333333334,1769372550.7222433,149.87450342465755,150.4580024583817
2026-01-25 20:30:00,965.4833333333332,1769373450.8769524,150.4352798634812,150.99227088348601
2026-01-25 20:45:00,965.3466666666667,1769374350.9276297,150.77968493150684,151.29865880170672
2026-01-25 21:00:00,965.3666666666667,1769375251.0264378,150.3011672354949,150.8242252905708
2026-01-25 21:15:00,965.4133333333333,1769376151.3197746,149.74444520547945,150.27888996840778
2026-01-25 21:30:00,965.6333333333333,1769377049.9194703,149.23870547945205,149.8339627426593
2026-01-25 21:45:00,965.7433333333333,1769377950.1618018,149.67610921501705,150.30452148028377
2026-01-25 22:00:00,965.7633333333333,1769378850.4649713,150.63023630136988,151.26840254093656
2026-01-25 22:15:00,965.7366666666667,1769379750.849134,150.6314880546075,151.26199546214343
2026-01-25 22:30:00,965.87,1769380651.1541293,149.82856506849313,150.49383190762182
2026-01-25 22:45:00,965.9266666666666,1769381549.772419,149.22788356164384,149.90662234008826
2026-01-25 23:00:00,966.1233333333333,1769382449.8764477,148.84527303754265,149.57815350296184
2026-01-25 23:15:00,966.21,1769383350.01439,148.10570890410958,148.85945809568338
2026-01-25 23:30:00,966.1966666666667,1769384250.2833025,150.44663822525595,151.2084703632442
2026-01-25 23:45:00,966.2866666666665,1769385150.483328,148.29097602739725,149.06738065945825
2026-01-26 00:00:00,966.1466666666666,1769386050.692092,148.75370648464164,149.49276346266652
2026-01-26 00:15:00,966.2966666666666,1769386950.8137572,148.75333561643836,149.53500215506975
2026-01-26 00:30:00,966.15,1769387851.0251892,149.14377815699658,149.88572241167384
2026-01-26 00:45:00,966.0633333333334,1769388751.3792715,149.53542808219177,150.2545767168461
2026-01-26 01:00:00,966.2466666666666,1769389650.131648,149.96813356164384,150.74186244301188
2026-01-26 01:15:00,966.12,1769390550.4935346,148.38798293515356,149.11766739263342
2026-01-26 01:30:00,966.35,1769391450.8001344,148.93162671232878,149.72940194270598
2026-01-26 01:45:00,966.2466666666666,1769392350.988213,148.48521843003414,149.25129652427367
2026-01-26 02:00:00,966.0799999999999,1769393251.0362523,150.9433390410959,151.6740615639067
2026-01-26 02:15:00,966.2133333333333,1769394151.131673,149.20573037542664,149.96602764954054
2026-01-26 02:30:00,966.4466666666667,1769395051.4113789,150.01694178082192,150.848233916904
2026-01-26 02:45:00,966.3699999999999,1769395950.1390774,148.7535787671233,149.5560832794055
2026-01-26 03:00:00,966.19,1769396850.3696265,149.9121228668942,150.66933983401557
2026-01-26 03:15:00,966.2166666666667,1769397750.5116289,149.22617465753424,149.9875260261462
2026-01-26 03:30:00,966.0666666666666,1769398650.7172427,148.21855972696247,148.93231848822018
2026-01-26 03:45:00,966.0666666666666,1769399550.9897668,148.94457534246575,149.66183029210453
2026-01-26 04:00:00,965.93,1769400449.6737351,149.44979452054793,150.1304934483754
2026-01-26 04:15:00,965.9133333333333,1769401350.0370405,148.82817064846418,149.50130398333616
2026-01-26 04:30:00,965.9333333333334,1769402250.2069921,148.3427397260274,149.01934013792763
2026-01-26 04:45:00,965.9766666666666,1769403150.3470745,149.54889078498292,150.2433620540616
2026-01-26 05:00:00,965.9866666666667,1769404050.484842,149.26401027397262,149.96000783538756
2026-01-26 05:15:00,965.9833333333332,1769404950.711955,149.7131433447099,150.4102825504211
2026-01-26 05:30:00,965.9033333333333,1769405850.8930366,150.2808904109589,150.95772601240276
2026-01-26 05:45:00,965.89,1769406751.0095735,149.66951535836176,150.33978879047345
2026-01-26 06:00:00,965.7333333333332,1769407651.4619625,148.46421575342467,149.08470727095755
2026-01-26 06:15:00,965.7233333333334,1769408550.1702821,149.21706506849316,149.83785609902512
2026-01-26 06:30:00,965.8166666666666,1769409450.3641248,150.63196587030717,151.28546892158028
2026-01-26 06:45:00,965.9733333333334,1769410350.4979594,149.7596506849315,150.45414779609285
2026-01-26 07:00:00,966.0433333333334,1769411250.688372,149.62061433447101,150.33445983045917
2026-01-26 07:15:00,965.9533333333334,1769412150.83336,149.28215410958904,149.96873795236803
2026-01-26 07:30:00,966.02,1769413051.0794973,149.94435153583618,150.6530624935203
2026-01-26 07:45:00,966.0733333333333,1769413951.395383,149.31738356164382,150.03833427369787
2026-01-26 08:00:00,966.0333333333333,1769414850.060686,149.7093493150685,150.42076014734366
2026-01-26 08:15:00,965.9066666666668,1769415750.4701395,149.25138225255972,149.92453067056886
2026-01-26 08:30:00,966.0,1769416650.7861264,148.74782534246575,149.44520190166205
2026-01-26 08:45:00,966.0633333333334,1769417550.9514294,148.55790443686007,149.27235194614295
2026-01-26 09:00:00,966.1533333333333,1769418451.0805285,150.10380479452056,150.85148027503604
2026-01-26 09:15:00,966.3000000000001,1769419351.2375908,149.20423549488055,149.98922134337448
2026-01-26 09:30:00,966.7366666666667,1769420251.3740396,148.64322602739725,149.54928492105827
2026-01-26 09:45:00,966.7266666666666,1769421150.1083837,149.47757191780823,150.38585923144043
2026-01-26 10:00:00,966.6533333333333,1769422050.4891748,149.0398361774744,149.92457268256646
2026-01-26 10:15:00,966.7066666666666,1769422950.6855657,149.13373630136985,150.03423291895496
2026-01-26 10:30:00,966.7333333333332,1769423850.8169053,148.8127781569966,149.71892233750683
2026-01-26 10:45:00,966.7766666666666,1769424750.902114,148.65169178082192,149.56916910262396
2026-01-26 11:00:00,966.8133333333334,1769425651.073039,149.1714914675768,150.10263377573307
2026-01-26 11:15:00,966.8699999999999,1769426551.2997475,149.0917397260274,150.03853749600697
2026-01-26 11:30:00,966.8800000000001,1769427450.049226,149.43925342465755,150.39111546269763
2026-01-26 11:45:00,967.0733333333334,1769428350.2417397,149.36152218430033,150.36811418565676
2026-01-26 12:00:00,966.7733333333334,1769429250.3926685,150.2820410958904,151.20862326592976
2026-01-26 12:15:00,966.5433333333334,1769430150.551042,148.8246518771331,149.67682527046128
2026-01-26 12:30:00,966.93,1769431050.6461868,149.7481198630137,150.7162666090842
2026-01-26 12:45:00,966.71,1769431950.8605473,149.39197269624572,150.29498045733496
2026-01-26 13:00:00,967.1866666666666,1769432850.9234464,149.60107534246578,150.64171645493536
2026-01-26 13:15:00,966.9066666666666,1769433751.0840297,149.13654266211603,150.09408114043083
2026-01-26 13:30:00,966.9133333333333,1769434651.3985503,148.22704109589043,149.18062968418488
2026-01-26 13:45:00,966.81,1769435550.1005,148.67115068493152,149.59822236103096
2026-01-26 14:00:00,966.8166666666666,1769436450.3292916,148.87806825938566,149.808327775688
2026-01-26 14:15:00,966.9366666666666,1769437350.5339549,148.7203698630137,149.6837680151039
2026-01-26 14:30:00,966.9366666666666,1769438250.6689427,149.0421638225256,150.00764652904658
2026-01-26 14:45:00,966.8299999999999,1769439150.8430552,147.85112328767121,148.77873498699557
2026-01-26 15:00:00,966.9366666666666,1769440050.9670322,148.76403071672354,149.72771170018257
2026-01-26 15:15:00,966.9666666666667,1769440951.1291735,150.12201712328766,151.1031076611012
2026-01-26 15:30:00,966.9200000000001,1769441849.7908454,148.23643493150684,149.19197370616826
2026-01-26 15:45:00,967.11,1769442750.0747983,147.94921843003414,148.9566694468633
2026-01-26 16:00:00,967.1066666666666,1769443650.2284486,148.9814178082192,149.99494755161606
2026-01-26 16:15:00,967.2533333333332,1769444550.425683,149.1920784982935,150.24890490755953
2026-01-26 16:30:00,967.2666666666668,1769445450.4642186,147.5999212328767,148.64923506952277
2026-01-26 16:45:00,967.2566666666667,1769446350.5229084,147.95352559726962,149.0025221948052
2026-01-26 17:00:00,967.2400000000001,1769447250.6529906,147.37250342465754,148.41268074172677
2026-01-26 17:15:00,967.2199999999999,1769448150.6851695,149.0207576791809,150.0668659736773
2026-01-26 17:30:00,967.3766666666667,1769449050.7108095,148.4162705479452,149.5026307404947
2026-01-26 17:45:00,967.43,1769449950.6189733,148.5603651877133,149.66294518421907
2026-01-26 18:00:00,967.54,1769450850.9602726,147.77323630136988,148.90109148917762
2026-01-26 18:15:00,967.66,1769451751.188918,149.00533788395904,150.1768333015632
2026-01-26 18:30:00,967.71,1769452651.3757708,148.2968116438356,149.47693618911367
2026-01-26 18:45:00,967.8333333333334,1769453550.1586328,147.99098630136987,149.2036364221183
2026-01-26 19:00:00,967.7133333333333,1769454449.330978,148.44035836177474,149.62257283766766
2026-01-26 19:15:00,967.6833333333334,1769455350.5426774,149.50353583617746,150.6856283858546
2026-01-26 19:30:00,967.7333333333332,1769456250.4722643,149.4562431506849,150.6522730533346
2026-01-26 19:45:00,967.8100000000001,1769457150.791644,148.9847337883959,150.19886779241295
2026-01-26 20:00:00,967.9333333333334,1769458050.9774923,149.7598390410959,151.01567353668352
2026-01-26 20:15:00,967.9233333333333,1769458951.133729,148.74735153583617,149.99184578733795
2026-01-26 20:30:00,967.9200000000001,1769459851.2275596,147.6056404109589,148.8396398858668
2026-01-26 20:45:00,967.91,1769460749.8547962,147.95409246575343,149.18817043620155
2026-01-26 21:00:00,967.9000000000001,1769461649.9924362,147.9767133105802,149.20814497872044
2026-01-26 21:15:00,967.9499999999999,1769462550.1680713,148.61594178082194,149.8669296584294
2026-01-26 21:30:00,967.8466666666667,1769463450.2976248,149.61431058020477,150.8440836865421
2026-01-26 21:45:00,967.8233333333334,1769464350.2950974,148.57195205479454,149.78651668509863
2026-01-26 22:00:00,967.8333333333334,1769465250.3432026,148.3537576791809,149.5693803779633
2026-01-26 22:15:00,967.6766666666667,1769466150.337956,147.76238698630135,148.92882619988575
2026-01-26 22:30:00,967.65,1769467050.461958,147.31386348122868,148.46923940933286
2026-01-26 22:45:00,967.5933333333334,1769467950.5618498,148.14794520547943,149.29378796874317
2026-01-26 23:00:00,967.6633333333333,1769468850.651376,149.83241638225257,151.01137077909414
2026-01-26 23:15:00,967.6266666666667,1769469750.8412216,148.61106164383563,149.76997148884934
2026-01-26 23:30:00,967.5833333333334,1769470650.951617,149.48544368600682,150.63876909958302
2026-01-26 23:45:00,967.5733333333334,1769471551.0929239,149.73966438356163,150.89208420987856
2026-01-27 00:00:00,967.5366666666667,1769472449.7466607,149.37933219178083,150.51849235840498
2026-01-27 00:15:00,967.4833333333332,1769473349.9159846,147.0398941979522,148.14620100511235
2026-01-27 00:30:00,967.2599999999999,1769474250.0390885,147.43975342465754,148.4860477649611
2026-01-27 00:45:00,967.4,1769475150.1990972,148.98697269624572,150.08416383192127
2026-01-27 01:00:00,967.4033333333333,1769476050.333531,148.2422191780822,149.33487147809282
2026-01-27 01:15:00,967.0799999999999,1769476950.4169888,148.77816723549486,149.78272506909028
2026-01-27 01:30:00,967.1,1769477850.6306262,148.19555821917808,149.20185180939083
2026-01-27 01:45:00,966.9833333333332,1769478750.861426,148.7937747440273,149.7709275070046
2026-01-27 02:00:00,966.8633333333333,1769479651.0402594,147.74122602739726,148.67756418351172
2026-01-27 02:15:00,967.0233333333332,1769480551.1271162,148.13287030716722,149.11701526643043
2026-01-27 02:30:00,966.7533333333334,1769481451.2352078,148.90169520547946,149.81407364237887
2026-01-27 02:45:00,966.4900000000001,1769482349.8062277,148.8425102739726,149.6796176217934
2026-01-27 03:00:00,966.41,1769483249.9972608,147.74071331058022,148.5490428552795
2026-01-27 03:15:00,966.2466666666668,1769484150.4528549,148.82916780821918,149.59702043656353
2026-01-27 03:30:00,965.9766666666668,1769485050.7691169,148.15791467576793,148.84592656598565
2026-01-27 03:45:00,965.9466666666667,1769485950.912245,149.64584589041095,150.3321982175816
2026-01-27 04:00:00,966.0133333333333,1769486851.07595,149.6669795221843,150.37247475285568
2026-01-27 04:15:00,966.0499999999998,1769487751.3302355,148.89833219178084,149.61062670883436
2026-01-27 04:30:00,966.29,1769488650.1742032,150.1457602739726,150.93283187441372
2026-01-27 04:45:00,965.6633333333334,1769489550.351349,148.88320819112627,149.4855679434248
2026-01-27 05:00:00,965.6999999999999,1769490450.4752448,149.5464006849315,150.1619045323189
2026-01-27 05:15:00,965.7833333333333,1769491350.6145976,149.71526621160407,150.35526944303035
2026-01-27 05:30:00,965.5966666666667,1769492250.7454605,149.56686301369862,150.152968153151
2026-01-27 05:45:00,964.9866666666667,1769493150.8883464,149.14223549488057,149.55324395906717
2026-01-27 06:00:00,964.7733333333332,1769494051.0069523,150.92309246575343,151.27767832855713
2026-01-27 06:15:00,964.93,1769494949.8133574,148.04444178082193,148.43644241088046
2026-01-27 06:30:00,965.1166666666667,1769495850.0827034,148.92713412969283,149.37444074487865
2026-01-27 06:45:00,965.2066666666666,1769496750.3698165,149.34509589041096,149.81927477055865
2026-01-27 07:00:00,965.38,1769497650.5316277,148.93756655290102,149.45966545050481
2026-01-27 07:15:00,965.1366666666667,1769498550.7859426,149.18961301369862,149.6433943321492
2026-01-27 07:30:00,965.4,1769499451.0039747,149.03241638225256,149.5605309670192
2026-01-27 07:45:00,965.9899999999999,1769500351.222849,149.86447602739727,150.56422704849606
2026-01-27 08:00:00,965.89,1769501249.8920612,148.55643150684932,149.22172015276993
2026-01-27 08:15:00,965.1300000000001,1769502150.071065,149.67142320819113,150.1247684280814
2026-01-27 08:30:00,965.1866666666666,1769503050.2954211,149.43170547945203,149.90046302397633
2026-01-27 08:45:00,964.9900000000001,1769503950.5609212,150.1672866894198,150.58207368888526
2026-01-27 09:00:00,964.96,1769504850.7663505,149.81557534246576,150.22082802551043
2026-01-27 09:15:00,965.7633333333333,1769505750.9740613,149.13974402730375,149.7715955861463
2026-01-27 09:30:00,967.3066666666667,1769506651.1647608,149.91838013698631,150.99565153978176
2026-01-27 09:45:00,967.4166666666666,1769507549.8530772,149.401198630137,150.5062062219776
2026-01-27 10:00:00,966.9766666666666,1769508450.0658185,149.36933447098974,150.34836260304687
2026-01-27 10:15:00,966.4433333333333,1769509350.4429262,148.14859246575344,148.9685880065058
2026-01-27 10:30:00,966.2966666666667,1769510250.7427714,148.33960750853242,149.11909999562607
2026-01-27 10:45:00,966.1,1769511150.9938533,147.46192808219178,148.18142774761904
2026-01-27 11:00:00,965.59,1769512049.7425308,149.44679109589043,150.03052531285707
2026-01-27 11:15:00,965.6433333333333,1769512950.0273802,149.748385665529,150.34853244695503
2026-01-27 11:30:00,965.8133333333334,1769513850.2960892,149.43769863013696,150.08506992008012
2026-01-27 11:45:00,965.3299999999999,1769514750.5769372,149.0816518771331,149.59004413491652
2026-01-27 12:00:00,965.4366666666666,1769515650.748162,148.59125684931507,149.12819703385964
2026-01-27 12:15:00,965.5833333333334,1769516550.907904,147.89111262798633,148.4668898238601
2026-01-27 12:30:00,965.7366666666667,1769517451.0530581,148.99152054794519,149.61516344345628
2026-01-27 12:45:00,965.8466666666667,1769518349.808731,149.55713698630137,150.21453897515283
2026-01-27 13:00:00,965.36,1769519249.9949636,149.65272354948806,150.1716227914877
2026-01-27 13:15:00,964.5833333333334,1769520150.1724434,148.70775,149.00333111943783
2026-01-27 13:30:00,964.4,1769521050.4823987,149.09487030716724,149.33919201218558
2026-01-27 13:45:00,964.71,1769521950.7481418,151.54792123287672,151.88569708606366
2026-01-27 14:00:00,965.2366666666667,1769522850.8728418,151.19921501706486,151.68792679266616
2026-01-27 14:15:00,965.2933333333334,1769523750.966483,148.86780136986303,149.3650582350414
2026-01-27 14:30:00,965.3433333333334,1769524651.0891836,148.55750170648463,149.06788286695334
2026-01-27 14:45:00,965.86,1769525551.2814493,148.53249657534246,149.18917400682858
2026-01-27 15:00:00,965.9066666666668,1769526450.1703088,148.24182876712328,148.91042393194735
2026-01-27 15:15:00,966.77,1769527350.4347527,149.50894539249146,150.42980822197464
2026-01-27 15:30:00,967.52,1769528250.6198347,148.47031849315067,149.59780922263144
2026-01-27 15:45:00,967.5933333333334,1769529150.7609966,148.34397610921502,149.4913350635546
2026-01-27 16:00:00,967.5,1769530050.9286819,147.93149657534246,149.04923148688903
2026-01-27 16:15:00,967.52,1769530951.173151,148.66577815699657,149.79475321655227
2026-01-27 16:30:00,966.9133333333333,1769531851.397238,150.48248630136985,151.45058483868283
2026-01-27 16:45:00,965.8133333333334,1769532750.304021,149.7165616438356,150.3651409817516
2026-01-27 17:00:00,965.8066666666667,1769533650.4039369,148.8168737201365,149.4596623990293
2026-01-27 17:15:00,966.6466666666666,1769534550.627681,149.23003424657534,150.1139983573734
2026-01-27 17:30:00,966.5766666666667,1769535450.7475622,147.6828771331058,148.5379198015763
2026-01-27 17:45:00,966.1233333333333,1769536351.056706,147.70771232876712,148.43499170249777
2026-01-27 18:00:00,965.8233333333334,1769537251.1057308,149.3102662116041,149.95993466987903
2026-01-27 18:15:00,965.2133333333333,1769538151.2172,148.05761986301368,148.5295922989982
2026-01-27 18:30:00,964.7800000000001,1769539051.230518,148.51688054607507,148.86769878618583
2026-01-27 18:45:00,964.4866666666667,1769539951.4088392,149.00209589041097,149.27084347461806
2026-01-27 19:00:00,963.7766666666666,1769540850.0766973,149.14534246575343,149.21292435166563
2026-01-27 19:15:00,963.4666666666667,1769541750.443175,150.2564675767918,150.23603785283862
2026-01-27 19:30:00,963.0733333333334,1769542650.6653547,149.31435273972602,149.1825203707118
2026-01-27 19:45:00,963.3166666666666,1769543550.1964967,148.6153515358362,148.55280136529123
2026-01-27 20:00:00,964.4966666666668,1769544450.5632167,148.70889726027397,148.9799466089573
2026-01-27 20:15:00,965.4066666666666,1769545350.6941357,148.710228668942,149.23909189202158
2026-01-27 20:30:00,965.21,1769546250.8294172,150.40574657534248,150.88424867687186
2026-01-27 20:45:00,965.0433333333334,1769547150.9913325,147.9831843003413,148.40697625773643
2026-01-27 21:00:00,965.1566666666668,1769548051.1979783,148.6052089041096,149.06287695646947
2026-01-27 21:15:00,965.06,1769548949.9280522,147.41102397260275,147.83785884416233
2026-01-27 21:30:00,964.8166666666666,1769549850.2151928,148.32227986348124,148.68299631672042
2026-01-27 21:45:00,964.6833333333334,1769550750.4699593,148.35998630136987,148.68312329310572
2026-01-27 22:00:00,964.3866666666667,1769551650.6285672,149.27007849829351,149.51089965947054
2026-01-27 22:15:00,964.0633333333334,1769552550.8927271,148.34019178082193,148.4882634167331
2026-01-27 22:30:00,963.6700000000001,1769553451.214585,148.42455631399315,148.4617203006059
2026-01-27 22:45:00,963.0866666666667,1769554351.5223935,149.6166506849315,149.4883384014779
2026-01-27 23:00:00,962.0500000000001,1769555250.21624,149.77069178082192,149.34779212859368
2026-01-27 23:15:00,961.2833333333333,1769556150.4409556,149.0014709897611,148.36446828839763
2026-01-27 23:30:00,960.75,1769557050.7875752,147.10731506849316,146.33005388015073
2026-01-27 23:45:00,960.5266666666666,1769557950.9780214,150.10476450511945,149.24832141513673
2026-01-28 00:00:00,960.37,1769558851.2202463,149.8117294520548,148.9126253905927
2026-01-28 00:15:00,959.4966666666666,1769559749.9049168,150.15736643835618,149.00872761427732
2026-01-28 00:30:00,958.54,1769560650.2153502,149.15451877133106,147.74475636299223
2026-01-28 00:45:00,957.6933333333333,1769561550.4800572,149.87136301369864,148.2162028696909
2026-01-28 01:00:00,957.2166666666667,1769562450.6458783,149.10745733788397,147.3272438569857
2026-01-28 01:15:00,956.7933333333334,1769563350.7931898,150.7728698630137,148.8529972129275
2026-01-28 01:30:00,956.0099999999999,1769564250.9353867,150.93631058020478,148.79273867829846
2026-01-28 01:45:00,955.23,1769565151.0372813,151.34222260273975,148.97194590707372
2026-01-28 02:00:00,954.4133333333333,1769566049.80055,149.72710616438357,147.1536143415147
2026-01-28 02:15:00,953.9699999999999,1769566950.1979873,150.60092491467574,147.88779070278497
2026-01-28 02:30:00,953.3233333333333,1769567850.2944,150.7401301369863,147.84272701928083
2026-01-28 02:45:00,953.2166666666667,1769568750.5649998,150.97258361774743,148.04070651291346
2026-01-28 03:00:00,952.7633333333333,1769569650.9295409,151.90444863013698,148.8262305555494
2026-01-28 03:15:00,951.9833333333332,1769570551.092197,150.31625938566552,147.05213182695235
2026-01-28 03:30:00,951.27,1769571451.2254298,153.01153424657534,149.48613771017074
2026-01-28 03:45:00,950.8833333333333,1769572349.8423307,152.17204794520546,148.5568133929788
2026-01-28 04:00:00,951.0,1769573250.1199615,152.05681228668942,148.47722425486344
2026-01-28 04:15:00,951.27,1769574150.4379072,153.08002397260273,149.55304942808192
2026-01-28 04:30:00,950.5366666666665,1769575050.5285149,152.93278498293515,149.20117097501796
2026-01-28 04:45:00,950.7266666666668,1769575950.7012756,153.11842465753426,149.43621771437014
2026-01-28 05:00:00,950.7666666666668,1769576850.8523998,152.30397610921503,148.65265227715847
2026-01-28 05:15:00,950.7800000000001,1769577751.1221046,154.03177397260274,150.3428366841519
2026-01-28 05:30:00,950.62,1769578649.783972,152.2698698630137,148.57795419879406
2026-01-28 05:45:00,951.07,1769579550.0125358,153.14241296928327,149.55715845827166
2026-01-28 06:00:00,951.2966666666667,1769580450.2047734,154.5068698630137,150.95466886471846
2026-01-28 06:15:00,951.3033333333333,1769581350.3042374,152.42356655290104,148.9211482076671
2026-01-28 06:30:00,951.4566666666666,1769582250.4605522,153.15443835616438,149.6788259764592
2026-01-28 06:45:00,951.9066666666668,1769583150.6671934,153.2321843003413,149.88290270531797
2026-01-28 07:00:00,952.3933333333333,1769584050.8399124,152.08370890410959,148.89714677230214
2026-01-28 07:15:00,952.7033333333334,1769584951.1054347,152.61115017064847,149.50156722339935
2026-01-28 07:30:00,952.9200000000001,1769585851.4039595,152.61522260273972,149.56711580041275
2026-01-28 07:45:00,953.2800000000001,1769586749.9714935,152.43185273972603,149.48962423224745
2026-01-28 08:00:00,953.38,1769587650.2149928,151.5510819112628,148.65409557321888
2026-01-28 08:15:00,954.0233333333334,1769588550.4577098,151.52048630136989,148.80586406384592
2026-01-28 08:30:00,954.5966666666667,1769589450.659753,151.6937781569966,149.1384242456763
2026-01-28 08:45:00,954.9866666666667,1769590350.8146703,152.01691780821918,149.56690848278635
2026-01-28 09:00:00,955.5166666666668,1769591250.934078,150.67212627986348,148.39314722626233
2026-01-28 09:15:00,955.8066666666667,1769592151.0928302,151.43545205479452,149.22712887837244
2026-01-28 09:30:00,956.0833333333334,1769593049.7991748,152.27347602739727,150.13183083962014
2026-01-28 09:45:00,956.8299999999999,1769593950.0295625,151.02840273037543,149.11566427124913
2026-01-28 10:00:00,957.3233333333334,1769594850.5493813,150.90640410958903,149.13493438481908
2026-01-28 10:15:00,957.5366666666667,1769595750.8646603,150.06178839590444,148.36035671208936
2026-01-28 10:30:00,958.0566666666667,1769596650.9956973,150.22304794520548,148.6665979298121
2026-01-28 10:45:00,958.73,1769597551.0696673,152.21057679180888,150.82636795977075
2026-01-28 11:00:00,959.16,1769598451.325647,149.64212671232877,148.4024707675666
2026-01-28 11:15:00,959.5866666666667,1769599350.1469193,148.85021575342466,147.73683690524072
2026-01-28 11:30:00,959.9866666666667,1769600250.5762713,150.8176587030717,149.80337096577492
2026-01-28 11:45:00,960.54,1769601150.71309,150.7967602739726,149.94016734441303
2026-01-28 12:00:00,961.0233333333332,1769602050.9540503,149.47390784982937,148.76137913714655
2026-01-28 12:15:00,961.1933333333333,1769602951.21423,150.2086780821918,149.54094070967213
2026-01-28 12:30:00,961.4566666666666,1769603850.1221938,150.19973630136985,149.6068732615349
2026-01-28 12:45:00,961.7233333333334,1769604750.6739838,148.5148156996587,148.00357280131618
2026-01-28 13:00:00,961.9033333333333,1769605650.8975675,148.43040753424657,147.97005230530348
2026-01-28 13:15:00,962.1833333333334,1769606551.06564,150.17050170648466,149.7844137107223
2026-01-28 13:30:00,962.6,1769607451.1366754,148.63502397260274,148.37029702260276
2026-01-28 13:45:00,963.0,1769608349.766722,149.48060273972604,149.32781579364078
2026-01-28 14:00:00,963.29,1769609250.1173525,149.4319385665529,149.36147686580767
2026-01-28 14:15:00,963.43,1769610150.4410002,147.76832534246577,147.73794115205516
2026-01-28 14:30:00,963.68,1769611050.5313432,149.34058020477815,149.38081176283853
2026-01-28 14:45:00,963.9833333333332,1769611950.684213,148.820801369863,148.9467111244545
2026-01-28 15:00:00,964.1333333333333,1769612850.7873333,149.73373378839588,149.90313223426645
2026-01-28 15:15:00,964.27,1769613750.9225984,148.30864383561644,148.51498941849184
2026-01-28 15:30:00,964.5099999999999,1769614651.1286743,149.3657303754266,149.64176780017854
2026-01-28 15:45:00,964.5833333333334,1769615551.354044,149.71301712328767,150.01059637652577
2026-01-28 16:00:00,964.8466666666667,1769616450.1619864,148.61192808219178,148.9818406762954
2026-01-28 16:15:00,964.9633333333333,1769617350.5149827,148.70282593856655,149.1060129580398
2026-01-28 16:30:00,965.0066666666667,1769618250.804309,149.49423630136988,149.91191135918422
2026-01-28 16:45:00,965.1566666666668,1769619151.0514965,148.36534129692834,148.8222706151522
2026-01-28 17:00:00,965.39,1769620051.1761382,149.13289383561644,149.65852093560989
2026-01-28 17:15:00,965.3966666666666,1769620949.7918966,148.6667191780822,149.19259298068968
2026-01-28 17:30:00,965.5799999999999,1769621849.957311,148.4774641638225,149.054580157965
2026-01-28 17:45:00,965.4933333333333,1769622750.1143467,149.46801712328767,150.02427725891846
2026-01-28 18:00:00,965.4899999999999,1769623650.2352633,149.2403447098976,149.7948088364707
2026-01-28 18:15:00,965.5933333333334,1769624550.646365,147.65331164383562,148.230979382685
2026-01-28 18:30:00,965.3933333333334,1769625450.8402157,148.19216040955632,148.71541370406925
2026-01-28 18:45:00,965.5433333333334,1769626351.0481644,147.81566438356165,148.3798705418027
2026-01-28 19:00:00,965.6166666666667,1769627249.7446203,148.77311986301368,149.3617902147805
2026-01-28 19:15:00,965.65,1769628150.0397494,148.52811262798636,149.1252578276934
2026-01-28 19:30:00,965.6833333333334,1769629050.254069,148.63093835616436,149.2379483957837
2026-01-28 19:45:00,965.7199999999999,1769629950.398468,148.05842320819113,148.67345231405096
2026-01-28 20:00:00,965.6700000000001,1769630850.5242743,149.599301369863,150.20646093387413
2026-01-28 20:15:00,965.7866666666667,1769631750.6456928,148.60263822525596,149.23883036777463
2026-01-28 20:30:00,965.8833333333333,1769632650.8875678,147.5961712328767,148.2552815789262
2026-01-28 20:45:00,965.8866666666667,1769633551.0887454,147.42290443686008,148.0821788878018
2026-01-28 21:00:00,965.7266666666668,1769634451.2511659,149.94191438356162,150.5666746065262
2026-01-28 21:15:00,965.7766666666666,1769635349.8344142,147.29376712328767,147.9215452389838
2026-01-28 21:30:00,965.8166666666666,1769636249.9701881,147.62313310580205,148.26358261043242
2026-01-28 21:45:00,965.6433333333333,1769637150.1452882,148.3299178082192,148.9243797943445
2026-01-28 22:00:00,965.4933333333333,1769638050.4307775,147.5164914675768,148.06548880580903
2026-01-28 22:15:00,965.6766666666667,1769638950.6168919,148.0598801369863,148.66267489741742
2026-01-28 22:30:00,965.6899999999999,1769639850.8833954,147.83547781569965,148.44111942985296
2026-01-28 22:45:00,965.5033333333334,1769640751.0196946,148.15132191780822,148.70550721868332
2026-01-28 23:00:00,965.37,1769641649.8112445,148.07865410958902,148.5949187693903
2026-01-28 23:15:00,965.4733333333334,1769642550.2577918,149.21396245733789,149.76358597878868
2026-01-28 23:30:00,965.5533333333333,1769643450.614046,147.21910616438356,147.78384315140113
2026-01-28 23:45:00,965.3566666666666,1769644350.7400901,148.1151706484642,148.62779733509967
2026-01-29 00:00:00,965.4533333333334,1769645250.7529912,147.1486506849315,147.68505457632477
2026-01-29 00:15:00,965.4533333333333,1769646150.7267478,147.0285051194539,147.5644710418372
2026-01-29 00:30:00,965.4466666666667,1769647050.8724384,147.34266438356164,147.87790238497396
2026-01-29 00:45:00,965.2800000000001,1769647951.1165805,146.67396928327645,147.16017007840202
2026-01-29 01:00:00,965.3533333333334,1769648851.4930742,146.93612328767122,147.44373547746434
2026-01-29 01:15:00,965.4366666666666,1769649750.2136037,148.78265753424657,149.32028935247988
2026-01-29 01:30:00,965.5300000000001,1769650650.347028,148.1209044368601,148.68250901224135
2026-01-29 01:45:00,965.3633333333333,1769651550.502644,147.8129691780822,148.32642873479506
2026-01-29 02:00:00,964.9466666666667,1769652450.6714535,146.92931058020477,147.3230236566318
2026-01-29 02:15:00,964.8000000000001,1769653350.768551,146.88392808219177,147.23648393372352
2026-01-29 02:30:00,964.5666666666666,1769654250.940585,147.23719795221845,147.52518440270936
2026-01-29 02:45:00,964.2933333333334,1769655151.3159306,147.80839726027398,148.0206089389193
2026-01-29 03:00:00,963.9899999999999,1769656049.9222996,146.1714006849315,146.29692199818533
2026-01-29 03:15:00,963.98,1769656950.2126665,146.88519112627986,147.00853220193704
2026-01-29 03:30:00,963.81,1769657850.561041,146.28606849315068,146.36162403881792
2026-01-29 03:45:00,963.8766666666667,1769658750.7528026,146.91893515358362,147.01343809248553
2026-01-29 04:00:00,963.85,1769659650.8989928,147.26635273972605,147.35361304315174
2026-01-29 04:15:00,963.6566666666668,1769660551.0584958,147.84875085324234,147.88202427200437
2026-01-29 04:30:00,963.6666666666666,1769661451.2830374,148.02056849315068,148.05669362999413
2026-01-29 04:45:00,963.5766666666667,1769662349.9149873,148.66280136986302,148.67365787744725
2026-01-29 05:00:00,963.6266666666667,1769663250.1261835,148.14743686006827,148.17233143462974
2026-01-29 05:15:00,963.57,1769664150.34871,147.53615753424657,147.54506284961806
2026-01-29 05:30:00,963.3699999999999,1769665050.5232625,146.9123071672355,146.86535538679078
2026-01-29 05:45:00,963.4466666666667,1769665950.7140083,146.6472602739726,146.6217495460276
2026-01-29 06:00:00,963.4266666666666,1769666850.8171759,148.01472696245736,147.98335487595122
2026-01-29 06:15:00,963.3733333333333,1769667750.8717885,148.01564041095892,147.969273151433
2026-01-29 06:30:00,963.1999999999999,1769668649.7627602,147.5720787671233,147.4772732767558
2026-01-29 06:45:00,963.0500000000001,1769669550.038449,148.44812969283277,148.31048688396478
2026-01-29 07:00:00,962.86,1769670450.3192682,147.4831095890411,147.29317912136915
2026-01-29 07:15:00,962.6999999999999,1769671350.4388373,147.76539931740615,147.5302493001756
2026-01-29 07:30:00,962.4366666666666,1769672250.6554236,147.63880479452055,147.33012362076838
2026-01-29 07:45:00,962.4666666666667,1769673150.790553,147.52049829351537,147.2204558001869
2026-01-29 08:00:00,962.5866666666667,1769674050.901256,147.8503698630137,147.58330159973713
2026-01-29 08:15:00,962.7466666666666,1769674951.079741,147.10054607508533,146.87947682429228
2026-01-29 08:30:00,962.63,1769675851.2656252,148.22560958904108,147.97004588026027
2026-01-29 08:45:00,962.8666666666667,1769676749.8924863,148.09460616438355,147.90576166540973
2026-01-29 09:00:00,963.0866666666667,1769677650.216478,148.30023890784983,148.17305558832044
2026-01-29 09:15:00,963.13,1769678550.4019513,148.3271678082192,148.21216369341954
2026-01-29 09:30:00,963.35,1769679450.5670059,147.8949795221843,147.84209558259656
2026-01-29 09:45:00,963.4466666666667,1769680350.6670365,148.68878767123286,148.66292179959186
2026-01-29 10:00:00,963.3766666666667,1769681250.7822852,148.4564880546075,148.41092262837293
2026-01-29 10:15:00,963.3533333333334,1769682151.0167453,146.75263013698628,146.70108377993176
2026-01-29 10:30:00,963.3166666666666,1769683051.1786087,147.6879385665529,147.62577873145307
2026-01-29 10:45:00,963.5300000000001,1769683951.3974934,148.88271575342463,148.8803870079605
2026-01-29 11:00:00,963.3666666666667,1769684850.164089,149.25345547945204,149.20481052341165
2026-01-29 11:15:00,963.4966666666666,1769685750.4622943,147.85905460750854,147.84737790982587
2026-01-29 11:30:00,963.64,1769686650.7520716,147.58354794520548,147.6120872231762
2026-01-29 11:45:00,963.44,1769687550.8748434,148.48582935153584,148.45811830507515
2026-01-29 12:00:00,963.39,1769688450.9986398,146.14112328767123,146.09996966364696
2026-01-29 12:15:00,963.1566666666668,1769689350.7973423,148.36161774744028,148.2540982728849
2026-01-29 12:30:00,963.1966666666667,1769690250.8192446,148.38777739726027,148.29150869089295
2026-01-29 12:45:00,963.1999999999999,1769691150.9222429,148.35469624573378,148.25938797439005
2026-01-29 13:00:00,963.2400000000001,1769692051.0628593,148.83440410958903,148.75009223448296
2026-01-29 13:15:00,963.1433333333334,1769692949.7139645,147.1753424657534,147.06495700659912
2026-01-29 13:30:00,963.0500000000001,1769693849.952629,146.47801706484643,146.3422009670085
2026-01-29 13:45:00,963.3166666666666,1769694750.360625,148.169198630137,148.1068362392531
2026-01-29 14:00:00,963.64,1769695650.6622672,147.37747781569968,147.4059772444271
2026-01-29 14:15:00,963.67,1769696551.271274,148.4686506849315,148.50582571232246
2026-01-29 14:30:00,963.7533333333332,1769697450.0100088,147.91966438356164,147.98013028291615
2026-01-29 14:45:00,963.8433333333332,1769698350.3481596,149.64584641638226,149.73262002523037
2026-01-29 15:00:00,963.6933333333333,1769699250.6922455,148.51548287671233,148.55925561141223
2026-01-29 15:15:00,963.8233333333333,1769700150.9180472,149.3312662116041,149.41217963733806
2026-01-29 15:30:00,963.9966666666666,1769701050.9940052,147.6767602739726,147.805446470459
2026-01-29 15:45:00,964.0566666666667,1769701949.9073117,148.2116575342466,148.35772165890097
2026-01-29 16:00:00,963.8866666666667,1769702850.2470415,149.5232866894198,149.62230762702427
2026-01-29 16:15:00,964.0066666666667,1769703750.45524,147.67175,147.803240065394
2026-01-29 16:30:00,963.9666666666667,1769704650.690428,147.90283959044368,148.02328522574226
2026-01-29 16:45:00,963.6966666666667,1769705550.7836137,147.79028767123287,147.83478294940122
2026-01-29 17:00:00,963.7333333333332,1769706451.1111782,148.40177815699658,148.45679966695997
2026-01-29 17:15:00,963.7066666666666,1769707351.3610058,148.90433219178084,148.95199293673716
2026-01-29 17:30:00,963.8866666666667,1769708251.2858038,147.34044027303756,147.43801563314318
2026-01-29 17:45:00,963.91,1769709151.0852818,147.74165753424657,147.84605296123692
2026-01-29 18:00:00,964.3033333333333,1769710050.597184,146.91548122866894,147.12920635702577
2026-01-29 18:15:00,964.5866666666667,1769710950.698073,148.05297260273971,148.34819177994524
2026-01-29 18:30:00,964.5600000000001,1769711850.7984383,148.8764505119454,149.165753789731
2026-01-29 18:45:00,964.5766666666667,1769712750.8886485,148.69227739726026,148.98594059515491
2026-01-29 19:00:00,964.4733333333334,1769713651.0224867,147.6037747440273,147.86625425417404
2026-01-29 19:15:00,964.5533333333333,1769714551.2698603,147.2013287671233,147.4855087129237
2026-01-29 19:30:00,964.64,1769715449.8236682,147.05967808219177,147.36784913851102
2026-01-29 19:45:00,964.7366666666667,1769716349.9676602,147.15541979522183,147.49087815360295
2026-01-29 20:00:00,964.5833333333334,1769717249.9633527,147.1164006849315,147.40881873578707
2026-01-29 20:15:00,964.4766666666668,1769718149.9904501,148.23193515358363,148.49647217784062
2026-01-29 20:30:00,964.37,1769719050.120769,147.48886301369862,147.72213255366546
2026-01-29 20:45:00,964.1266666666667,1769719950.1635895,148.00386348122865,148.1694280461938
2026-01-29 21:00:00,964.27,1769720850.9116895,148.35599315068492,148.56240461186496
2026-01-29 21:15:00,964.2233333333334,1769721751.1013398,148.34264505119452,148.5358671767065
2026-01-29 21:30:00,964.1566666666666,1769722651.2552593,147.6101404109589,147.783687967641
2026-01-29 21:45:00,964.1366666666667,1769723549.8674257,148.88425684931508,149.0536382588006
2026-01-29 22:00:00,964.1066666666666,1769724449.9604177,147.86617064846416,148.0259560900943
2026-01-29 22:15:00,963.84,1769725350.103023,148.26950000000002,148.35453593920337
2026-01-29 22:30:00,963.89,1769726250.2556624,146.15217064846416,146.2498853301781
2026-01-29 22:45:00,963.9666666666667,1769727150.3302655,148.97721917808218,149.09853974135606
2026-01-29 23:00:00,963.8966666666666,1769728050.3801155,146.9938361774744,147.0939767600171
2026-01-29 23:15:00,963.8466666666667,1769728950.5504613,148.7881404109589,148.87535954487552
2026-01-29 23:30:00,963.73,1769729850.766131,147.73772696245734,147.79156625228444
2026-01-29 23:45:00,963.6966666666667,1769730750.7928627,148.76782191780822,148.8126115025843
2026-01-30 00:00:00,963.6166666666667,1769731650.9315424,148.82570989761092,148.84789031183777
2026-01-30 00:15:00,963.46,1769732551.0297723,146.70730479452055,146.68549960683015
2026-01-30 00:30:00,963.3466666666667,1769733451.1943812,146.89716382252558,146.84370666644605
2026-01-30 00:45:00,963.3266666666667,1769734351.5191064,147.47300342465752,147.41373488717656
2026-01-30 01:00:00,963.3533333333334,1769735250.1431308,148.40472260273975,148.35259595388365
2026-01-30 01:15:00,963.2600000000001,1769736150.0357435,147.7427986348123,147.66471628616904
2026-01-30 01:30:00,963.1066666666666,1769737049.7579622,146.6787294520548,146.55850586775648
2026-01-30 01:45:00,962.9066666666668,1769737950.3771443,147.0663720136519,146.89000189493072
2026-01-30 02:00:00,962.8866666666667,1769738850.6392617,147.17708904109588,146.99500022825785
2026-01-30 02:15:00,962.8299999999999,1769739750.78374,147.4876723549488,147.28934027962168
2026-01-30 02:30:00,962.5166666666668,1769740650.9066675,147.36579109589042,147.08003520177647
2026-01-30 02:45:00,962.43,1769741551.0802624,147.6174129692833,147.30691062191195
2026-01-30 03:00:00,962.37,1769742451.1257875,148.74546232876713,148.41566686225218
2026-01-30 03:15:00,962.19,1769743351.2513924,148.75883959044367,148.3782604206209
2026-01-30 03:30:00,962.0333333333333,1769744251.3582006,147.35719178082192,146.93645394066007
2026-01-30 03:45:00,961.7433333333333,1769745149.9465747,147.41226369863014,146.91039868094663
2026-01-30 04:00:00,961.54,1769746050.0491714,148.97439590443685,148.40986585307698
2026-01-30 04:15:00,961.1999999999999,1769746950.2127151,148.37882534246575,147.72109351584376
2026-01-30 04:30:00,961.2800000000001,1769747850.3265421,147.99995221843002,147.36629783089973
2026-01-30 04:45:00,960.6366666666667,1769748750.4539413,149.41172260273973,148.59028588200556
2026-01-30 05:00:00,960.5466666666666,1769749650.7861145,147.8548566552901,147.01683725333126
2026-01-30 05:15:00,960.3299999999999,1769750551.0135612,148.84991780821917,147.9453418436508
2026-01-30 05:30:00,960.1999999999999,1769751451.0658958,146.93903412969283,146.01000187319246
2026-01-30 05:45:00,960.0600000000001,1769752351.1681638,148.55158219178082,147.57309482354844
2026-01-30 06:00:00,959.9833333333332,1769753249.7321978,149.13015068493152,148.1262737391967
2026-01-30 06:15:00,959.8666666666667,1769754149.9264238,146.90737201365187,145.88611613841113
2026-01-30 06:30:00,959.61,1769755050.0447955,147.41581849315068,146.31965543063305
2026-01-30 06:45:00,959.59,1769755950.164006,148.9570034129693,147.84376214885145
2026-01-30 07:00:00,959.5,1769756850.2575657,149.21147260273972,148.071007236938
2026-01-30 07:15:00,959.5166666666668,1769757750.3734655,148.52756655290102,147.39699597155047
2026-01-30 07:30:00,959.5266666666666,1769758650.4989002,148.89564041095892,147.76507561383974
2026-01-30 07:45:00,959.5766666666667,1769759550.6067417,149.46620136518771,148.34539644125323
2026-01-30 08:00:00,959.5966666666667,1769760450.7303238,149.2873904109589,148.17355682816012
2026-01-30 08:15:00,959.5433333333334,1769761350.7644942,148.3371467576792,147.2154843534774
2026-01-30 08:30:00,959.5766666666667,1769762250.8562093,150.54499315068492,149.41609867115832
2026-01-30 08:45:00,959.44,1769763150.9433408,149.79105460750853,148.6292146366924
2026-01-30 09:00:00,959.5333333333333,1769764051.134292,148.63539383561644,147.50867352245703
2026-01-30 09:15:00,959.4166666666666,1769764949.822426,148.5701678082192,147.41126215145903
2026-01-30 09:30:00,959.5600000000001,1769765849.9470015,149.75860068259385,148.63089641900135
2026-01-30 09:45:00,959.6766666666667,1769766750.0424664,150.00325,148.90670748652184
2026-01-30 10:00:00,959.8066666666667,1769767650.1441364,147.7902627986348,146.74613931866688
2026-01-30 10:15:00,959.8933333333334,1769768550.2319846,149.20091780821917,148.1712250441692
2026-01-30 10:30:00,960.1899999999999,1769769450.2754867,148.5293105802048,147.5874195027013
2026-01-30 10:45:00,960.3166666666666,1769770350.1689725,149.8729315068493,148.95836492513507
2026-01-30 11:00:00,960.3100000000001,1769771250.258168,148.85672013651876,147.9464807604276
2026-01-30 11:15:00,960.37,1769772150.3104103,148.9944794520548,148.10028016538513
2026-01-30 11:30:00,960.4533333333334,1769773050.575949,149.24341979522185,148.37121672780347
2026-01-30 11:45:00,960.15,1769773950.7426999,149.51196575342465,148.55255279501768
2026-01-30 12:00:00,960.14,1769774850.8730721,148.93438566552902,147.97586744978048
2026-01-30 12:15:00,960.4433333333333,1769775751.0072012,149.68220205479452,148.8046073573558
2026-01-30 12:30:00,960.8966666666666,1769776651.0027797,148.2445733788396,147.50240160995745
2026-01-30 12:45:00,960.9499999999999,1769777551.116906,149.6423219178082,148.90824106327705
2026-01-30 13:00:00,960.85,1769778394.453746,148.876625,148.11815520195097
2026-01-30 13:15:00,960.83,1769779548.4024398,151.83201219512196,151.05274570962175
2026-01-30 13:30:00,960.9233333333333,1769780250.1996357,150.98435616438357,150.23607971297614
2026-01-30 13:45:00,960.9699999999999,1769781150.4408922,148.56881911262798,147.84562242794237
2026-01-30 14:00:00,960.89,1769782050.6072164,149.0143287671233,148.26642524087464
2026-01-30 14:15:00,961.32,1769782950.6616025,149.71963822525598,149.08995149391615
2026-01-30 14:30:00,961.4666666666667,1769783850.7345626,149.37146917808218,148.78470232717154
2026-01-30 14:45:00,961.4933333333333,1769784750.9357648,149.7942627986348,149.2133950671074
2026-01-30 15:00:00,961.5300000000001,1769785651.0557332,149.4093082191781,148.84030209958254
2026-01-30 15:15:00,961.6566666666666,1769786551.1366882,150.17215358361776,149.63625039008144
2026-01-30 15:30:00,961.9433333333333,1769787451.227577,149.53647260273974,149.084016880245
2026-01-30 15:45:00,961.9966666666666,1769788351.2615068,149.79726279863482,149.3591522915817
2026-01-30 16:00:00,962.0933333333332,1769789251.363357,149.5526712328767,149.1426661011959
2026-01-30 16:15:00,962.1300000000001,1769790149.8755565,149.30907876712328,148.9101151647492
2026-01-30 16:30:00,962.2266666666668,1769791049.9394042,149.60048122866894,149.2281446989748
2026-01-30 16:45:00,962.34,1769791950.0540717,149.65206164383562,149.31174507140636
2026-01-30 17:00:00,962.3966666666666,1769792850.1620078,150.44550853242322,150.1195496219369
2026-01-30 17:15:00,962.3000000000001,1769793750.2181973,149.60958561643838,149.25802159599547
2026-01-30 17:30:00,962.4533333333334,1769794650.2345333,149.21008873720135,148.90283752654997
2026-01-30 17:45:00,962.5266666666666,1769795550.277578,150.08116438356163,149.792989169341
2026-01-30 18:00:00,962.71,1769796450.3833349,150.0923071672355,149.85630141198845
2026-01-30 18:15:00,962.7399999999999,1769797350.506437,149.67381506849316,149.44698558733347
2026-01-30 18:30:00,962.7166666666667,1769798250.6568313,149.65426279863482,149.4208384781047
2026-01-30 18:45:00,962.6333333333333,1769799150.812566,151.06558219178083,150.80607703632722
2026-01-30 19:00:00,962.7766666666666,1769800049.6640933,151.00538356164384,150.7870405635631
2026-01-30 19:15:00,962.8466666666667,1769800946.8710241,150.1426124567474,149.94545838388652
2026-01-30 19:30:00,962.8133333333334,1769801856.8044784,151.26345644599303,151.05526344308194
2026-01-30 19:45:00,962.8633333333333,1769802751.3668044,150.2377747440273,150.0452470700144
2026-01-30 20:00:00,962.8966666666666,1769803651.1713758,149.81551712328766,149.63300702371862
2026-01-30 20:15:00,963.0266666666666,1769804550.9014497,149.33149829351535,149.18642233714542
2026-01-30 20:30:00,963.0933333333332,1769805450.7514255,149.4803904109589,149.35408679171812
2026-01-30 20:45:00,963.1,1769806350.7005496,150.8871843003413,150.76160164392604
2026-01-30 21:00:00,963.1333333333333,1769807250.5858188,150.44253424657535,150.3268420687135
2026-01-30 21:15:00,963.23,1769808150.6180441,151.49873037542662,151.4100323919347
2026-01-30 21:30:00,963.2599999999999,1769809050.562662,150.12161301369864,150.0422734571548
2026-01-30 21:45:00,963.16,1769809950.4483776,151.01003071672355,150.9015476117509
2026-01-30 22:00:00,963.2333333333332,1769810850.3447914,150.10430821917808,150.01737673527074
2026-01-30 22:15:00,963.3066666666667,1769811750.276156,149.325180887372,149.2594960019877
2026-01-30 22:30:00,963.3299999999999,1769812650.2157347,149.74256849315069,149.683335822202
2026-01-30 22:45:00,963.23,1769813550.2169867,149.53545733788397,149.44790879214008
2026-01-30 23:00:00,963.3066666666667,1769814450.1346161,150.31425,150.24813004471713
2026-01-30 23:15:00,963.2199999999999,1769815350.015352,150.89423549488055,150.80302614037657
2026-01-30 23:30:00,963.2366666666667,1769816249.9023738,150.35691780821918,150.2707917398691
2026-01-30 23:45:00,963.2599999999999,1769817149.7071047,150.34262798634813,150.26317162297303
2026-01-31 00:00:00,963.1700000000001,1769818051.1808298,149.07362457337885,148.9693629415151
2026-01-31 00:15:00,963.0733333333333,1769818951.1479435,150.04790410958904,149.91542407467324
2026-01-31 00:30:00,963.1,1769819851.0942898,147.93109215017063,147.80796983461565
2026-01-31 00:45:00,963.02,1769820751.0109627,149.20586643835617,149.05902444074073
2026-01-31 01:00:00,963.0,1769821650.9300985,149.072638225256,148.92026826740286
2026-01-31 01:15:00,963.0633333333334,1769822550.8162062,149.65827397260273,149.52329697961912
2026-01-31 01:30:00,963.0533333333333,1769823450.6131113,149.69753583617745,149.55968177191835
2026-01-31 01:45:00,963.0166666666668,1769824350.3872077,149.18971575342465,149.04194571530687
2026-01-31 02:00:00,962.9466666666667,1769825250.2550867,149.7634675767918,149.59523175765054
2026-01-31 02:15:00,962.86,1769826150.134419,149.93989383561643,149.74679949255412
2026-01-31 02:30:00,962.7433333333333,1769827050.0991502,150.38117064846415,150.15422014924226
2026-01-31 02:45:00,962.73,1769827950.0234387,151.38305821917808,151.15076650171616
2026-01-31 03:00:00,962.75,1769828849.8923423,148.3047781569966,148.08283698760607
2026-01-31 03:15:00,962.7966666666666,1769829749.7931702,150.2629315068493,150.05136388489717
2026-01-31 03:30:00,962.8733333333333,1769830649.6932461,149.97384300341298,149.78449943280518
2026-01-31 03:45:00,962.8299999999999,1769831551.0422893,148.31474402730376,148.1152997584041
2026-01-31 04:00:00,962.9266666666666,1769832450.9284399,149.90555479452055,149.73146945867865
2026-01-31 04:15:00,962.85,1769833350.8037744,149.7734232081911,149.57770124462067
2026-01-31 04:30:00,962.9,1769834250.7078118,148.3329383561644,148.1531726823684
2026-01-31 04:45:00,962.8133333333334,1769835150.624682,149.3228566552901,149.11733461671747
2026-01-31 05:00:00,962.6933333333333,1769836050.5755532,149.76742808219177,149.52719806523072
2026-01-31 05:15:00,962.56,1769836950.353157,148.69796928327645,148.42184973506892
2026-01-31 05:30:00,962.4333333333334,1769837850.21495,149.91392808219177,149.5995426453253
2026-01-31 05:45:00,962.46,1769838750.123701,149.6462662116041,149.3400084588673
2026-01-31 06:00:00,962.2866666666667,1769839650.0150309,149.6898801369863,149.33434424971088
2026-01-31 06:15:00,962.19,1769840549.8943508,149.49920136518773,149.11672808090174
2026-01-31 06:30:00,962.0333333333333,1769841451.333309,150.22035494880546,149.79144213548642
2026-01-31 06:45:00,961.8666666666667,1769842351.2027307,150.3443595890411,149.86762711774526
2026-01-31 07:00:00,961.7399999999999,1769843251.1290853,150.54886348122866,150.0353696832933
2026-01-31 07:15:00,961.48,1769844151.0589201,149.77717465753423,149.19259359631246
2026-01-31 07:30:00,961.34,1769845050.9907746,150.77435494880547,150.14593775614617
2026-01-31 07:45:00,961.1233333333333,1769845950.8649478,150.38132876712328,149.69291341207494
2026-01-31 08:00:00,961.0099999999999,1769846850.7665925,149.83829010238907,149.12024665142243
2026-01-31 08:15:00,961.0266666666666,1769847750.647765,149.38513698630138,148.6739730352108
2026-01-31 08:30:00,960.94,1769848650.5898268,149.55616723549488,148.819681417962
2026-01-31 08:45:00,960.8533333333334,1769849550.5243528,150.05410273972603,149.2905796443076
2026-01-31 09:00:00,960.6466666666666,1769850450.422923,151.36640955631398,150.53708652266127
2026-01-31 09:15:00,960.6866666666666,1769851350.3047469,149.03674657534248,148.23145271933652
2026-01-31 09:30:00,960.5266666666666,1769852250.225779,151.29011604095564,150.4269097670366
2026-01-31 09:45:00,960.4499999999999,1769853150.1165814,150.8344109589041,149.95196017895472
2026-01-31 10:00:00,960.35,1769854050.0781868,150.3448976109215,149.43691499817578
2026-01-31 10:15:00,960.3533333333334,1769854950.0252848,149.3441232876712,148.44312481921264
2026-01-31 10:30:00,960.2866666666667,1769855849.975595,149.97809215017065,149.05438750654216
2026-01-31 10:45:00,960.2433333333333,1769856751.425744,150.18244027303754,149.245188703792
2026-01-31 11:00:00,960.2133333333335,1769857651.2194662,150.74315410958903,149.79386476994557
2026-01-31 11:15:00,960.34,1769858551.1654966,151.59123890784983,150.67286641571573
2026-01-31 11:30:00,960.3366666666667,1769859450.9710007,150.81000342465754,149.89541448531534
2026-01-31 11:45:00,960.3966666666666,1769860350.950911,150.35500682593857,149.46021471184005
2026-01-31 12:00:00,960.3633333333333,1769861250.8249838,150.22203424657536,149.31857633571735
2026-01-31 12:15:00,960.4333333333334,1769862150.7292671,150.8859931740614,149.99849058698385
2026-01-31 12:30:00,960.46,1769863050.3654678,151.64959589041095,150.7652404154849
2026-01-31 12:45:00,960.5266666666666,1769863949.9332948,151.23272354948807,150.36984473621223
2026-01-31 13:00:00,960.61,1769864850.3394256,150.45850684931506,149.62373398357005
2026-01-31 13:15:00,960.5566666666667,1769865750.2823586,150.3616313993174,149.51224467550395
2026-01-31 13:30:00,960.54,1769866650.1544583,151.20786643835618,150.34893824222274
2026-01-31 13:45:00,960.5033333333334,1769867550.0551045,150.7823242320819,149.91536883784556
2026-01-31 14:00:00,960.64,1769868449.972494,151.4779280821918,150.64608585266043
2026-01-31 14:15:00,960.6,1769869349.7889228,151.68745733788396,150.84299997315884
2026-01-31 14:30:00,960.6133333333333,1769870251.283842,151.43761092150172,150.59835958378412
2026-01-31 14:45:00,960.4533333333334,1769871151.1688037,151.9079897260274,151.02021447411883
2026-01-31 15:00:00,960.44,1769872051.0711427,150.2152252559727,149.33355963300076
2026-01-31 15:15:00,960.3666666666667,1769872951.0283527,150.27426369863014,149.37143768810057
2026-01-31 15:30:00,960.2966666666666,1769873850.9655814,151.83755290102388,150.90526314065514
2026-01-31 15:45:00,960.27,1769874750.88596,150.42579109589042,149.4945950351124
2026-01-31 16:00:00,960.2366666666667,1769875650.7614753,150.67241296928327,149.73020700665188
2026-01-31 16:15:00,960.0799999999999,1769876550.4553452,152.04552054794522,151.04975890471755
2026-01-31 16:30:00,960.0633333333334,1769877450.2700589,151.43049829351534,150.43400067506576
2026-01-31 16:45:00,960.11,1769878349.8726554,151.4973184931507,150.51372611905435
2026-01-31 17:00:00,960.1433333333334,1769879249.6849687,152.88831058020477,151.9053075912323
2026-01-31 17:15:00,960.0166666666668,1769880151.0830193,150.87253583617746,149.86642117853003
2026-01-31 17:30:00,959.9433333333333,1769881050.9657772,151.51521232876712,150.48384301656705
2026-01-31 17:45:00,959.85,1769881950.814022,151.8097406143345,150.74963113281822
2026-01-31 18:00:00,959.85,1769882850.6952305,150.55901712328767,149.5076416256795
2026-01-31 18:15:00,959.7766666666666,1769883750.6032093,151.20274744027304,150.12595767288067
2026-01-31 18:30:00,959.6466666666666,1769884650.4928722,151.9102808219178,150.79120233118388
2026-01-31 18:45:00,959.4866666666667,1769885550.4145434,153.25755972696246,152.08231617537893
2026-01-31 19:00:00,959.34,1769886450.2604077,151.3899315068493,150.18715173059604
2026-01-31 19:15:00,959.2633333333333,1769887350.1764405,151.3369965870307,150.11276935467146
2026-01-31 19:30:00,959.1833333333334,1769888250.0892267,151.35353767123289,150.10635873059422
2026-01-31 19:45:00,959.0466666666666,1769889149.9946413,151.72327645051195,150.4339830363227
2026-01-31 20:00:00,958.9,1769890051.2948096,152.3983310580205,151.06119966978315
2026-01-31 20:15:00,958.6466666666666,1769890951.1463835,152.74053082191782,151.3275404767157
2026-01-31 20:30:00,958.4699999999999,1769891850.898958,152.3297303754266,150.86988981867776
2026-01-31 20:45:00,958.3066666666667,1769892750.791303,151.3152979452055,149.81867818081986
2026-01-31 21:00:00,958.1233333333333,1769893650.7008824,152.7929965870307,151.22907399123855
2026-01-31 21:15:00,957.98,1769894550.58923,151.97386643835617,150.37736975489202
2026-01-31 21:30:00,957.81,1769895450.475045,152.68790443686007,151.03511451001526
2026-01-31 21:45:00,957.65,1769896350.3612392,151.33801369863014,149.6543340048269
2026-01-31 22:00:00,957.4466666666667,1769897250.2057986,153.08492832764506,151.32334115231464
2026-01-31 22:15:00,957.3533333333334,1769898150.0851116,152.13411301369862,150.35680147474824
2026-01-31 22:30:00,957.25,1769899049.920493,151.50129010238908,149.70197716327888
2026-01-31 22:45:00,957.0799999999999,1769899949.9397693,151.72555479452055,149.87516086818349
2026-01-31 23:00:00,956.84,1769900849.820913,152.41690784982936,150.48944357900584
2026-01-31 23:15:00,956.7333333333332,1769901751.2674317,153.33291126279863,151.36318383182706
2026-01-31 23:30:00,956.5766666666667,1769902651.2190518,152.11447945205478,150.1157130031586
2026-01-31 23:45:00,956.3533333333334,1769903551.1413395,151.90291126279863,149.84332778416874
2026-02-01 00:00:00,956.0966666666667,1769904451.0294843,152.45522602739726,150.31483255037523
2026-02-01 00:15:00,956.15,1769905350.8815877,152.69256996587032,150.56410069042192
2026-02-01 00:30:00,955.9399999999999,1769906250.7651393,152.9328219178082,150.74084603444845
2026-02-01 00:45:00,955.7633333333333,1769907150.8018794,151.83706484641638,149.61056666607402
2026-02-01 01:00:00,955.5,1769908050.7637753,151.9294794520548,149.62674414953975
2026-02-01 01:15:00,955.2666666666668,1769908950.628493,154.23165187713312,151.82669869460696
2026-02-01 01:30:00,955.0833333333334,1769909850.4735293,152.24456849315067,149.81840431265516
2026-02-01 01:45:00,954.8266666666667,1769910750.258046,153.3957747440273,150.87766902689745
2026-02-01 02:00:00,954.6700000000001,1769911650.163407,153.6213698630137,151.05459022508845
2026-02-01 02:15:00,954.5566666666667,1769912550.0555131,153.678614334471,151.07834252244479
2026-02-01 02:30:00,954.56,1769913449.966135,152.02498287671233,149.4536373647814
2026-02-01 02:45:00,954.4066666666666,1769914349.8631022,153.46079180887372,150.82121542381248
2026-02-01 03:00:00,954.25,1769915251.3392763,153.27967918088737,150.59838320162746
2026-02-01 03:15:00,954.1133333333333,1769916151.2124958,152.4640719178082,149.75815097182723
2026-02-01 03:30:00,954.0366666666665,1769917051.192738,153.31562116040956,150.57265196829135
2026-02-01 03:45:00,954.0099999999999,1769917951.1622458,153.86955479452055,151.1090187936263
2026-02-01 04:00:00,953.9433333333333,1769918851.0677538,153.78484641638224,151.00670142078187
2026-02-01 04:15:00,953.8733333333333,1769919750.9021575,153.42986643835616,150.63809800684018
2026-02-01 04:30:00,953.8933333333333,1769920650.8238304,153.41443003412968,150.62866625982332
2026-02-01 04:45:00,953.8066666666667,1769921550.7385552,152.8011198630137,150.00179050425763
2026-02-01 05:00:00,953.7800000000001,1769922450.6498034,153.24911262798634,150.43395382403503
2026-02-01 05:15:00,953.8100000000001,1769923350.590191,152.93382191780822,150.1330122856549
2026-02-01 05:30:00,953.85,1769924250.532333,153.24842320819113,150.45328602517444
2026-02-01 05:45:00,953.8233333333334,1769925150.2688644,152.98696232876713,150.18898422961678
2026-02-01 06:00:00,953.8466666666667,1769926050.1401656,153.72539249146757,150.92059991021904
2026-02-01 06:15:00,953.7733333333334,1769926950.0400467,153.98938356164385,151.1587114238354
2026-02-01 06:30:00,953.6866666666666,1769927849.9428008,152.9381467576792,150.10207987873363
2026-02-01 06:45:00,953.7400000000001,1769928751.2959437,152.67370307167235,149.85772481852325
2026-02-01 07:00:00,953.7066666666666,1769929651.17052,153.87605821917808,151.02833778897488
2026-02-01 07:15:00,953.63,1769930551.1176429,152.33844368600683,149.4974008764374
2026-02-01 07:30:00,953.5433333333334,1769931451.0766232,152.8185890410959,149.9438989436408
2026-02-01 07:45:00,953.5366666666665,1769932351.1102865,153.38099658703072,150.4938207018913
2026-02-01 08:00:00,953.59,1769933251.0587654,152.8971575342466,150.03429192558013
2026-02-01 08:15:00,953.5566666666667,1769934151.0073662,153.54997269624573,150.66534125392317
2026-02-01 08:30:00,953.6266666666667,1769935050.893315,153.74249657534247,150.87431327651612
2026-02-01 08:45:00,953.5733333333334,1769935950.7909606,153.4836723549488,150.60505553340488
2026-02-01 09:00:00,953.6433333333333,1769936850.6682894,155.08947602739727,152.2009834231007
2026-02-01 09:15:00,953.7133333333333,1769937750.5371335,154.84917406143344,151.98536971550303
2026-02-01 09:30:00,953.7233333333334,1769938650.4483333,152.39628767123287,149.58068938805172
2026-02-01 09:45:00,953.8000000000001,1769939550.3589928,152.040433447099,149.25314937555228
2026-02-01 10:00:00,953.85,1769940450.340047,153.29481506849316,150.49883173247207
2026-02-01 10:15:00,953.8366666666667,1769941350.2883775,152.7219385665529,149.93260573076887
2026-02-01 10:30:00,953.8299999999999,1769942250.1704612,152.79668493150683,150.00408685484243
2026-02-01 10:45:00,953.8666666666667,1769943150.0845826,153.16817064846416,150.3792591468836
2026-02-01 11:00:00,953.9133333333333,1769944049.9953163,154.03764041095891,151.24630737087716
2026-02-01 11:15:00,953.9233333333333,1769944949.9207435,153.518409556314,150.7393495761457
2026-02-01 11:30:00,953.9033333333333,1769945851.3569443,152.08027303754264,149.32157253029277
2026-02-01 11:45:00,953.8533333333334,1769946751.2536283,153.01211986301368,150.22224408167554
2026-02-01 12:00:00,953.8000000000001,1769947651.146979,153.9881843003413,151.1651930500823
2026-02-01 12:15:00,953.7633333333333,1769948551.0957205,153.16767808219177,150.34925408119253
2026-02-01 12:30:00,953.7966666666666,1769949451.048413,153.49118771331058,150.67635337562575
2026-02-01 12:45:00,953.73,1769950350.9288433,153.46251712328768,150.62912767004204
2026-02-01 13:00:00,953.7366666666667,1769951250.8116522,153.45356313993173,150.6222468744331
2026-02-01 13:15:00,953.6666666666666,1769952150.7215154,152.81463356164383,149.97515793249133
2026-02-01 13:30:00,953.6,1769953050.634374,153.31145733788395,150.44369273059164
2026-02-01 13:45:00,953.5866666666667,1769953950.5709507,154.21653082191781,151.3280026881471
2026-02-01 14:00:00,953.6166666666667,1769954850.519912,152.9343447098976,150.07838658283313
2026-02-01 14:15:00,953.4766666666666,1769955750.3479712,154.0217089041096,151.1052455544323
2026-02-01 14:30:00,953.4133333333333,1769956650.178985,152.48523549488056,149.57986536379997
2026-02-01 14:45:00,953.4699999999999,1769957550.1002328,153.25493493150685,150.3510862979554
2026-02-01 15:00:00,953.4066666666668,1769958450.0390887,152.1400614334471,149.23937768239065
2026-02-01 15:15:00,953.41,1769959350.0237648,154.0465684931507,151.11049254241902
2026-02-01 15:30:00,953.2466666666666,1769960249.9324045,154.49704436860068,151.50535803967733
2026-02-01 15:45:00,953.2066666666666,1769961151.358699,153.90504778156998,150.91335504503706
2026-02-01 16:00:00,953.1700000000001,1769962051.1873415,153.52511986301369,150.53032506740794
2026-02-01 16:15:00,953.2033333333334,1769962951.1011558,152.36380887372013,149.40112939433521
2026-02-01 16:30:00,953.1833333333334,1769963851.0253518,152.85132191780824,149.87346755860145
2026-02-01 16:45:00,953.1066666666667,1769964750.9469793,152.61643686006826,149.6213621065463
2026-02-01 17:00:00,953.1333333333332,1769965650.8266861,152.81111643835615,149.81981180538554
2026-02-01 17:15:00,953.1,1769966550.7559674,153.58129351535837,150.56537642073235
2026-02-01 17:30:00,953.0566666666667,1769967450.5893393,154.1553698630137,151.1157371024606
2026-02-01 17:45:00,953.0099999999999,1769968350.520794,154.15831399317406,151.10522458974063
2026-02-01 18:00:00,953.0466666666666,1769969250.443024,153.8691404109589,150.8322856768476
2026-02-01 18:15:00,953.11,1769970150.3629594,155.2055290102389,152.160607391197
2026-02-01 18:30:00,953.11,1769971050.2971814,153.5866883561644,150.57352619142034
2026-02-01 18:45:00,953.11,1769971950.1827385,154.63021843003415,151.59658362296668
2026-02-01 19:00:00,953.1033333333334,1769972850.0697186,153.58410958904108,150.56909079564207
2026-02-01 19:15:00,953.09,1769973750.0706618,152.89397269624573,149.88870479263198
2026-02-01 19:30:00,953.0,1769974649.9629285,153.2339794520548,150.19634264062017
2026-02-01 19:45:00,953.0033333333334,1769975549.8111567,153.04272696245735,150.00983150777697
2026-02-01 20:00:00,952.9666666666667,1769976449.747985,153.3254280821918,150.2764606264683
2026-02-01 20:15:00,952.9633333333333,1769977349.8902934,152.0378771331058,149.01356963925448
2026-02-01 20:30:00,952.9966666666666,1769978251.2182198,152.88780204778155,149.85607859943931
2026-02-01 20:45:00,952.9966666666666,1769979151.1538436,152.97203424657536,149.93864049668673
2026-02-01 21:00:00,953.04,1769980051.107041,154.23630034129692,151.19028402692132
2026-02-01 21:15:00,952.9433333333333,1769980951.0767527,153.59275342465753,150.53179632104747
2026-02-01 21:30:00,952.9533333333334,1769981850.9760542,152.7384675767918,149.69737979864482
2026-02-01 21:45:00,952.9766666666668,1769982750.8634052,154.72153767123288,151.64768902354876
2026-02-01 22:00:00,953.0133333333333,1769983650.736618,153.79269965870307,150.74780594228562
2026-02-01 22:15:00,953.04,1769984550.631817,154.19694863013697,151.1517094736284
2026-02-01 22:30:00,953.0966666666667,1769985450.5222754,154.60350170648465,151.56655131063326
2026-02-01 22:45:00,953.1666666666666,1769986350.366902,153.95204794520546,150.94796911149996
2026-02-01 23:00:00,953.1700000000001,1769987250.2537737,154.8485494880546,151.82793872072412
2026-02-01 23:15:00,953.3633333333333,1769988150.118657,154.25318493150684,151.29975510101673
2026-02-01 23:30:00,953.46,1769989050.025349,153.18144027303754,150.27612893029226
2026-02-01 23:45:00,953.5300000000001,1769989949.9475045,153.37084931506848,150.48195832080077
2026-02-05 00:00:00,963.0566666666667,1770250050.028878,152.53227054794522,152.39277117303217
2026-02-05 00:15:00,962.9633333333335,1770250949.565418,151.57942320819112,151.41394214599742
2026-02-05 00:30:00,963.13,1770251850.8505044,150.77862116040956,150.66171633364385
2026-02-05 00:45:00,963.2133333333335,1770252750.7490928,152.24640753424657,152.15245357078274
2026-02-05 01:00:00,963.3133333333334,1770253650.6222131,150.48238566552902,150.41809703486842
2026-02-05 01:15:00,963.3333333333334,1770254550.4548101,151.11874315068494,151.05992282530346
2026-02-05 01:30:00,963.37,1770255450.3561237,152.03543344709897,151.98684436406936
2026-02-05 01:45:00,963.4066666666668,1770256350.2424035,151.58228424657534,151.54439721099186
2026-02-05 02:00:00,963.4533333333334,1770257250.157531,151.4391058020478,151.41467939274264
2026-02-05 02:15:00,963.4699999999999,1770258149.8940146,151.0646369863014,151.0450539946846
2026-02-05 02:30:00,963.37,1770259049.795767,151.74652559726962,151.6980288464496
2026-02-05 02:45:00,963.4566666666666,1770259951.2365088,150.9668566552901,150.94346238976638
2026-02-05 03:00:00,963.61,1770260851.1245947,151.45050684931508,151.47115980639182
2026-02-05 03:15:00,963.5266666666666,1770261750.9833646,149.79580204778156,149.79251033139687
2026-02-05 03:30:00,963.6166666666667,1770262650.866953,151.26084246575343,151.28338580281863
2026-02-05 03:45:00,963.6333333333333,1770263550.7289548,152.21133105802048,152.23883687243872
2026-02-05 04:00:00,963.6633333333333,1770264450.659096,151.47478424657535,151.51079283011455
2026-02-05 04:15:00,963.6366666666667,1770265350.5394547,151.9179215017065,151.94633661840413
2026-02-05 04:30:00,963.5633333333334,1770266250.4201694,151.2811404109589,151.28835544302632
2026-02-05 04:45:00,963.6366666666667,1770267150.2781444,152.14682252559726,152.175280456528
2026-02-05 05:00:00,963.6433333333334,1770268050.18775,149.26737328767123,149.29718372473351
2026-02-05 05:15:00,963.7166666666667,1770268950.0711746,150.83495221843003,150.8860977176875
2026-02-05 05:30:00,963.7266666666668,1770269849.962403,151.05326712328767,151.10735766183927
2026-02-05 05:45:00,963.6999999999999,1770270749.8658721,150.6416689419795,150.68797704075823
2026-02-05 06:00:00,963.65,1770271651.3039474,150.92799658703072,150.96005081848614
2026-02-05 06:15:00,963.7366666666667,1770272551.204176,152.2498390410959,152.30725186938264
2026-02-05 06:30:00,963.6833333333334,1770273451.128102,151.41486689419793,151.4566164762608
2026-02-05 06:45:00,963.6866666666666,1770274351.0672204,152.07057534246576,152.11346910510295
2026-02-05 07:00:00,963.65,1770275250.9614434,150.29457337883957,150.3264930832716
2026-02-05 07:15:00,963.5799999999999,1770276150.856865,150.0974212328767,150.1093331969324
2026-02-05 07:30:00,963.6166666666667,1770277050.7269816,151.38051194539247,151.40307311753892
2026-02-05 07:45:00,963.6833333333334,1770277950.6777034,151.9336883561644,151.9755809927347
2026-02-05 08:00:00,963.66,1770278850.6397793,150.92047781569966,150.9553985756369
2026-02-05 08:15:00,963.6733333333333,1770279750.5814316,150.00494520547946,150.04345517746856
2026-02-05 08:30:00,963.7266666666668,1770280650.4876337,150.551433447099,150.60534428444765
2026-02-05 08:45:00,963.7366666666667,1770281550.390312,152.19937671232876,152.25677051146553
2026-02-05 09:00:00,963.7233333333334,1770282450.3162694,151.148,151.20116685094595
2026-02-05 09:15:00,963.6933333333333,1770283350.2061472,151.43804794520548,151.48268206259024
2026-02-05 09:30:00,963.7466666666666,1770284250.1304889,150.19645733788394,150.2559506797758
2026-02-05 09:45:00,963.6366666666667,1770285150.0430038,151.67274657534247,151.70111583389462
2026-02-05 10:00:00,963.65,1770286049.9536736,150.37421501706484,150.40615163586375
2026-02-05 10:15:00,963.5566666666667,1770286951.1749985,151.2180443686007,151.22334088365395
2026-02-05 10:30:00,963.5300000000001,1770287851.0562372,151.92109931506852,151.91872304480003
2026-02-05 10:45:00,963.5099999999999,1770288750.9759,150.260614334471,150.25255433109058
2026-02-05 11:00:00,963.4133333333333,1770289650.888749,150.94861643835617,150.9127993340618
2026-02-05 11:15:00,963.3733333333333,1770290550.807862,151.39145733788396,151.3440325726841
2026-02-05 11:30:00,963.2400000000001,1770291450.7548125,151.09017465753425,151.0045849310749
2026-02-05 11:45:00,963.1833333333334,1770292350.6785984,152.18752559726963,152.08493888231243
2026-02-05 12:00:00,963.2033333333334,1770293250.5601702,152.21953424657534,152.12270650821284
2026-02-05 12:15:00,963.1166666666667,1770294150.4738083,152.68362116040956,152.56137437218692
2026-02-05 12:30:00,963.0099999999999,1770295050.3787,152.0195616438356,151.8670650267454
2026-02-05 12:45:00,962.87,1770295950.3141656,152.10773037542663,151.9147306196602
2026-02-05 13:00:00,962.7866666666667,1770296850.2090836,152.40180136986302,152.18433072619462
2026-02-05 13:15:00,962.6433333333333,1770297750.154626,152.49815017064847,152.23907662034256
2026-02-05 13:30:00,962.5566666666667,1770298650.0734928,153.0403390410959,152.75518862704743
2026-02-05 13:45:00,962.48,1770299550.0254796,152.21847440273038,151.9127250851745
2026-02-05 14:00:00,962.3433333333332,1770300450.0226498,151.75852397260275,151.41437614994774
2026-02-05 14:15:00,962.31,1770301350.1176717,151.06245733788396,150.7103427179152
2026-02-05 14:30:00,962.0866666666666,1770302250.081037,151.1358390410959,150.71958445940686
2026-02-05 14:45:00,961.9466666666667,1770303150.0009964,151.62610921501707,151.16828823019222
2026-02-05 15:00:00,961.9266666666667,1770304049.9378717,151.56947602739726,151.10608390094575
2026-02-05 15:15:00,961.9266666666666,1770304949.8391833,153.13817406143346,152.66998596723954
2026-02-05 15:30:00,961.6833333333334,1770305849.8041756,151.64548287671232,151.1119781178473
2026-02-05 15:45:00,961.7599999999999,1770306749.769946,152.0664948805461,151.55358365470892
2026-02-05 16:00:00,961.8299999999999,1770307651.2603269,152.12021843003413,151.62729108657223
2026-02-05 16:15:00,961.7800000000001,1770308551.2145479,154.33033219178083,153.81563006048012
2026-02-05 16:30:00,961.7400000000001,1770309451.1384137,153.485795221843,152.9622841032924
2026-02-05 16:45:00,961.8133333333334,1770310351.0792422,153.98242465753427,153.47860282517948
2026-02-05 17:00:00,961.8366666666666,1770311251.0607085,153.6726962457338,153.1766785095403
2026-02-05 17:15:00,961.9733333333334,1770312151.055224,153.93716095890412,153.4801380975153
2026-02-05 17:30:00,961.8766666666667,1770313050.978198,153.0878771331058,152.60534461491
2026-02-05 17:45:00,961.7866666666667,1770313950.9149404,152.65960958904108,152.1524066826141
2026-02-05 18:00:00,961.7933333333334,1770314850.8489318,153.0544436860068,152.5478612263267
2026-02-05 18:15:00,961.87,1770315750.81517,152.60580479452054,152.12286486502896
2026-02-05 18:30:00,961.8733333333333,1770316650.7616322,153.69215699658704,153.20674947763285
2026-02-05 18:45:00,961.8266666666667,1770317550.6389778,152.8525205479452,152.35625534119566
2026-02-05 19:00:00,961.7066666666666,1770318450.4987018,152.64467576791807,152.11439933225282
2026-02-05 19:15:00,961.6533333333333,1770319350.4047256,152.68953767123287,152.14368738044396
2026-02-05 19:30:00,961.5933333333334,1770320250.3062024,153.65976791808873,153.09299555192206
2026-02-05 19:45:00,961.65,1770321150.2123172,153.77316438356166,153.22246982030757
2026-02-05 20:00:00,961.5933333333334,1770322050.1186242,153.04979522184303,152.48527273326653
2026-02-05 20:15:00,961.7133333333333,1770322950.0528224,151.09236643835615,150.56938981192206
2026-02-05 20:30:00,961.8366666666667,1770323849.9181485,152.78449488054608,152.2913440403023
2026-02-05 20:45:00,961.83,1770324751.3813019,152.45296587030717,151.95896029862902
2026-02-05 21:00:00,961.8333333333334,1770325651.3124466,153.03216095890411,152.53724464108714
2026-02-05 21:15:00,961.9133333333334,1770326551.222782,153.35839931740614,152.8856647777607
2026-02-05 21:30:00,961.9200000000001,1770327451.1308975,154.5470582191781,154.07261115613812
2026-02-05 21:45:00,961.7966666666666,1770328351.092117,153.1097986348123,152.6039994492235
2026-02-05 22:00:00,961.8833333333333,1770329251.0008738,154.01377397260273,153.53026773482281
2026-02-05 22:15:00,961.84,1770330150.9499445,152.83680204778156,152.34444721795393
2026-02-05 22:30:00,961.8833333333333,1770331050.9124646,153.59913698630135,153.11693244748068
2026-02-05 22:45:00,961.8033333333333,1770331950.816744,153.89389078498291,153.38744424135209
2026-02-05 23:00:00,961.7966666666667,1770332850.721758,152.68090753424656,152.1765251931139
2026-02-05 23:15:00,961.82,1770333750.6722486,152.20916040955632,151.7130622846975
2026-02-05 23:30:00,961.8466666666667,1770334650.5883222,152.86001712328766,152.36951750911547
2026-02-05 23:45:00,961.8833333333333,1770335550.4492202,152.4585255972696,151.97990185974518
2026-02-06 00:00:00,961.8966666666666,1770336450.3642144,151.90287671232878,151.4298335361605
2026-02-06 00:15:00,962.0666666666666,1770337350.3989275,153.41587372013652,152.9875258870075
2026-02-06 00:30:00,962.1266666666667,1770338250.281941,153.66529794520548,153.25372363091077
2026-02-06 00:45:00,962.0133333333333,1770339150.2239106,153.7393242320819,153.29453866887567
2026-02-06 01:00:00,962.14,1770340050.181378,153.26650684931508,152.85987305084055
2026-02-06 01:15:00,962.1666666666666,1770340950.1327975,152.21008873720135,151.81394945027725
2026-02-06 01:30:00,962.1166666666667,1770341850.069905,152.63526369863015,152.22355593412132
2026-02-06 01:45:00,962.1199999999999,1770342749.9621894,154.25476450511945,153.83966272633793
2026-02-06 02:00:00,962.1633333333333,1770343651.3583813,153.292228668942,152.89230470276016
2026-02-06 02:15:00,962.1666666666666,1770344551.1718547,152.28756506849314,151.89122414303847
2026-02-06 02:30:00,962.18,1770345451.0039105,153.6942389078498,153.29812050111587
2026-02-06 02:45:00,962.1033333333334,1770346350.865042,154.05731164383562,153.63787593709174
2026-02-06 03:00:00,962.1833333333334,1770347250.7955077,153.6007337883959,153.2058266742684
2026-02-06 03:15:00,962.31,1770348150.757377,154.47663698630137,154.11656418406423
2026-02-06 03:30:00,962.4266666666666,1770349050.7002618,153.34468259385665,153.02116421987537
2026-02-06 03:45:00,962.46,1770349950.5698946,153.2721575342466,152.9584792333314
2026-02-06 04:00:00,962.5099999999999,1770350850.5982523,151.42950170648464,151.13395152626288
2026-02-06 04:15:00,962.5633333333334,1770351750.6102524,153.6812191780822,153.39681766653536
2026-02-06 04:30:00,962.6966666666667,1770352650.5904295,152.56388395904438,152.32013306079853
2026-02-06 04:45:00,962.6433333333333,1770353550.5607722,151.44425684931505,151.18697371996896
2026-02-06 05:00:00,962.6266666666667,1770354450.4828413,152.77326962457337,152.50889915891207
2026-02-06 05:15:00,962.6700000000001,1770355350.383768,152.64377739726027,152.3921774542229
2026-02-06 05:30:00,962.7233333333334,1770356250.2386389,152.52443344709897,152.28846133206775
2026-02-06 05:45:00,962.7466666666666,1770357150.1362484,153.60155479452055,153.37071553834443
2026-02-06 06:00:00,962.7966666666666,1770358050.0682416,152.2992423208191,152.0848076082802
2026-02-06 06:15:00,962.8133333333334,1770358950.0063741,153.3397294520548,153.12867874958988
2026-02-06 06:30:00,962.8333333333334,1770359849.916865,152.9714948805461,152.7667560279268
2026-02-06 06:45:00,962.8466666666667,1770360751.3351204,152.23797269624575,152.03806718061608
2026-02-06 07:00:00,962.9266666666666,1770361651.249017,152.21616438356165,152.03939573657186
2026-02-06 07:15:00,962.98,1770362551.174789,152.89336518771333,152.73128609355595
2026-02-06 07:30:00,963.0533333333333,1770363451.0902567,151.75141780821917,151.61167235693242
2026-02-06 07:45:00,963.07,1770364350.9924815,151.7583686006826,151.6234180807401
2026-02-06 08:00:00,963.1666666666666,1770365250.8963993,152.89404794520547,152.7861466723942
2026-02-06 08:15:00,963.1833333333334,1770366150.801148,151.43180887372012,151.32973157302536
2026-02-06 08:30:00,963.31,1770367050.6985807,152.39454109589042,152.32847080992073
2026-02-06 08:45:00,963.43,1770367950.6375756,152.1895460750853,152.15825279125244
2026-02-06 09:00:00,963.4033333333333,1770368850.5881486,151.9794280821918,151.94047949026154
2026-02-06 09:15:00,963.4533333333334,1770369750.5541084,150.76863822525598,150.7443199591901
2026-02-06 09:30:00,963.5099999999999,1770370650.4636805,151.88363698630135,151.87548992372638
2026-02-06 09:45:00,963.5833333333334,1770371550.3445072,152.43641296928328,152.4494760696405
2026-02-06 10:00:00,963.64,1770372450.2391937,149.89699315068492,149.92597979597204
2026-02-06 10:15:00,963.7166666666667,1770373350.0844789,150.6389795221843,150.69005857052144
2026-02-06 10:30:00,963.7233333333334,1770374249.988251,153.63371232876713,153.68775353793734
2026-02-06 10:45:00,963.8466666666667,1770375149.8784313,150.21513993174062,150.30319556823036
2026-02-06 11:00:00,963.9200000000001,1770376050.0373607,152.5310787671233,152.64175860300472
2026-02-06 11:15:00,963.8166666666666,1770376950.0422006,152.69267918088738,152.77347880651507
2026-02-06 11:30:00,963.8299999999999,1770377849.9495602,152.3062602739726,152.3907159361328
2026-02-06 11:45:00,963.8833333333333,1770378749.7954376,152.80484982935155,152.90507556141452
2026-02-06 12:00:00,963.8433333333334,1770379651.2215867,150.46096245733787,150.5482087192011
2026-02-06 12:15:00,963.8733333333333,1770380551.139895,151.77341438356163,151.8700780312607
2026-02-06 12:30:00,963.7533333333334,1770381451.0207186,151.2009658703072,151.26277308453206
2026-02-06 12:45:00,963.7333333333332,1770382350.9235916,151.62141438356164,151.67762960729934
2026-02-06 13:00:00,963.61,1770383250.8268633,153.88466211604094,153.90564701326954
2026-02-06 13:15:00,963.5933333333332,1770384150.4026995,150.72844520547946,150.7442260539309
2026-02-06 13:30:00,963.5233333333332,1770385050.0866148,152.47661774744026,152.47230145999313
2026-02-06 13:45:00,963.5,1770385949.9373734,151.5812431506849,151.57023244678857
2026-02-06 14:00:00,963.59,1770386849.495057,152.26604778156997,152.28102516318233
2026-02-06 14:15:00,963.4866666666667,1770387750.9380853,152.81554948805461,152.8005781284176
2026-02-06 14:30:00,963.4699999999999,1770388650.8345954,151.5067397260274,151.48709942321972
2026-02-06 14:45:00,963.43,1770389550.7498717,151.50088737201366,151.4697356904972
2026-02-06 15:00:00,963.3366666666667,1770390450.668952,151.59333904109587,151.53529370805975
2026-02-06 15:15:00,963.3433333333334,1770391350.6074865,152.07322525597272,152.01692170921393
2026-02-06 15:30:00,963.4433333333333,1770392250.5143452,151.9001404109589,151.87275402921878
2026-02-06 15:45:00,963.41,1770393150.0620344,152.04494197952218,152.00790201922152
2026-02-06 16:00:00,963.4166666666666,1770394051.2703235,152.59580546075085,152.56056372510812
2026-02-06 16:15:00,963.46,1770394951.1525874,152.79230821917807,152.7695986140699
2026-02-06 16:30:00,963.2800000000001,1770395851.0881076,152.01088395904435,151.93631938967116
2026-02-06 16:45:00,963.2600000000001,1770396750.9341073,151.7075924657534,151.62741471606816
2026-02-06 17:00:00,963.1566666666666,1770397650.6209197,153.40547440273036,153.2942995837163
2026-02-06 17:15:00,963.0666666666666,1770398550.4336064,152.85541095890412,152.71851767810784
2026-02-06 17:30:00,962.93,1770399450.281507,150.7696279863481,150.59549297065692
2026-02-06 17:45:00,962.8000000000001,1770400350.6490715,152.20199657534246,151.98866137494704
2026-02-06 18:00:00,962.65,1770401250.5781014,151.74947781569966,151.49359506429371
2026-02-06 18:15:00,962.4233333333333,1770402150.5051627,153.07941438356164,152.75548820371188
2026-02-06 18:30:00,962.2599999999999,1770403050.40183,153.4287576791809,153.05658633419782
2026-02-06 18:45:00,962.1833333333334,1770403950.180915,153.94718150684932,153.5513836764777
2026-02-06 19:00:00,962.1966666666667,1770404850.0226214,152.96839249146757,152.57897641038977
2026-02-06 19:15:00,962.2733333333334,1770405751.3501697,151.2446518771331,150.88160079178323
2026-02-06 19:30:00,962.3533333333334,1770406651.221564,153.13980136986302,152.79542426426443
2026-02-06 19:45:00,962.25,1770407551.1165078,152.0694129692833,151.69765669688263
2026-02-06 20:00:00,962.0366666666667,1770408451.0074456,152.81500342465753,152.37964737590906
2026-02-06 20:15:00,961.9366666666666,1770409350.9200249,152.1478361774744,151.68555783345917
2026-02-06 20:30:00,961.7033333333334,1770410250.8581667,152.63382191780823,152.1026198679812
2026-02-06 20:45:00,961.4900000000001,1770411150.808098,152.69685324232083,152.10376660510207
2026-02-06 21:00:00,961.43,1770412050.7126176,152.72061301369862,152.11009255265142
2026-02-06 21:15:00,961.2966666666667,1770412950.6297157,153.7671843003413,153.1136863206197
2026-02-06 21:30:00,961.1333333333333,1770413850.5412505,152.34028082191782,151.6457790223835
2026-02-06 21:45:00,961.0433333333334,1770414750.3304863,153.83668259385666,153.10917496336344
2026-02-06 22:00:00,960.8966666666666,1770415650.224929,153.2414006849315,152.4742127952158
2026-02-06 22:15:00,960.6666666666666,1770416550.0915723,155.37890784982935,154.5334728569325
2026-02-06 22:30:00,960.6300000000001,1770417451.471269,152.76068941979523,151.91891640948927
2026-02-06 22:45:00,960.6166666666668,1770418351.1597207,153.69187671232876,152.84110046088307
2026-02-06 23:00:00,960.3733333333333,1770419251.0332308,154.32228327645052,153.39708036799271
2026-02-06 23:15:00,960.2033333333334,1770420150.9199119,152.1245993150685,151.16373832956435
2026-02-06 23:30:00,960.1066666666667,1770421050.896921,152.8151604095563,151.82205043862132
2026-02-06 23:45:00,959.9666666666667,1770421950.7911775,153.61645205479454,152.57754365196956
2026-02-07 00:00:00,959.7133333333333,1770422850.7264345,152.26474744027303,151.1622036977727
2026-02-07 00:15:00,959.56,1770423750.60166,152.25418493150684,151.10768855190344
2026-02-07 00:30:00,959.41,1770424650.5239427,153.65094539249145,152.4504766236033
2026-02-07 00:45:00,959.2966666666666,1770425550.4797094,153.0354691780822,151.80711644836177
2026-02-07 01:00:00,959.0799999999999,1770426450.3371153,153.60308873720138,152.30746714407263
2026-02-07 01:15:00,958.8433333333332,1770427350.2476606,151.53844863013697,150.19269016818419
2026-02-07 01:30:00,958.71,1770428250.0986485,153.68250170648463,152.2791204162103
2026-02-07 01:45:00,958.4766666666666,1770429151.3629704,152.36156313993175,150.90332894633045
2026-02-07 02:00:00,958.2666666666668,1770430051.3213046,153.28833219178082,151.76066341652847
2026-02-07 02:15:00,958.1333333333333,1770430949.9918485,154.26598287671234,152.68988451475784
2026-02-07 02:30:00,957.9433333333333,1770431849.9337006,152.9107781569966,151.29389863801683
2026-02-07 02:45:00,957.8733333333333,1770432749.8563333,153.67942465753424,152.03419557294134
2026-02-07 03:00:00,957.66,1770433649.682852,153.49601365187715,151.79120958260594
2026-02-07 03:15:00,957.5033333333334,1770434551.0896554,153.87152559726962,152.11726392435224
2026-02-07 03:30:00,957.3299999999999,1770435450.9422286,154.19363698630139,152.38550908672826
2026-02-07 03:45:00,957.2599999999999,1770436350.8193629,154.1898976109215,152.3615481270346
2026-02-07 04:00:00,957.14,1770437250.7181199,154.36478082191783,152.49958374267942
2026-02-07 04:15:00,956.8833333333332,1770438150.6483526,153.41592150170646,151.48829572679583
2026-02-07 04:30:00,956.7966666666666,1770439050.5832314,153.23510958904112,151.28484204062755
2026-02-07 04:45:00,956.6033333333334,1770439950.493795,153.59854607508532,151.5879594265747
2026-02-07 05:00:00,956.6033333333334,1770440850.3558524,155.98339041095892,153.94158643453076
2026-02-07 05:15:00,956.4666666666667,1770441750.2452965,152.72838907849828,150.69005841540903
2026-02-07 05:30:00,956.3266666666667,1770442650.1806433,153.25575342465754,151.17016788306373
2026-02-07 05:45:00,956.2166666666667,1770443550.084603,152.42779180887374,150.32205301547603
2026-02-07 06:00:00,956.0733333333333,1770444449.994136,154.10898630136987,151.9386387794487
2026-02-07 06:15:00,956.0566666666667,1770445349.8562996,154.4885699658703,152.30805352693645
2026-02-07 06:30:00,955.9833333333332,1770446251.3058858,153.0352081911263,150.8541846287537
2026-02-07 06:45:00,955.89,1770447151.2297003,154.60287328767123,152.37248459635447
2026-02-07 07:00:00,955.9166666666666,1770448051.1682296,153.15787030716723,150.95597629036536
2026-02-07 07:15:00,955.86,1770448951.0792649,154.9478424657534,152.7037726904022
2026-02-07 07:30:00,955.8333333333334,1770449851.008771,154.6806962457338,152.4327720243126
2026-02-07 07:45:00,955.8066666666667,1770450750.942293,153.75106849315068,151.50897759999424
2026-02-07 08:00:00,955.8966666666666,1770451650.882246,153.70306825938567,151.48757949600937
2026-02-07 08:15:00,955.9133333333334,1770452550.7926865,154.61606506849316,152.39224197137182
2026-02-07 08:30:00,955.8766666666667,1770453450.7111094,155.02898634812288,152.7885796151956
2026-02-07 08:45:00,955.91,1770454350.611286,154.3879794520548,152.16647315714678
2026-02-07 09:00:00,955.9266666666666,1770455250.565775,152.7905529010239,150.59680098265997
2026-02-07 09:15:00,955.96,1770456150.5137272,153.9681301369863,151.7670822898846
2026-02-07 09:30:00,956.04,1770457050.4756866,153.26835836177474,151.10027958299267
2026-02-07 09:45:00,956.0466666666666,1770457950.3626983,153.93334589041095,151.75778269156737
2026-02-07 10:00:00,956.0633333333334,1770458850.2889266,152.57063822525598,150.41909757541876
2026-02-07 10:15:00,956.06,1770459750.2331731,154.02751369863014,151.85446654303857
2026-02-07 10:30:00,956.1466666666666,1770460650.1871936,154.49608873720138,152.34151434694817
2026-02-07 10:45:00,956.1933333333333,1770461550.102739,154.8159623287671,152.67046322046832
2026-02-07 11:00:00,956.1700000000001,1770462450.1003268,153.78700682593856,151.64904412181548
2026-02-07 11:15:00,956.1866666666666,1770463350.1345294,154.54440753424657,152.40074131504434
2026-02-07 11:30:00,956.2333333333332,1770464250.0720897,153.42188395904438,151.30720343509364
2026-02-07 11:45:00,956.2066666666666,1770465149.9944746,154.24257534246576,152.10887582744476
2026-02-07 12:00:00,956.2866666666667,1770466049.9242132,152.28790102389078,150.20407058771139
2026-02-07 12:15:00,956.21,1770466951.2933705,154.58121160409556,152.44379307191176
2026-02-07 12:30:00,956.25,1770467851.1886148,155.4513595890411,153.31356077276047
2026-02-07 12:45:00,956.3066666666667,1770468751.1179395,154.46473720136518,152.3569094950277
2026-02-07 13:00:00,956.2466666666666,1770469651.0443583,153.68578767123287,151.57130940555754
2026-02-07 13:15:00,956.39,1770470550.962568,153.5617542662116,151.4902327308569
2026-02-07 13:30:00,956.3833333333333,1770471450.9115322,153.67665410958904,151.60166229531325
2026-02-07 13:45:00,956.3866666666667,1770472350.7702463,155.23890784982936,153.14379188862736
2026-02-07 14:00:00,956.4200000000001,1770473250.6702092,154.21482191780822,152.14316252577112
2026-02-07 14:15:00,956.5099999999999,1770474150.619869,153.79164505119454,151.7516177536864
2026-02-07 14:30:00,956.5333333333333,1770475050.5375473,154.8239589041096,152.77701105405495
2026-02-07 14:45:00,956.4966666666666,1770475950.4214206,153.22635494880547,151.1899959600503
2026-02-07 15:00:00,956.5099999999999,1770476850.2930572,154.46754794520547,152.41855487875853
2026-02-07 15:15:00,956.5366666666665,1770477750.190082,154.34039931740614,152.30080924075423
2026-02-07 15:30:00,956.59,1770478650.1125352,153.69259589041096,151.67693560999436
2026-02-07 15:45:00,956.71,1770479550.0016248,153.62080204778155,151.64065346299444
2026-02-07 16:00:00,956.7033333333333,1770480449.89106,153.46668835616438,151.48660743071954
2026-02-07 16:15:00,956.7166666666667,1770481349.764376,154.54900341296928,152.55882285441714
2026-02-07 16:30:00,956.7066666666666,1770482251.2424946,154.41870648464163,152.42730765799496
2026-02-07 16:45:00,956.7333333333332,1770483151.1197922,155.27796575342464,153.28325198942534
2026-02-07 17:00:00,956.7666666666668,1770484051.114116,153.14494880546076,151.18721084278394
2026-02-07 17:15:00,956.8566666666667,1770484951.0672176,154.3846883561644,152.43716663287248
2026-02-07 17:30:00,956.9733333333334,1770485851.013495,154.9293276450512,153.00884864479195
2026-02-07 17:45:00,957.0433333333334,1770486750.9157088,153.89481506849316,152.00737535611842
2026-02-07 18:00:00,957.1466666666666,1770487650.8337412,155.83476450511947,153.9537556108121
2026-02-07 18:15:00,957.3166666666666,1770488550.7490294,154.70400684931508,152.88602101467626
2026-02-07 18:30:00,957.3933333333333,1770489450.5497057,153.73624232081912,151.95176175113946
2026-02-07 18:45:00,957.38,1770490350.4447646,153.24957534246573,151.46690650878205
2026-02-07 19:00:00,957.5533333333333,1770491250.3433983,153.3366348122867,151.60287292213988
2026-02-07 19:15:00,957.6033333333334,1770492150.1989162,153.97325342465754,152.2467561068011
2026-02-07 19:30:00,957.7033333333334,1770493049.9536126,154.19686348122866,152.49683047613624
2026-02-07 19:45:00,957.8333333333334,1770493951.413149,153.20909897610923,151.55738620689638
2026-02-07 20:00:00,957.91,1770494851.2921042,154.16473287671232,152.52493381435102
2026-02-07 20:15:00,958.0733333333334,1770495751.2291005,153.5488361774744,151.9627399906308
2026-02-07 20:30:00,958.1533333333333,1770496651.0746462,154.82491095890413,153.24892551198602
2026-02-07 20:45:00,958.2533333333334,1770497550.9538798,153.5386313993174,152.00461731422666
2026-02-07 21:00:00,958.3166666666666,1770498450.8905842,153.9784691780822,152.458405370539
2026-02-07 21:15:00,958.42,1770499350.8836331,153.45032081911265,151.96530377819028
2026-02-07 21:30:00,958.5099999999999,1770500250.8005064,154.92603767123288,153.45297758119523
2026-02-07 21:45:00,958.4533333333334,1770501150.7341483,154.8904300341297,153.40119142276941
2026-02-07 22:00:00,958.4933333333333,1770502050.6655226,153.36388698630137,151.90086978978306
2026-02-07 22:15:00,958.63,1770502950.6184912,155.488795221843,154.0455027192655
2026-02-07 22:30:00,958.7433333333333,1770503850.5184174,152.71125342465754,151.32632497176243
2026-02-07 22:45:00,958.8333333333334,1770504750.5903196,153.59613310580204,152.22920870561776
2026-02-07 23:00:00,958.9533333333333,1770505650.6037383,152.5453801369863,151.22228163278206
2026-02-07 23:15:00,958.9733333333334,1770506550.4423044,153.71392832764505,152.38648502661397
2026-02-07 23:30:00,959.0733333333334,1770507450.299034,153.5329006849315,152.23594278451975
2026-02-07 23:45:00,959.0600000000001,1770508349.9919026,153.70688737201365,152.40459876643595
2026-02-08 00:00:00,959.1433333333334,1770509251.3295407,152.89794539249147,151.62651621592593
2026-02-08 00:15:00,959.3166666666666,1770510151.2154717,153.40642808219178,152.18088058160419
2026-02-08 00:30:00,959.4266666666666,1770511051.1532567,154.01843686006828,152.81993611621127
2026-02-08 00:45:00,959.3866666666667,1770511951.1588058,152.79756506849316,151.5970427751679
2026-02-08 01:00:00,959.3299999999999,1770512851.1505942,153.21108873720138,151.9909521703733
2026-02-08 01:15:00,959.4233333333333,1770513751.1289563,154.8525479452055,153.64658343383317
2026-02-08 01:30:00,959.4533333333334,1770514651.006358,153.86644027303754,152.67685772830987
2026-02-08 01:45:00,959.52,1770515550.8551757,154.20265753424658,153.02985815852057
2026-02-08 02:00:00,959.5566666666667,1770516450.7715528,152.82266894197952,151.67093120865735
2026-02-08 02:15:00,959.5766666666667,1770517350.6794546,152.56896232876713,151.42489067473574
2026-02-08 02:30:00,959.59,1770518250.5826364,152.9686109215017,151.8253886097552
2026-02-08 02:45:00,959.66,1770519150.5174994,153.92214726027396,152.7921186241166
2026-02-08 03:00:00,959.6466666666666,1770520050.5665703,152.944023890785,151.81733011801052
2026-02-08 03:15:00,959.6666666666666,1770520950.577889,152.90376369863012,151.7831341603969
2026-02-08 03:30:00,959.6566666666668,1770521850.48364,152.7335972696246,151.6113342360449
2026-02-08 03:45:00,959.7066666666666,1770522750.4126213,152.80758561643836,151.6991896663382
2026-02-08 04:00:00,959.8933333333333,1770523650.3469303,152.00567235494879,150.95662290392843
2026-02-08 04:15:00,959.9,1770524550.2281325,153.85845205479453,152.79855129643784
2026-02-08 04:30:00,960.0733333333333,1770525450.0179594,152.95815358361776,151.95449024436112
2026-02-08 04:45:00,960.12,1770526349.985542,153.07294863013698,152.08201604948076
2026-02-08 05:00:00,960.1066666666667,1770527249.883662,152.80871672354948,151.8156486286221
2026-02-08 05:15:00,960.0333333333333,1770528151.2934318,152.6709010238908,151.65759613036263
2026-02-08 05:30:00,960.0766666666667,1770529051.1737745,152.62004452054794,151.6195600008906
2026-02-08 05:45:00,960.0633333333334,1770529951.061305,152.9958156996587,151.98901741466628
2026-02-08 06:00:00,960.07,1770530850.9928763,153.3708595890411,152.36352323062673
2026-02-08 06:15:00,960.09,1770531750.2069967,152.92755631399316,151.92890475021426
2026-02-08 06:30:00,960.1766666666667,1770532650.0352736,152.63410958904112,151.662345975722
2026-02-08 06:45:00,960.3133333333334,1770533549.8763502,153.14046075085324,152.2049908230241
2026-02-08 07:00:00,960.39,1770534449.907453,153.7036404109589,152.78698460802636
2026-02-08 07:15:00,960.4466666666667,1770535349.842735,152.4487167235495,151.55586165448156
2026-02-08 07:30:00,960.4566666666666,1770536251.2812858,152.39095221843004,151.50131395964374
2026-02-08 07:45:00,960.5633333333334,1770537151.1650195,154.10418150684933,153.23559424200585
2026-02-08 08:00:00,960.6700000000001,1770538051.099146,152.0703651877133,151.24389024122544
2026-02-08 08:15:00,960.7766666666666,1770538950.9915197,152.8753321917808,152.07529986629572
2026-02-08 08:30:00,960.8766666666667,1770539850.8938146,152.38035494880546,151.61171644456726
2026-02-08 08:45:00,960.94,1770540750.8479557,152.17084589041096,151.421484149522
2026-02-08 09:00:00,961.0366666666665,1770541650.7755706,152.91119112627987,152.1861325256913
2026-02-08 09:15:00,961.09,1770542550.6842914,152.03922260273973,151.33363297757117
2026-02-08 09:30:00,961.1,1770543450.6396134,153.00729351535838,152.30010490299242
2026-02-08 09:45:00,961.1366666666667,1770544350.5502026,153.87008219178082,153.16957627485655
2026-02-08 10:00:00,961.1966666666667,1770545250.5063264,152.9515255972696,152.27255956543445
2026-02-08 10:15:00,961.2433333333333,1770546150.4333947,152.46955479452055,151.8061878277939
2026-02-08 10:30:00,961.3133333333334,1770547050.3562188,153.09588737201366,152.4500698585423
2026-02-08 10:45:00,961.43,1770547950.2783186,152.9896575342466,152.37806153282872
2026-02-08 11:00:00,961.5033333333334,1770548850.2146566,153.54929010238908,152.9567673887768
2026-02-08 11:15:00,961.5133333333333,1770549750.1383958,153.69810616438357,153.10791821565547
2026-02-08 11:30:00,961.62,1770550650.0318563,153.71911945392492,153.1598880746801
2026-02-08 11:45:00,961.6566666666666,1770551551.418801,153.9803481228669,153.43085503555542
2026-02-08 12:00:00,961.6866666666666,1770552451.1883945,153.11469863013699,152.57699133360404
2026-02-08 12:15:00,961.69,1770553351.1444192,153.16060068259384,152.62369880120167
2026-02-08 12:30:00,961.7599999999999,1770554251.0208435,152.34832191780822,151.83446010616797
2026-02-08 12:45:00,961.7566666666667,1770555150.7104902,153.18656996587032,152.66891388733066
2026-02-08 13:00:00,961.77,1770556050.632165,154.18389726027397,153.66676380315815
2026-02-08 13:15:00,961.8766666666667,1770556950.5504901,153.12996587030716,152.64730068854107
2026-02-08 13:30:00,961.8966666666666,1770557850.4264622,154.52643493150683,154.045221690757
2026-02-08 13:45:00,961.8866666666667,1770558750.2517424,154.4495085324232,153.96560947503124
2026-02-08 14:00:00,961.9033333333333,1770559650.3023386,155.51846917808217,155.03613040617768
2026-02-08 14:15:00,961.9733333333334,1770560550.1832387,154.80882252559726,154.3492117948409
2026-02-08 14:30:00,962.0433333333334,1770561449.8978999,155.74635958904108,155.3046195525277
2026-02-08 14:45:00,962.1300000000001,1770562349.7926486,154.40192832764504,153.98935629888592
2026-02-08 15:00:00,962.2533333333334,1770563251.3814564,155.56864505119452,155.18931724866505
2026-02-08 15:15:00,962.2199999999999,1770564151.3246112,152.49946575342466,152.1179871807121
2026-02-08 15:30:00,962.2633333333333,1770565051.24611,154.30562457337885,153.93230111838645
2026-02-08 15:45:00,962.3633333333333,1770565951.1910093,154.07741438356166,153.73384971174306
2026-02-08 16:00:00,962.32,1770566851.1665514,152.85997269624573,152.50656580760986
2026-02-08 16:15:00,962.37,1770567751.182841,152.6051506849315,152.26679759452608
2026-02-08 16:30:00,962.4533333333333,1770568651.0888648,153.77958361774742,153.46292297073688
2026-02-08 16:45:00,962.4666666666667,1770569550.777307,152.8075308219178,152.49673501335192
2026-02-08 17:00:00,962.48,1770570450.3977907,154.5152696245734,154.2049069144947
2026-02-08 17:15:00,962.6966666666667,1770571350.3721626,154.08504109589043,153.8388598490663
2026-02-08 17:30:00,962.6633333333333,1770572250.2967174,153.8737986348123,153.61822542711437
2026-02-08 17:45:00,962.79,1770573150.2910457,153.56947602739726,153.35131038542292
2026-02-08 18:00:00,962.85,1770574050.375776,152.1044675767918,151.90569943472573
2026-02-08 18:15:00,962.8766666666667,1770574950.5371678,153.1652191780822,152.97281528590037
2026-02-08 18:30:00,962.91,1770575850.4456823,155.0155119453925,154.83058936950343
2026-02-08 18:45:00,962.9166666666666,1770576750.3670645,153.39299657534247,153.21195021830107
2026-02-08 19:00:00,962.9500000000002,1770577650.2358491,154.58955631399317,154.41687710985477
2026-02-08 19:15:00,963.0566666666667,1770578550.1488318,153.77174315068493,153.63111020808367
2026-02-08 19:30:00,963.0366666666667,1770579450.075861,153.32968941979522,153.18363967138612
2026-02-08 19:45:00,963.1766666666666,1770580349.9859958,153.57763356164384,153.472165808282
2026-02-08 20:00:00,963.2633333333333,1770581249.886358,153.58553583617746,153.50533778726142
2026-02-08 20:15:00,963.25,1770582151.3456395,152.44175085324233,152.3582902644442
2026-02-08 20:30:00,963.3233333333334,1770583051.3022954,152.66447260273972,152.6021511608107
2026-02-08 20:45:00,963.4366666666666,1770583951.2192712,151.97678498293513,151.94746010277345
2026-02-08 21:00:00,963.4566666666666,1770584851.130179,152.5205479452055,152.49691291513662
2026-02-08 21:15:00,963.5833333333334,1770585750.8839104,151.7761194539249,151.789125970161
2026-02-08 21:30:00,963.64,1770586650.6990292,152.26005479452056,152.28949840180684
2026-02-08 21:45:00,963.7066666666666,1770587550.7278001,153.4644266211604,153.51354694418526
2026-02-08 22:00:00,963.6933333333333,1770588450.682349,153.13926027397258,153.1843957984463
2026-02-08 22:15:00,963.7633333333333,1770589350.6128204,152.2763208191126,152.34146207211882
2026-02-08 22:30:00,963.8299999999999,1770590250.5966754,152.14646232876711,152.23082938103533
2026-02-08 22:45:00,963.8633333333333,1770591150.5512989,153.22933447098976,153.3240122022284
2026-02-08 23:00:00,963.86,1770592050.4875488,153.1304006849315,153.22404686467408
2026-02-08 23:15:00,963.9,1770592950.448803,152.31600682593856,152.42073850287508
2026-02-08 23:30:00,963.9833333333332,1770593850.35616,153.59251369863014,153.722460557731
2026-02-08 23:45:00,963.9966666666666,1770594750.2853584,151.9214675767918,152.05385263041038
2026-02-09 00:00:00,963.9900000000001,1770595650.2322388,153.35662671232876,153.48831817242913
2026-02-09 00:15:00,964.02,1770596550.153453,151.72723208191127,151.86618046260202
2026-02-09 00:30:00,964.0366666666667,1770597450.0962029,151.71354452054797,151.85728910449467
2026-02-09 00:45:00,964.0,1770598349.9999814,153.29804778156998,153.43260413015096
2026-02-09 01:00:00,963.9766666666668,1770599251.2497292,152.54986348122867,152.67699428586212
2026-02-09 01:15:00,964.1633333333333,1770600151.1218066,153.1043767123288,153.28632554327606
2026-02-09 01:30:00,964.32,1770601051.0420256,153.6469385665529,153.8753289163748
2026-02-09 01:45:00,964.4966666666668,1770601950.935251,151.54728767123288,151.82351050910464
2026-02-09 02:00:00,964.6,1770602850.8363523,152.4418566552901,152.7496969232132
2026-02-09 02:15:00,964.7233333333334,1770603750.7497537,152.63875684931506,152.98283951518331
2026-02-09 02:30:00,964.8933333333333,1770604650.7030637,150.97662457337884,151.36584368541037
2026-02-09 02:45:00,964.8633333333333,1770605550.5949967,151.35208219178082,151.7336201741234
2026-02-09 03:00:00,964.8966666666666,1770606450.5068462,151.78636177474402,152.1786321916011
2026-02-09 03:15:00,965.0166666666668,1770607350.3897166,151.93660616438356,152.3639998986811
2026-02-09 03:30:00,965.1,1770608250.3611588,152.75939931740615,153.2133644098254
2026-02-09 03:45:00,965.12,1770609150.2114682,151.68740753424657,152.14396827955872
2026-02-09 04:00:00,965.2166666666667,1770610050.1671116,152.07141296928327,152.55714661411062
2026-02-09 04:15:00,965.2866666666667,1770610950.1095572,152.2077773972603,152.71425625126963
2026-02-09 04:30:00,965.3866666666667,1770611850.1359897,150.86125597269623,151.3920159611192
2026-02-09 04:45:00,965.4333333333334,1770612750.0227087,152.35956849315068,152.9091571880849
2026-02-09 05:00:00,965.5266666666666,1770613649.881954,152.5836313993174,153.16118650558067
2026-02-09 05:15:00,965.6066666666666,1770614549.7897716,151.5307191780822,152.12741044084996
2026-02-09 05:30:00,965.6,1770615449.7219086,151.5776348122867,152.17258328586038
2026-02-09 05:45:00,965.6333333333333,1770616351.17739,151.55164163822525,152.156124336908
2026-02-09 06:00:00,965.6133333333333,1770617251.074255,152.41159246575342,153.01369055526914
2026-02-09 06:15:00,965.7366666666667,1770618150.971056,150.37898976109216,151.0084402711194
2026-02-09 06:30:00,965.8233333333334,1770619050.8554647,151.28304794520548,151.9413002343174
2026-02-09 06:45:00,965.85,1770619950.760596,151.57250853242323,152.2397335867646
2026-02-09 07:00:00,965.8833333333333,1770620850.692105,150.17084589041096,150.84145378880424
2026-02-09 07:15:00,966.0433333333334,1770621750.5814292,151.90144368600681,152.62617110335955
2026-02-09 07:30:00,966.0799999999999,1770622650.5032213,152.57804452054793,153.31668071559884
2026-02-09 07:45:00,966.1433333333333,1770623550.446657,151.64525255972697,152.3977104941111
2026-02-09 08:00:00,966.1300000000001,1770624450.3846374,151.9602602739726,152.71041255178022
2026-02-09 08:15:00,966.15,1770625350.2851071,152.84984982935154,153.61023064651036
2026-02-09 08:30:00,966.1633333333333,1770626250.19007,151.79949657534246,152.55851697612292
2026-02-09 08:45:00,966.2599999999999,1770627150.0777695,151.93921501706487,152.72698231105315
2026-02-09 09:00:00,966.2133333333333,1770628050.027762,151.33306506849314,152.1042024542046
2026-02-09 09:15:00,966.1766666666666,1770628949.845611,151.55094539249149,152.31258153635662
2026-02-09 09:30:00,966.2800000000001,1770629851.2020898,150.6268976109215,151.41361447139155
2026-02-09 09:45:00,966.2866666666667,1770630751.154392,151.45112328767124,152.24407345093454
2026-02-09 10:00:00,966.2933333333334,1770631651.1032238,152.96517747440274,153.7680024620453
2026-02-09 10:15:00,966.2333333333332,1770632551.030686,151.06863698630139,151.84419691405833
2026-02-09 10:30:00,966.27,1770633450.8992078,150.62710580204777,151.41094691456854
2026-02-09 10:45:00,966.3566666666667,1770634350.792037,150.7260719178082,151.53537880668708
2026-02-09 11:00:00,966.54,1770635250.7124915,151.26229692832766,152.12746485651428
2026-02-09 11:15:00,966.64,1770636150.6266425,150.7665308219178,151.65767536082257
2026-02-09 11:30:00,966.5166666666668,1770637050.5729387,151.39799317406144,152.2571870195036
2026-02-09 11:45:00,966.4333333333334,1770637950.5067852,150.3867294520548,151.2162398406536
2026-02-09 12:00:00,966.4033333333333,1770638850.4226067,152.3292866894198,153.16078151572682
2026-02-09 12:15:00,966.4266666666666,1770639750.2867627,150.4435616438356,151.2714693927694
2026-02-09 12:30:00,966.4166666666666,1770640650.2147517,152.69930716723547,153.53671131089266
2026-02-09 12:45:00,966.41,1770641550.110845,152.50561301369865,153.34001261803996
2026-02-09 13:00:00,966.2866666666667,1770642450.0223045,152.10283617747442,152.8991985032305
2026-02-09 13:15:00,966.1166666666667,1770643349.950732,152.44454794520547,153.1932099667348
2026-02-09 13:30:00,965.96,1770644249.8251371,151.5848771331058,152.2839806604932
2026-02-09 13:45:00,966.0366666666667,1770645151.1639626,153.26544027303754,153.9947247564565
2026-02-09 14:00:00,966.16,1770646051.088855,153.72057191780823,154.4882195568462
2026-02-09 14:15:00,966.15,1770646951.0303838,151.84616040955632,152.60154818169713
2026-02-09 14:30:00,966.0166666666668,1770647850.9583392,151.0635,151.77653935082827
2026-02-09 14:45:00,965.8033333333333,1770648750.8873441,151.79396928327645,152.44865149899633
2026-02-09 15:00:00,965.8266666666667,1770649650.511257,152.19408904109588,152.8572734819371
2026-02-09 15:15:00,965.8833333333333,1770650550.4480412,152.32013651877133,153.00034236051224
2026-02-09 15:30:00,965.7199999999999,1770651450.369723,152.98790410958904,153.6234100931938
2026-02-09 15:45:00,965.63,1770652350.2888622,151.80563481228668,152.41016532710998
2026-02-09 16:00:00,965.52,1770653250.2056632,150.79840410958903,151.3672844945623
2026-02-09 16:15:00,965.48,1770654150.1341872,152.17196245733788,152.73441627436628
2026-02-09 16:30:00,965.5,1770655050.0987577,152.64680479452053,153.21683583985987
2026-02-09 16:45:00,965.5766666666667,1770655950.0272949,153.55517747440274,154.15105370301833
2026-02-09 17:00:00,965.4433333333333,1770656850.0086122,152.68472602739726,153.23839912666432
2026-02-09 17:15:00,965.4666666666667,1770657749.9226718,152.98600682593857,153.54757957005663
2026-02-09 17:30:00,965.5266666666666,1770658651.355325,152.70961774744026,153.28764973354976
2026-02-09 17:45:00,965.4266666666667,1770659551.2627032,151.84922602739726,152.39504347472584
2026-02-09 18:00:00,965.4133333333333,1770660451.1559234,152.47998976109216,153.02419780745646
2026-02-09 18:15:00,965.2466666666666,1770661351.1122239,152.10135273972602,152.5958797328932
2026-02-09 18:30:00,965.1766666666666,1770662251.0137897,152.41655972696248,152.89177559386226
2026-02-09 18:45:00,965.0566666666667,1770663150.9240904,153.02204452054795,153.46415439734315
2026-02-09 19:00:00,965.0333333333333,1770664050.8085515,154.30272354948804,154.74167318604927
2026-02-09 19:15:00,964.9066666666666,1770664950.3317566,154.06569520547944,154.466791078852
2026-02-09 19:30:00,964.9933333333333,1770665850.4692905,153.65025255972697,154.0756358989689
2026-02-09 19:45:00,965.0033333333332,1770666750.3563614,151.70747602739726,152.13037120633817
2026-02-09 20:00:00,965.0366666666667,1770667649.9877536,153.2495699658703,153.68649700922992
2026-02-09 20:15:00,965.0466666666666,1770668549.945903,151.81005479452054,152.24577030468416
2026-02-09 20:30:00,965.0666666666666,1770669450.3928258,152.7032662116041,153.1473648493444
2026-02-09 20:45:00,965.0099999999999,1770670350.4783926,152.83447945205478,153.26245754387645
2026-02-09 21:00:00,964.9933333333333,1770671250.4167886,152.59234470989762,153.0147992132524
2026-02-09 21:15:00,964.8666666666667,1770672150.3697062,152.48904109589043,152.8744133983083
2026-02-09 21:30:00,964.7933333333334,1770673050.313678,152.46688737201367,152.8309077638537
2026-02-09 21:45:00,964.8266666666667,1770673950.2252457,153.36843493150684,153.74434463532984
2026-02-09 22:00:00,964.8833333333333,1770674850.1857522,152.57305119453926,152.96347957520555
2026-02-09 22:15:00,964.77,1770675750.1136038,153.40278424657532,153.76222218422325
2026-02-09 22:30:00,964.8566666666667,1770676649.9639497,153.10720477815698,153.49122295098985
2026-02-09 22:45:00,964.9166666666666,1770677549.9198794,153.05416438356164,153.455542457043
2026-02-09 23:00:00,964.8633333333333,1770678449.8897061,152.36021843003414,152.74429778650713
2026-02-09 23:15:00,964.8000000000001,1770679351.3537114,150.9301604095563,151.29242816696024
2026-02-09 23:30:00,964.8166666666666,1770680251.26251,152.45227739726027,152.8230379117399
2026-02-09 23:45:00,964.7333333333332,1770681151.219388,152.07147098976108,152.41717076229898
2026-02-10 00:00:00,964.6966666666667,1770682051.147768,150.7281609589041,151.0602827897968
2026-02-10 00:15:00,964.8233333333333,1770682951.0831325,153.08269965870306,153.45693712152251
2026-02-10 00:30:00,964.7666666666668,1770683851.028035,152.13532191780823,152.49082428723693
2026-02-10 00:45:00,964.8766666666667,1770684750.979366,152.54027303754268,152.92868043131944
2026-02-10 01:00:00,964.9466666666667,1770685650.9260194,151.60304452054794,152.00928137566
2026-02-10 01:15:00,964.93,1770686550.83539,153.8004505119454,154.20769223462506
2026-02-10 01:30:00,964.96,1770687450.7999547,150.97271575342467,151.38109851326627
2026-02-10 01:45:00,965.0300000000001,1770688350.8137064,151.94452559726963,152.37580174680886
2026-02-10 02:00:00,965.0366666666665,1770689250.7694879,152.85980136986302,153.29561715111404
2026-02-10 02:15:00,965.04,1770690150.705761,153.17677474402728,153.61446713080687
2026-02-10 02:30:00,965.0300000000001,1770691050.6400726,152.01351712328767,152.44498909692504
2026-02-10 02:45:00,965.0166666666668,1770691950.5784936,152.26494197952218,152.69325931395582
2026-02-10 03:00:00,965.0933333333334,1770692850.4817119,151.46990753424657,151.9181162513168
2026-02-10 03:15:00,965.0766666666667,1770693750.397498,151.40590102389078,151.84911171044317
2026-02-10 03:30:00,965.0266666666666,1770694650.293247,152.00890068493152,152.43939410281396
2026-02-10 03:45:00,964.98,1770695550.2237873,153.26129351535837,153.68170669564802
2026-02-10 04:00:00,964.9566666666666,1770696450.2467208,151.60368835616438,152.0128151525538
2026-02-10 04:15:00,964.8833333333333,1770697350.2152126,153.24784982935154,153.64000499293397
2026-02-10 04:30:00,964.8566666666666,1770698250.166974,152.36594520547945,152.7481041767998
2026-02-10 04:45:00,964.8133333333334,1770699150.0918894,151.86678156996587,152.23515401271547
2026-02-10 05:00:00,964.7733333333332,1770700049.999748,152.13218150684932,152.48960806072182
2026-02-10 05:15:00,964.73,1770700949.8116066,152.03175767918088,152.3764021189707
2026-02-10 05:30:00,964.7333333333332,1770701851.1801984,152.25212969283277,152.5982401516891
2026-02-10 05:45:00,964.8133333333334,1770702751.1028376,152.01070547945204,152.37942702818492
2026-02-10 06:00:00,964.8766666666667,1770703651.021071,152.92196928327647,153.3113485754317
2026-02-10 06:15:00,964.9666666666667,1770704550.9170635,152.83225684931506,153.2476108111914
2026-02-10 06:30:00,965.0466666666666,1770705450.9015262,152.25448122866894,152.69147230316028
2026-02-10 06:45:00,965.1166666666667,1770706350.8001416,151.71038698630136,152.1660531755955
2026-02-10 07:00:00,965.0466666666666,1770707250.717242,152.88315699658702,153.3219524560601
2026-02-10 07:15:00,965.0466666666666,1770708150.639812,152.0674691780822,152.50392350254643
2026-02-10 07:30:00,964.9933333333333,1770709050.572937,152.9081672354949,153.33149609888687
2026-02-10 07:45:00,964.9666666666667,1770709950.4866934,152.53303767123288,152.94757844174734
2026-02-10 08:00:00,965.0666666666666,1770710850.3509593,151.42078498293515,151.86115384998547
2026-02-10 08:15:00,965.0966666666667,1770711750.2202883,152.55451369863013,153.00690087228912
2026-02-10 08:30:00,965.1066666666667,1770712650.139227,151.05869965870306,151.5095297793326
2026-02-10 08:45:00,965.19,1770713550.0555117,153.29616438356166,153.77801840877945
2026-02-10 09:00:00,965.2333333333332,1770714449.9645748,153.06079863481227,153.5545549755662
2026-02-10 09:15:00,965.29,1770715351.3640654,152.89395904436861,153.4036927551503
2026-02-10 09:30:00,965.2199999999999,1770716251.2338917,152.24433561643835,152.731588893159
2026-02-10 09:45:00,965.1899999999999,1770717151.1281898,152.89009556313994,153.37067319702447
2026-02-10 10:00:00,965.2966666666666,1770718051.0574563,153.8987191780822,154.41375855744812
2026-02-10 10:15:00,965.34,1770718950.9239826,151.9802866894198,152.50146125538427
2026-02-10 10:30:00,965.3866666666667,1770719850.8354268,152.2294109589041,152.76498438945282
2026-02-10 10:45:00,965.4466666666667,1770720750.7506278,152.6109010238908,153.1652764588641
2026-02-10 11:00:00,965.4566666666666,1770721650.6782837,152.69432534246576,153.25191558394113
2026-02-10 11:15:00,965.4733333333334,1770722550.5885477,153.14148122866894,153.70557160470972
2026-02-10 11:30:00,965.5166666666668,1770723450.512014,153.34200684931508,153.91950803775245
2026-02-10 11:45:00,965.5333333333333,1770724350.4365666,153.91272354948805,154.49726644953077
2026-02-10 12:00:00,965.5466666666667,1770725250.352462,153.5608287671233,154.14794024276574
2026-02-10 12:15:00,965.6,1770726150.1709497,151.6383481228669,152.23353489869075
2026-02-10 12:30:00,965.5933333333334,1770727050.1685786,154.01430479452057,154.61685880574194
2026-02-10 12:45:00,965.59,1770727950.0720954,151.93896587030716,152.53243443941224
2026-02-10 13:00:00,965.5733333333334,1770728849.9845824,153.01092465753425,153.60371606747196
2026-02-10 13:15:00,965.61,1770729749.8601701,152.6461467576792,153.24820087290084
2026-02-10 13:30:00,965.6466666666666,1770730651.288838,152.00087030716722,152.61101090728354
2026-02-10 13:45:00,965.6833333333334,1770731551.208591,153.40813698630137,154.03465714650406
2026-02-10 14:00:00,965.7466666666666,1770732451.1210814,153.36182593856654,154.00668798719795
2026-02-10 14:15:00,965.7933333333334,1770733351.0021403,153.36925684931506,154.02780667048572
2026-02-10 14:30:00,965.87,1770734250.9198513,153.0546313993174,153.7342225760632
2026-02-10 14:45:00,965.8766666666667,1770735150.6832752,153.13305479452055,153.81494249606777
2026-02-10 15:00:00,965.82,1770736050.5582511,152.11519112627985,152.77609659398604
2026-02-10 15:15:00,965.8666666666667,1770736950.453964,152.9561198630137,153.63430060980332
2026-02-10 15:30:00,965.8833333333332,1770737850.352591,153.1556313993174,153.83956825464242
2026-02-10 15:45:00,965.8366666666667,1770738750.2477865,152.87878082191781,153.5478661830781
2026-02-10 16:00:00,965.7266666666666,1770739650.1723492,152.88231740614336,153.51932935242047
2026-02-10 16:15:00,965.8000000000001,1770740550.093176,153.2237705479452,153.8836448482822
2026-02-10 16:30:00,965.7466666666666,1770741449.9979951,152.81001706484642,153.45255884506304
2026-02-10 16:45:00,965.8066666666667,1770742351.4289687,152.8304061433447,153.49053057953114
2026-02-10 17:00:00,965.7533333333334,1770743251.1903398,153.46068835616438,154.1079181267806
2026-02-10 17:15:00,965.8033333333333,1770744151.1151388,151.24127986348122,151.89357834857157
2026-02-10 17:30:00,965.8333333333334,1770745051.078174,152.57497602739724,153.24176123003804
2026-02-10 17:45:00,965.87,1770745951.0031912,153.97183276450514,154.65549648678177
2026-02-10 18:00:00,965.7766666666666,1770746850.9304237,152.4195890410959,153.06921383019719
2026-02-10 18:15:00,965.86,1770747750.8523932,153.3686723549488,154.04673101655217
2026-02-10 18:30:00,965.9200000000001,1770748650.7592964,152.4536815068493,153.14515245216322
2026-02-10 18:45:00,965.9033333333333,1770749550.6663377,152.57547781569966,153.26264778794678
2026-02-10 19:00:00,965.7600000000001,1770750450.56023,152.6243184931507,153.26996223031483
2026-02-10 19:15:00,965.8666666666667,1770751350.498451,153.06566552901023,153.7443319821687
2026-02-10 19:30:00,965.9699999999999,1770752250.4166956,153.67404452054797,154.38571650700098
2026-02-10 19:45:00,965.9866666666667,1770753150.3676815,152.25601023890783,152.9659590848657
2026-02-10 20:00:00,966.07,1770754050.2667332,153.33343493150684,154.07280058963423
2026-02-10 20:15:00,966.0666666666666,1770754950.241926,152.4836894197952,153.21798726665574
2026-02-10 20:30:00,965.9833333333332,1770755850.1317306,152.33051369863014,153.0398406885854
2026-02-10 20:45:00,965.9733333333334,1770756750.0336065,151.72807167235493,152.43169716144092
2026-02-10 21:00:00,966.0933333333334,1770757649.9396167,153.50359589041096,154.25062034820652
2026-02-10 21:15:00,966.0933333333332,1770758549.9024987,152.61664846416383,153.35935659688343
2026-02-10 21:30:00,966.0099999999999,1770759451.3549457,152.38759726962456,153.1049471900194
2026-02-10 21:45:00,966.1466666666666,1770760351.2707267,153.68115410958904,154.4446922560979
2026-02-10 22:00:00,966.1666666666666,1770761251.2020261,152.22862457337885,152.9907596173463
2026-02-10 22:15:00,966.25,1770762151.1635814,153.71244520547944,154.50647060909625
2026-02-10 22:30:00,966.1700000000001,1770763051.043784,152.29114675767917,153.05456416246588
2026-02-10 22:45:00,966.1933333333333,1770763950.9491565,153.37817465753426,154.15387520753495
2026-02-10 23:00:00,966.2366666666667,1770764850.8330765,152.47108191126281,153.25481235641206
2026-02-10 23:15:00,966.2599999999999,1770765750.7474563,153.91157876712327,154.70957227989234
2026-02-10 23:30:00,966.3433333333332,1770766650.6502976,153.56963139931742,154.390295194396
2026-02-10 23:45:00,966.3366666666667,1770767550.5520217,153.54436301369861,154.36293650030512
2026-02-11 00:00:00,966.4,1770768450.450867,152.8462866894198,153.67963027119762
2026-02-11 00:15:00,966.2666666666668,1770769350.3863754,152.53051712328767,153.3232922553537
2026-02-11 00:30:00,966.3433333333332,1770770250.3330653,152.61919795221843,153.43478270717327
2026-02-11 00:45:00,966.2933333333334,1770771150.249848,152.16661643835616,152.96525024494377
2026-02-11 01:00:00,966.1566666666668,1770772050.1318288,153.469819112628,154.235237719554
2026-02-11 01:15:00,966.19,1770772950.0768068,152.47127397260275,153.24141739691524
2026-02-11 01:30:00,966.1166666666667,1770773849.9847355,152.85829692832763,153.6089908896953
2026-02-11 01:45:00,966.07,1770774749.945353,153.22471575342465,153.9635571734647
2026-02-11 02:00:00,966.1366666666667,1770775649.8688812,151.74050511945393,152.49150412210525
2026-02-11 02:15:00,966.1666666666666,1770776551.319622,152.56046416382253,153.32426056800762
2026-02-11 02:30:00,966.1433333333334,1770777451.2291408,154.00751369863013,154.77169308229838
2026-02-11 02:45:00,966.1733333333333,1770778351.1172307,153.44266894197952,154.2128354687095
2026-02-11 03:00:00,966.2233333333334,1770779251.0447745,153.42540410958904,154.21013324668263
2026-02-11 03:15:00,966.15,1770780150.9747021,153.80635153583617,154.57149065370646
2026-02-11 03:30:00,966.1166666666667,1770781050.947877,152.88919520547944,153.6400409096739
2026-02-11 03:45:00,966.0966666666667,1770781950.8812027,153.59227986348122,154.3407133894638
2026-02-11 04:00:00,966.0766666666667,1770782850.7586405,153.0621404109589,153.80214604953315
2026-02-11 04:15:00,966.1133333333333,1770783750.6616893,152.24942320819113,152.99615798463788
2026-02-11 04:30:00,966.12,1770784650.5674186,154.20829452054795,154.96659983274628
2026-02-11 04:45:00,966.09,1770785550.488355,154.16501365187713,154.91427576894452
2026-02-11 05:00:00,966.0933333333332,1770786450.4205213,153.13890753424658,153.8841572380375
2026-02-11 05:15:00,966.0833333333334,1770787350.3334682,153.79525938566553,154.54076691989036
2026-02-11 05:30:00,966.04,1770788250.24887,152.89552739726028,153.62402466960327
2026-02-11 05:45:00,966.0066666666667,1770789150.1554534,153.2068225255973,153.927053995463
2026-02-11 06:00:00,965.9666666666667,1770790050.0576284,152.98767123287672,153.69519118523772
2026-02-11 06:15:00,965.9133333333333,1770790949.9878745,153.47892491467576,154.17309309607745
2026-02-11 06:30:00,965.8533333333334,1770791849.8951433,152.31058561643835,152.98202858320047
2026-02-11 06:45:00,965.7866666666667,1770792749.7250483,153.7584470989761,154.41671210058368
2026-02-11 07:00:00,965.7800000000001,1770793651.1331081,152.89684982935154,153.54948122004288
2026-02-11 07:15:00,965.8000000000001,1770794551.068405,152.76674315068493,153.42464921441655
2026-02-11 07:30:00,965.8033333333333,1770795451.0194643,153.40675085324233,154.06838894090285
2026-02-11 07:45:00,965.8066666666667,1770796350.936477,153.68892465753424,154.35275731556237
2026-02-11 08:00:00,965.9033333333333,1770797250.8456604,154.5188361774744,155.21475865392893
2026-02-11 08:15:00,965.8966666666666,1770798150.7693782,154.27803767123288,154.97091266120435
2026-02-11 08:30:00,965.9633333333335,1770799050.6565344,153.39594539249148,154.10437748719067
2026-02-11 08:45:00,966.0666666666666,1770799950.5519288,151.22960273972603,151.9578614282185
2026-02-11 09:00:00,966.0866666666667,1770800850.4312313,153.80949146757678,154.55604684229556
2026-02-11 09:15:00,966.1533333333333,1770801750.3388617,152.50121575342467,153.26083287254914
2026-02-11 09:30:00,966.2199999999999,1770802650.2404413,151.92393174061434,152.70001415250547
2026-02-11 09:45:00,966.3766666666667,1770803550.0698605,154.09830821917808,154.93160924532097
2026-02-11 10:00:00,966.5,1770804449.9163284,153.39893174061433,154.2645959247958
2026-02-11 10:15:00,966.6133333333333,1770805351.3211527,152.57284982935153,153.46689523049585
2026-02-11 10:30:00,966.6666666666666,1770806251.2429252,152.89751712328766,153.8090502018371
2026-02-11 10:45:00,966.6999999999999,1770807151.1446538,153.27958361774742,154.2031603628889
2026-02-11 11:00:00,966.6866666666666,1770808051.0329773,153.07351369863014,153.9919476033385
2026-02-11 11:15:00,966.7266666666666,1770808950.8877072,152.14615699658702,153.07065973264886
2026-02-11 11:30:00,966.71,1770809850.822419,152.92831506849313,153.8526984400009
2026-02-11 11:45:00,966.7800000000001,1770810750.6667702,153.07020136518773,154.01592513190602
2026-02-11 12:00:00,966.7266666666668,1770811650.5455866,153.65195205479452,154.5856046220368
2026-02-11 12:15:00,966.87,1770812550.3579092,152.10846416382253,153.0744194536996
2026-02-11 12:30:00,966.75,1770813450.23034,152.20314041095892,153.13477822640573
2026-02-11 12:45:00,966.7366666666667,1770814350.1187992,154.26917064846415,155.20952264309852
2026-02-11 13:00:00,966.7233333333334,1770815250.0266573,153.84399657534246,154.77783582148533
2026-02-11 13:15:00,966.91,1770816149.907905,152.4217986348123,153.40140179917833
2026-02-11 13:30:00,966.9699999999999,1770817049.8471014,153.1923493150685,154.19448191835028
2026-02-11 13:45:00,967.02,1770817949.752895,153.39521843003413,154.41334670570896
2026-02-11 14:00:00,967.0466666666666,1770818851.2018425,153.09052218430034,154.11443637013892
2026-02-11 14:15:00,967.1566666666666,1770819751.100743,152.99247602739726,154.04792710437894
2026-02-11 14:30:00,967.2466666666666,1770820651.026955,153.46761774744027,154.552772955118
2026-02-11 14:45:00,967.2133333333335,1770821550.900178,153.7670890410959,154.84455465000224
2026-02-11 15:00:00,967.2066666666666,1770822450.8406959,152.47183276450514,153.538277516947
2026-02-11 15:15:00,967.1966666666667,1770823350.7180288,152.6585273972603,153.72335718992255
2026-02-11 15:30:00,967.2833333333333,1770824250.6436002,153.25027986348124,154.34465059803966
2026-02-11 15:45:00,967.2666666666668,1770825150.5758553,153.38479794520546,154.47523748928305
2026-02-11 16:00:00,967.3633333333333,1770826050.5568626,152.4464675767918,153.55843734146936
2026-02-11 16:15:00,967.3766666666667,1770826950.506601,153.54540753424658,154.669311388441
2026-02-11 16:30:00,967.2800000000001,1770827850.4647446,152.3914061433447,153.4786715672351
2026-02-11 16:45:00,967.31,1770828750.3652682,153.36291438356164,154.46591552372587
2026-02-11 17:00:00,967.4966666666666,1770829650.3129487,152.30137883959043,153.45115967312879
2026-02-11 17:15:00,967.59,1770830550.2093835,152.74240753424658,153.92281108565297
2026-02-11 17:30:00,967.61,1770831450.1185062,152.09060068259387,153.2717912444192
2026-02-11 17:45:00,967.7766666666666,1770832350.0095427,151.36717808219177,152.59106313608598
2026-02-11 18:00:00,967.69,1770833249.9172332,151.59719453924916,152.7977766276932
2026-02-11 18:15:00,967.79,1770834151.278996,152.39180546075085,153.62786703480677
2026-02-11 18:30:00,967.79,1770835051.111251,152.11608219178083,153.3499073533419
2026-02-11 18:45:00,967.8366666666667,1770835951.0485618,151.59008532423206,152.8331946942009
2026-02-11 19:00:00,967.9466666666667,1770836850.9638538,152.43332191780823,153.71546939707093
2026-02-11 19:15:00,968.14,1770837750.8817496,151.60560068259386,152.93695455564426
2026-02-11 19:30:00,968.2599999999999,1770838650.8154612,150.60896575342466,151.96621183098353
2026-02-11 19:45:00,968.3566666666667,1770839550.761261,151.299638225256,152.6911501502193
2026-02-11 20:00:00,968.52,1770840450.7284815,151.70340753424657,153.1461519320417
2026-02-11 20:15:00,968.5266666666666,1770841350.683185,151.21426279863482,152.65428889367035
2026-02-11 20:30:00,968.6033333333334,1770842250.6633353,152.6200308219178,154.0958891633675
2026-02-11 20:45:00,968.7199999999999,1770843150.609453,150.41082593856657,151.89898815181317
2026-02-11 21:00:00,968.96,1770844050.5590482,152.53094520547944,154.11034213944063
2026-02-11 21:15:00,969.04,1770844950.4872682,151.14105802047783,152.72927631427413
2026-02-11 21:30:00,969.1266666666667,1770845850.3950799,151.82705479452054,153.44774731855549
2026-02-11 21:45:00,969.16,1770846750.319251,151.87444027303755,153.50536031622454
2026-02-11 22:00:00,969.2566666666667,1770847650.2276437,151.06101369863012,152.71124406247029
2026-02-11 22:15:00,969.4033333333333,1770848550.1481233,151.75683276450513,153.45742194980625
2026-02-11 22:30:00,969.48,1770849450.0646887,151.17975,152.8961426371788
2026-02-11 22:45:00,969.5633333333334,1770850350.0181887,151.10045051194538,152.84014060959007
2026-02-11 23:00:00,969.6466666666666,1770851249.9705489,151.7629691780822,153.53459488251013
2026-02-11 23:15:00,969.6966666666667,1770852149.8927495,152.41946757679182,154.21340658251046
2026-02-11 23:30:00,969.8100000000001,1770853051.3547235,150.51824914675768,152.32260789081516
2026-02-11 23:45:00,969.9699999999999,1770853951.2662404,152.23725000000002,154.10905754241455
2026-02-12 00:00:00,970.1033333333334,1770854851.179484,150.10899658703073,151.99313659805952
2026-02-12 00:15:00,970.1733333333333,1770855751.1184509,150.8976404109589,152.8120019763364
2026-02-12 00:30:00,970.1300000000001,1770856651.0727654,151.2262662116041,153.13218848270495
2026-02-12 00:45:00,970.2199999999999,1770857551.0320363,152.07552739726026,154.01848791587076
2026-02-12 01:00:00,970.3166666666666,1770858450.9481976,151.44660409556315,153.409702971258
2026-02-12 01:15:00,970.34,1770859350.8891764,152.57624657534248,154.5608402802081
2026-02-12 01:30:00,970.4,1770860250.8208094,151.54755972696245,153.5362752073525
2026-02-12 01:45:00,970.4066666666668,1770861150.7479563,151.2665684931507,153.25353780476286
2026-02-12 02:00:00,970.3733333333333,1770862050.6741824,150.7237781569966,152.69394669708254
2026-02-12 02:15:00,970.5166666666668,1770862950.5678768,151.57819520547946,153.60135723397784
2026-02-12 02:30:00,970.6333333333333,1770863850.464726,151.32191467576794,153.37565054846377
2026-02-12 02:45:00,970.69,1770864750.3805158,151.32194520547947,153.39219582990341
2026-02-12 03:00:00,970.7033333333334,1770865650.3233733,150.84662457337885,152.91424606732798
2026-02-12 03:15:00,970.7266666666668,1770866550.2428021,151.52266438356165,153.60636193754334
2026-02-12 03:30:00,970.8366666666667,1770867450.1470194,152.2477542662116,154.37368378321568
2026-02-12 03:45:00,970.8666666666667,1770868350.0988348,151.1005410958904,153.21918461077826
2026-02-12 04:00:00,970.86,1770869250.0555134,151.20202730375428,153.32015173140596
2026-02-12 04:15:00,970.8933333333334,1770870150.0054007,151.23313698630136,153.36140979788775
2026-02-12 04:30:00,970.89,1770871049.916315,150.81194197952217,152.93331881971105
2026-02-12 04:45:00,970.9266666666666,1770871949.8653135,151.55539383561646,153.69793559586418
2026-02-12 05:00:00,970.8233333333334,1770872849.791139,151.70543003412968,153.81988992269567
2026-02-12 05:15:00,970.8000000000001,1770873751.2805216,150.60292832764506,152.69525198340853
2026-02-12 05:30:00,970.6833333333334,1770874651.2602282,153.6244897260274,155.72426917177873
2026-02-12 05:45:00,970.71,1770875551.193974,150.44323208191125,152.50725611007667
2026-02-12 06:00:00,970.7233333333334,1770876451.1260343,151.44191095890412,153.52352569549933
2026-02-12 06:15:00,970.7366666666667,1770877351.0775273,151.7543686006826,153.844175498205
2026-02-12 06:30:00,970.75,1770878251.0065663,151.15033219178082,153.23570283588407
2026-02-12 06:45:00,970.75,1770879150.9284205,149.7928156996587,151.859457142175
2026-02-12 07:00:00,970.7199999999999,1770880050.819476,150.80003767123287,152.8718614743968
2026-02-12 07:15:00,970.7033333333334,1770880950.7622657,149.81620819112626,151.86970599443472
2026-02-12 07:30:00,970.89,1770881850.69777,150.63534931506848,152.75424213719086
2026-02-12 07:45:00,970.9266666666667,1770882750.6425624,150.3647747440273,152.4904846973712
2026-02-12 08:00:00,970.96,1770883650.5822716,149.91578424657533,152.04477600945503
2026-02-12 08:15:00,971.0533333333333,1770884550.536112,150.51086348122865,152.67537814727663
2026-02-12 08:30:00,971.1833333333334,1770885450.4504569,150.90918835616438,153.11724666925915
2026-02-12 08:45:00,971.1633333333333,1770886350.385299,151.1357542662116,153.34130054411105
2026-02-12 09:00:00,971.2866666666665,1770887251.5838103,150.03702389078498,152.26221216633462
2026-02-12 09:15:00,971.3933333333334,1770888151.603302,151.28552397260273,153.56034707301626
2026-02-12 09:30:00,971.3166666666666,1770889050.097244,150.68154452054793,152.92500811209328
2026-02-12 09:45:00,971.1933333333333,1770889949.9841323,150.7297337883959,152.938072171451
2026-02-12 10:00:00,971.1366666666667,1770890851.4159706,151.2196723549488,153.41866985232204
2026-02-12 10:15:00,971.1700000000001,1770891751.22007,150.48529452054794,152.68328251976266
2026-02-12 10:30:00,971.1266666666667,1770892651.1688173,151.06405119453925,153.25787376184564
2026-02-12 10:45:00,971.2199999999999,1770893551.0808253,150.8368801369863,153.05454288615553
2026-02-12 11:00:00,971.16,1770894451.0076203,151.01042320819113,153.21317015838767
2026-02-12 11:15:00,971.1,1770895350.9183583,149.87959589041094,152.04851325917323
2026-02-12 11:30:00,971.1633333333333,1770896250.8328938,150.9693481228669,153.172466011456
2026-02-12 11:45:00,971.0066666666667,1770897150.7641273,150.54480136986302,152.69626443170287
2026-02-12 12:00:00,970.84,1770898050.712591,151.60399317406143,153.72190702593804
2026-02-12 12:15:00,970.8866666666667,1770898950.5764146,151.1925719178082,153.3183318210317
2026-02-12 12:30:00,970.86,1770899850.4786737,151.7601399317406,153.88608272011007
2026-02-12 12:45:00,970.6966666666667,1770900750.379105,151.72754109589042,153.8052889061307
2026-02-12 13:00:00,970.6033333333334,1770901650.2926285,150.8502662116041,152.88888597253316
2026-02-12 13:15:00,970.5233333333332,1770902550.203946,151.51913356164383,153.54345214714425
2026-02-12 13:30:00,970.4766666666668,1770903450.126708,150.8062627986348,152.80750778966907
2026-02-12 13:45:00,970.4133333333333,1770904350.0106812,151.4407979452055,153.43199931587733
2026-02-12 14:00:00,970.3133333333334,1770905249.893757,153.31133788395906,155.29762447521676
2026-02-12 14:15:00,970.3533333333334,1770906151.3204556,151.8593412969283,153.8385072457138
2026-02-12 14:30:00,970.3866666666667,1770907051.247521,152.68404794520546,154.6837585320701
2026-02-12 14:45:00,970.3466666666667,1770907951.1315224,152.3425119453925,154.32602019500322
2026-02-12 15:00:00,970.2533333333332,1770908851.045767,153.0394280821918,155.0045203142695
2026-02-12 15:15:00,970.0866666666667,1770909750.964581,152.06190102389078,153.96567786865205
2026-02-12 15:30:00,970.0866666666667,1770910650.8914535,152.86897602739725,154.78285724868755
2026-02-12 15:45:00,970.1199999999999,1770911550.7822933,151.30457679180887,153.2085750297057
2026-02-12 16:00:00,969.8666666666667,1770912450.6941752,152.4800308219178,154.32452141290324
2026-02-12 16:15:00,969.7466666666666,1770913350.5895512,152.65447440273036,154.46585293902749
2026-02-12 16:30:00,969.8100000000001,1770914250.4825017,153.16127397260274,154.9973163495905
2026-02-12 16:45:00,969.71,1770915150.3469648,149.78147781569965,151.54820751444944
2026-02-12 17:00:00,969.48,1770916050.2584932,152.58081506849314,154.31311445090577
2026-02-12 17:15:00,969.2633333333333,1770916950.1359313,151.54696928327647,153.2044489315155
2026-02-12 17:30:00,969.1133333333333,1770917850.0578792,151.20269178082194,152.81284817385676
2026-02-12 17:45:00,969.0533333333333,1770918749.96224,151.46345051194538,153.05893400976777
2026-02-12 18:00:00,968.9133333333333,1770919649.9082446,151.23169520547944,152.78409146861097
2026-02-12 18:15:00,968.8666666666667,1770920549.7727158,152.8778395904437,154.43343985196992
2026-02-12 18:30:00,968.6233333333333,1770921451.01678,151.54830034129694,153.01960952467542
2026-02-12 18:45:00,968.5166666666668,1770922350.6248794,151.46922260273973,152.9087714070962
2026-02-12 19:00:00,968.5033333333334,1770923251.070348,151.13154266211603,152.56401718500152
2026-02-12 19:15:00,968.46,1770924150.9550743,151.26257534246574,152.68372035907777
2026-02-12 19:30:00,968.3133333333334,1770925050.8604083,152.55325938566554,153.94362572663283
2026-02-12 19:45:00,968.1933333333333,1770925950.7581851,152.8460684931507,154.20394098160384
2026-02-12 20:00:00,968.1233333333333,1770926850.6913834,152.44397610921501,153.77782262989766
2026-02-12 20:15:00,968.0500000000001,1770927750.631117,151.88198287671233,153.18956619774275
2026-02-12 20:30:00,968.0566666666667,1770928650.5571446,150.8487781569966,152.1493936189107
2026-02-12 20:45:00,968.0166666666668,1770929550.4752207,151.606948630137,152.9024799942103
2026-02-12 21:00:00,967.9933333333333,1770930450.3879373,151.74819112627986,153.0381446125793
2026-02-12 21:15:00,967.8633333333333,1770931350.2766192,152.57540753424658,153.83439108405156
2026-02-12 21:30:00,967.88,1770932250.1849165,151.81039249146758,153.06791055542342
2026-02-12 21:45:00,967.7800000000001,1770933150.1315193,151.23356506849316,152.45733534936866
2026-02-12 22:00:00,967.6,1770934050.1054814,151.40166211604094,152.57460318701462
2026-02-12 22:15:00,967.5966666666667,1770934950.0271907,152.13443150684932,153.31207851950808
2026-02-12 22:30:00,967.6233333333333,1770935849.9130788,150.8505324232082,152.02594344195822
2026-02-12 22:45:00,967.5099999999999,1770936751.254447,151.52469965870307,152.67248470068623
2026-02-12 23:00:00,967.4933333333333,1770937651.2150445,151.38273287671234,152.5246125114238
2026-02-12 23:15:00,967.4699999999999,1770938551.1600614,152.74971672354948,153.89508468120772
2026-02-12 23:30:00,967.4866666666667,1770939451.0876145,152.02114383561644,153.16589888917073
2026-02-12 23:45:00,967.35,1770940351.01374,152.11207167235494,153.2177207332042
2026-02-13 00:00:00,967.3766666666667,1770941250.9189596,151.7861506849315,152.8971773350127
2026-02-13 00:15:00,967.4566666666666,1770942150.884478,151.56436177474401,152.6969731761571
2026-02-13 00:30:00,967.5066666666667,1770943050.80576,152.3318219178082,153.48474876020512
2026-02-13 00:45:00,967.3433333333332,1770943950.7518005,152.81107508532423,153.91985529187957
2026-02-13 01:00:00,967.12,1770944850.7243237,151.9115582191781,152.94889654420956
2026-02-13 01:15:00,967.0166666666668,1770945750.66759,150.74588737201364,151.7454702161888
2026-02-13 01:30:00,967.0966666666667,1770946650.6239412,151.6826883561644,152.7116934594086
2026-02-13 01:45:00,967.16,1770947550.5323288,151.67125597269626,152.71855954710955
2026-02-13 02:00:00,967.0933333333332,1770948450.4286728,150.9282226027397,151.95114710100614
2026-02-13 02:15:00,967.11,1770949350.3886168,151.70254266211606,152.73555170726212
2026-02-13 02:30:00,967.12,1770950250.3022094,151.9125479452055,152.94989302864792
2026-02-13 02:45:00,967.0833333333334,1770951150.2513797,151.96303071672355,152.99006184626248
2026-02-13 03:00:00,967.0533333333333,1770952050.1507485,152.4859075342466,153.50772229931198
2026-02-13 03:15:00,967.0300000000001,1770952950.0939896,152.47498634812288,153.48992305907785
2026-02-13 03:30:00,967.0033333333334,1770953850.027304,151.5564109589041,152.5575034753179
2026-02-13 03:45:00,967.0266666666666,1770954749.9331403,151.5442491467577,152.55202431922385
2026-02-13 04:00:00,967.0366666666667,1770955651.3472276,151.95160068259386,152.96499106589488
2026-02-13 04:15:00,966.9533333333334,1770956551.2871332,151.59900342465752,152.58588093459588
2026-02-13 04:30:00,966.7933333333334,1770957451.199177,150.27201023890785,151.20427621580873
2026-02-13 04:45:00,966.7066666666666,1770958351.1342132,152.48779794520547,153.4085469968833
2026-02-13 05:00:00,966.7133333333333,1770959251.0500698,152.09616040955632,153.0164828790882
2026-02-13 05:15:00,966.7633333333333,1770960150.9584546,152.1591335616438,153.09438035231713
2026-02-13 05:30:00,966.7533333333334,1770961050.8404024,151.4858361774744,152.4140486483484
2026-02-13 05:45:00,966.66,1770961950.784775,153.33604452054794,154.2482381558219
2026-02-13 06:00:00,966.5866666666667,1770962850.7015967,152.22833447098978,153.11260318150002
2026-02-13 06:15:00,966.52,1770963750.6556613,153.02739383561644,153.89680931666274
2026-02-13 06:30:00,966.5433333333334,1770964650.579378,151.21392491467577,152.07977934059033
2026-02-13 06:45:00,966.5866666666667,1770965550.521375,152.68691438356163,153.573846907411
2026-02-13 07:00:00,966.7266666666668,1770966450.4684505,153.32326621160408,154.2549215482404
2026-02-13 07:15:00,966.7033333333334,1770967350.4342914,151.01404452054794,151.92493258678044
2026-02-13 07:30:00,966.7033333333334,1770968250.3662977,151.08295221843002,151.99425592282302
2026-02-13 07:45:00,966.7033333333334,1770969150.2825882,151.3316369863014,152.2444407100338
2026-02-13 08:00:00,966.7133333333333,1770970050.2058883,152.50711945392493,153.42992860583965
2026-02-13 08:15:00,966.73,1770970950.157014,152.89278082191782,153.82279455990815
2026-02-13 08:30:00,966.7733333333334,1770971850.0954118,151.8055324232082,152.7415078639924
2026-02-13 08:45:00,966.7800000000001,1770972750.033493,152.7794828767123,153.7234104781318
2026-02-13 09:00:00,966.7633333333333,1770973649.9649596,152.31360068259386,153.24979690611258
2026-02-13 09:15:00,966.8533333333334,1770974549.9104798,152.03300342465755,152.99363463068926
2026-02-13 09:30:00,966.86,1770975449.8325803,153.4797918088737,154.45152102242935
2026-02-13 09:45:00,966.9699999999999,1770976351.2895997,152.38739249146758,153.38425933911097
2026-02-13 10:00:00,967.0233333333332,1770977251.2363155,151.90246917808219,152.91165808417207
2026-02-13 10:15:00,967.0433333333334,1770978151.1668186,151.64155290102389,152.65480913967173
2026-02-13 10:30:00,966.9900000000001,1770979051.103932,150.91185616438358,151.90484282614142
2026-02-13 10:45:00,966.9399999999999,1770979951.0088377,152.52987372013652,153.51892180391096
2026-02-13 11:00:00,966.8533333333334,1770980850.9301784,151.83387328767125,152.79324627595193
2026-02-13 11:15:00,966.84,1770981750.8507893,150.70234129692832,151.65072275390997
2026-02-13 11:30:00,966.8766666666667,1770982650.762843,151.39002397260276,152.35334664980715
2026-02-13 11:45:00,966.8266666666667,1770983550.684863,151.73471672354947,152.68572691130407
2026-02-13 12:00:00,966.7166666666667,1770984450.6269267,152.57193493150683,153.4961084159611
2026-02-13 12:15:00,966.6766666666666,1770985350.571809,151.0667747440273,151.97028084633538
2026-02-13 12:30:00,966.6433333333334,1770986250.4930723,152.97212328767122,153.87727910379087
2026-02-13 12:45:00,966.5733333333333,1770987150.4126654,151.54700682593858,152.42345637597478
2026-02-13 13:00:00,966.5133333333333,1770988050.3549397,152.76608904109588,153.6320739168478
2026-02-13 13:15:00,966.3466666666667,1770988950.2947118,151.78131740614333,152.5933910164011
2026-02-13 13:30:00,966.2933333333334,1770989850.1871004,152.68554109589041,153.48689843530198
2026-02-13 13:45:00,966.3299999999999,1770990750.1228898,152.06264163822524,152.87137941020285
2026-02-13 14:00:00,966.35,1770991650.071105,152.32059931506848,153.13652809992283
2026-02-13 14:15:00,966.3566666666667,1770992550.014204,152.3412935153584,153.15927315706182
2026-02-13 14:30:00,966.3466666666667,1770993449.908306,151.66053767123287,152.47196507524438
2026-02-13 14:45:00,966.2266666666668,1770994349.7104108,151.99303412969283,152.7714046337929
2026-02-13 15:00:00,966.1833333333334,1770995251.1698024,152.7516928327645,153.52130805745497
2026-02-13 15:15:00,966.1266666666667,1770996151.1267226,152.72305821917809,153.4760040335457
2026-02-13 15:30:00,966.1066666666666,1770997051.101159,153.18550511945392,153.93488122441502
2026-02-13 15:45:00,965.93,1770997951.0056822,154.16786986301372,154.87005820698477
2026-02-13 16:00:00,965.8299999999999,1770998850.8927567,152.22621501706485,152.89050775005424
2026-02-13 16:15:00,965.75,1770999750.736562,151.8256095890411,152.46497770109875
2026-02-13 16:30:00,965.6333333333333,1771000650.6736686,151.43908532423208,152.04311907796313
2026-02-13 16:45:00,965.64,1771001550.547932,152.01402397260276,152.62228414447728
2026-02-13 17:00:00,965.5366666666665,1771002450.4899108,152.5877133105802,153.16819403561476
2026-02-13 17:15:00,965.39,1771003350.4036756,153.25125,153.79139247317335
2026-02-13 17:30:00,965.2666666666668,1771004250.3242612,153.19011262798637,153.69401976699746
2026-02-13 17:45:00,965.16,1771005150.2041023,152.32012328767124,152.79020004481075
2026-02-13 18:00:00,965.0666666666666,1771006050.1277478,152.7905563139932,153.2349088128101
2026-02-13 18:15:00,964.96,1771006950.009307,153.9863595890411,154.40289428667242
2026-02-13 18:30:00,964.8733333333333,1771007849.9083147,152.47616382252562,152.8634398393045
2026-02-13 18:45:00,964.71,1771008751.3385553,152.16243686006825,152.50158236939157
2026-02-13 19:00:00,964.59,1771009651.2807999,152.60226369863014,152.90752262114665
2026-02-13 19:15:00,964.4966666666666,1771010551.2108362,153.12168600682594,153.40077847557578
2026-02-13 19:30:00,964.3766666666667,1771011450.7087297,154.14337328767124,154.38912323634014
2026-02-13 19:45:00,964.3466666666667,1771012350.3951256,152.75093856655292,152.98574812788263
2026-02-13 20:00:00,964.2033333333334,1771013250.3348844,152.2721404109589,152.46468709042816
2026-02-13 20:15:00,964.1566666666668,1771014150.2732732,152.86185324232082,153.04157532012826
2026-02-13 20:30:00,964.0,1771015050.2407935,153.47971575342464,153.61443155986763
2026-02-13 20:45:00,963.89,1771015950.208984,154.06861092150172,154.171618391124
2026-02-13 21:00:00,963.87,1771016850.1778817,153.01664383561643,153.1131295697154
2026-02-13 21:15:00,963.9366666666666,1771017750.1254973,151.9004300341297,152.01546600458
2026-02-13 21:30:00,963.9166666666666,1771018650.0797665,153.43260273972604,153.5429642989652
2026-02-13 21:45:00,963.88,1771019550.0260873,153.94196587030717,154.04196184227308
2026-02-13 22:00:00,963.7733333333334,1771020450.0079064,153.29464041095892,153.3631311557969
2026-02-13 22:15:00,963.7133333333333,1771021349.9675899,152.23715017064848,152.28780663825788
2026-02-13 22:30:00,963.6133333333333,1771022249.92222,153.14102397260274,153.1628774900948
2026-02-13 22:45:00,963.4766666666668,1771023149.8601332,151.86849829351536,151.8507345252442
2026-02-13 23:00:00,963.4766666666668,1771024051.3817716,152.83377815699657,152.81590148178287
2026-02-13 23:15:00,963.2966666666666,1771024951.3214476,151.93378424657536,151.8640664488785
2026-02-13 23:30:00,963.09,1771025851.283491,153.1852798634812,153.05487644322815
2026-02-13 23:45:00,962.9433333333333,1771026751.2144732,152.09205821917809,151.9202444282594
2026-02-14 00:00:00,962.82,1771027651.1726382,152.43203071672355,152.22415749513192
2026-02-14 00:15:00,962.7533333333334,1771028551.129544,152.2393698630137,152.0125032385216
2026-02-14 00:30:00,962.5133333333333,1771029451.0912678,153.1854505119454,152.88744146995276
2026-02-14 00:45:00,962.37,1771030351.0241563,153.12935273972602,152.78983739900048
2026-02-14 01:00:00,962.3466666666667,1771031250.9597456,154.2245494880546,153.8757839213454
2026-02-14 01:15:00,962.2666666666668,1771032150.9237592,154.13382191780823,153.761887940389
2026-02-14 01:30:00,962.1266666666667,1771033050.9044158,152.42737542662115,152.01911674128462
2026-02-14 01:45:00,961.9333333333334,1771033950.8514004,152.82335616438357,152.35806041692896
2026-02-14 02:00:00,961.7966666666666,1771034850.8131752,151.74448122866895,151.24319237774358
2026-02-14 02:15:00,961.6433333333333,1771035750.7646124,155.40330136986302,154.84480755771335
2026-02-14 02:30:00,961.54,1771036650.711585,153.51568600682594,152.9339469933543
2026-02-14 02:45:00,961.4066666666668,1771037550.6663277,152.79896232876712,152.18138179868905
2026-02-14 03:00:00,961.3133333333334,1771038450.6412017,154.12030034129694,153.47016145872843
2026-02-14 03:15:00,961.3066666666667,1771039350.6075845,152.57839726027396,151.93283822492262
2026-02-14 03:30:00,961.2800000000001,1771040250.549456,153.39081228668942,152.73407720160748
2026-02-14 03:45:00,961.0233333333334,1771041150.5144413,153.3673904109589,152.63630181610645
2026-02-14 04:00:00,960.8366666666667,1771042050.4882967,154.42698634812285,153.63634739927912
2026-02-14 04:15:00,960.7599999999999,1771042950.4330554,153.32473287671232,152.5175189345573
2026-02-14 04:30:00,960.56,1771043850.3842225,152.34373037542665,151.48410625163143
2026-02-14 04:45:00,960.3166666666666,1771044750.340112,152.8467397260274,151.91402613410696
2026-02-14 05:00:00,960.1966666666667,1771045650.3129604,152.38304778156996,151.4186363826275
2026-02-14 05:15:00,960.0533333333333,1771046550.2876098,153.1124417808219,152.10198606560823
2026-02-14 05:30:00,959.9466666666667,1771047450.255928,153.3522866894198,152.3093769712477
2026-02-14 05:45:00,959.9033333333333,1771048350.233218,153.81605479452054,152.7574135631462
2026-02-14 06:00:00,959.5933333333332,1771049250.195781,153.7435972696246,152.59554947507908
2026-02-14 06:15:00,959.41,1771050150.1740317,153.59918493150684,152.3991205650564
2026-02-14 06:30:00,959.1866666666666,1771051050.1478305,153.7939180887372,152.52759600267314
2026-02-14 06:45:00,959.1533333333333,1771051950.1031213,155.0486301369863,153.76223830742117
2026-02-14 07:00:00,959.1233333333333,1771052850.0907729,153.8060034129693,152.52122732568955
2026-02-14 07:15:00,959.11,1771053750.0468645,153.2144589041096,151.93077515923363
2026-02-14 07:30:00,958.9966666666666,1771054650.012318,154.86474402730377,153.53416903848495
2026-02-14 07:45:00,958.85,1771055549.9644825,153.6996609589041,152.33663913274114
2026-02-14 08:00:00,958.7766666666666,1771056449.9375198,152.936566552901,151.5591931948074
2026-02-14 08:15:00,958.71,1771057349.9030747,152.98073287671235,151.58375992333302
2026-02-14 08:30:00,958.6366666666667,1771058249.723937,153.64559726962457,152.22134199465674
2026-02-14 08:45:00,958.5133333333333,1771059151.223275,153.5176348122867,152.05892906549911
2026-02-14 09:00:00,958.3766666666667,1771060051.191034,152.37150684931507,150.88450670575546
2026-02-14 09:15:00,958.3466666666667,1771060951.1911087,152.54022184300342,151.04296550809548
2026-02-14 09:30:00,958.2833333333333,1771061851.1922383,153.80907191780824,152.28103561620912
2026-02-14 09:45:00,958.2733333333332,1771062751.1898334,153.7227133105802,152.192643262144
2026-02-14 10:00:00,958.25,1771063651.1495147,153.95194520547946,152.41283639190448
2026-02-14 10:15:00,958.2966666666666,1771064551.1279614,153.68343686006827,152.1605033802755
2026-02-14 10:30:00,958.0666666666666,1771065451.0893443,153.6917089041096,152.10221026069146
2026-02-14 10:45:00,958.0,1771066351.0619757,154.5726313993174,152.9546466642762
2026-02-14 11:00:00,958.0366666666667,1771067251.0463445,154.00786301369862,152.40640725261332
2026-02-14 11:15:00,957.9333333333334,1771068151.026912,152.88275085324233,151.26329366526392
2026-02-14 11:30:00,957.7466666666666,1771069051.0171309,154.50042465753427,152.80962567362712
2026-02-14 11:45:00,957.7566666666667,1771069951.0008907,153.38822866894196,151.71248368143443
2026-02-14 12:00:00,957.8666666666667,1771070851.2729287,153.39052739726029,151.7464689944987
2026-02-14 12:15:00,957.88,1771071750.1620235,154.6326095890411,152.97911381947515
2026-02-14 12:30:00,957.7933333333334,1771072650.0902603,153.4347337883959,151.7690536147255
2026-02-14 12:45:00,957.6633333333333,1771073550.0369,153.491698630137,151.78790380601805
2026-02-14 13:00:00,957.5500000000001,1771074449.9878528,155.58285324232082,153.82271937291944
2026-02-14 13:15:00,957.4733333333334,1771075351.3464532,154.80270307167237,153.02910230390518
2026-02-14 13:30:00,957.5033333333334,1771076251.2127883,154.48469178082192,152.72343951019155
2026-02-14 13:45:00,957.3800000000001,1771077151.1452506,154.1276587030717,152.33477560395318
2026-02-14 14:00:00,957.2233333333334,1771078050.4076073,154.86790753424657,153.02085753518824
2026-02-14 14:15:00,957.0833333333334,1771078950.914777,155.75696587030717,153.85838064131013
2026-02-14 14:30:00,957.0,1771079850.9670465,155.631301369863,153.70990858774593
2026-02-14 14:45:00,957.0966666666667,1771080750.8907392,154.30170989761092,152.4247247550754
2026-02-14 15:00:00,957.0033333333334,1771081650.8037703,153.916852739726,152.0175889709977
2026-02-14 15:15:00,957.1433333333333,1771082550.772935,155.59430716723548,153.71522718865506
2026-02-14 15:30:00,956.8833333333333,1771083450.698762,155.6004931506849,153.64541887775343
2026-02-14 15:45:00,956.8066666666667,1771084350.6422062,155.4452218430034,153.46974145425554
2026-02-14 16:00:00,957.06,1771085250.5694416,154.43996917808218,152.55067412949361
2026-02-14 16:15:00,957.21,1771086150.448733,154.99795221843004,153.14547149199416
2026-02-14 16:30:00,957.1566666666666,1771087050.329114,155.93087671232877,154.0516346455648
2026-02-14 16:45:00,957.18,1771087950.2320113,155.00874402730375,153.14740467012467
2026-02-14 17:00:00,957.1566666666668,1771088850.1500845,156.57097945205481,154.68402301838097
2026-02-14 17:15:00,957.2333333333332,1771089750.0756223,153.91603071672353,152.08322294033363
2026-02-14 17:30:00,957.13,1771090650.052051,155.1094589041096,153.23235240139405
2026-02-14 17:45:00,956.9666666666667,1771091549.9525108,155.3321843003413,153.40476841447406
2026-02-14 18:00:00,956.7800000000001,1771092449.8883588,154.3575582191781,152.38817924040487
2026-02-14 18:15:00,956.6933333333333,1771093349.8506756,154.53936177474404,152.54254250558276
2026-02-14 18:30:00,956.8233333333334,1771094251.310304,155.60952559726962,153.63682223820746
2026-02-14 18:45:00,956.6633333333333,1771095151.2472465,156.1305821917808,154.1044183948617
2026-02-14 19:00:00,956.4499999999999,1771096051.2088306,155.45150853242322,153.3719779474085
2026-02-14 19:15:00,956.3633333333333,1771096951.1863542,155.24335273972602,153.14138737128496
2026-02-14 19:30:00,956.3633333333333,1771097851.1045725,155.47987372013654,153.37470590275993
2026-02-14 19:45:00,956.0966666666667,1771098751.007976,154.58582876712327,152.41552271625864
2026-02-14 20:00:00,956.1833333333334,1771099650.906727,155.90895221843002,153.74538484609462
2026-02-14 20:15:00,956.0833333333334,1771100550.8457122,155.5033493150685,153.3162776829484
2026-02-14 20:30:00,955.5666666666666,1771101450.7301002,155.58661774744027,153.24786280628624
2026-02-14 20:45:00,955.13,1771102350.661399,156.2162089041096,153.74038384237133
2026-02-14 21:00:00,955.1533333333333,1771103250.570563,153.28262457337885,150.85998101032627
2026-02-14 21:15:00,954.8133333333334,1771104150.551867,156.86247602739726,154.2835532644537
2026-02-14 21:30:00,954.6766666666666,1771105050.541163,156.1168156996587,153.51028540533633
2026-02-14 21:45:00,954.6866666666666,1771105950.5241778,154.91488013698628,152.3313116565734
2026-02-14 22:00:00,954.6366666666667,1771106850.5016515,156.5866279863481,153.96055224761193
2026-02-14 22:15:00,954.8800000000001,1771107750.4582276,155.32050684931508,152.78628678264064
2026-02-14 22:30:00,955.09,1771108650.3923008,155.10804778156998,152.6381846988844
2026-02-14 22:45:00,955.02,1771109550.3147557,155.21354794520548,152.7216915948182
2026-02-14 23:00:00,955.1566666666666,1771110450.2260904,155.66332081911264,153.20402045952034
2026-02-14 23:15:00,955.09,1771111350.1655276,155.46466438356165,152.98912271622152
2026-02-14 23:30:00,955.2766666666666,1771112250.097393,156.0526757679181,153.62224593006164
2026-02-14 23:45:00,955.35,1771113150.0536454,155.61667465753425,153.21438166722356
2026-02-15 00:00:00,955.3466666666667,1771114049.9798908,155.5119419795222,153.1102960717823
2026-02-15 00:15:00,955.4166666666666,1771114949.9533582,154.49697602739727,152.1312368373062
2026-02-15 00:30:00,955.39,1771115849.8926592,156.7269351535836,154.31923061400818
2026-02-15 00:45:00,955.54,1771116749.8674626,155.50610616438357,153.16080111754377
2026-02-15 01:00:00,955.5166666666668,1771117649.7914367,154.7962627986348,152.45490445184566
2026-02-15 01:15:00,955.5433333333334,1771118551.2792504,155.4272389078498,153.08409284719517
2026-02-15 01:30:00,955.71,1771119451.1704874,155.59657191780823,153.2994102021779
2026-02-15 01:45:00,955.6733333333333,1771120351.1578753,155.0974675767918,152.79702919520855
2026-02-15 02:00:00,955.7066666666666,1771121251.0666523,156.22892123287673,153.92144894154777
2026-02-15 02:15:00,955.6866666666666,1771122151.0064178,156.25669283276451,153.9429604163941
2026-02-15 02:30:00,955.7933333333334,1771123050.916346,155.50058904109588,153.22910373007377
2026-02-15 02:45:00,955.6733333333333,1771123950.805914,157.08718771331058,154.7572373826145
2026-02-15 03:00:00,955.4566666666666,1771124850.7102997,156.6191712328767,154.2326571069237
2026-02-15 03:15:00,955.4233333333333,1771125750.6537402,155.58687030716723,153.20638268286342
2026-02-15 03:30:00,955.5833333333334,1771126650.576117,156.5140410958904,154.16622711786744
2026-02-15 03:45:00,955.7866666666667,1771127550.5166392,156.38501023890785,154.0986537571229
2026-02-15 04:00:00,955.8000000000001,1771128450.4765034,156.0806095890411,153.8025997427866
2026-02-15 04:15:00,955.7366666666667,1771129350.4177077,156.48593174061432,154.18345165786673
2026-02-15 04:30:00,955.68,1771130250.3537107,156.27685273972602,153.9608716271168
2026-02-15 04:45:00,955.5533333333333,1771131150.2914462,156.04072696245734,153.69125235795102
2026-02-15 05:00:00,955.6133333333333,1771132050.4627542,154.92963698630138,152.6142888828089
2026-02-15 05:15:00,955.6566666666666,1771132950.802283,156.0529215017065,153.73344332301764
2026-02-15 05:30:00,955.5966666666667,1771133850.7042398,156.18718493150686,153.84817144944716
2026-02-15 05:45:00,955.3966666666666,1771134750.6108673,154.8536313993174,152.4766366917612
2026-02-15 06:00:00,955.4166666666666,1771135650.5201182,155.6758321917808,153.29204173428457
2026-02-15 06:15:00,955.6266666666667,1771136550.5012515,155.62934129692832,153.30742019146876
2026-02-15 06:30:00,955.7033333333334,1771137450.4593296,156.7254178082192,154.40963442345682
2026-02-15 06:45:00,955.7633333333333,1771138350.4301932,157.48368600682593,155.17438728136335
2026-02-15 07:00:00,955.5666666666666,1771139250.3912432,155.97469178082193,153.63010336840767
2026-02-15 07:15:00,955.38,1771140149.8098419,156.76650511945394,154.35525991176084
2026-02-15 07:30:00,955.3833333333333,1771141051.0020406,156.41408873720138,154.0092394786895
2026-02-15 07:45:00,955.27,1771141951.1867375,155.32040753424658,152.89944561047713
2026-02-15 08:00:00,955.2166666666667,1771142850.1558404,156.39937671232877,153.94599636455538
2026-02-15 08:15:00,955.3566666666667,1771143750.0823686,156.64121843003414,154.2250628098886
2026-02-15 08:30:00,955.4699999999999,1771144649.9915724,156.02691438356163,153.6533173843227
2026-02-15 08:45:00,955.6833333333334,1771145549.9131541,155.16472696245734,152.8661954055874
2026-02-15 09:00:00,955.9200000000001,1771146451.2543328,156.08638225255973,153.84336044157538
2026-02-15 09:15:00,956.0766666666667,1771147351.1229088,156.44728424657532,154.24498289116644
2026-02-15 09:30:00,956.0833333333334,1771148251.0336528,154.79513310580205,152.6180221567638
2026-02-15 09:45:00,956.31,1771149150.9781427,156.24729452054794,154.1161180807347
2026-02-15 10:00:00,956.5833333333334,1771150050.940056,156.21354266211603,154.16286771989002
2026-02-15 10:15:00,956.62,1771150950.8671732,155.24171575342464,153.2144719245962
2026-02-15 10:30:00,956.7466666666666,1771151850.8098633,156.38031740614335,154.37535353316292
2026-02-15 10:45:00,956.8133333333334,1771152750.6737337,154.29026712328766,152.33139403093304
2026-02-15 11:00:00,956.8766666666667,1771153650.588271,155.92178156996587,153.9607202213964
2026-02-15 11:15:00,956.98,1771154550.5175722,154.64181849315068,152.7268379377416
2026-02-15 11:30:00,956.85,1771155450.4244473,155.5602252559727,153.5959288870392
2026-02-15 11:45:00,956.91,1771156350.2964032,155.8142671232877,153.86430243731658
2026-02-15 12:00:00,957.0066666666667,1771157250.2208304,154.5213924914676,152.61563554053527
2026-02-15 12:15:00,957.0466666666666,1771158150.1172583,155.55863356164383,153.65176110720355
2026-02-15 12:30:00,956.8966666666666,1771159050.0515087,154.4165085324232,152.48017345891435
2026-02-15 12:45:00,956.7599999999999,1771159951.2762778,155.5575119453925,153.56698763784388
2026-02-15 13:00:00,956.7566666666667,1771160850.761663,156.30682876712328,154.30573887872674
2026-02-15 13:15:00,956.5766666666667,1771161751.1915734,154.96684641638225,152.9306001995588
2026-02-15 13:30:00,956.15,1771162651.1206338,155.56743150684932,153.39888788814696
2026-02-15 13:45:00,956.1266666666667,1771163550.9722052,154.67698976109216,152.5140969122201
2026-02-15 14:00:00,956.1266666666667,1771164450.9122627,154.6258287671233,152.46365131714907
2026-02-15 14:15:00,955.9966666666666,1771165350.7913418,155.81317406143344,153.59645061153623
2026-02-15 14:30:00,955.7733333333332,1771166250.7605119,155.58752739726026,153.30894627770527
2026-02-15 14:45:00,955.9333333333334,1771167150.6749394,155.85552218430033,153.6197095719914
2026-02-15 15:00:00,955.7766666666666,1771168050.6481042,156.16698287671232,153.88089020091357
2026-02-15 15:15:00,956.1233333333333,1771168950.5465252,156.42686006825937,154.23852143237676
2026-02-15 15:30:00,956.2033333333333,1771169850.6268487,154.5268493150685,152.38825219531773
2026-02-15 15:45:00,955.9166666666666,1771170750.6995208,155.3000819112628,153.06739011107362
2026-02-15 16:00:00,955.3000000000001,1771171650.61521,156.71491780821918,154.28101357499952
2026-02-15 16:15:00,955.6199999999999,1771172550.5009832,156.22580887372013,153.89303941100965
2026-02-15 16:30:00,955.4866666666667,1771173450.3972178,155.89687328767124,153.53011627994957
2026-02-15 16:45:00,955.2833333333333,1771174350.3010392,155.34540273037544,152.92792533429892
2026-02-15 17:00:00,954.7933333333334,1771175250.2722042,155.49202397260274,152.929820903444
2026-02-15 17:15:00,954.52,1771176150.172013,155.60464505119455,152.96112776464483
2026-02-15 17:30:00,953.75,1771177050.0592966,156.2374178082192,153.3586226816719
2026-02-15 17:45:00,953.9233333333333,1771177949.9349768,156.04734470989763,153.22250479689865
2026-02-15 18:00:00,954.2466666666666,1771178851.3406234,156.10020819112626,153.3686018286216
2026-02-15 18:15:00,954.21,1771179751.2417843,156.9880205479452,154.2301332332846
2026-02-15 18:30:00,953.36,1771180651.1081953,157.38800682593856,154.37357799427267
2026-02-15 18:45:00,951.5833333333334,1771181551.015459,158.6739006849315,155.1103577110887
2026-02-15 19:00:00,951.9966666666666,1771182450.9343424,156.7248361774744,153.32543014300813
2026-02-15 19:15:00,951.69,1771183350.896565,157.37253082191782,153.86939541521312
2026-02-15 19:30:00,951.2533333333334,1771184250.8446953,157.48491126279862,153.85157576085967
2026-02-15 19:45:00,951.1866666666666,1771185150.7569907,157.16674657534247,153.52130418966075
2026-02-15 20:00:00,950.7666666666668,1771186050.715615,158.59994539249146,154.79768247612998
2026-02-15 20:15:00,950.6066666666667,1771186950.614161,158.96070205479452,155.1026320180612
2026-02-15 20:30:00,950.1666666666666,1771187850.5551043,157.44407167235494,153.49443614802695
2026-02-15 20:45:00,950.0433333333334,1771188750.458665,156.6634383561644,152.697599436919
2026-02-15 21:00:00,950.2233333333334,1771189650.3764071,157.63911604095563,153.70113523966256
2026-02-15 21:15:00,950.4933333333333,1771190550.3524303,157.21731164383561,153.36852580922167
2026-02-15 21:30:00,950.4066666666668,1771191450.288323,157.4399795221843,153.5604542575623
2026-02-15 21:45:00,949.98,1771192350.2529287,157.19590753424657,153.19815353043856
2026-02-15 22:00:00,950.0933333333334,1771193250.181462,157.08999317406145,153.12790274083918
2026-02-15 22:15:00,950.1733333333333,1771194150.077719,158.7406198630137,154.76041947018484
2026-02-15 22:30:00,950.0333333333333,1771195049.9642782,157.36544027303754,153.37891637844388
2026-02-15 22:45:00,949.9633333333335,1771195951.3679428,157.70160409556314,153.686122580837
2026-02-15 23:00:00,950.0333333333333,1771196851.2180574,157.49348630136987,153.50371862878615
2026-02-15 23:15:00,949.2366666666667,1771197751.1660402,157.57611604095564,153.35195560582366
2026-02-15 23:30:00,949.1666666666666,1771198651.0991302,157.97597260273972,153.72064696267958
2026-02-15 23:45:00,949.4233333333333,1771199551.048126,157.40459726962456,153.23937401848912
2026-02-16 00:00:00,949.2433333333333,1771200450.9735386,155.9914589041096,151.811701484797
2026-02-16 00:15:00,949.2633333333333,1771201350.8611245,157.2731672354949,153.06488307356614
2026-02-16 00:30:00,949.4366666666666,1771202250.7458224,157.90563356164384,153.73104641341658
2026-02-16 00:45:00,948.9133333333333,1771203150.7181125,157.81619453924912,153.49127451669753
2026-02-16 01:00:00,948.7666666666668,1771204050.6132915,157.06391780821917,152.7170506915442
2026-02-16 01:15:00,948.2466666666666,1771204950.5192626,157.98619795221842,153.46211051875295
2026-02-16 01:30:00,948.4533333333334,1771205850.3905132,158.80207191780823,154.3152036864919
2026-02-16 01:45:00,948.0500000000001,1771206750.2907999,157.96425597269626,153.3834718688072
2026-02-16 02:00:00,948.3266666666667,1771207650.196677,157.03019520547946,152.5566706861092
2026-02-16 02:15:00,948.6433333333333,1771208550.1553476,157.1204300341297,152.73620351972514
2026-02-16 02:30:00,948.9,1771209450.070814,157.2613493150685,152.9477599849418
2026-02-16 02:45:00,949.15,1771210349.9913063,157.3082866894198,153.0660990258237
2026-02-16 03:00:00,949.39,1771211249.8902638,156.2704589041096,152.1256121712522
2026-02-16 03:15:00,949.3233333333333,1771212149.8016753,158.55801023890785,154.33293945544636
2026-02-16 03:30:00,949.6533333333333,1771213051.2212393,157.52623890784983,153.42482879159977
2026-02-16 03:45:00,949.5933333333332,1771213951.1652017,156.05194520547946,151.9715945838239
2026-02-16 04:00:00,949.8033333333333,1771214851.1483932,156.64969283276452,152.6145937488234
2026-02-16 04:15:00,949.9933333333333,1771215751.1429899,159.5447705479452,155.49122010271566
2026-02-16 04:30:00,950.2166666666667,1771216651.1151757,157.74570307167235,153.8031114360045
2026-02-16 04:45:00,950.32,1771217551.053755,156.99979452054797,153.10590247073847
2026-02-16 05:00:00,950.63,1771218450.9892015,157.26417406143344,153.45408274036942
2026-02-16 05:15:00,950.8333333333334,1771219350.902724,157.59498287671232,153.83629755152734
2026-02-16 05:30:00,951.0066666666667,1771220250.7855709,156.4754470989761,152.79377481969115
2026-02-16 05:45:00,951.0566666666667,1771221150.7133858,158.19316438356165,154.48575180642038
2026-02-16 06:00:00,950.8966666666666,1771222050.6595802,158.90870989761092,155.13735888035058
2026-02-16 06:15:00,950.7400000000001,1771222950.6562781,157.9105273972603,154.1169837433312
2026-02-16 06:30:00,951.0500000000001,1771223850.5952718,156.9822798634812,153.30130372859097
2026-02-16 06:45:00,951.04,1771224750.5251474,157.6094212328767,153.91081533161704
2026-02-16 07:00:00,951.0300000000001,1771225650.4620998,155.96472354948804,152.30181985656623
2026-02-16 07:15:00,951.09,1771226550.3875496,157.06683219178083,153.39553106129569
2026-02-16 07:30:00,951.1066666666666,1771227450.3476431,156.10035836177474,152.4564754317284
2026-02-16 07:45:00,951.19,1771228350.301516,155.85358219178082,152.23956249809316
2026-02-16 08:00:00,951.2933333333334,1771229250.2538414,156.87839931740615,153.27070478777966
2026-02-16 08:15:00,951.2866666666665,1771230150.2055671,155.95084246575342,152.36254879840993
2026-02-16 08:30:00,951.27,1771231050.1699915,156.43195221843004,152.8277490108133
2026-02-16 08:45:00,951.2033333333333,1771231950.1126802,155.5331780821918,151.9304369531526
2026-02-16 09:00:00,951.41,1771232850.0537205,157.00786348122867,153.43119850871076
2026-02-16 09:15:00,951.4233333333333,1771233750.018767,157.1456232876712,153.56971050747603
2026-02-16 09:30:00,951.38,1771234649.917694,157.8036313993174,154.20004904934896
2026-02-16 09:45:00,951.3433333333332,1771235551.3833065,155.6899146757679,152.12400253321874
2026-02-16 10:00:00,951.27,1771236451.3032122,156.60873287671234,153.0004566302657
2026-02-16 10:15:00,951.1233333333333,1771237351.2314835,156.6814914675768,153.02888886541368
2026-02-16 10:30:00,950.9966666666666,1771238251.1507864,156.30680479452056,152.62620053314745
2026-02-16 10:45:00,950.9266666666666,1771239151.0660043,157.3379726962457,153.6126553662492
2026-02-16 11:00:00,950.8299999999999,1771240051.0068707,156.0165273972603,152.2945241507705
2026-02-16 11:15:00,950.71,1771240950.970675,158.30451877133106,154.4927037801869
2026-02-16 11:30:00,950.7066666666666,1771241850.912409,156.34386643835617,152.5782956684619
2026-02-16 11:45:00,950.4833333333332,1771242750.841908,157.13115699658704,153.28156790839262
2026-02-16 12:00:00,950.3366666666667,1771243650.7910542,157.97456849315068,154.06137873699728
2026-02-16 12:15:00,950.27,1771244550.726118,157.98276109215018,154.04985417963397
2026-02-16 12:30:00,950.27,1771245450.6504314,157.30731164383562,153.39121972927214
2026-02-16 12:45:00,950.15,1771246350.5821383,157.4779180887372,153.52257186951155
2026-02-16 13:00:00,950.0866666666667,1771247250.4714332,158.2819931506849,154.28788402172407
2026-02-16 13:15:00,950.0433333333334,1771248150.3610966,157.68635494880544,153.69462152298723
2026-02-16 13:30:00,950.0166666666668,1771249050.2691693,158.391551369863,154.3741445074045
2026-02-16 13:45:00,949.93,1771249950.1750007,157.63096928327647,153.60755752271996
2026-02-16 14:00:00,949.7033333333334,1771250850.1089613,157.74699657534245,153.65443521063895
2026-02-16 14:15:00,949.6266666666667,1771251749.985709,158.14622866894197,154.0208723531926
2026-02-16 14:30:00,949.5433333333334,1771252651.3795612,157.48912969283276,153.3566308800505
2026-02-16 14:45:00,949.56,1771253551.1614127,157.9254897260274,153.7864106960676
2026-02-16 15:00:00,949.5300000000001,1771254451.124424,158.63398634812287,154.46753338557608
2026-02-16 15:15:00,949.2866666666665,1771255351.0536232,157.04333219178082,152.8479740202649
2026-02-16 15:30:00,949.3666666666667,1771256251.0020006,158.02697269624574,153.82871709774747
2026-02-16 15:45:00,949.4266666666667,1771257150.9665365,157.16071575342465,153.00291508371222
2026-02-16 16:00:00,949.3333333333334,1771258050.9062972,157.57254266211604,153.376645609388
2026-02-16 16:15:00,949.2633333333333,1771258950.769623,158.28867465753424,154.0532177497671
2026-02-16 16:30:00,949.2733333333332,1771259850.668086,159.51082593856654,155.24561658833147
2026-02-16 16:45:00,949.2333333333332,1771260750.550297,157.4286506849315,153.2074730528998
2026-02-16 17:00:00,949.0966666666667,1771261650.4177492,157.69905119453924,153.43077720780556
2026-02-16 17:15:00,949.0133333333333,1771262550.332882,159.24322602739724,154.90862834686342
2026-02-16 17:30:00,949.1766666666667,1771263450.2358408,159.1744709897611,154.88980483182115
2026-02-16 17:45:00,949.2966666666666,1771264350.1387854,158.22086301369862,153.99697342923199
2026-02-16 18:00:00,949.43,1771265250.0380232,157.4696348122867,153.30463239118347
2026-02-16 18:15:00,949.5633333333334,1771266149.9978964,157.95907534246575,153.8200902558058
2026-02-16 18:30:00,949.7733333333334,1771267049.9617128,157.60206825938567,153.5336855126725
2026-02-16 18:45:00,949.85,1771267949.892945,156.777948630137,152.7530893449683
2026-02-16 19:00:00,949.9,1771268849.8029976,157.06562798634812,153.04792215637679
2026-02-16 19:15:00,950.0333333333333,1771269751.2095463,157.66702730375425,153.67286333328263
2026-02-16 19:30:00,950.2599999999999,1771270651.1091385,158.44696917808218,154.49957050275665
2026-02-16 19:45:00,950.3566666666667,1771271550.9946032,157.96935153583615,154.06214525927757
2026-02-16 20:00:00,950.4866666666667,1771272450.8703449,158.3895205479452,154.5100811085959
2026-02-16 20:15:00,950.59,1771273350.7482407,157.60897269624576,153.77884018828226
2026-02-16 20:30:00,950.7266666666666,1771274250.5912237,156.3224315068493,152.56317429169545
2026-02-16 20:45:00,950.9866666666667,1771275150.4229808,157.88546757679183,154.16476090052996
2026-02-16 21:00:00,951.27,1771276050.3277888,158.4552602739726,154.80443990611232
2026-02-16 21:15:00,951.4633333333333,1771276950.2174485,156.6591638225256,153.10595623647168
2026-02-16 21:30:00,951.61,1771277850.1901567,157.35979109589042,153.83355479983365
2026-02-16 21:45:00,951.9666666666667,1771278750.1221564,156.26767235494881,152.86946852507867
2026-02-16 22:00:00,952.2599999999999,1771279650.0856059,157.07168493150687,153.74165848577329
2026-02-16 22:15:00,952.5133333333333,1771280550.018972,157.31455972696244,154.05351742075794
2026-02-16 22:30:00,952.8366666666667,1771281449.946634,157.16090410958904,153.99762381761892
2026-02-16 22:45:00,953.1633333333333,1771282349.8767788,157.1197986348123,154.05293155258587
2026-02-16 23:00:00,953.3366666666667,1771283251.3309054,156.41955290102388,153.41687108972278
2026-02-16 23:15:00,953.5100000000001,1771284151.2378232,157.4766198630137,154.5045213535385
2026-02-16 23:30:00,953.7966666666666,1771285051.1778517,155.57347440273037,152.72045355960765
2026-02-16 23:45:00,954.0233333333334,1771285951.1057124,155.49757534246575,152.71170007101145
2026-02-17 00:00:00,954.33,1771286851.0412915,156.27994880546075,153.56951039942123
2026-02-17 00:15:00,954.6833333333334,1771287750.9778662,156.00423972602738,153.40153207676832
2026-02-17 00:30:00,954.85,1771288650.872483,155.2575870307167,152.71568852579037
2026-02-17 00:45:00,955.1166666666667,1771289550.8035805,155.76297260273972,153.2904473435555
2026-02-17 01:00:00,955.3633333333333,1771290450.7426293,155.91743686006825,153.514389911403
2026-02-17 01:15:00,955.66,1771291350.6719403,153.7516198630137,151.4673061584813
2026-02-17 01:30:00,955.7733333333334,1771292250.5629776,155.07834129692833,152.8072172136408
2026-02-17 01:45:00,956.1,1771293150.4800084,156.1055205479452,153.9148535919443
2026-02-17 02:00:00,956.4633333333335,1771294050.4315174,156.7054675767918,154.61307914694504
2026-02-17 02:15:00,956.5500000000001,1771294950.370103,155.87066780821917,153.81475200593414
2026-02-17 02:30:00,956.9,1771295850.3411036,155.96489078498294,154.01011487307667
2026-02-17 02:45:00,956.9533333333334,1771296750.2623463,154.95331849315068,153.02672698008922
2026-02-17 03:00:00,957.34,1771297650.2151027,156.15241296928326,154.3242479181443
2026-02-17 03:15:00,957.5266666666666,1771298550.1613662,155.6359383561644,153.86838227682966
2026-02-17 03:30:00,957.8933333333333,1771299450.1225955,154.614385665529,152.9649598287016
2026-02-17 03:45:00,958.1700000000001,1771300350.0755012,155.84776712328767,154.26625489437265
2026-02-17 04:00:00,958.2800000000001,1771301250.0183287,154.6151706484642,153.0781565557441
2026-02-17 04:15:00,958.4399999999999,1771302149.925697,154.34432534246574,152.85646499898203
2026-02-17 04:30:00,958.6199999999999,1771303049.7419503,153.0309556313993,151.607596943504
2026-02-17 04:45:00,958.88,1771303951.1498437,153.64204095563142,152.28821028921726
2026-02-17 05:00:00,958.9699999999999,1771304851.0647128,154.08060616438354,152.7490288919772
2026-02-17 05:15:00,959.1333333333333,1771305751.0074735,153.95226962457338,152.66917242950012
2026-02-17 05:30:00,959.39,1771306650.9377933,153.95877397260273,152.7500955372565
2026-02-17 05:45:00,959.6333333333333,1771307550.8889444,154.63303071672357,153.49000606322744
2026-02-17 06:00:00,959.8100000000001,1771308450.8055549,152.3271198630137,151.25190186564384
2026-02-17 06:15:00,959.98,1771309350.7205312,153.9985358361775,152.96091836074814
2026-02-17 06:30:00,960.1733333333333,1771310250.6328993,153.35914383561644,152.38179911584547
2026-02-17 06:45:00,960.3166666666666,1771311150.3902495,153.9579385665529,153.0184441282517
2026-02-17 07:00:00,960.5366666666667,1771312050.4111388,153.29124657534248,152.41951852312138
2026-02-17 07:15:00,960.6733333333333,1771312950.2854092,152.90441296928327,152.07436825848112
2026-02-17 07:30:00,960.6700000000001,1771313850.1767368,152.35236643835617,151.52435886604576
2026-02-17 07:45:00,960.7666666666668,1771314750.0501404,152.76459726962457,151.9622571355402
2026-02-17 08:00:00,960.9833333333332,1771315649.9615767,151.3622773972603,150.62929873457696
2026-02-17 08:15:00,961.2866666666667,1771316549.913351,153.09207508532424,152.438549904687
2026-02-17 08:30:00,961.4666666666667,1771317449.8626106,153.29889383561644,152.69669912146546
2026-02-17 08:45:00,961.5533333333333,1771318349.7913544,152.7359795221843,152.1610498601274
2026-02-17 09:00:00,961.5433333333334,1771319251.2270598,153.2155733788396,152.63593831642038
2026-02-17 09:15:00,961.5866666666667,1771320151.1822553,151.801448630137,151.2396149403301
2026-02-17 09:30:00,961.7199999999999,1771321051.1130302,153.53646075085322,153.0069624466871
2026-02-17 09:45:00,961.85,1771321951.045391,152.56375,152.0751641920642
2026-02-17 10:00:00,962.2466666666666,1771322850.9665663,154.29404436860068,153.9158748506114
2026-02-17 10:15:00,962.4666666666667,1771323750.8794956,154.21545547945206,153.9017960876584
2026-02-17 10:30:00,962.46,1771324650.8422837,152.65035494880544,152.33794919459177
2026-02-17 10:45:00,962.4366666666666,1771325550.772972,152.34546232876713,152.0269405404547
2026-02-17 11:00:00,962.5566666666667,1771326450.7310495,152.5873481228669,152.30304173823382
2026-02-17 11:15:00,962.77,1771327350.7348502,151.8086883561644,151.58726371923092
2026-02-17 11:30:00,962.7766666666666,1771328250.6566608,152.97852901023893,152.75733298478437
2026-02-17 11:45:00,962.7866666666667,1771329150.5986288,152.8291883561644,152.61110785013102
2026-02-17 12:00:00,962.6666666666666,1771330050.4753492,153.36665187713308,153.11289071528262
2026-02-17 12:15:00,962.6999999999999,1771330950.4227753,153.86079109589042,153.61594103055415
2026-02-17 12:30:00,962.6566666666668,1771331850.3383012,153.5834505119454,153.3264174044785
2026-02-17 12:45:00,962.5300000000001,1771332750.2456064,153.17428424657535,152.88113808697335
2026-02-17 13:00:00,962.52,1771333650.1683483,153.0539351535836,152.75811688723607
2026-02-17 13:15:00,962.5533333333333,1771334550.1096637,153.98610273972605,153.69821671868962
2026-02-17 13:30:00,962.61,1771335450.0078049,154.62725255972697,154.35478584227957
2026-02-17 13:45:00,962.5133333333333,1771336349.951975,152.54695547945207,152.25018857430933
2026-02-17 14:00:00,962.4966666666666,1771337249.8495948,153.70939590443686,153.40550965395363
2026-02-17 14:15:00,962.5833333333334,1771338151.35014,154.9513242320819,154.67044963741102
2026-02-17 14:30:00,962.7800000000001,1771339051.2552989,154.01973287671234,153.79800539579136
2026-02-17 14:45:00,962.7666666666668,1771339951.1575449,153.61062116040955,153.38559682083132
2026-02-17 15:00:00,962.8533333333334,1771340851.073459,153.61229794520548,153.4125309996235
2026-02-17 15:15:00,962.7599999999999,1771341750.9914224,154.85993174061434,154.63111861158262
2026-02-17 15:30:00,962.6666666666666,1771342650.9065838,153.45557191780821,153.2016636284528
2026-02-17 15:45:00,962.6233333333333,1771343550.8410487,153.5221672354949,153.25553019911314
2026-02-17 16:00:00,962.5533333333333,1771344450.7897604,152.1456712328767,151.8612260061332
2026-02-17 16:15:00,962.4633333333333,1771345350.7448378,153.9547747440273,153.64067249108277
2026-02-17 16:30:00,962.6333333333333,1771346250.6931708,152.41563356164383,152.15380924595846
2026-02-17 16:45:00,962.4900000000001,1771347150.6605344,153.5773310580205,153.2717644474772
2026-02-17 17:00:00,962.3933333333334,1771348050.593144,153.59684589041098,153.26308854619361
2026-02-17 17:15:00,962.3266666666667,1771348950.5353122,154.5334505119454,154.17812751194995
2026-02-17 17:30:00,962.6433333333334,1771349850.428522,153.70861643835616,153.44748647101736
2026-02-17 17:45:00,962.7466666666666,1771350750.3817723,153.66853583617748,153.43759591790942
2026-02-17 18:00:00,962.8433333333332,1771351650.3313437,153.38379109589042,153.1814108403115
2026-02-17 18:15:00,962.7433333333333,1771352550.2773144,153.44742320819114,153.2158452177337
2026-02-17 18:30:00,962.7166666666667,1771353450.183664,154.07221232876714,153.83189707945277
2026-02-17 18:45:00,962.6266666666667,1771354350.1453514,153.65654266211604,153.39064371372464
2026-02-17 19:00:00,962.5733333333334,1771355250.1413002,153.87290068493152,153.5910626512437
2026-02-17 19:15:00,962.3466666666667,1771356150.0529654,154.25189419795223,153.90306679353122
2026-02-17 19:30:00,962.3366666666666,1771357049.9275656,152.50298287671234,152.1552195083318
2026-02-17 19:45:00,962.2366666666667,1771357949.7978241,155.8771877133106,155.49218358462738
2026-02-17 20:00:00,962.0799999999999,1771358851.2556016,155.4340784982935,155.004022415313
2026-02-17 20:15:00,962.19,1771359751.150868,154.16999315068492,153.77557028367136
2026-02-17 20:30:00,962.2666666666668,1771360650.0744886,155.0763287671233,154.70212046524466
2026-02-17 20:45:00,962.0799999999999,1771361550.100214,153.53947440273038,153.1146603234598
2026-02-17 21:00:00,962.1866666666666,1771362450.0179842,155.5534794520548,155.1545344758342
2026-02-17 21:15:00,962.15,1771363349.887682,153.23887030716725,152.8352136731139
2026-02-17 21:30:00,962.2133333333333,1771364251.2308295,154.61616723549486,154.22744015798827
2026-02-17 21:45:00,962.2066666666666,1771365151.1306276,153.6181506849315,153.2299918377297
2026-02-17 22:00:00,962.2833333333333,1771366051.0415483,154.04942320819112,153.6825594271499
2026-02-17 22:15:00,962.0233333333334,1771366950.986606,152.91174315068494,152.4722488200234
2026-02-17 22:30:00,961.9533333333333,1771367850.895432,153.63650853242322,153.1745575319473
2026-02-17 22:45:00,962.1533333333333,1771368750.8163953,154.76390410958902,154.35720787577912
2026-02-17 23:00:00,962.2399999999999,1771369650.7104743,152.47541979522185,152.099781055522
2026-02-17 23:15:00,962.2166666666667,1771370550.583822,153.01357534246574,152.62984406196844
2026-02-17 23:30:00,962.1433333333333,1771371450.4832256,154.66219112627985,154.25283134723452
2026-02-17 23:45:00,962.15,1771372350.4010599,153.48383561643834,153.07953370307695
2026-02-18 00:00:00,962.1,1771373250.3113446,153.47866211604097,153.05983245575118
2026-02-18 00:15:00,962.0966666666667,1771374150.2251444,153.49314041095892,153.07330177337153
2026-02-18 00:30:00,961.9933333333333,1771375050.162193,153.6592252559727,153.20884938143053
2026-02-18 00:45:00,961.8766666666667,1771375950.063984,152.83842808219177,152.35668182663775
2026-02-18 01:00:00,961.8433333333334,1771376849.9566023,153.27744368600682,152.78463698785183
2026-02-18 01:15:00,961.7666666666668,1771377749.8451457,153.75309931506848,153.23644025559273
2026-02-18 01:30:00,961.7033333333334,1771378649.7335436,153.47684982935152,152.94271384162627
2026-02-18 01:45:00,961.6333333333333,1771379551.1031568,154.10998293515357,153.55321955707748
2026-02-18 02:00:00,961.4899999999999,1771380450.9651537,153.16856506849314,152.57364626528803
2026-02-18 02:15:00,961.3433333333332,1771381350.8199227,153.0420614334471,152.4051578249678
2026-02-18 02:30:00,961.2033333333333,1771382250.7471728,153.82928424657533,153.1483616295106
2026-02-18 02:45:00,961.1066666666667,1771383150.6415563,154.35242662116042,153.6409670077377
2026-02-18 03:00:00,961.0466666666666,1771384050.575137,154.16288698630137,153.4348084563475
2026-02-18 03:15:00,961.0166666666668,1771384950.4721642,152.77526962457338,152.04507769988845
2026-02-18 03:30:00,960.91,1771385850.342773,152.81811986301372,152.05690314621532
2026-02-18 03:45:00,960.7966666666666,1771386750.2189589,153.57767918088737,152.77977683075193
2026-02-18 04:00:00,960.66,1771387650.124109,152.29929452054796,151.46869745192564
2026-02-18 04:15:00,960.5366666666667,1771388550.0236742,152.7026109215017,151.8342302894592
2026-02-18 04:30:00,960.3733333333333,1771389449.9322748,154.42675684931507,153.50092759415332
2026-02-18 04:45:00,960.1899999999999,1771390349.833167,153.59074061433446,152.61675273539876
2026-02-18 05:00:00,959.9866666666667,1771391251.2861505,155.27636177474403,154.23208810682922
2026-02-18 05:15:00,959.9,1771392151.2000709,152.84860273972603,151.79565863562246
2026-02-18 05:30:00,959.7633333333333,1771393051.143827,154.7999044368601,153.69360390953705
2026-02-18 05:45:00,959.54,1771393951.077292,155.2890787671233,154.11387275265707
2026-02-18 06:00:00,959.4433333333333,1771394850.994643,154.54221160409557,153.34449091771472
2026-02-18 06:15:00,959.46,1771395750.914509,155.23999315068494,154.04174248485603
2026-02-18 06:30:00,959.44,1771396650.7900422,153.793385665529,152.6005019971314
2026-02-18 06:45:00,959.3266666666667,1771397550.6701186,153.5005787671233,152.27717234560052
2026-02-18 07:00:00,959.2599999999999,1771398450.585413,154.25109556313996,153.00232596736956
2026-02-18 07:15:00,959.1700000000001,1771399350.5218344,154.62030479452056,153.34232241476377
2026-02-18 07:30:00,959.1733333333333,1771400250.4889765,153.7624505119454,152.49252433353968
2026-02-18 07:45:00,959.1366666666667,1771401150.892855,155.20225684931506,153.90971654028468
2026-02-18 08:00:00,959.1933333333333,1771402050.8205214,153.7335119453925,152.46961850642467
2026-02-18 08:15:00,959.18,1771402950.752788,153.84586301369862,152.577180562349
2026-02-18 08:30:00,959.2166666666667,1771403850.677752,154.5907372013652,153.3265935617487
2026-02-18 08:45:00,959.2066666666666,1771404750.6076274,154.3234383561644,153.05857237411567
2026-02-18 09:00:00,959.2833333333333,1771405650.552317,152.1782866894198,150.95299001991114
2026-02-18 09:15:00,959.31,1771406550.4588466,153.38338356164383,152.15609283854366
2026-02-18 09:30:00,959.4,1771407450.386893,153.98633105802048,152.78033908015192
2026-02-18 09:45:00,959.3366666666667,1771408350.3373134,153.8513698630137,152.62806752663062
2026-02-18 10:00:00,959.2266666666668,1771409250.2952971,153.49937201365188,152.24704552312522
2026-02-18 10:15:00,959.1700000000001,1771410150.2707756,154.93815068493151,153.65754121523355
2026-02-18 10:30:00,959.1933333333333,1771411050.241111,154.81182252559728,153.53906394297763
2026-02-18 10:45:00,959.2366666666667,1771411950.173946,154.708198630137,153.44892541486635
2026-02-18 11:00:00,959.3033333333333,1771412850.1083632,152.83425597269624,151.60943867262745
2026-02-18 11:15:00,959.3333333333334,1771413751.416262,154.20684641638226,152.97974874157907
2026-02-18 11:30:00,959.34,1771414651.1746225,153.5834315068493,152.36322456478024
2026-02-18 11:45:00,959.4200000000001,1771415551.1077878,153.89135153583618,152.69190560188912
2026-02-18 12:00:00,959.4399999999999,1771416451.010995,154.2591404109589,153.0626441604798
2026-02-18 12:15:00,959.5666666666666,1771417350.9602702,154.58619112627986,153.42407775678748
2026-02-18 12:30:00,959.6300000000001,1771418250.891681,153.54542123287672,152.40947076591962
2026-02-18 12:45:00,959.7433333333333,1771419150.8116837,155.62410921501706,154.50604704439036
2026-02-18 13:00:00,959.88,1771420050.7542198,154.91096917808218,153.83797188128986
2026-02-18 13:15:00,959.94,1771420950.694905,155.23149488054608,154.17385226646587
2026-02-18 13:30:00,959.9066666666666,1771421850.6602283,154.80449315068492,153.7400226616936
2026-02-18 13:45:00,959.9033333333333,1771422750.5746467,153.95343344709897,152.89384670515275
2026-02-18 14:00:00,959.9433333333333,1771423650.4666688,155.49379452054797,154.43534286119873
2026-02-18 14:15:00,960.0266666666666,1771424550.387988,153.50282935153584,152.4820713446451
2026-02-18 14:30:00,960.1466666666666,1771425450.3266745,155.19014383561642,154.19331764995007
2026-02-18 14:45:00,960.1466666666666,1771426350.3184977,154.24459385665529,153.25384118155853
2026-02-18 15:00:00,960.2766666666666,1771427250.2396426,153.48820205479453,152.53998060110825
2026-02-18 15:15:00,960.2666666666668,1771428150.183956,154.18415358361776,153.2287212979687
2026-02-18 15:30:00,960.2599999999999,1771429050.1113858,154.47490410958903,153.51572558655855
2026-02-18 15:45:00,960.2800000000001,1771429950.046144,155.11103071672355,154.15376003462626
2026-02-18 16:00:00,960.4966666666666,1771430849.9680622,154.18304794520546,153.29459761489278
2026-02-18 16:15:00,960.5633333333334,1771431749.9121363,154.302023890785,153.43232151424593
2026-02-18 16:30:00,960.7266666666668,1771432649.8353648,155.40376369863012,154.5758141005357
2026-02-18 16:45:00,960.9,1771433549.7674854,155.02376109215018,154.24862689652483
2026-02-18 17:00:00,960.94,1771434451.2780528,153.9675119453925,153.209302564899
2026-02-18 17:15:00,961.1,1771435351.261731,154.41986643835617,153.70614901639996
2026-02-18 17:30:00,961.2733333333334,1771436251.181809,154.3582866894198,153.69546258958522
2026-02-18 17:45:00,961.52,1771437151.0368686,155.824301369863,155.22791521613115
2026-02-18 18:00:00,961.6133333333333,1771438050.9442568,153.63140614334472,153.07055495984562
2026-02-18 18:15:00,961.61,1771438950.8707652,153.9557089041096,153.39270232153154
2026-02-18 18:30:00,961.7766666666666,1771439850.7646873,153.23161433447098,152.71960927453256
2026-02-18 18:45:00,961.98,1771440750.6817553,154.26037671232876,153.80434243415735
2026-02-18 19:00:00,962.1833333333334,1771441650.6125214,155.32586348122868,154.9265210628439
2026-02-18 19:15:00,962.2866666666667,1771442550.5426798,153.20565068493153,152.84176431597976
2026-02-18 19:30:00,962.4866666666667,1771443450.4269993,154.138,153.83034358718797
2026-02-18 19:45:00,962.5799999999999,1771444350.3562593,152.29152397260273,152.01450793892226
2026-02-18 20:00:00,962.6366666666667,1771445250.3060987,151.21370989761093,150.9549063284898
2026-02-18 20:15:00,962.8733333333333,1771446150.2664611,152.22449657534247,152.03231153068174
2026-02-18 20:30:00,963.1,1771447050.185767,152.26641638225254,152.13968579780442
2026-02-18 20:45:00,963.4233333333333,1771447950.1351552,151.9408287671233,151.90766244874587
2026-02-18 21:00:00,963.5266666666666,1771448850.0083346,153.2707747440273,153.2674066661932
2026-02-18 21:15:00,963.6199999999999,1771449749.8862433,153.58205136986302,153.6059134853911
2026-02-18 21:30:00,963.7833333333333,1771450649.809587,152.13975426621158,152.2106209920427
2026-02-18 21:45:00,963.9333333333334,1771451551.2921562,153.1407781569966,153.25578283454084
2026-02-18 22:00:00,964.1166666666667,1771452451.2289443,152.675051369863,152.84293731712214
2026-02-18 22:15:00,964.3000000000001,1771453351.1676757,150.83647781569968,151.05495032497734
2026-02-18 22:30:00,964.4266666666666,1771454251.1153705,151.76343150684932,152.01982832489622
2026-02-18 22:45:00,964.4966666666666,1771455151.0535078,151.51489419795223,151.7910579927539
2026-02-18 23:00:00,964.6899999999999,1771456050.9874177,151.54671232876711,151.8787139867126
2026-02-18 23:15:00,964.9466666666667,1771456950.9073198,153.06414675767917,153.4742987952316
2026-02-18 23:30:00,965.1,1771457850.8614242,152.00732534246578,152.45905544749266
2026-02-18 23:45:00,965.3366666666667,1771458750.7782316,152.6446928327645,153.16717573489157
2026-02-19 00:00:00,965.5,1771459650.6902575,152.8594109589041,153.4302359423432
2026-02-19 00:15:00,965.5866666666667,1771460550.5892649,152.80102389078496,153.39688811326909
2026-02-19 00:30:00,965.8000000000001,1771461450.522671,153.06998630136988,153.7291983136575
2026-02-19 00:45:00,965.85,1771462350.4954562,152.34315358361775,153.01377103207557
2026-02-19 01:00:00,965.8966666666666,1771463250.43506,152.4317089041096,153.11629188411442
2026-02-19 01:15:00,965.9166666666666,1771464150.3320441,151.9675494880546,152.65584870308226
2026-02-19 01:30:00,966.0266666666666,1771465050.22439,152.0532191780822,152.77383280729364
2026-02-19 01:45:00,966.1333333333333,1771465950.1249297,152.5680375426621,153.32216115204727
2026-02-19 02:00:00,966.2166666666667,1771466850.0615187,153.6944794520548,154.47862809452633
2026-02-19 02:15:00,966.2966666666666,1771467750.0203671,151.04756313993175,151.84128534696
2026-02-19 02:30:00,966.4533333333333,1771468649.9063902,151.68151027397258,152.52395827748288
2026-02-19 02:45:00,966.5500000000001,1771469549.7230723,152.47878839590444,153.353827928839
2026-02-19 03:00:00,966.7033333333334,1771470451.195171,151.57986348122867,152.4941644600851
2026-02-19 03:15:00,966.7400000000001,1771471351.139434,151.93725684931505,152.86436273681656
2026-02-19 03:30:00,966.87,1771472251.0734355,151.74178156996587,152.70540826496037
2026-02-19 03:45:00,966.9666666666667,1771473150.9947255,152.1281164383562,153.12231741189157
2026-02-19 04:00:00,967.0533333333333,1771474050.934448,150.96371672354948,151.97533122112284
2026-02-19 04:15:00,967.1133333333333,1771474950.8289459,152.3935308219178,153.4322168423312
2026-02-19 04:30:00,967.3100000000001,1771475850.7377024,151.64161774744028,152.73223915316981
2026-02-19 04:45:00,967.41,1771476750.6252494,152.6771404109589,153.80442946297447
2026-02-19 05:00:00,967.5533333333333,1771477650.5861526,151.7006962457338,152.86239959775895
2026-02-19 05:15:00,967.6666666666666,1771478550.552974,151.8695821917808,153.06553541297788
2026-02-19 05:30:00,967.7266666666668,1771479450.4535146,151.52133788395903,152.73195917742518
2026-02-19 05:45:00,967.7766666666666,1771480350.3666763,151.06496575342467,152.28640725808341
2026-02-19 06:00:00,967.85,1771481250.2863238,151.8574880546075,153.10666890477592
2026-02-19 06:15:00,967.93,1771482150.1942565,152.0918904109589,153.36630936411655
2026-02-19 06:30:00,967.9766666666668,1771483050.097976,151.82262116040954,153.10835883990586
2026-02-19 06:45:00,968.0833333333334,1771483949.9822052,150.89901712328768,152.2077774100271
2026-02-19 07:00:00,968.1966666666667,1771484849.9111953,150.5339146757679,151.87220802526565
2026-02-19 07:15:00,968.2333333333332,1771485751.346542,151.55618771331058,152.91422204131996
2026-02-19 07:30:00,968.3866666666667,1771486651.280046,150.27417808219178,151.66490344130983
2026-02-19 07:45:00,968.5133333333333,1771487551.1507998,149.5517508532423,150.97212003223174
2026-02-19 08:00:00,968.5533333333333,1771488451.1108806,150.70341780821917,152.1462876335619
2026-02-19 08:15:00,968.5633333333334,1771489351.0423253,152.46912969283278,153.93182953436488
2026-02-19 08:30:00,968.6733333333333,1771490250.9556708,150.9864383561644,152.46677634892484
2026-02-19 08:45:00,968.7866666666667,1771491150.884907,151.98693174061435,153.51013130367596
2026-02-19 09:00:00,968.86,1771492050.816568,151.91614383561645,153.46001457438024
2026-02-19 09:15:00,968.9766666666666,1771492950.7408009,152.48592832764504,154.06973792762676
2026-02-19 09:30:00,968.9699999999999,1771493850.679823,151.48508219178083,153.05655767948986
2026-02-19 09:45:00,969.0366666666667,1771494750.5762386,151.6427201365188,153.23523949603
2026-02-19 10:00:00,969.16,1771495650.507864,150.7477191780822,152.36653980537315
2026-02-19 10:15:00,969.2666666666668,1771496550.3978326,153.11407849829354,154.78967805955162
2026-02-19 10:30:00,969.4433333333333,1771497450.28374,152.50001712328765,154.22065476726667
2026-02-19 10:45:00,969.48,1771498350.2064161,150.46039249146756,152.16861803000288
2026-02-19 11:00:00,969.52,1771499250.1363678,150.9982910958904,152.72423017183095
2026-02-19 11:15:00,969.5933333333332,1771500150.0660765,151.25170648464163,153.00185892039516
2026-02-19 11:30:00,969.6733333333333,1771501050.0013132,152.4306506849315,154.2178841686151
2026-02-19 11:45:00,969.7166666666667,1771501949.9197965,151.71999317406144,153.5115328684482
2026-02-19 12:00:00,969.8066666666667,1771502849.8595135,152.35768493150687,154.18311767533777
2026-02-19 12:15:00,969.7466666666666,1771503749.7755332,151.33976109215018,153.13553940787412
2026-02-19 12:30:00,969.7599999999999,1771504651.2723703,152.27584641638225,154.086635679912
2026-02-19 12:45:00,969.7966666666666,1771505551.22517,150.82258219178084,152.62672257853006
2026-02-19 13:00:00,969.7933333333334,1771506451.157266,152.05272013651876,153.87060092184262
2026-02-19 13:15:00,969.7733333333332,1771507351.0312843,150.77253767123287,152.56931536895857
2026-02-19 13:30:00,969.7966666666667,1771508250.928339,151.0070853242321,152.81343273825738
2026-02-19 13:45:00,969.7599999999999,1771509150.8279903,152.51343493150685,154.3270494804804
2026-02-19 14:00:00,969.7066666666666,1771510050.749011,151.59479522184301,153.38194226945313
2026-02-19 14:15:00,969.7533333333334,1771510950.671218,153.06572602739726,154.88394627395002
2026-02-19 14:30:00,969.6966666666667,1771511850.6053145,151.32784300341297,153.10893386097234
2026-02-19 14:45:00,969.7633333333333,1771512750.5343502,150.96006506849315,152.75617516188623
2026-02-19 15:00:00,969.8133333333334,1771513650.4689333,150.34149829351537,152.14470179184678
2026-02-19 15:15:00,969.7733333333334,1771514550.411251,150.96120205479454,152.76022809271524
2026-02-19 15:30:00,969.6899999999999,1771515450.2988806,152.58488054607508,154.3788109437409
2026-02-19 15:45:00,969.5933333333332,1771516350.2310576,152.43564726027398,154.19949922299762
2026-02-19 16:00:00,969.5133333333333,1771517250.1728728,150.90537883959044,152.6283226065074
2026-02-19 16:15:00,969.4333333333334,1771518150.0801623,151.82750342465755,153.53763594219393
2026-02-19 16:30:00,969.34,1771519050.0738676,150.82993515358362,152.50178535898726
2026-02-19 16:45:00,969.3299999999999,1771519949.983813,151.93505821917807,153.61623924753735
2026-02-19 17:00:00,969.3366666666667,1771520849.8742118,150.71470648464162,152.38431435264687
2026-02-19 17:15:00,969.32,1771521751.2142215,151.47464505119453,153.147821712172
2026-02-19 17:30:00,969.3666666666667,1771522651.0983946,151.75042808219177,153.44025545303813
2026-02-19 17:45:00,969.36,1771523551.0338657,152.40770307167236,154.10289759115267
2026-02-19 18:00:00,969.43,1771524450.9787078,151.53803424657534,153.2439357353486
2026-02-19 18:15:00,969.4366666666666,1771525350.9027627,150.5271399317406,152.22358968406107
2026-02-19 18:30:00,969.3666666666667,1771526250.8499966,151.24909246575342,152.93333717922383
2026-02-19 18:45:00,969.2966666666666,1771527150.7917578,152.11262798634812,153.78603375652793
2026-02-19 19:00:00,969.3266666666667,1771528050.7555473,152.6206815068493,154.30847175529263
2026-02-19 19:15:00,969.35,1771528950.7111046,152.53486689419796,154.22854545633507
2026-02-19 19:30:00,969.3033333333333,1771529850.6506364,151.45736643835616,153.1255031901317
2026-02-19 19:45:00,969.41,1771530750.6090586,152.15437883959044,153.86137183012238
2026-02-19 20:00:00,969.4900000000001,1771531650.584696,152.6794589041096,154.415812094476
2026-02-19 20:15:00,969.4900000000001,1771532550.536541,153.56652559726962,155.31296698871947
2026-02-19 20:30:00,969.4466666666667,1771533450.5115852,153.36321917808218,155.09457847991322
2026-02-19 20:45:00,969.4533333333334,1771534350.4357564,151.87453924914675,153.59103791050092
2026-02-19 21:00:00,969.3166666666666,1771535250.3656456,152.02228424657534,153.70053664593584
2026-02-19 21:15:00,969.2766666666666,1771536150.2959554,152.54390784982934,154.21619784474305
2026-02-19 21:30:00,969.2666666666668,1771537050.2179742,150.96402739726028,152.61609793547288
2026-02-19 21:45:00,969.3100000000001,1771537950.1434255,153.45496928327643,155.1470726229467
2026-02-19 22:00:00,969.35,1771538850.0812287,153.10052397260276,154.80048333654423
2026-02-19 22:15:00,969.3366666666667,1771539750.016784,153.22323208191125,154.92062923585934
2026-02-19 22:30:00,969.32,1771540649.895005,153.0069520547945,154.6970544548289
2026-02-19 22:45:00,969.2433333333333,1771541549.759317,152.91182935153583,154.57836247903148
2026-02-19 23:00:00,969.2566666666667,1771542451.1826003,152.42196587030716,154.0870636346926
2026-02-19 23:15:00,969.2166666666667,1771543351.0916986,151.5273904109589,153.17107415303076
2026-02-19 23:30:00,969.1933333333333,1771544251.0042694,152.8651228668942,154.51646719491094
2026-02-19 23:45:00,969.1999999999999,1771545150.9545097,152.13018835616438,153.77554127474636
2026-02-20 00:00:00,969.1466666666666,1771546050.893848,151.5895494880546,153.21352874228688
2026-02-20 00:15:00,969.11,1771546950.8312392,153.18787671232877,154.81819280730195
2026-02-20 00:30:00,969.1199999999999,1771547850.766782,152.6336109215017,154.26095912209686
2026-02-20 00:45:00,969.16,1771548750.6924853,152.76254452054795,154.40300156690085
2026-02-20 01:00:00,969.12,1771549650.582359,152.2663481228669,153.88978064295833
2026-02-20 01:15:00,969.0966666666667,1771550550.5006146,152.78483561643836,154.40695061710932
2026-02-20 01:30:00,969.0066666666667,1771551450.3609219,152.08532423208192,153.67373207260704
2026-02-20 01:45:00,969.02,1771552350.2545693,151.32045205479452,152.90474496369688
2026-02-20 02:00:00,969.06,1771553250.1537397,153.24513310580204,154.86134603051235
2026-02-20 02:15:00,969.0833333333334,1771554150.1107378,152.60477739726028,154.22107373834646
2026-02-20 02:30:00,969.0633333333334,1771555050.0266614,154.24110580204777,155.8688100041274
2026-02-20 02:45:00,969.0433333333334,1771555949.916591,151.68528424657535,153.28019214205565
2026-02-20 03:00:00,969.02,1771556849.808227,153.02362798634812,154.62575278455782
2026-02-20 03:15:00,968.9033333333333,1771557751.2788887,150.80333105802046,152.3484355071568
2026-02-20 03:30:00,968.85,1771558651.1917224,153.5555479452055,155.11313219814033
2026-02-20 03:45:00,968.89,1771559551.1108713,152.0945085324232,153.6489496698701
2026-02-20 04:00:00,968.8033333333333,1771560451.0812154,153.44244178082192,154.98513612147744
2026-02-20 04:15:00,968.77,1771561351.0391223,152.64339590443686,154.16829241995634
2026-02-20 04:30:00,968.6766666666666,1771562250.9616792,153.61257191780822,155.11964010977587
2026-02-20 04:45:00,968.6233333333333,1771563150.9005675,152.86474402730377,154.34883392600707
2026-02-20 05:00:00,968.6133333333333,1771564050.839606,154.12440753424656,155.61777013124433
2026-02-20 05:15:00,968.6333333333333,1771564950.7826552,152.55574061433447,154.03975727587033
2026-02-20 05:30:00,968.6366666666667,1771565850.7624822,152.45085273972603,153.93482400082263
2026-02-20 05:45:00,968.65,1771566750.739803,153.80768600682595,155.3087992531698
2026-02-20 06:00:00,968.69,1771567650.6145234,152.2963184931507,153.7943692095224
2026-02-20 06:15:00,968.6466666666666,1771568550.5430772,153.047,154.53971044246111
2026-02-20 06:30:00,968.75,1771569450.4735832,151.94720547945207,153.45931553805
2026-02-20 06:45:00,968.8466666666667,1771570350.3612878,151.9540443686007,153.4944117028993
2026-02-20 07:00:00,968.9333333333334,1771571250.6617768,152.6981883561644,154.2715004053567
2026-02-20 07:15:00,969.0433333333334,1771572150.7684004,152.73262116040956,154.33854136945345
2026-02-20 07:30:00,969.0333333333333,1771573050.625897,152.63665410958905,154.238634702969
2026-02-20 07:45:00,969.0533333333333,1771573950.6383646,152.98011604095564,154.59157576812623
2026-02-20 08:00:00,969.16,1771574850.5222235,152.02491780821916,153.65745377063348
2026-02-20 08:15:00,969.25,1771575750.4406831,152.54178839590443,154.2062418417348
2026-02-20 08:30:00,969.29,1771576650.335621,154.05364383561644,155.74643010875687
2026-02-20 08:45:00,969.2833333333333,1771577550.2550745,152.48815699658704,154.16178851637696
2026-02-20 09:00:00,969.3533333333334,1771578450.169585,153.10107876712328,154.80202470097208
2026-02-20 09:15:00,969.4,1771579350.102436,153.40170648464164,155.11974571963296
2026-02-20 09:30:00,969.5133333333333,1771580250.0139496,153.3976917808219,155.1490912269222
2026-02-20 09:45:00,969.52,1771581149.9383,152.81109215017065,154.55775188562185
2026-02-20 10:00:00,969.6333333333333,1771582051.2652965,152.3325699658703,154.106940890771
2026-02-20 10:15:00,969.56,1771582951.1839404,152.58306506849314,154.33884771790517
2026-02-20 10:30:00,969.5466666666666,1771583851.109333,150.93017747440274,152.6630727318148
2026-02-20 10:45:00,969.5866666666667,1771584751.0445297,151.64955479452055,153.4023676739235
2026-02-20 11:00:00,969.5766666666667,1771585650.9492726,151.43168941979522,153.17907371315857
2026-02-20 11:15:00,969.6566666666668,1771586550.8395257,151.40639726027396,153.17677080481937
2026-02-20 11:30:00,969.6333333333333,1771587450.7380743,152.51925597269624,154.29580141761372
2026-02-20 11:45:00,969.5733333333333,1771588350.6032481,151.78310273972602,153.53356964159053
2026-02-20 12:00:00,969.6700000000001,1771589250.5402355,151.27927986348124,153.05204431166575
2026-02-20 12:15:00,969.62,1771590150.442397,151.9898698630137,153.75635380422716
2026-02-20 12:30:00,969.6766666666666,1771591050.3771932,151.94036518771333,153.72282369986985
2026-02-20 12:45:00,969.69,1771591950.2452424,152.13169520547945,153.9202975329239
2026-02-20 13:00:00,969.6333333333333,1771592850.144766,153.16746416382253,154.95155994264348
2026-02-20 13:15:00,969.62,1771593750.0619345,152.58923287671232,154.36268284230366
2026-02-20 13:30:00,969.63,1771594649.9629047,151.54525597269625,153.3094852951129
2026-02-20 13:45:00,969.5633333333334,1771595551.322289,152.57468941979522,154.33135311891402
2026-02-20 14:00:00,969.64,1771596451.1305466,152.93239383561644,154.71571123341062
2026-02-20 14:15:00,969.7066666666666,1771597351.0084236,152.0169795221843,153.8091036893901
2026-02-20 14:30:00,969.86,1771598250.9288766,153.04002739726027,154.88933010126647
2026-02-20 14:45:00,969.8666666666667,1771599150.8272386,152.68896928327646,154.53598732014444
2026-02-20 15:00:00,969.8833333333333,1771600050.7570298,152.84878767123286,154.70263780719253
2026-02-20 15:15:00,969.9133333333333,1771600950.6310728,154.36030034129692,156.24138859754046
2026-02-20 15:30:00,969.81,1771601850.452612,151.55372602739726,153.37049769662787
2026-02-20 15:45:00,969.7266666666666,1771602750.3296275,151.2613276450512,153.05035925533338
2026-02-20 16:00:00,969.6333333333333,1771603650.1969783,152.62609246575343,154.40388234294852
2026-02-20 16:15:00,969.5866666666667,1771604550.0792658,153.14426962457338,154.91435888443587
2026-02-20 16:30:00,969.52,1771605449.9718199,152.61413698630136,154.35854548691367
2026-02-20 16:45:00,969.41,1771606349.8936691,154.0936279863481,155.8223770691178
2026-02-20 17:00:00,969.3066666666667,1771607251.3493557,153.45050511945394,155.14157666765703
2026-02-20 17:15:00,969.0799999999999,1771608151.2551866,152.53446575342466,154.14904111628894
2026-02-20 17:30:00,968.8633333333333,1771609051.1905298,152.48641296928326,154.03705471910632
2026-02-20 17:45:00,968.6866666666666,1771609951.1476562,153.31491780821918,154.82200735387224
2026-02-20 18:00:00,968.5766666666667,1771610851.0980842,151.44021843003412,152.89692083703457
2026-02-20 18:15:00,968.5433333333334,1771611751.053309,152.37265753424657,153.82858628085094
2026-02-20 18:30:00,968.4666666666667,1771612650.9778895,152.42133447098976,153.85531510499118
2026-02-20 18:45:00,968.4233333333333,1771613550.842941,152.42573287671232,153.84708762592572
2026-02-20 19:00:00,968.2866666666667,1771614450.7938943,152.0312218430034,153.40905742522898
2026-02-20 19:15:00,968.0433333333334,1771615350.7351127,152.82383219178084,154.13757166624436
2026-02-20 19:30:00,967.9366666666666,1771616250.6665184,151.9004846416382,153.1752399616706
2026-02-20 19:45:00,967.67,1771617150.5936618,153.13834246575342,154.34526452611982
2026-02-20 20:00:00,967.3166666666666,1771618050.530736,151.9797747440273,153.07476714285312
2026-02-20 20:15:00,967.2933333333334,1771618950.4443977,152.7434897260274,153.8371643158921
2026-02-20 20:30:00,967.3433333333332,1771619850.3472638,152.26026962457337,153.36505324781692
2026-02-20 20:45:00,967.0533333333333,1771620750.2152073,152.98444178082192,154.00959724577416
2026-02-20 21:00:00,966.8666666666667,1771621650.1367774,153.334204778157,154.30696677660518
2026-02-20 21:15:00,966.8866666666667,1771622550.0659254,152.70564383561646,153.68025794210456
2026-02-20 21:30:00,966.7833333333333,1771623450.0105875,152.47929692832764,153.42234154276625
2026-02-20 21:45:00,966.6133333333333,1771624349.9301727,153.42427397260275,154.32330854344895
2026-02-20 22:00:00,966.57,1771625249.8148353,152.34695563139934,153.22706112512014
2026-02-20 22:15:00,966.0066666666667,1771626151.1799843,152.93750511945393,153.65647051729954
2026-02-20 22:30:00,965.91,1771627050.9070215,153.31603082191782,154.0084868612044
2026-02-20 22:45:00,965.9699999999999,1771627950.962375,152.7520819112628,153.4594842439585
2026-02-20 23:00:00,965.4900000000001,1771628850.9007075,152.63773287671233,153.20481912544827
2026-02-20 23:15:00,965.11,1771629750.868632,153.43478498293516,153.89368111524837
2026-02-20 23:30:00,964.85,1771630650.6114137,153.88840410958903,154.27242752965844
2026-02-20 23:45:00,964.34,1771631550.6208127,152.93263139931742,153.16578014767407
2026-02-21 00:00:00,963.8666666666667,1771632450.553355,152.71980479452054,152.8151355223925
2026-02-21 00:15:00,963.6666666666666,1771633350.5036151,152.70366552901024,152.7409335983731
2026-02-21 00:30:00,963.6333333333333,1771634250.4431546,152.64352397260274,152.67110788776432
2026-02-21 00:45:00,962.9266666666667,1771635150.3832672,153.92164163822525,153.74289242032833
2026-02-21 01:00:00,962.7599999999999,1771636050.2957976,154.12299315068492,153.89526888449055
2026-02-21 01:15:00,962.29,1771636950.208169,153.83991126279864,153.47549043833035
2026-02-21 01:30:00,961.7066666666666,1771637850.1577117,152.42604794520548,151.89653100660084
2026-02-21 01:45:00,960.79,1771638750.1173794,152.74442320819114,151.94892528401343
2026-02-21 02:00:00,960.6866666666666,1771639650.0611174,152.82431506849315,151.99855575207678
2026-02-21 02:15:00,960.3000000000001,1771640549.956589,153.3821979522184,152.44138945721255
2026-02-21 02:30:00,959.6133333333333,1771641449.8562365,152.3351267123288,151.20334199159478
2026-02-21 02:45:00,959.0333333333333,1771642349.7712631,153.36110580204777,152.0540425799103
2026-02-21 03:00:00,959.6733333333333,1771643251.2360451,153.8509419795222,152.72530509324068
2026-02-21 03:15:00,959.11,1771644151.2486534,153.04769863013698,151.76541206053105
2026-02-21 03:30:00,958.34,1771645051.1914854,153.29273720136518,151.7861719258514
2026-02-21 03:45:00,957.5033333333334,1771645951.1490216,153.25406164383563,151.50683956673504
2026-02-21 04:00:00,956.9699999999999,1771646851.0775735,153.03194539249148,151.1340288519229
2026-02-21 04:15:00,956.93,1771647751.0591068,152.79934246575343,150.8928423966878
2026-02-21 04:30:00,956.8533333333334,1771648650.9751594,153.70336860068258,151.763480372884
2026-02-21 04:45:00,956.6733333333333,1771649550.892375,153.49193835616438,151.5028957352042
2026-02-21 05:00:00,955.96,1771650450.812067,153.41459726962458,151.22146243883944
2026-02-21 05:15:00,956.4266666666667,1771651350.7427342,152.29163356164383,150.24771262787675
2026-02-21 05:30:00,956.4699999999999,1771652250.667971,153.79746075085325,151.74582318798755
2026-02-21 05:45:00,956.8866666666667,1771653150.616906,153.63594178082192,151.70651232090924
2026-02-21 06:00:00,956.6933333333333,1771654050.553653,151.85776450511943,149.89559443496236
2026-02-21 06:15:00,956.3633333333333,1771654950.4611552,153.99809246575342,151.91298768376836
2026-02-21 06:30:00,955.9133333333333,1771655850.3507419,152.50168600682593,150.30827375343753
2026-02-21 06:45:00,955.8966666666666,1771656750.282263,152.7558390410959,150.5540037181696
2026-02-21 07:00:00,955.9266666666666,1771657650.1981812,153.44027645051193,151.23719586453058
2026-02-21 07:15:00,955.69,1771658550.1369603,152.0755102739726,149.824638572836
2026-02-21 07:30:00,955.7066666666666,1771659450.0455866,153.47975085324234,151.2128833003004
2026-02-21 07:45:00,955.5166666666668,1771660349.9524903,152.83946575342466,150.52770478199807
2026-02-21 08:00:00,955.0166666666668,1771661249.8878133,153.03160750853243,150.57382720872783
2026-02-21 08:15:00,954.9066666666668,1771662151.3455987,153.68163822525597,151.18181773642783
2026-02-21 08:30:00,954.4733333333334,1771663051.2599268,153.9450616438356,151.31632117758696
2026-02-21 08:45:00,954.4200000000001,1771663951.169003,153.002795221843,150.37490597895223
2026-02-21 09:00:00,954.2800000000001,1771664851.0844207,154.6879315068493,151.99066442442813
2026-02-21 09:15:00,954.0099999999999,1771665751.0204995,152.73764846416384,149.99741971754585
2026-02-21 09:30:00,953.7266666666668,1771666650.9764202,153.0515890410959,150.2248351555167
2026-02-21 09:45:00,953.4333333333334,1771667550.8899195,155.47818088737202,152.52158052454627
2026-02-21 10:00:00,953.46,1771668450.82903,153.96356506849315,151.04341957850633
2026-02-21 10:15:00,953.4766666666668,1771669350.7656212,154.65198976109215,151.7235917884811
2026-02-21 10:30:00,953.5566666666667,1771670250.7154477,153.8573321917808,150.96692661059421
2026-02-21 10:45:00,953.5933333333332,1771671150.7246256,154.1886518771331,151.30256241247722
2026-02-21 11:00:00,953.6866666666666,1771672050.7093596,155.54938356164382,152.66489421668956
2026-02-21 11:15:00,953.8033333333333,1771672950.6753004,155.2311843003413,152.38637084010935
2026-02-21 11:30:00,953.4200000000001,1771673850.586693,154.49763356164385,151.5558399955324
2026-02-21 11:45:00,952.9466666666667,1771674750.5299394,154.92375085324232,151.83722987291657
2026-02-21 12:00:00,952.8233333333334,1771675650.489335,155.14630821917808,152.0197258009651
2026-02-21 12:15:00,953.12,1771676550.7751124,154.66383276450512,151.6324194784639
2026-02-21 12:30:00,952.6666666666666,1771677450.8741972,155.74281849315068,152.55879648746023
2026-02-21 12:45:00,952.2966666666666,1771678350.7897482,156.78547098976108,153.47220399851855
2026-02-21 13:00:00,951.93,1771679250.6890063,156.51841780821917,153.10409463297114
2026-02-21 13:15:00,951.82,1771680150.5980756,154.71655631399318,151.30991221888675
2026-02-21 13:30:00,952.1966666666667,1771681050.5224414,157.18528082191781,153.83433355417134
2026-02-21 13:45:00,952.0666666666666,1771681950.440071,156.45600341296927,153.08278709402128
2026-02-21 14:00:00,952.0966666666667,1771682850.3571577,155.23766438356165,151.8993736654157
2026-02-21 14:15:00,952.1533333333333,1771683750.3261719,155.8633071672355,152.52798368047075
2026-02-21 14:30:00,951.7733333333334,1771684650.270163,155.6868082191781,152.24530084030735
2026-02-21 14:45:00,951.5466666666666,1771685550.1852837,155.16869283276452,151.67330385859026
2026-02-21 15:00:00,951.3366666666667,1771686450.1189618,154.67414383561643,151.12958252517512
2026-02-21 15:15:00,951.3000000000001,1771687350.077461,155.03962116040955,151.47613125194252
2026-02-21 15:30:00,951.1166666666667,1771688250.0114422,155.95306506849315,152.31551440351726
2026-02-21 15:45:00,950.4533333333334,1771689149.9179752,155.83775085324234,152.01118430829092
2026-02-21 16:00:00,950.3133333333334,1771690051.3003812,155.9369829351536,152.06752442335056
2026-02-21 16:15:00,950.0566666666667,1771690951.212688,157.00626712328767,153.0356265573629
2026-02-21 16:30:00,949.77,1771691851.1572495,155.82790443686008,151.80435900798332
2026-02-21 16:45:00,949.1633333333334,1771692751.1191647,156.3062397260274,152.09492763655004
2026-02-21 17:00:00,948.8466666666667,1771693651.1235864,156.22865529010238,151.92799601915672
2026-02-21 17:15:00,949.2633333333333,1771694551.0337987,156.14463356164384,151.96654647954347
2026-02-21 17:30:00,949.0766666666667,1771695450.9060686,156.3212081911263,152.0844475097579
2026-02-21 17:45:00,948.9466666666667,1771696350.7978287,156.41463698630136,152.1377614437365
2026-02-21 18:00:00,948.7933333333334,1771697250.761374,155.8560784982935,151.55031763678295
2026-02-21 18:15:00,949.0766666666667,1771698150.68975,155.28829452054794,151.07952881233382
2026-02-21 18:30:00,950.2066666666666,1771699050.5797324,155.64324232081913,151.75031491343148
2026-02-21 18:45:00,950.4966666666668,1771699950.4745722,154.9256198630137,151.1338933672704
2026-02-21 19:00:00,950.2266666666666,1771700850.4166243,155.38325938566553,151.502591624855
2026-02-21 19:15:00,949.5300000000001,1771701750.3101053,155.6563698630137,151.56812270813342
2026-02-21 19:30:00,949.2933333333334,1771702650.1744905,154.9318020477816,150.79476272687836
2026-02-21 19:45:00,948.52,1771703550.053736,156.13531164383562,151.7430108723444
2026-02-21 20:00:00,948.8166666666666,1771704449.9851422,155.45162116040956,151.1637354908164
2026-02-21 20:15:00,949.23,1771705349.9110842,156.96743835616437,152.75765986868456
2026-02-21 20:30:00,949.0566666666667,1771706249.8232627,155.19141638225256,150.9795390226576
2026-02-21 20:45:00,949.1066666666666,1771707151.2449985,157.20748122866894,152.95541817337025
2026-02-21 21:00:00,948.9566666666666,1771708051.1746304,156.98389383561644,152.69435415855702
2026-02-21 21:15:00,949.0866666666666,1771708951.0846422,156.71027303754266,152.46586438796106
2026-02-21 21:30:00,948.75,1771709850.9720805,156.51483561643838,152.17834572283815
2026-02-21 21:45:00,948.5833333333334,1771710750.6777027,154.9888395904437,150.64691740759625
2026-02-21 22:00:00,948.9166666666666,1771711650.4541411,156.568948630137,152.27917355430145
2026-02-21 22:15:00,948.8833333333332,1771712550.2342196,156.10439249146756,151.8177301911281
2026-02-21 22:30:00,949.0666666666666,1771713450.1258857,156.23617808219177,151.99883395950016
2026-02-21 22:45:00,949.4166666666666,1771714349.975679,155.32549829351535,151.2133765507063
2026-02-21 23:00:00,949.4966666666666,1771715251.2861238,155.88860409556312,151.78464407724564
2026-02-21 23:15:00,949.5366666666667,1771716151.0546145,156.0505,151.95382592400273
2026-02-21 23:30:00,949.34,1771717050.800627,155.73697610921502,151.59187731947733
2026-02-21 23:45:00,949.5633333333334,1771717950.5361097,156.08134589041094,151.99156275167317
2026-02-22 00:00:00,949.8966666666666,1771718850.4377344,155.89025938566553,151.90165719117002
2026-02-22 00:15:00,950.1166666666667,1771719750.23626,156.29558561643836,152.36028605148093
2026-02-22 00:30:00,950.0366666666667,1771720649.9817486,157.68445733788397,153.69082518614132
2026-02-22 00:45:00,950.2433333333333,1771721551.1299002,156.23365870307168,152.3365762940061
2026-02-22 01:00:00,950.6166666666667,1771722450.8577027,155.32902054794522,151.56197321446197
2026-02-22 01:15:00,951.02,1771723350.6275482,156.1246313993174,152.45507552260432
2026-02-22 01:30:00,951.2966666666666,1771724250.4465508,156.57001712328767,152.9703831936019
2026-02-22 01:45:00,951.6166666666667,1771725150.2911813,157.00587372013652,153.48951245842557
2026-02-22 02:00:00,951.8166666666666,1771726050.0364196,155.6396232876712,152.21169052697456
2026-02-22 02:15:00,951.8966666666666,1771726949.9746547,156.0875938566553,152.67299916264173
2026-02-22 02:30:00,951.7833333333333,1771727851.274583,155.70654266211605,152.26749210185085
2026-02-22 02:45:00,951.8633333333333,1771728751.178667,155.55923630136985,152.14656377918305
2026-02-22 03:00:00,951.79,1771729650.9242604,156.47729010238908,153.02315452167056
2026-02-22 03:15:00,951.9433333333333,1771730550.6812594,156.00402739726027,152.60479117344954
2026-02-22 03:30:00,952.1566666666666,1771731450.3817027,156.71190784982934,153.35939640524143
2026-02-22 03:45:00,952.2033333333334,1771732350.1074934,155.8249315068493,152.50491650087898
2026-02-22 04:00:00,952.09,1771733249.9032545,157.16177815699658,153.7801626583995
2026-02-22 04:15:00,952.1533333333333,1771734151.2202513,155.49135836177476,152.1639942184198
2026-02-22 04:30:00,952.1966666666667,1771735051.0352204,155.33253424657534,152.02108467251878
2026-02-22 04:45:00,952.32,1771735950.777859,155.84411262798633,152.55750211314347
2026-02-22 05:00:00,952.4433333333333,1771736850.4991004,155.90117123287672,152.64912399122068
2026-02-22 05:15:00,952.8233333333334,1771737750.3069367,154.802590443686,151.68293479006067
2026-02-22 05:30:00,953.02,1771738650.1427677,156.04833561643835,152.96072075706934
2026-02-22 05:45:00,953.2133333333335,1771739550.0025284,156.78402047781572,153.73831199308748
2026-02-22 06:00:00,953.3033333333333,1771740451.1818383,156.89715017064844,153.87555448276575
2026-02-22 06:15:00,953.41,1771741350.9600608,155.14928424657535,152.1921909032734
2026-02-22 06:30:00,953.4833333333332,1771742250.7166173,156.9214061433447,153.9519858998448
2026-02-22 06:45:00,953.6133333333333,1771743150.4521863,155.66193493150686,152.75407323024174
2026-02-22 07:00:00,953.86,1771744050.4444852,156.11725255972698,153.27270221816286
2026-02-22 07:15:00,954.0766666666667,1771744950.2455242,154.11234931506849,151.36662928927115
2026-02-22 07:30:00,954.3133333333334,1771745850.011912,155.23996928327645,152.54273714638066
2026-02-22 07:45:00,954.38,1771746751.2958155,155.56858020477816,152.88500279232107
2026-02-22 08:00:00,954.4833333333332,1771747650.9551737,154.91176712328766,152.26941244516445
2026-02-22 08:15:00,954.5866666666667,1771748550.737058,155.55569965870308,152.93238409820339
2026-02-22 08:30:00,954.7233333333334,1771749450.5327487,156.2858493150685,153.69012341806007
2026-02-22 08:45:00,954.8033333333333,1771750350.257538,154.76078498293515,152.21352332517324
2026-02-22 09:00:00,954.9933333333333,1771751250.047942,155.98157191780822,153.4696094327802
2026-02-22 09:15:00,955.3233333333333,1771752149.9496372,155.28555631399317,152.88062873113387
2026-02-22 09:30:00,955.3566666666667,1771753051.3722348,155.65056313993173,153.24968815518216
2026-02-22 09:45:00,955.5966666666667,1771753951.102894,154.97432191780823,152.65347191658836
2026-02-22 10:00:00,955.8266666666667,1771754850.8152747,156.67470648464163,154.39584826819038
2026-02-22 10:15:00,955.9266666666666,1771755750.5610201,155.20453424657535,152.97612261851637
2026-02-22 10:30:00,956.1133333333333,1771756650.3827786,154.35671672354948,152.19444670321718
2026-02-22 10:45:00,956.18,1771757550.1628816,156.72310273972602,154.5472584998089
2026-02-22 11:00:00,956.0766666666667,1771758450.0823288,155.53187713310578,153.34246192229477
2026-02-22 11:15:00,956.14,1771759351.4116616,156.22108191126281,154.0404998875159
2026-02-22 11:30:00,956.2333333333332,1771760251.0621846,157.54647602739726,155.37494445787786
2026-02-22 11:45:00,956.36,1771761150.8516624,155.68003071672356,153.57118019125792
2026-02-22 12:00:00,956.4566666666666,1771762050.7022078,156.5421404109589,154.44997640610856
2026-02-22 12:15:00,956.5166666666668,1771762950.8782144,157.072409556314,154.99082652498
2026-02-22 12:30:00,956.5833333333334,1771763850.7982068,155.75339726027397,153.70876282279073
2026-02-22 12:45:00,956.6300000000001,1771764750.5441046,157.19066552901023,155.14091873936533
2026-02-22 13:00:00,956.5433333333334,1771765650.3146951,156.62020205479453,154.5524423071578
2026-02-22 13:15:00,956.7333333333332,1771766550.0600958,156.73846416382253,154.7249887148193
2026-02-22 13:30:00,956.8233333333334,1771767449.828978,155.94777054794523,153.97077916764644
2026-02-22 13:45:00,956.9233333333333,1771768349.6484227,155.46864163822525,153.5268916410238
2026-02-22 14:00:00,957.0133333333333,1771769250.955464,156.24966552901026,154.32454805290354
2026-02-22 14:15:00,957.1666666666666,1771770150.732028,156.88363013698628,154.99585060434777
2026-02-22 14:30:00,957.3066666666667,1771771050.4917178,155.38822184300344,153.5592778828132
2026-02-22 14:45:00,957.4433333333333,1771771950.2253697,155.76465753424657,153.9712588795141
2026-02-22 15:00:00,957.4499999999999,1771772849.976169,154.9198566552901,153.13812436508042
2026-02-22 15:15:00,957.5433333333334,1771773751.2203386,154.35903412969284,152.61081244042816
2026-02-22 15:30:00,957.6833333333334,1771774650.9453762,156.7777636986301,155.04338429744735
2026-02-22 15:45:00,957.7666666666668,1771775550.7222233,155.54696928327647,153.85056348882168
2026-02-22 16:00:00,957.8466666666667,1771776450.5089254,155.09890068493152,153.43070125124177
2026-02-22 16:15:00,957.8866666666667,1771777350.2972825,155.49797610921502,153.8371755154242
2026-02-22 16:30:00,957.8233333333334,1771778250.0446744,155.20060616438354,153.5245064116422
2026-02-22 16:45:00,957.8666666666667,1771779149.72677,156.48507508532424,154.80784894257485
2026-02-22 17:00:00,957.87,1771780050.969181,154.8841399317406,153.22504322965412
2026-02-22 17:15:00,957.8833333333333,1771780950.7128665,154.90096232876712,153.2455675994469
2026-02-22 17:30:00,957.8933333333333,1771781850.5224833,155.5124709897611,153.8534643811893
2026-02-22 17:45:00,957.9900000000001,1771782750.2451885,154.97876712328767,153.35361742740068
2026-02-22 18:00:00,958.0633333333334,1771783649.9533074,154.36820477815698,152.77074217972492
2026-02-22 18:15:00,958.12,1771784549.7705796,154.4473082191781,152.86548465857598
2026-02-22 18:30:00,958.2633333333333,1771785449.74889,155.17570989761091,153.62825856786822
2026-02-22 18:45:00,958.3766666666667,1771786351.1330276,154.568614334471,153.06017252367715
2026-02-22 19:00:00,958.3733333333333,1771787250.9578388,154.85331849315068,153.34112707857807
2026-02-22 19:15:00,958.3933333333334,1771788150.8165622,155.5320614334471,154.01909449473354
2026-02-22 19:30:00,958.54,1771789050.4364693,154.15551712328767,152.6984868243155
2026-02-22 19:45:00,958.6633333333333,1771789950.305943,155.89255631399317,154.45529784189486
2026-02-22 20:00:00,958.7633333333333,1771790850.0361376,155.45323630136986,154.04929474558114
2026-02-22 20:15:00,959.0033333333334,1771791749.768678,153.8480989761092,152.52819086280627
2026-02-22 20:30:00,959.1199999999999,1771792651.2070668,154.27011604095563,152.9804942371352
2026-02-22 20:45:00,959.18,1771793550.9641402,154.22862671232875,152.95678781869364
2026-02-22 21:00:00,959.3033333333333,1771794450.525248,154.46399317406141,153.2261151219636
2026-02-22 21:15:00,959.2566666666667,1771795351.3341863,154.38032081911263,153.12953523181315
2026-02-22 21:30:00,959.2766666666666,1771796251.065968,155.4773219178082,154.22350883639797
2026-02-22 21:45:00,959.3366666666667,1771797150.06669,156.25303424657534,155.0106358068931
2026-02-22 22:00:00,959.1933333333333,1771798049.816685,154.44441638225257,153.1746783655989
2026-02-22 22:15:00,959.2399999999999,1771798951.0587974,154.6888566552901,153.43071260202268
2026-02-22 22:30:00,959.2366666666667,1771799850.7980752,154.43658561643835,153.1795232406455
2026-02-22 22:45:00,959.2066666666666,1771800750.5549574,154.2782662116041,153.01377046955002
2026-02-22 23:00:00,959.2399999999999,1771801650.332766,155.69792465753426,154.43157346553807
2026-02-22 23:15:00,959.23,1771802550.1110055,154.2858395904437,153.02806586932306
2026-02-22 23:30:00,959.29,1771803450.092252,153.54564383561643,152.3112668556155
2026-02-22 23:45:00,959.3666666666667,1771804350.1658683,154.57182593856655,153.35153590343123
2026-02-23 00:00:00,959.4466666666667,1771805249.9267716,154.50945205479454,153.31295623783365
2026-02-23 00:15:00,959.4866666666667,1771806149.7250984,153.4601433447099,152.28334629657562
2026-02-23 00:30:00,959.4466666666667,1771807050.9892962,155.2150068259386,154.0130473087245
2026-02-23 00:45:00,959.5266666666666,1771807950.8707554,152.4800890410959,151.32230752072596
2026-02-23 01:00:00,959.4866666666667,1771808850.6919415,153.73926962457338,152.56033211849973
2026-02-23 01:15:00,959.3566666666666,1771809750.619436,152.4852910958904,151.2785991965487
2026-02-23 01:30:00,959.2833333333333,1771810650.4508245,153.7778156996587,152.53964007342327
2026-02-23 01:45:00,959.3966666666666,1771811550.204311,153.59680821917806,152.39290175280783
2026-02-23 02:00:00,959.3866666666667,1771812449.9806297,155.0647781569966,153.84644249174195
2026-02-23 02:15:00,959.4466666666667,1771813350.099681,154.0220684931507,152.82934689443346
2026-02-23 02:30:00,959.3000000000001,1771814249.9668863,154.4463310580205,153.2076242325074
2026-02-23 02:45:00,959.1466666666666,1771815151.3315148,154.1999795221843,152.91869170904567
2026-02-23 03:00:00,959.2266666666666,1771816051.1129405,153.29875684931508,152.04806708004267
2026-02-23 03:15:00,959.3666666666667,1771816951.013718,153.81334129692834,152.5990392304566
2026-02-23 03:30:00,959.4833333333332,1771817850.8623292,154.56982876712328,153.38355075131128
2026-02-23 03:45:00,959.5633333333334,1771818750.6342742,154.31672354948807,153.15566593390443
2026-02-23 04:00:00,959.56,1771819650.4807048,153.65426712328767,152.49722791909954
2026-02-23 04:15:00,959.5566666666667,1771820550.3482938,154.44635836177474,153.2823838026929
2026-02-23 04:30:00,959.7633333333333,1771821450.3627217,154.5899109589041,153.4851111811858
2026-02-23 04:45:00,959.7566666666667,1771822350.5325882,154.08225255972695,152.9791430901345
2026-02-23 05:00:00,959.7433333333333,1771823250.334254,153.53228424657536,152.42925053379227
2026-02-23 05:15:00,959.7766666666666,1771824150.1775832,154.42115699658703,153.32144733827874
2026-02-23 05:30:00,959.73,1771825050.149601,152.9327397260274,151.83016695377142
2026-02-23 05:45:00,959.75,1771825950.1703417,153.71355631399317,152.61115333682113
2026-02-23 06:00:00,959.8833333333333,1771826851.503023,153.49076450511947,152.42856969318376
2026-02-23 06:15:00,959.8766666666667,1771827751.214591,153.08471232876713,152.02340185837514
2026-02-23 06:30:00,959.5666666666666,1771828651.0523448,154.2563447098976,153.09671098575754
2026-02-23 06:45:00,959.5233333333332,1771829551.34965,154.59169178082192,153.41690521454368
2026-02-23 07:00:00,959.4166666666666,1771830451.1820602,151.7934436860068,150.60939521152505
2026-02-23 07:15:00,959.41,1771831350.9179165,154.37129109589043,153.16519429446706
2026-02-23 07:30:00,959.35,1771832250.690165,154.89683276450512,153.6691106495839
2026-02-23 07:45:00,959.31,1771833150.5709815,154.69448630136986,153.45670484457918
2026-02-23 08:00:00,958.8966666666666,1771834049.5602016,153.37506506849314,152.02840104060226
2026-02-23 08:15:00,958.9166666666666,1771834949.6647415,154.69269965870308,153.34029335360137
2026-02-23 08:30:00,958.5366666666667,1771835850.925806,154.1215358361775,152.6638598436535
2026-02-23 08:45:00,958.1666666666666,1771836750.6381927,155.00923972602737,153.43526494706555
2026-02-23 09:00:00,957.9399999999999,1771837650.6003275,154.24145392491468,152.60953730196098
2026-02-23 09:15:00,957.8766666666667,1771838550.4188223,154.69977739726028,153.04459411279336
2026-02-23 09:30:00,957.6266666666667,1771839450.2520847,154.1402457337884,152.4186330126266
2026-02-23 09:45:00,957.5233333333334,1771840350.505732,155.2098904109589,153.44620112563638
2026-02-23 10:00:00,957.4766666666668,1771841250.7370155,154.33519453924916,152.56791635626914
2026-02-23 10:15:00,957.3299999999999,1771842150.46618,154.9513321917808,153.134319296256
2026-02-23 10:30:00,957.3299999999999,1771843050.176794,155.005819112628,153.18816728463054
2026-02-23 10:45:00,957.25,1771843949.9959521,155.62174657534248,153.77349682096283
2026-02-23 11:00:00,957.2333333333332,1771844849.8927774,155.760433447099,153.90566281439524
2026-02-23 11:15:00,957.0133333333333,1771845751.1595929,155.59174061433447,153.67472928518762
2026-02-23 11:30:00,956.7133333333333,1771846650.960907,155.34849657534247,153.34704946789495
2026-02-23 11:45:00,956.5100000000001,1771847551.1060882,155.47011262798637,153.40782066406226
2026-02-23 12:00:00,956.1999999999999,1771848451.3610432,155.14132534246576,152.9932551307639
2026-02-23 12:15:00,955.9033333333333,1771849351.2023416,155.20799317406144,152.9727499408116
2026-02-23 12:30:00,955.7166666666667,1771850250.9797108,156.07206849315068,153.76983448689688
2026-02-23 12:45:00,955.5133333333333,1771851150.7239223,155.36504436860068,153.01411386974436
2026-02-23 13:00:00,955.2633333333333,1771852050.5583167,156.90069178082192,154.4531417233441
2026-02-23 13:15:00,955.1233333333333,1771852950.312696,155.44126621160407,152.97578528467412
2026-02-23 13:30:00,954.9666666666667,1771853850.2414637,156.18258219178082,153.65959697505963
2026-02-23 13:45:00,954.8733333333333,1771854750.045317,155.99320477815698,153.44606526336364
2026-02-23 14:00:00,954.82,1771855650.0918367,156.31923287671233,153.75118889287424
2026-02-23 14:15:00,954.77,1771856549.9950643,154.63122866894196,152.0764676090525
2026-02-23 14:30:00,954.7666666666668,1771857451.3041136,155.92293856655292,153.34586515081253
2026-02-23 14:45:00,954.8266666666667,1771858351.1242962,156.98484246575342,154.40781953291585
2026-02-23 15:00:00,954.8033333333333,1771859249.7779973,154.90559589041095,152.35595073949037
2026-02-23 15:15:00,954.93,1771860150.10367,155.38078839590446,152.86010579166282
2026-02-23 15:30:00,955.1033333333334,1771861050.0659149,155.60421575342465,153.1303311923572
2026-02-23 15:45:00,955.1833333333334,1771861949.866865,156.17158361774744,153.71204117347744
2026-02-23 16:00:00,955.3833333333333,1771862851.303772,155.4189795221843,153.02942995743524
2026-02-23 16:15:00,955.64,1771863751.1228907,155.93430479452056,153.61172521597967
2026-02-23 16:30:00,955.8366666666667,1771864651.1283085,155.08288395904438,152.8300827952606
2026-02-23 16:45:00,956.1233333333333,1771865551.0322583,155.6943390410959,153.51624803189733
2026-02-23 17:00:00,956.3800000000001,1771866450.8554842,155.71615358361774,153.61265090557598
2026-02-23 17:15:00,956.5366666666667,1771867350.6518028,154.8295890410959,152.7835343802493
2026-02-23 17:30:00,956.6633333333333,1771868250.613505,155.29946416382253,153.28408609021002
2026-02-23 17:45:00,957.1066666666667,1771869150.4301665,155.84204794520548,153.94925054822522
2026-02-23 18:00:00,957.2066666666666,1771870050.2343714,154.43648122866895,152.5897446002223
2026-02-23 18:15:00,957.6233333333333,1771870950.0270643,154.59016780821918,152.8625617154825
2026-02-23 18:30:00,958.15,1771871849.7006752,154.7928771331058,153.21624739055304
2026-02-23 18:45:00,958.4366666666666,1771872751.094225,155.51542320819112,154.01529819177685
2026-02-23 19:00:00,958.93,1771873650.8370655,154.1546678082192,152.81083642409774
2026-02-23 19:15:00,959.0233333333332,1771874550.663608,154.19599658703072,152.8789130460679
2026-02-23 19:30:00,959.2066666666666,1771875450.601555,152.34343493150686,151.09479745630628
2026-02-23 19:45:00,959.3566666666667,1771876350.6920562,155.16700341296928,153.93908979115113
2026-02-23 20:00:00,959.5666666666666,1771877250.675289,154.83580136986302,153.67181153650853
2026-02-23 20:15:00,959.8666666666667,1771878150.566862,155.36317064846418,154.28313260377007
2026-02-23 20:30:00,960.2133333333333,1771879050.3925552,154.78825684931508,153.81349389575345
2026-02-23 20:45:00,960.57,1771879950.85284,154.43933788395904,153.570806773668
2026-02-23 21:00:00,961.0066666666667,1771880851.0390515,154.44231506849317,153.70123512136246
2026-02-23 21:15:00,961.18,1771881750.8047054,153.5346552901024,152.8482604198355
2026-02-23 21:30:00,961.1933333333333,1771882650.6493824,154.6572773972603,153.9697642297868
2026-02-23 21:45:00,961.34,1771883550.6627123,155.38525938566553,154.73762425887668
2026-02-23 22:00:00,961.5766666666667,1771884450.528052,155.1999589041096,154.6226091002601
2026-02-23 22:15:00,961.6366666666667,1771885350.3389163,155.68241638225254,155.12095459895374
2026-02-23 22:30:00,961.9333333333334,1771886250.2653575,153.91844178082192,153.44981186578184
2026-02-23 22:45:00,962.0600000000001,1771887150.2924404,154.16384982935153,153.73146631711842
2026-02-23 23:00:00,962.1433333333334,1771888050.3543708,155.2804623287671,154.8694661099365
2026-02-23 23:15:00,962.3866666666667,1771888950.1656241,154.21170989761094,153.87466739687565
2026-02-23 23:30:00,962.65,1771889849.9630253,154.40736986301368,154.14700532531236
2026-02-23 23:45:00,962.8933333333334,1771890749.7646625,154.68517064846415,154.49574970358006
2026-02-24 00:00:00,963.0233333333332,1771891651.1232226,155.2170375426621,155.06526168581823
2026-02-24 00:15:00,963.1899999999999,1771892550.9546015,154.71008904109587,154.60776026668464
2026-02-24 00:30:00,963.2633333333333,1771893450.6747959,154.69366894197952,154.61289225710965
2026-02-24 00:45:00,963.4,1771894350.793673,155.01223630136985,154.97152898577784
2026-02-24 01:00:00,963.6199999999999,1771895250.6961956,154.43166894197952,154.45566306298923
2026-02-24 01:15:00,963.7766666666666,1771896150.5229247,154.23835616438356,154.3082458358762
2026-02-24 01:30:00,963.8699999999999,1771897050.510532,153.53287030716723,153.6296815515428
2026-02-24 01:45:00,963.9266666666666,1771897950.3900096,154.18999657534246,154.30383466057484
2026-02-24 02:00:00,964.07,1771898850.285465,153.71490784982936,153.87029348276874
2026-02-24 02:15:00,964.2433333333333,1771899750.52343,153.91586301369864,154.1222010070152
2026-02-24 02:30:00,964.37,1771900650.5612226,153.61487372013653,153.85783220657785
2026-02-24 02:45:00,964.46,1771901550.696885,153.50841438356164,153.77749819709905
2026-02-24 03:00:00,964.56,1771902450.6643894,153.20956996587032,153.50729355228594
2026-02-24 03:15:00,964.5,1771903350.577606,154.11914726027396,154.40103565596112
2026-02-24 03:30:00,964.64,1771904250.5681715,152.7038395904437,153.0238382750885
2026-02-24 03:45:00,964.6999999999999,1771905150.8002837,151.9846095890411,152.32046463376054
2026-02-24 04:00:00,964.7933333333334,1771906050.6721513,153.14262798634812,153.50826173415973
2026-02-24 04:15:00,964.9533333333334,1771906950.6127548,153.3623321917808,153.77523105690946
2026-02-24 04:30:00,965.09,1771907850.6625605,151.81159044368601,152.25984590596426
2026-02-24 04:45:00,965.12,1771908750.5915477,153.5597808219178,154.02197718430335
2026-02-24 05:00:00,965.1566666666668,1771909650.407514,151.80739931740615,152.27492934069252
2026-02-24 05:15:00,965.1966666666667,1771910550.5644715,153.12632876712328,153.6095946592608
2026-02-24 05:30:00,965.2433333333333,1771911450.339476,151.72412969283275,152.21646618037047
2026-02-24 05:45:00,965.25,1771912350.486525,152.8062602739726,153.30405005495606
2026-02-24 06:00:00,965.35,1771913250.6401536,153.71536177474403,154.24541693827584
2026-02-24 06:15:00,965.3733333333333,1771914150.4160178,152.98314383561643,153.5174798900076
2026-02-24 06:30:00,965.3466666666667,1771915050.3116686,152.99449146757678,153.521088557843
2026-02-24 06:45:00,965.4266666666667,1771915950.4632313,154.32566438356164,154.8803833136135
2026-02-24 07:00:00,965.4833333333332,1771916850.2785761,152.74216382252558,153.30769614780496
2026-02-24 07:15:00,965.5466666666666,1771917750.0658514,154.7374794520548,155.32908963433673
2026-02-24 07:30:00,965.5799999999999,1771918650.1795597,153.9478839590444,154.5462628887864
2026-02-24 07:45:00,965.6333333333333,1771919550.4955485,154.03214383561644,154.64652032790087
2026-02-24 08:00:00,965.7466666666666,1771920450.285443,153.5994300341297,154.24529117013435
2026-02-24 08:15:00,965.8633333333333,1771921350.5128977,154.33106506849316,155.01436032169104
2026-02-24 08:30:00,965.9499999999999,1771922250.5156074,153.8857508532423,154.59252863433005
2026-02-24 08:45:00,966.11,1771923150.3982365,152.93743150684932,153.68656739283676
2026-02-24 09:00:00,966.1933333333333,1771924050.2320406,154.6943481228669,155.47670513806048
2026-02-24 09:15:00,966.2366666666667,1771924950.2329237,154.2561404109589,155.04904639729958
2026-02-24 09:30:00,966.2233333333334,1771925850.444779,153.33772696245734,154.12200765483337
2026-02-24 09:45:00,966.2866666666667,1771926750.311292,154.0142979452055,154.82066808000184
2026-02-24 10:00:00,966.2366666666667,1771927650.4865332,154.00898976109215,154.8006253459481
2026-02-24 10:15:00,966.2766666666666,1771928550.706485,153.03760616438356,153.83593973941254
2026-02-24 10:30:00,966.2233333333334,1771929450.607476,154.0265290102389,154.81433273740646
2026-02-24 10:45:00,966.1866666666666,1771930350.6791089,152.4551678082192,153.22425945574844
2026-02-24 11:00:00,966.2633333333333,1771931251.24347,154.3246313993174,155.12574894790725
2026-02-24 11:15:00,966.2933333333334,1771932151.2546582,152.34480479452054,153.14437380784736
2026-02-24 11:30:00,966.43,1771933049.978566,151.54159589041097,152.3765112928163
2026-02-24 11:45:00,966.4499999999999,1771933950.0945196,153.95635153583618,154.81045367181284
2026-02-24 12:00:00,966.5066666666667,1771934850.0800173,154.0713698630137,154.94279136087695
2026-02-24 12:15:00,966.6433333333333,1771935749.9630177,153.68209215017066,154.59144894377127
2026-02-24 12:30:00,966.7400000000001,1771936650.1719198,154.82931506849317,155.77406800489894
2026-02-24 12:45:00,966.7599999999999,1771937550.2492433,153.49950170648464,154.44200894009643
2026-02-24 13:00:00,966.7633333333333,1771938450.8265488,153.79259589041098,154.7378827645476
2026-02-24 13:15:00,966.7233333333334,1771939350.64721,153.786819112628,154.72031128927276
2026-02-24 13:30:00,966.6733333333333,1771940250.6661437,153.92550342465753,154.84512643488148
2026-02-24 13:45:00,966.7633333333333,1771941150.679043,152.8277576791809,153.7671141709642
2026-02-24 14:00:00,966.81,1771942051.0842652,153.40213356164384,154.35870632255296
2026-02-24 14:15:00,966.9133333333333,1771942950.0146224,155.1809691780822,156.1792944514914
2026-02-24 14:30:00,967.07,1771943850.2208686,154.47479180887373,155.51485873405542
2026-02-24 14:45:00,967.1833333333334,1771944750.9744828,152.88498630136985,153.94749564650516
2026-02-24 15:00:00,967.2266666666668,1771945651.0246358,153.7135324232082,154.79454416617494
2026-02-24 15:15:00,967.19,1771946551.1013515,154.37563356164384,155.45047152929936
2026-02-24 15:30:00,967.1833333333334,1771947451.0704188,154.45068600682595,155.52407654186072
2026-02-24 15:45:00,967.2400000000001,1771948350.8626103,152.7341095890411,153.81212992964356
2026-02-24 16:00:00,967.2433333333333,1771949250.6551015,153.7227133105802,154.80869181703343
2026-02-24 16:15:00,967.2966666666667,1771950150.4501965,152.6178630136986,153.71161159442985
2026-02-24 16:30:00,967.37,1771951050.2365825,153.22314675767916,154.34273674446106
2026-02-24 16:45:00,967.3133333333334,1771951950.0980048,154.34442465753423,155.45546946416005
2026-02-24 17:00:00,967.27,1771952850.0299892,153.33005802047782,154.42108640590612
2026-02-24 17:15:00,967.2599999999999,1771953751.3144252,152.93752901023893,154.02283787237832
2026-02-24 17:30:00,967.3933333333334,1771954651.066856,153.8399383561644,154.97090541719206
2026-02-24 17:45:00,967.4233333333333,1771955550.9351275,153.55687713310581,154.69458058588154
2026-02-24 18:00:00,967.46,1771956450.7857885,154.11575684931506,155.26841770022554
2026-02-24 18:15:00,967.4533333333334,1771957350.5849867,152.85693515358363,153.99823038269213
2026-02-24 18:30:00,967.59,1771958250.3199596,152.7778801369863,153.95855782304153
2026-02-24 18:45:00,967.5333333333333,1771959150.1094577,153.69246075085326,154.86353183923168
2026-02-24 19:00:00,967.5666666666666,1771960050.0128856,152.4179520547945,153.58903892753693
2026-02-24 19:15:00,967.6199999999999,1771960949.7624707,152.82168259385665,154.01147719224412
2026-02-24 19:30:00,967.6333333333333,1771961851.0712645,152.84837201365187,154.04227675767422
2026-02-24 19:45:00,967.5766666666667,1771962750.9552026,152.62496232876714,153.8005619255073
2026-02-24 20:00:00,967.56,1771963650.8341353,152.28305802047782,153.45116472241338
2026-02-24 20:15:00,967.5799999999999,1771964550.6491797,152.69583561643836,153.87295564301448
2026-02-24 20:30:00,967.5033333333334,1771965450.4667883,153.48360750853243,154.6442722494191
2026-02-24 20:45:00,967.4233333333333,1771966350.2237253,152.3857876712329,153.51481451799035
2026-02-24 21:00:00,967.3533333333334,1771967250.0718796,153.16390784982934,154.2781794293396
2026-02-24 21:15:00,967.25,1771968150.2378883,153.00130479452056,154.0841386099328
2026-02-24 21:30:00,967.1999999999999,1771969050.5067756,153.5733924914676,154.64558310621103
2026-02-24 21:45:00,967.2566666666667,1771969950.4336896,152.11757191780822,153.19609177546613
2026-02-24 22:00:00,967.1766666666666,1771970850.3498201,153.17523549488052,154.23780830220662
2026-02-24 22:15:00,967.1700000000001,1771971750.1127536,153.39361301369863,154.4557442486354
2026-02-24 22:30:00,967.0866666666667,1771972649.9010415,154.31630034129694,155.36021981798277
2026-02-24 22:45:00,967.1199999999999,1771973551.232321,152.73707849829353,153.78005394425017
2026-02-24 23:00:00,967.0166666666668,1771974451.0343394,152.88927397260272,153.90306942656602
2026-02-24 23:15:00,966.9766666666666,1771975350.8574743,152.04244027303753,153.03898904137145
2026-02-24 23:30:00,966.9533333333334,1771976250.7254581,153.61035616438357,154.61032715606356
2026-02-24 23:45:00,966.9066666666668,1771977150.5862038,154.60127986348124,155.59390495471322
2026-02-25 00:00:00,966.84,1771978050.4031901,153.68852054794522,154.65569426126817
2026-02-25 00:15:00,966.6766666666666,1771978950.2248654,152.33470307167235,153.2457924495436
2026-02-25 00:30:00,966.5500000000001,1771979849.9828234,153.94315753424658,154.82660073368675
2026-02-25 00:45:00,966.4166666666666,1771980749.6838024,152.92215358361776,153.76077981869065
2026-02-25 01:00:00,966.38,1771981651.045196,154.17403754266212,155.00872980105706
2026-02-25 01:15:00,966.3833333333333,1771982550.7832065,153.43255479452054,154.2642096976489
2026-02-25 01:30:00,966.2199999999999,1771983450.507715,152.31300000000002,153.09106991333135
2026-02-25 01:45:00,965.9899999999999,1771984350.2808325,154.0573424657534,154.77667092541097
2026-02-25 02:00:00,966.0033333333334,1771985250.0649648,152.53893515358362,153.25505623946788
2026-02-25 02:15:00,965.9,1771986149.8715277,152.9422397260274,153.6300885282111
2026-02-25 02:30:00,965.8666666666667,1771987049.665262,152.9162081911263,153.59421197652676
2026-02-25 02:45:00,965.71,1771987950.9699042,154.36541979522184,155.0037028286985
2026-02-25 03:00:00,965.5100000000001,1771988850.7455409,153.01008219178084,153.5843879045085
2026-02-25 03:15:00,965.3833333333333,1771989750.4878895,153.05867918088737,153.59619736344493
2026-02-25 03:30:00,965.27,1771990650.2629826,153.31675342465752,153.822051342107
2026-02-25 03:45:00,965.1333333333333,1771991550.0281103,152.7391877133106,153.2027952780355
2026-02-25 04:00:00,965.06,1771992451.3541837,152.65701706484643,153.09904193188524
2026-02-25 04:15:00,964.98,1771993351.142167,152.7016404109589,153.12051839905433
2026-02-25 04:30:00,964.9399999999999,1771994251.0364256,152.16523549488053,152.57104622306034
2026-02-25 04:45:00,964.8666666666667,1771995150.9515545,152.76671917808218,153.15279323218724
2026-02-25 05:00:00,964.7599999999999,1771996051.2856948,152.25835153583617,152.61220829463616
2026-02-25 05:15:00,964.7533333333334,1771996951.1927242,152.3730102739726,152.72519897452892
2026-02-25 05:30:00,964.6866666666666,1771997851.1231422,153.39996928327645,153.73505731398353
2026-02-25 05:45:00,964.63,1771998751.086907,152.25254452054796,152.56869866054174
2026-02-25 06:00:00,964.6066666666667,1771999651.0510244,152.44209215017065,152.75186773838814
2026-02-25 06:15:00,964.52,1772000551.1077957,152.2992876712329,152.58364555925343
2026-02-25 06:30:00,964.4233333333333,1772001451.3234422,151.29926621160408,151.5539190007952
2026-02-25 06:45:00,964.5066666666667,1772002351.2264407,153.27110616438355,153.55338846554963
2026-02-25 07:00:00,964.4533333333334,1772003251.1730905,152.17237542662116,152.4371864236662
2026-02-25 07:15:00,964.5,1772004151.085549,154.03271232876713,154.31444263245464
2026-02-25 07:30:00,964.4699999999999,1772005050.3504403,152.41703071672356,152.6871024789399
2026-02-25 07:45:00,964.3666666666667,1772005950.8024752,151.92756164383562,152.16688773761828
2026-02-25 08:00:00,964.2666666666665,1772006850.917603,152.4022866894198,152.61336130721799
2026-02-25 08:15:00,964.29,1772007750.801433,152.1137671232877,152.33119534627625
2026-02-25 08:30:00,964.3166666666666,1772008650.7345207,152.30360068259387,152.5290281913361
2026-02-25 08:45:00,964.4200000000001,1772009550.6558812,153.46408561643835,153.72140845539224
2026-02-25 09:00:00,964.3433333333334,1772010450.593585,152.49723549488056,152.73068776506997
2026-02-25 09:15:00,964.4166666666666,1772011350.531782,152.10112328767121,152.3551958430733
2026-02-25 09:30:00,964.2933333333334,1772012250.467115,153.73052559726963,153.95123980228587
2026-02-25 09:45:00,964.2866666666667,1772013150.4133108,153.22925684931508,153.4473076938567
2026-02-25 10:00:00,964.2633333333333,1772014050.3401752,153.11719453924917,153.3282882102272
2026-02-25 10:15:00,964.1833333333334,1772014950.2785747,153.97670890410959,154.16555259198805
2026-02-25 10:30:00,963.9533333333333,1772015850.2180858,152.3036313993174,152.42379939609722
2026-02-25 10:45:00,963.9499999999999,1772016750.1333096,152.8804212328767,153.00007531492426
2026-02-25 11:00:00,963.9733333333334,1772017650.0837328,152.35068941979523,152.4766885495647
2026-02-25 11:15:00,964.0,1772018549.9953673,153.93849657534247,154.07361507362066
2026-02-25 11:30:00,963.8866666666667,1772019449.8474257,152.76009215017066,152.86125664359622
2026-02-25 11:45:00,963.8166666666666,1772020351.222862,152.9699385665529,153.05088490815078
2026-02-25 12:00:00,963.9,1772021251.1446834,153.30792808219178,153.41334179891336
2026-02-25 12:15:00,964.0733333333334,1772022151.0715892,152.73636177474404,152.89172653700712
2026-02-25 12:30:00,963.9733333333334,1772023051.0183775,155.42376369863015,155.55230436389465
2026-02-25 12:45:00,963.8866666666667,1772023950.9932039,152.44422866894197,152.5451839835917
2026-02-25 13:00:00,963.7366666666667,1772024850.86666,153.21763356164382,153.27541134151917
2026-02-25 13:15:00,963.6766666666666,1772025750.7949789,152.52076450511947,152.56088656590904
2026-02-25 13:30:00,963.4966666666666,1772026650.699974,154.06281164383563,154.0506450242094
2026-02-25 13:45:00,963.89,1772027550.6568565,153.57625597269626,153.67893426275933
2026-02-25 14:00:00,963.82,1772028450.639553,153.35067123287672,153.4327907828172
2026-02-25 14:15:00,963.89,1772029350.5864456,154.25138225255972,154.35451191976802
2026-02-25 14:30:00,963.7233333333334,1772030250.5516987,153.58732191780823,153.64134680898502
2026-02-25 14:45:00,963.6066666666667,1772031150.5283272,155.40201023890785,155.4222177095788
2026-02-25 15:00:00,963.3666666666667,1772032050.4981956,152.50757191780824,152.45786637425525
2026-02-25 15:15:00,963.1999999999999,1772032950.5129771,154.82941296928328,154.72994511233844
2026-02-25 15:30:00,963.2600000000001,1772033850.4293146,154.31318493150684,154.23163012127304
2026-02-25 15:45:00,963.4166666666666,1772034750.3873143,154.15409215017064,154.11849053092956
2026-02-25 16:00:00,963.46,1772035650.3198037,154.32837328767124,154.30543537636407
2026-02-25 16:15:00,963.13,1772036550.2439284,153.54311262798635,153.424064378011
2026-02-25 16:30:00,962.8166666666666,1772037450.155749,153.7138116438356,153.5032182534964
2026-02-25 16:45:00,962.8933333333333,1772038350.1083539,153.45819795221843,153.27027950642
2026-02-25 17:00:00,962.7199999999999,1772039250.0486836,153.7563184931507,153.51746823575476
2026-02-25 17:15:00,962.6066666666667,1772040149.968577,153.97098976109214,153.69870600776488
2026-02-25 17:30:00,962.4033333333333,1772041049.87213,154.1773698630137,153.84527410515412
2026-02-25 17:45:00,962.1666666666666,1772041949.7781706,153.3850819112628,152.98588460786965
2026-02-25 18:00:00,961.9933333333333,1772042851.2582965,153.92264505119454,153.47149709205772
2026-02-25 18:15:00,961.6866666666666,1772043751.2210763,152.99781506849317,152.46051824296336
2026-02-25 18:30:00,961.9200000000001,1772044651.1619914,153.83576450511947,153.36350105668518
2026-02-25 18:45:00,961.91,1772045435.723763,151.77282949308756,151.30402428577375
2026-02-25 19:00:00,962.1233333333333,1772046622.930747,154.01751381215468,153.60402330078347
2026-02-25 19:15:00,962.13,1772047350.5843742,153.38873287671234,152.9788681723192
2026-02-25 19:30:00,961.8433333333332,1772048250.4714034,152.70310238907848,152.21214227207295
2026-02-25 19:45:00,961.8166666666666,1772049150.321507,153.5066712328767,153.00537506994092
2026-02-25 20:00:00,961.8466666666667,1772050050.264285,153.38017406143345,152.8880053595412
2026-02-25 20:15:00,961.7933333333334,1772050950.2100406,153.02712328767123,152.5206312535564
2026-02-25 20:30:00,962.0266666666666,1772051850.1585455,153.44046416382253,153.000419198722
2026-02-25 20:45:00,961.6666666666666,1772052750.1157682,152.46586301369862,151.9246610474499
2026-02-25 21:00:00,961.6433333333334,1772053650.057409,154.0111433447099,153.45765271869422
2026-02-25 21:15:00,961.6166666666667,1772054549.9575205,153.2131712328767,152.65481368040278
2026-02-25 21:30:00,961.3666666666667,1772055449.8583372,153.25082593856655,152.61981952593774
2026-02-25 21:45:00,961.4066666666666,1772056351.2390175,152.37197269624573,151.75611796639276
2026-02-25 22:00:00,961.64,1772057251.1431148,153.99804794520549,153.44363256914355
2026-02-25 22:15:00,961.6933333333333,1772058151.0603058,153.63816723549488,153.100560886487
2026-02-25 22:30:00,961.8566666666666,1772059050.9453807,154.03867465753424,153.54731031980907
2026-02-25 22:45:00,961.7866666666665,1772059950.8449066,153.72239590443684,153.21166195067164
2026-02-25 23:00:00,961.7800000000001,1772060850.7562249,154.15607534246575,153.64195436958323
2026-02-25 23:15:00,961.94,1772061750.686186,153.5881877133106,153.1225028503091
2026-02-25 23:30:00,961.98,1772062650.6007135,153.2035684931507,152.75065841824957
2026-02-25 23:45:00,962.0333333333333,1772063550.5249543,152.91512969283278,152.47852269308265
2026-02-26 00:00:00,962.2566666666667,1772064450.4262214,154.73115410958906,154.35484596452537
2026-02-26 00:15:00,962.4133333333333,1772065350.3308465,152.3918566552901,152.06649610225875
2026-02-26 00:30:00,962.6166666666667,1772066250.2502959,153.07392465753426,152.806130571513
2026-02-26 00:45:00,962.8933333333333,1772067150.1325476,153.9753105802048,153.78675890006207
2026-02-26 01:00:00,963.0099999999999,1772068050.026755,153.3413390410959,153.18751649871393
2026-02-26 01:15:00,963.0500000000001,1772068949.965572,153.5987576791809,153.45633914895527
2026-02-26 01:30:00,963.0799999999999,1772069849.8753603,153.3842602739726,153.250775673464
2026-02-26 01:45:00,963.3266666666667,1772070749.8193054,153.9587133105802,153.89683820423215
2026-02-26 02:00:00,963.43,1772071651.2962754,151.60321501706485,151.5720422948914
2026-02-26 02:15:00,963.3733333333333,1772072551.2310836,153.47299315068494,153.42491632526378
2026-02-26 02:30:00,963.1999999999999,1772073451.1137598,154.25034129692833,154.15124545597942
2026-02-26 02:45:00,963.4066666666666,1772074351.0510228,152.06387671232878,152.0258693057469
2026-02-26 03:00:00,963.5466666666667,1772075250.9665742,153.89835494880546,153.90082120018124
2026-02-26 03:15:00,963.63,1772076150.9029586,152.46373630136986,152.4903219523528
2026-02-26 03:30:00,963.7466666666666,1772077050.8252292,153.07991467576792,153.1405501651929
2026-02-26 03:45:00,963.9033333333333,1772077950.7520502,153.1805890410959,153.28688601403996
2026-02-26 04:00:00,963.98,1772078850.595958,153.9341092150171,154.06336934304855
2026-02-26 04:15:00,964.11,1772079750.4552991,151.42823287671234,151.5928275979502
2026-02-26 04:30:00,964.0733333333334,1772080650.315605,153.54510238907852,153.7012898093637
2026-02-26 04:45:00,964.13,1772081550.2495108,152.2203321917808,152.39157865430488
2026-02-26 05:00:00,964.1633333333333,1772082450.192376,153.45855972696245,153.64092946805508
2026-02-26 05:15:00,964.46,1772083350.114062,153.45899657534247,153.72799376475348
2026-02-26 05:30:00,964.4233333333333,1772084249.9937599,152.5819658703072,152.83877757972286
2026-02-26 05:45:00,964.4399999999999,1772085149.9138439,151.35327397260275,151.612818659186
2026-02-26 06:00:00,964.4633333333333,1772086049.8404047,153.14933447098974,153.41876050496174
2026-02-26 06:15:00,964.3266666666667,1772086951.3108346,152.65980546075085,152.88866505212292
2026-02-26 06:30:00,964.4066666666668,1772087851.2102346,152.36286643835618,152.614476511802
2026-02-26 06:45:00,964.3766666666667,1772088751.2396872,151.67274061433446,151.9145516466575
2026-02-26 07:00:00,964.3833333333333,1772089651.2054515,152.86782191780821,153.11347768690874
2026-02-26 07:15:00,964.3466666666667,1772090551.1575294,153.04220819112626,153.27746549368374
2026-02-26 07:30:00,964.3233333333334,1772091451.1035097,151.79851712328767,152.0251226874311
2026-02-26 07:45:00,964.52,1772092351.029169,152.0510614334471,152.3349558584416
2026-02-26 08:00:00,964.5166666666668,1772093250.9769893,151.93300684931506,152.21571681875645
2026-02-26 08:15:00,964.4200000000001,1772094150.9094496,152.755,153.0111338707132
2026-02-26 08:30:00,964.5066666666667,1772095050.7973573,153.19474657534246,153.47688824360614
2026-02-26 08:45:00,964.6133333333333,1772095950.7245276,152.05222866894198,152.36314194156995
2026-02-26 09:00:00,964.6466666666666,1772096850.6342745,152.78205821917808,153.10416012202825
2026-02-26 09:15:00,964.59,1772097750.5723896,153.4638361774744,153.77081855205634
2026-02-26 09:30:00,964.5033333333334,1772098650.4592125,151.78404452054795,152.06262500575895
2026-02-26 09:45:00,964.46,1772099550.386117,152.09127645051194,152.3578761729924
2026-02-26 10:00:00,964.4399999999999,1772100450.308487,151.87630479452056,152.13674638849923
2026-02-26 10:15:00,964.4766666666666,1772101350.289049,150.70082593856654,150.9697689838391
2026-02-26 10:30:00,964.4,1772102250.2557347,151.7856404109589,152.03437147988237
2026-02-26 10:45:00,964.3133333333334,1772103150.1787086,151.53572013651876,151.75904994670142
2026-02-26 11:00:00,964.25,1772104050.081056,151.72498630136988,151.93031166674692
2026-02-26 11:15:00,964.0333333333333,1772104949.9713917,151.7871058020478,151.929957857256
2026-02-26 11:30:00,964.0133333333333,1772105851.425153,151.86830034129693,152.00545249452884
2026-02-26 11:45:00,964.4200000000001,1772106751.2255971,151.86401027397258,152.11865016643765
2026-02-26 12:00:00,963.9533333333334,1772107651.1098208,151.62664846416382,151.74628231948938
2026-02-26 12:15:00,963.8966666666666,1772108551.0705922,152.59600342465754,152.69996052295508
2026-02-26 12:30:00,964.04,1772109451.0151794,152.56532081911263,152.71083960423573
2026-02-26 12:45:00,963.8766666666667,1772110350.9575489,151.14050684931507,151.23772523760147
2026-02-26 13:00:00,964.1266666666667,1772111250.8523164,152.0979795221843,152.2681239712504
2026-02-26 13:15:00,964.1366666666667,1772112150.7706015,151.88433561643836,152.05713013071346
2026-02-26 13:30:00,963.8266666666667,1772113050.6729038,151.53178839590444,151.61485437359593
2026-02-26 13:45:00,963.7366666666667,1772113950.5886455,152.88899657534247,152.94665042747522
2026-02-26 14:00:00,963.6199999999999,1772114850.5187106,152.77365529010237,152.79739180475147
2026-02-26 14:15:00,963.6533333333333,1772115750.4252803,152.6978390410959,152.73123644814265
2026-02-26 14:30:00,963.66,1772116650.3520336,152.46920819112628,152.50448730429983
2026-02-26 14:45:00,963.77,1772117550.247546,153.3916609589041,153.45922314020885
2026-02-26 15:00:00,963.1366666666667,1772118450.2056117,153.9938771331058,153.8764284760716
2026-02-26 15:15:00,963.2933333333334,1772119350.138763,152.86623287671233,152.7951195011799
2026-02-26 15:30:00,963.6866666666666,1772120250.0675676,152.47268600682594,152.5156931907437
2026-02-26 15:45:00,963.1066666666666,1772121150.0206864,152.38551369863015,152.26061261228702
2026-02-26 16:00:00,962.71,1772122049.9701219,153.40569965870307,153.1644839116041
2026-02-26 16:15:00,963.2766666666666,1772122949.8637655,152.37271232876714,152.29700572413108
2026-02-26 16:30:00,963.0666666666666,1772123849.7104228,154.28253242320818,154.14436105000996
2026-02-26 16:45:00,963.79,1772124751.1479301,152.45258020477814,152.52552462273226
2026-02-26 17:00:00,963.4,1772125651.0740263,150.62763356164385,150.58807767391153
2026-02-26 17:15:00,964.04,1772126550.9924295,153.02582935153583,153.17178737568008
2026-02-26 17:30:00,963.8166666666666,1772127450.9186542,151.35788356164383,151.43797686011226
2026-02-26 17:45:00,963.9133333333333,1772128350.8065827,152.5825290102389,152.69131207732255
2026-02-26 18:00:00,963.7633333333333,1772129250.7060888,151.85848630136985,151.92344881178568
2026-02-26 18:15:00,963.2866666666665,1772130150.5943773,152.114,152.04131069442218
2026-02-26 18:30:00,963.4466666666667,1772131050.4844077,153.38849657534246,153.36181314328437
2026-02-26 18:45:00,963.3000000000001,1772131950.3442595,153.2930648464164,153.22369372980253
2026-02-26 19:00:00,963.5366666666667,1772132850.2434578,153.4633595890411,153.46290304667266
2026-02-26 19:15:00,963.64,1772133750.1349869,153.0719624573379,153.10156306897053
2026-02-26 19:30:00,963.8166666666666,1772134650.0696194,152.41820547945207,152.49885986319626
2026-02-26 19:45:00,963.93,1772135549.9547389,153.24639931740614,153.36051202733213
2026-02-26 20:00:00,964.0566666666667,1772136451.3518157,153.84625938566552,153.99787646884485
2026-02-26 20:15:00,963.91,1772137351.2344828,152.87576027397262,152.98378349867875
2026-02-26 20:30:00,963.8733333333333,1772138251.0944145,152.86212969283275,152.95948673728728
2026-02-26 20:45:00,963.6733333333333,1772139150.9319987,152.4934212328767,152.53257005808481
2026-02-26 21:00:00,963.8566666666667,1772140050.8293009,152.49743344709898,152.58972613403105
2026-02-26 21:15:00,964.1333333333333,1772140950.6969562,152.97391780821917,153.14698197538985
2026-02-26 21:30:00,964.5433333333334,1772141850.6146426,152.0493924914676,152.34003739233378
2026-02-26 21:45:00,964.7033333333334,1772142750.5400913,152.2931780821918,152.63068165838254
2026-02-26 22:00:00,963.8966666666666,1772143650.483384,153.28731740614336,153.39174546694264
2026-02-26 22:15:00,964.48,1772144550.390697,151.50038698630135,151.77171815853265
2026-02-26 22:30:00,964.7866666666667,1772145450.3080602,152.75845733788398,153.12123431599613
2026-02-26 22:45:00,965.0333333333333,1772146350.2099392,152.7222397260274,153.15669331233147
2026-02-26 23:00:00,965.0466666666666,1772147250.113996,151.43436860068257,151.8690058403599
2026-02-26 23:15:00,965.0566666666667,1772148150.0817425,152.63832876712328,153.07933001591
2026-02-26 23:30:00,964.18,1772149049.9875078,152.48474744027305,152.67079440406357
2026-02-26 23:45:00,964.1633333333333,1772149949.9217446,152.33671575342467,152.5177522981458
2026-02-27 00:00:00,964.7199999999999,1772150849.7851582,152.49250170648463,152.83528671993176
2026-02-27 00:15:00,964.4266666666666,1772151751.2071335,154.36639590443687,154.6271903022064
2026-02-27 00:30:00,963.89,1772152651.1424263,153.53800684931505,153.64065956671027
2026-02-27 00:45:00,963.7866666666667,1772153551.0874662,151.85684300341296,151.92854016016597
2026-02-27 01:00:00,963.7233333333334,1772154450.9932473,152.4922089041096,152.54584858535728
2026-02-27 01:15:00,964.2400000000001,1772155350.8653445,151.55425597269624,151.7564668930233
2026-02-27 01:30:00,963.6566666666668,1772156250.7126322,151.34492808219179,151.3789883169961
2026-02-27 01:45:00,963.61,1772157150.6416056,152.31524914675768,152.33602002675144
2026-02-27 02:00:00,962.6333333333333,1772158050.5373535,152.8908116438356,152.62817105246188
2026-02-27 02:15:00,962.5,1772158950.4581258,152.97529351535835,152.67382552971685
2026-02-27 02:30:00,962.6966666666667,1772159850.4053564,152.42835273972602,152.18481837933692
2026-02-27 02:45:00,962.5500000000001,1772160750.327405,152.55382935153582,152.26765668444926
2026-02-27 03:00:00,962.6833333333334,1772161650.2477212,153.43425342465756,153.18523119782824
2026-02-27 03:15:00,962.7266666666666,1772162550.17233,152.4940819112628,152.25912105811696
2026-02-27 03:30:00,963.3333333333334,1772163450.1236188,152.76177739726026,152.70231754956023
2026-02-27 03:45:00,963.27,1772164350.058314,153.94240273037545,153.8639672668423
2026-02-27 04:00:00,963.4633333333333,1772165249.9610689,152.38462328767122,152.36293923922557
2026-02-27 04:15:00,962.8966666666666,1772166149.8559947,152.32048122866894,152.13491950095704
2026-02-27 04:30:00,963.0933333333334,1772167051.3173451,153.3927576791809,153.26314830094114
2026-02-27 04:45:00,963.0799999999999,1772167951.2340436,151.34813356164383,151.2164209262658
2026-02-27 05:00:00,962.9666666666666,1772168851.1299675,152.42048805460752,152.25505307084995
2026-02-27 05:15:00,962.8666666666667,1772169751.0227046,152.79727739726027,152.60243623429028
2026-02-27 05:30:00,962.8733333333333,1772170650.9434798,152.8764266211604,152.68341850788858
2026-02-27 05:45:00,962.3933333333334,1772171550.89854,153.9550102739726,153.6204746586081
2026-02-27 06:00:00,961.9699999999999,1772172450.7753465,153.54241638225255,153.08559592984446
2026-02-27 06:15:00,961.6133333333333,1772173350.6953485,153.67981164383562,153.11878374983885
2026-02-27 06:30:00,961.1966666666667,1772174250.6236994,152.40496928327647,151.72842946569602
2026-02-27 06:45:00,961.0233333333334,1772175150.5286858,153.24848630136987,152.51796451174354
2026-02-27 07:00:00,960.9533333333334,1772176050.425836,151.97395563139932,151.2293945680812
2026-02-27 07:15:00,960.7666666666668,1772176950.3843162,152.38644520547945,151.5860911767053
2026-02-27 07:30:00,960.7766666666666,1772177850.2977192,153.70974061433446,152.9053416346539
2026-02-27 07:45:00,960.6933333333333,1772178750.2218275,153.38934589041097,152.56246597495738
2026-02-27 08:00:00,960.5133333333333,1772179650.1210003,153.24203071672355,152.36382759639295
2026-02-27 08:15:00,960.3966666666666,1772180550.0504162,152.27792465753424,151.37168888254212
2026-02-27 08:30:00,960.2833333333333,1772181449.9689481,152.87245051194537,151.92995749026065
2026-02-27 08:45:00,960.3466666666667,1772182349.8929572,155.26721575342467,154.3285282146319
2026-02-27 09:00:00,960.5266666666666,1772183249.8262446,154.6470034129693,153.76464396291297
2026-02-27 09:15:00,960.5933333333332,1772184151.2876525,153.97583959044368,153.1167031107047
2026-02-27 09:30:00,960.3133333333334,1772185051.1725981,154.8698390410959,153.9238050769799
2026-02-27 09:45:00,960.1999999999999,1772185951.0967333,155.30891126279863,154.32695987636347
2026-02-27 10:00:00,960.3033333333333,1772186850.9909875,154.41725684931507,153.4710715392164
2026-02-27 10:15:00,960.3633333333333,1772187750.9027436,154.35502730375427,153.42671295095178
2026-02-27 10:30:00,960.64,1772188650.8118296,154.09591438356165,153.24969546173335
2026-02-27 10:45:00,960.6633333333333,1772189550.7432737,153.95207508532422,153.11343393656853
2026-02-27 11:00:00,960.7266666666666,1772190450.6536617,154.12538013698628,153.30424142384646
2026-02-27 11:15:00,960.9466666666667,1772191350.554046,155.20130034129693,154.4389714135346
2026-02-27 11:30:00,960.9766666666668,1772192250.4265683,153.45665753424657,152.71160238196902
2026-02-27 11:45:00,961.0533333333333,1772193150.344361,153.62254266211605,152.89895277129474
2026-02-27 12:00:00,961.07,1772194050.3065803,152.85162328767123,152.13648214517357
2026-02-27 12:15:00,961.1933333333333,1772194950.2518203,152.7255494880546,152.0466236201632
2026-02-27 12:30:00,961.4666666666667,1772195850.148859,153.46758219178082,152.8647248294275
2026-02-27 12:45:00,961.8666666666667,1772196750.0348206,151.81611945392493,151.3347201250266
2026-02-27 13:00:00,962.0033333333334,1772197649.9077127,153.7239589041096,153.27630551709467
2026-02-27 13:15:00,962.3966666666666,1772198549.71493,153.17641296928326,152.84453721459494
2026-02-27 13:30:00,962.7766666666666,1772199451.0207076,151.9190034129693,151.6993393858448
2026-02-27 13:45:00,963.11,1772200350.7623577,152.23800342465753,152.11418663026288
2026-02-27 14:00:00,963.5333333333333,1772201250.6638918,152.62735153583617,152.62593084657468
2026-02-27 14:15:00,963.75,1772202150.5789464,151.9780787671233,152.03924072763454
2026-02-27 14:30:00,963.9933333333333,1772203050.51396,151.48174744027304,151.61278910240523
2026-02-27 14:45:00,964.1999999999999,1772203950.4464066,153.08405821917808,153.27666080576742
2026-02-27 15:00:00,964.4933333333333,1772204850.3915348,153.74964163822526,154.02890315227006
2026-02-27 15:15:00,964.6866666666666,1772205750.3217294,154.68996575342467,155.02787166198934
2026-02-27 15:30:00,964.5466666666666,1772206650.2804048,153.1093686006826,153.40301121254763
2026-02-27 15:45:00,964.6133333333333,1772207550.1728518,151.8715616438356,152.1821054922432
2026-02-27 16:00:00,965.1166666666667,1772208450.087367,152.86213310580206,153.3212585952518
2026-02-27 16:15:00,965.69,1772209350.0050564,151.24136301369865,151.86095761017677
2026-02-27 16:30:00,965.9699999999999,1772210249.9292128,153.3108327645051,154.0208226996219
2026-02-27 16:45:00,966.3433333333334,1772211149.8109188,152.01663698630136,152.8290017037752
2026-02-27 17:00:00,966.71,1772212049.7378972,152.35308532423207,153.27399168881567
2026-02-27 17:15:00,966.8333333333334,1772212951.1565416,151.38865529010238,152.33942612902428
2026-02-27 17:30:00,967.0633333333334,1772213851.0429726,151.8041404109589,152.82429025851155
2026-02-27 17:45:00,967.35,1772214750.945784,151.71410580204778,152.81686218918668
2026-02-27 18:00:00,967.3533333333334,1772215650.870052,151.5688219178082,152.67148920394493
2026-02-27 18:15:00,967.6466666666666,1772216550.7918518,152.62739590443684,153.8234714071522
2026-02-27 18:30:00,967.88,1772217450.7314878,151.12916438356166,152.3810395093938
2026-02-27 18:45:00,967.7633333333333,1772218350.6415668,151.71714334470988,152.93998352733504
2026-02-27 19:00:00,967.8433333333334,1772219250.5490537,152.81802739726027,154.0731580456617
2026-02-27 19:15:00,967.96,1772220150.4629855,152.36276109215015,153.64820744199866
2026-02-27 19:30:00,967.9566666666666,1772221050.401075,152.59480821917808,153.88123770810094
2026-02-27 19:45:00,967.9766666666668,1772221950.2881498,151.27423208191126,152.5553256280376
2026-02-27 20:00:00,968.0433333333334,1772222850.178593,151.76473287671234,153.06936787736683
2026-02-27 20:15:00,968.0366666666667,1772223750.0952475,152.3562662116041,153.66403986404777
2026-02-27 20:30:00,968.2666666666668,1772224650.0490954,152.49570547945206,153.87190336201576
2026-02-27 20:45:00,968.3266666666667,1772225549.9903097,153.14739931740615,154.54709577738032
2026-02-27 21:00:00,968.5533333333333,1772226449.9519682,152.49755821917807,153.9576055651043
2026-02-27 21:15:00,968.65,1772227349.8425462,152.19397952218432,153.67934351540114
2026-02-27 21:30:00,968.6133333333333,1772228251.2553027,152.00586348122866,153.47869880094774
2026-02-27 21:45:00,968.63,1772229151.1923666,152.21991438356164,153.69969079341078
2026-02-27 22:00:00,968.6999999999999,1772230051.1061172,151.8300819112628,153.32645970335508
2026-02-27 22:15:00,968.7566666666667,1772230951.0231771,151.69584246575343,153.20739168767804
2026-02-27 22:30:00,968.8333333333334,1772231850.94875,152.18553924914676,153.7243588612914
2026-02-27 22:45:00,968.89,1772232750.876586,151.8783287671233,153.4305604972516
2026-02-27 23:00:00,969.1133333333333,1772233650.7837667,153.0642252559727,154.69420510578968
2026-02-27 23:15:00,969.29,1772234550.7085836,151.69070890410958,153.35753056053088
2026-02-27 23:30:00,969.3466666666667,1772235450.6368916,151.36689078498293,153.04663136727848
2026-02-27 23:45:00,969.3133333333334,1772236350.574922,150.94067808219177,152.60602356540252
2026-02-28 00:00:00,969.3299999999999,1772237250.5335178,152.27101365187713,153.95591207045857
2026-02-28 00:15:00,969.5333333333333,1772238150.4663987,152.15758561643835,153.90067441609375
2026-02-28 00:30:00,969.6166666666667,1772239050.4280457,152.24593515358362,154.01441975502266
2026-02-28 00:45:00,969.7033333333333,1772239950.366538,151.29617465753424,153.07883177283992
2026-02-28 01:00:00,969.6566666666668,1772240850.2889264,151.1734300341297,152.94107952591793
2026-02-28 01:15:00,969.67,1772241750.241805,152.04893493150684,153.83071857348435
2026-02-28 01:30:00,969.6266666666667,1772242650.1869307,150.97382935153584,152.73043905768998
2026-02-28 01:45:00,969.5733333333333,1772243550.0720716,151.61273630136986,153.3612384205534
2026-02-28 02:00:00,969.6866666666666,1772244449.9971673,151.78902047781568,153.5726213713593
2026-02-28 02:15:00,969.8566666666667,1772245349.9048557,151.81612671232878,153.64966694662547
2026-02-28 02:30:00,969.9866666666667,1772246249.6887157,151.87544027303755,153.74766784377425
2026-02-28 02:45:00,969.79,1772247151.1698666,152.16138907849827,153.97959385853082
2026-02-28 03:00:00,969.39,1772248051.1254864,150.92830136986302,152.61573970641695
2026-02-28 03:15:00,969.46,1772248951.0751216,151.45195563139933,153.16561830313924
2026-02-28 03:30:00,969.48,1772249851.0210207,152.0887808219178,153.81549398026232
2026-02-28 03:45:00,969.32,1772250750.9721522,152.06687030716725,153.7465886403566
2026-02-28 04:00:00,969.23,1772251650.9510663,151.29259246575342,152.93760362224583
2026-02-28 04:15:00,969.2333333333332,1772252550.8738465,151.0210375426621,152.66406293960975
2026-02-28 04:30:00,969.3066666666667,1772253450.7417078,150.7061917808219,152.36702015580963
2026-02-28 04:45:00,969.2766666666666,1772254350.6815407,153.0758976109215,154.75401963916522
2026-02-28 05:00:00,969.32,1772255250.634489,151.1263732876712,152.7957029669561
2026-02-28 05:15:00,969.2233333333334,1772256150.559288,151.65881911262798,153.30587038125222
2026-02-28 05:30:00,969.0666666666666,1772257050.472914,152.0616198630137,153.6672972040219
2026-02-28 05:45:00,969.1433333333334,1772257950.4115627,152.08649488054607,153.71482438181016
2026-02-28 06:00:00,969.3000000000001,1772258850.3182552,151.74138698630136,153.4116803024739
2026-02-28 06:15:00,969.4033333333333,1772259750.2457473,152.29746075085325,154.00410822091234
2026-02-28 06:30:00,969.4699999999999,1772260650.1672366,149.88398630136987,151.5827876135263
2026-02-28 06:45:00,969.3133333333334,1772261550.1085472,151.7639624573379,153.43839132968515
2026-02-28 07:00:00,969.2566666666667,1772262450.0084133,151.40063356164384,153.05457402245995
2026-02-28 07:15:00,969.3933333333333,1772263349.7719603,153.0128737201365,154.72459832261487
2026-02-28 07:30:00,969.41,1772264249.384106,151.48269520547944,153.1821526964482
2026-02-28 07:45:00,969.5933333333332,1772265150.0026667,151.8265324232082,153.58333624187765
2026-02-28 08:00:00,969.68,1772266049.90016,151.11496575342466,152.88870954654294
2026-02-28 08:15:00,969.7333333333332,1772266949.8232112,152.27192491467576,154.07486088825598
2026-02-28 08:30:00,969.8133333333334,1772267851.260355,151.75119453924916,153.57130600531232
2026-02-28 08:45:00,969.93,1772268751.216664,150.74800684931506,152.58990637908101
2026-02-28 09:00:00,969.8299999999999,1772269651.1386826,152.0374744027304,153.86589186665
2026-02-28 09:15:00,970.07,1772270551.0712504,150.52722260273973,152.40695936196087
2026-02-28 09:30:00,970.2266666666666,1772271451.0074759,152.53190443686006,154.48265252718582
2026-02-28 09:45:00,970.0866666666667,1772272350.9735866,151.25649315068495,153.15018649097027
2026-02-28 10:00:00,970.0033333333334,1772273250.8942816,151.6905324232082,153.56534338857074
2026-02-28 10:15:00,970.0066666666667,1772274150.8046196,151.7236369863014,153.59982990157062
2026-02-28 10:30:00,970.0333333333333,1772275050.702588,152.53576791808874,154.42982777534212
2026-02-28 10:45:00,970.2766666666666,1772275950.6328065,151.2346404109589,153.18334936924586
2026-02-28 11:00:00,970.3233333333333,1772276850.569032,151.87748464163823,153.84811745799647
2026-02-28 11:15:00,970.2966666666666,1772277750.4683998,150.71371575342465,152.66151345044238
2026-02-28 11:30:00,970.18,1772278650.419819,151.01576450511945,152.93356179694177
2026-02-28 11:45:00,970.13,1772279550.31186,151.0705924657534,152.9745527624785
2026-02-28 12:00:00,970.2266666666668,1772280450.257886,150.99211604095564,152.9231716001752
2026-02-28 12:15:00,970.27,1772281350.2185364,151.20451712328767,153.15089800927012
2026-02-28 12:30:00,970.1999999999999,1772282250.1751935,151.93682935153583,153.87217057058842
2026-02-28 12:45:00,970.12,1772283150.1095266,150.98326369863014,152.88321857196925
2026-02-28 13:00:00,970.1566666666668,1772284050.0444958,152.05599317406146,153.98017405535742
2026-02-28 13:15:00,970.3133333333334,1772284950.0152652,152.39909931506847,154.37356703329027
2026-02-28 13:30:00,970.29,1772285849.964831,151.69790784982936,153.6564787456054
2026-02-28 13:45:00,970.32,1772286749.8838313,152.04838698630138,154.0202618211002
2026-02-28 14:00:00,970.2399999999999,1772287649.8014116,152.74532081911264,154.7027174019921
2026-02-28 14:15:00,970.3166666666666,1772288551.274767,151.53864163822524,153.50293353371478
2026-02-28 14:30:00,970.2766666666666,1772289451.2057605,152.28072260273973,154.24291068018016
2026-02-28 14:45:00,970.2366666666667,1772290351.0901494,151.633204778157,153.57537719950642
2026-02-28 15:00:00,970.1733333333333,1772291251.0086439,151.06051712328767,152.97694502261928
2026-02-28 15:15:00,970.1966666666667,1772292150.9422855,151.01460409556316,152.93722958656497
2026-02-28 15:30:00,970.0866666666667,1772293050.8856652,152.65667808219177,154.56790138647884
2026-02-28 15:45:00,970.1966666666667,1772293950.8270545,152.19616382252562,154.13383220864213
2026-02-28 16:00:00,970.2333333333332,1772294850.795518,151.53385273972603,153.47378062087787
2026-02-28 16:15:00,970.07,1772295750.7140427,151.06211262798635,152.94852892613216
2026-02-28 16:30:00,970.2233333333334,1772296650.6413445,151.79632876712327,153.73669582668165
2026-02-28 16:45:00,970.0799999999999,1772297550.5815907,151.18906143344708,153.07997152029978
2026-02-28 17:00:00,970.0433333333334,1772298450.5014782,150.50895205479452,152.38073983739733
2026-02-28 17:15:00,970.1,1772299350.4435136,150.60066211604095,152.49000764759842
2026-02-28 17:30:00,970.13,1772300250.388769,151.92253767123287,153.8372351327479
2026-02-28 17:45:00,970.21,1772301150.2936223,152.7895051194539,154.73864755981506
2026-02-28 18:00:00,970.2599999999999,1772302050.1938136,152.53115753424657,154.49168023559528
2026-02-28 18:15:00,970.2333333333332,1772302950.1245255,152.41502047781572,154.36622901891374
2026-02-28 18:30:00,970.1133333333333,1772303850.0267444,151.71427739726028,153.62148537285728
2026-02-28 18:45:00,970.1433333333333,1772304749.9678187,152.0201228668942,153.93994996868054
2026-02-28 19:00:00,970.1700000000001,1772305649.903462,152.21442465753424,154.14451534278942
2026-02-28 19:15:00,970.09,1772306549.772311,153.0737747440273,154.99120160169585
2026-02-28 19:30:00,969.9133333333333,1772307451.148869,151.14392491467575,152.9858173023617
2026-02-28 19:45:00,970.07,1772308351.0676794,152.83151712328768,154.74002918998778
2026-02-28 20:00:00,969.89,1772309251.005595,151.96347781569966,153.8085385634484
2026-02-28 20:15:00,969.7333333333332,1772310150.9675708,151.47280821917806,153.26628246014928
2026-02-28 20:30:00,969.5799999999999,1772311050.9408977,150.98896928327648,152.73221228891742
2026-02-28 20:45:00,969.5566666666667,1772311950.8719618,152.34010616438357,154.0921171510139
2026-02-28 21:00:00,969.5366666666665,1772312850.8236234,152.06,153.80294495934606
2026-02-28 21:15:00,969.5500000000001,1772313750.7874053,151.2664417808219,153.0041668588565
2026-02-28 21:30:00,969.4833333333332,1772314650.7127256,151.92145051194538,153.64723701120383
2026-02-28 21:45:00,969.4333333333334,1772315550.6687927,151.33841438356166,153.04303797119874
2026-02-28 22:00:00,969.3000000000001,1772316450.646953,150.6485529010239,152.30681684601052
2026-02-28 22:15:00,969.37,1772317350.6132073,151.83007534246573,153.52176193229207
2026-02-28 22:30:00,969.1966666666667,1772318250.5931106,151.53745392491467,153.17542605353086
2026-02-28 22:45:00,969.17,1772319150.5073237,150.91401027397262,152.53751482136542
2026-02-28 23:00:00,969.18,1772320050.4357555,151.81323208191128,153.44932579793326
2026-02-28 23:15:00,969.1066666666667,1772320950.3772395,151.45124315068492,153.06210756652078
2026-02-28 23:30:00,968.8766666666667,1772321850.2925572,153.27872013651879,154.84134149409152
2026-02-28 23:45:00,968.9499999999999,1772322750.2087815,151.60392465753424,153.1708123913936
2026-03-01 00:00:00,968.9966666666666,1772323650.164224,151.83560068259385,153.4184853843049
2026-03-01 00:15:00,968.9566666666666,1772324550.0756602,152.46213698630137,154.03984584989257
2026-03-01 00:30:00,968.8233333333334,1772325450.0102253,151.5400170648464,153.0694011521251
2026-03-01 00:45:00,968.6966666666667,1772326349.937365,151.14501369863012,152.633673043875
2026-03-01 01:00:00,968.4900000000001,1772327249.8391213,152.14105119453924,153.57920344924926
2026-03-01 01:15:00,968.4666666666667,1772328151.2566092,150.66260750853243,152.08004203097136
2026-03-01 01:30:00,968.3666666666668,1772329051.142033,152.1320273972603,153.53411197620508
2026-03-01 01:45:00,968.27,1772329951.0407696,151.36222525597267,152.72916132499745
2026-03-01 02:00:00,968.16,1772330850.9413593,151.23664726027397,152.57055866863823
2026-03-01 02:15:00,968.1366666666667,1772331750.9287317,151.81880887372014,153.15106511587612
2026-03-01 02:30:00,968.0099999999999,1772332650.8837056,151.7767602739726,153.07180381273815
2026-03-01 02:45:00,967.8866666666667,1772333550.7940533,152.25227986348122,153.51540280793307
2026-03-01 03:00:00,967.7833333333333,1772334450.667089,150.44616438356164,151.66452361809613
2026-03-01 03:15:00,967.6633333333333,1772335350.5664697,152.25175085324233,153.4497417515358
2026-03-01 03:30:00,967.56,1772336250.5078743,153.04378767123288,154.21772964739367
2026-03-01 03:45:00,967.4399999999999,1772337150.409902,151.11115017064847,152.2355539398109
2026-03-01 04:00:00,967.3366666666666,1772338050.288732,151.9488184931507,153.04940362348268
2026-03-01 04:15:00,967.2233333333334,1772338950.1976602,150.34758703071674,151.40396840088343
2026-03-01 04:30:00,967.1133333333333,1772339850.1139283,152.52758219178082,153.56718188145
2026-03-01 04:45:00,967.0499999999998,1772340749.9550796,153.06078839590444,154.0854795850839
2026-03-01 05:00:00,966.9366666666666,1772341651.3579886,152.63994197952218,153.6287307928749
2026-03-01 05:15:00,966.6566666666668,1772342551.295318,153.49708219178083,154.409255909158
2026-03-01 05:30:00,966.5866666666667,1772343451.1991768,152.08317747440273,152.96660299241114
2026-03-01 05:45:00,966.4433333333333,1772344351.0741382,151.14398630136986,151.98056120711735
2026-03-01 06:00:00,966.3933333333334,1772345250.905446,152.11502730375426,152.94244665349558
2026-03-01 06:15:00,966.2966666666666,1772346150.7755253,152.67822602739727,153.48051701447767
2026-03-01 06:30:00,966.3566666666667,1772347050.6749687,151.52204095563138,152.33562171178116
2026-03-01 06:45:00,966.1666666666666,1772347950.568355,151.4895582191781,152.24799311562117
2026-03-01 07:00:00,966.0300000000001,1772348850.4608674,153.9074709897611,154.63785169585927
2026-03-01 07:15:00,965.8466666666667,1772349750.4206533,150.4959897260274,151.15751859020403
2026-03-01 07:30:00,965.7633333333333,1772350650.394621,152.00106825938568,152.64504222187176
2026-03-01 07:45:00,965.4833333333332,1772351550.354371,152.5903390410959,153.1553092306851
2026-03-01 08:00:00,965.3633333333333,1772352450.273082,152.61717747440272,153.14732546296227
2026-03-01 08:15:00,965.2366666666667,1772353350.1699228,153.53580821917808,154.0320724189936
2026-03-01 08:30:00,965.0066666666667,1772354250.1002808,151.8895938566553,152.31396135379134
2026-03-01 08:45:00,964.82,1772355149.9958336,153.18475684931508,153.55827127000865
2026-03-01 09:00:00,964.71,1772356049.8928554,153.49284982935154,153.83496061442483
2026-03-01 09:15:00,964.6033333333334,1772356951.2522292,152.38158361774742,152.69026920593103
2026-03-01 09:30:00,964.4699999999999,1772357851.1995368,152.78982876712328,153.06056110005107
2026-03-01 09:45:00,964.3033333333333,1772358751.1254005,152.83496928327645,153.0573057801133
2026-03-01 10:00:00,964.3033333333333,1772359651.0015538,153.0280821917808,153.25069961940054
2026-03-01 10:15:00,964.2800000000001,1772360550.94516,153.1329829351536,153.34895434599886
2026-03-01 10:30:00,964.0366666666667,1772361450.8667886,153.30592465753426,153.45117797968229
2026-03-01 10:45:00,963.9166666666666,1772362350.8020127,152.65592832764506,152.76573123769487
2026-03-01 11:00:00,963.7133333333333,1772363250.7267857,153.45257876712327,153.50363966505248
2026-03-01 11:15:00,963.5033333333334,1772364150.6812313,153.05678498293514,153.04663638950868
2026-03-01 11:30:00,963.38,1772365050.583002,154.13524315068494,154.08891064987256
2026-03-01 11:45:00,963.2533333333334,1772365950.5037467,153.44641638225258,153.36337704575809
2026-03-01 12:00:00,963.13,1772366850.404109,153.7526506849315,153.63343997153754
2026-03-01 12:15:00,962.91,1772367750.2964113,153.28040614334472,153.09755342633835
2026-03-01 12:30:00,962.8166666666666,1772368650.1997437,153.02634589041097,152.81669435261065
2026-03-01 12:45:00,962.6166666666667,1772369550.0646741,152.94337542662115,152.67580972902104
2026-03-01 13:00:00,962.4266666666666,1772370449.9865608,153.34737671232878,153.02385265444107
2026-03-01 13:15:00,962.2266666666666,1772371349.9358401,153.83882935153585,153.45594411358388
2026-03-01 13:30:00,962.0666666666666,1772372249.8774068,153.44768493150684,153.01924827925416
2026-03-01 13:45:00,961.9233333333333,1772373149.7792616,154.2283651877133,153.7558702707927
2026-03-01 14:00:00,961.7933333333334,1772374051.2356195,153.64567918088738,153.1371398389108
2026-03-01 14:15:00,961.5566666666667,1772374951.2046607,154.18203424657534,153.60263415052057
2026-03-01 14:30:00,961.4,1772375851.116961,155.17894539249147,154.54978783989372
2026-03-01 14:45:00,961.25,1772376751.0479321,154.7345787671233,154.06330855424716
2026-03-01 15:00:00,961.0766666666667,1772377650.9837587,155.3990853242321,154.6739846582886
2026-03-01 15:15:00,960.7966666666667,1772378550.9112375,154.7292910958904,153.9254056246509
2026-03-01 15:30:00,960.5600000000001,1772379450.853367,154.5339215017065,153.66193887045432
2026-03-01 15:45:00,960.3466666666667,1772380350.817087,155.07156506849313,154.13406036059618
2026-03-01 16:00:00,960.1066666666666,1772381250.7513492,154.1134300341297,153.11188291268112
2026-03-01 16:15:00,959.9433333333333,1772382150.6450932,153.95322260273971,152.90525766993656
2026-03-01 16:30:00,959.7600000000001,1772383050.5561278,154.83252218430033,153.72501495455234
2026-03-01 16:45:00,959.5099999999999,1772383950.4603066,154.66225,153.48303895535648
2026-03-01 17:00:00,959.4566666666666,1772384850.3548007,156.04133788395905,154.83592124932093
2026-03-01 17:15:00,959.2666666666668,1772385750.2876472,155.1356883561644,153.88170652418415
2026-03-01 17:30:00,959.2199999999999,1772386650.1924992,155.43666894197952,154.16658420183742
2026-03-01 17:45:00,959.1933333333333,1772387550.1287026,154.6836095890411,153.41190508687052
2026-03-01 18:00:00,959.1933333333333,1772388450.0244465,154.34193515358362,153.07303966859982
2026-03-01 18:15:00,959.11,1772389349.9308503,156.5219691780822,155.21057396781924
2026-03-01 18:30:00,959.13,1772390249.8301663,154.26968600682596,152.98297444677925
2026-03-01 18:45:00,959.0799999999999,1772391151.305734,155.5359215017065,154.22399672166802
2026-03-01 19:00:00,959.0266666666666,1772392051.2542229,154.94629452054795,153.62377516757334
2026-03-01 19:15:00,958.9433333333333,1772392951.181308,155.42311262798634,154.07212678543945
2026-03-01 19:30:00,958.91,1772393851.0757875,154.25271575342464,152.90221924920212
2026-03-01 19:45:00,958.9733333333334,1772394750.9263132,154.93113651877132,153.59318164681855
2026-03-01 20:00:00,959.0233333333332,1772395650.8342335,155.7401301369863,154.40985719468551
2026-03-01 20:15:00,958.9533333333334,1772396550.7747674,155.15239249146757,153.80668213141064
2026-03-01 20:30:00,958.9733333333334,1772397450.7264955,154.83152397260275,153.4944293350383
2026-03-01 20:45:00,958.8699999999999,1772398350.6700938,155.46889078498293,154.09603481446734
2026-03-01 21:00:00,958.9133333333333,1772399250.5743895,154.29980136986302,152.94986130618932
2026-03-01 21:15:00,958.8733333333333,1772400150.5042984,155.31480546075085,153.94428510611368
2026-03-01 21:30:00,958.8833333333333,1772401050.4151382,154.39969863013698,153.0401610462446
2026-03-01 21:45:00,958.9933333333333,1772401950.3428593,154.18337201365188,152.8576831707293
2026-03-01 22:00:00,959.0333333333333,1772402850.269557,155.44511301369863,154.1202882530878
2026-03-01 22:15:00,959.21,1772403750.2003448,156.42800682593858,155.1468739706011
2026-03-01 22:30:00,959.0799999999999,1772404650.1603103,155.21011301369865,153.90093638485789
2026-03-01 22:45:00,959.1966666666667,1772405550.1550016,156.52140955631398,155.2355790556075
2026-03-01 23:00:00,959.2466666666666,1772406450.1183958,155.72449657534247,154.45988574319895
2026-03-01 23:15:00,959.2333333333332,1772407350.0544846,155.19237201365186,153.928182906702
2026-03-01 23:30:00,959.2866666666665,1772408249.9843378,154.60013356164384,153.35630811731514
2026-03-01 23:45:00,959.3266666666667,1772409149.8118691,155.2058600682594,153.96886247912624
2026-03-02 00:00:00,959.4733333333334,1772410051.2318459,155.35926621160408,154.16400035154658
2026-03-02 00:15:00,959.62,1772410951.1807816,155.5395479452055,154.38591129019463
2026-03-02 00:30:00,959.7266666666666,1772411851.1381998,154.4501194539249,153.33563596222592
2026-03-02 00:45:00,959.7433333333333,1772412751.059947,153.2595993150685,152.1585246734599
2026-03-02 01:00:00,959.8100000000001,1772413651.0444252,155.3024061433447,154.20618675529133
2026-03-02 01:15:00,959.8533333333334,1772414550.9461555,154.38359589041096,153.3064837414275
2026-03-02 01:30:00,959.9566666666666,1772415450.8042388,154.67414334470988,153.62516286754285
2026-03-02 01:45:00,959.8266666666667,1772416350.6978996,154.69912671232876,153.6120299434824
2026-03-02 02:00:00,959.8000000000001,1772417250.6363118,154.63488395904437,153.54045905448498
2026-03-02 02:15:00,960.02,1772418150.5768628,153.7555410958904,152.7311680078037
2026-03-02 02:30:00,960.19,1772419050.536767,154.11080546075087,153.13351961701184
2026-03-02 02:45:00,960.3633333333333,1772419950.4378474,155.16357876712328,154.23040166419509
2026-03-02 03:00:00,960.3933333333334,1772420850.371744,154.66346075085323,153.7420544802605
2026-03-02 03:15:00,960.3433333333332,1772421750.290931,154.12576027397262,153.19300332284132
2026-03-02 03:30:00,960.2433333333333,1772422650.2388403,154.1458532423208,153.183866990257
2026-03-02 03:45:00,960.36,1772423550.1640549,155.44516095890413,154.50931181624443
2026-03-02 04:00:00,960.56,1772424450.080592,153.583,152.71638309703008
2026-03-02 04:15:00,960.5933333333334,1772425350.0160465,154.38755136986302,153.52611766862634
2026-03-02 04:30:00,960.5,1772426249.9605246,155.90745733788395,155.01005215541568
2026-03-02 04:45:00,960.5266666666666,1772427149.88968,155.97084931506848,155.08093648268752
2026-03-02 05:00:00,960.7066666666666,1772428049.8001063,154.91307849829352,154.08188791643235
2026-03-02 05:15:00,961.0266666666666,1772428951.2546792,154.3481433447099,153.61335247006897
2026-03-02 05:30:00,961.1933333333333,1772429851.1853266,154.69030479452056,154.00264480711797
2026-03-02 05:45:00,961.2033333333333,1772430751.086783,155.03492491467577,154.34866555043067
2026-03-02 06:00:00,961.2733333333332,1772431650.9737153,155.13292465753423,154.4667742140032
2026-03-02 06:15:00,961.19,1772432550.8609073,154.56536518771333,153.87728604737072
2026-03-02 06:30:00,961.4766666666666,1772433450.7826552,154.3618390410959,153.7583902056508
2026-03-02 06:45:00,961.57,1772434350.7100406,153.23503071672354,152.66305677684744
2026-03-02 07:00:00,961.5833333333334,1772435250.5560591,154.10987671232877,153.53852686509424
2026-03-02 07:15:00,961.6633333333333,1772436150.4911084,154.8975255972696,154.34671452347143
2026-03-02 07:30:00,961.9499999999999,1772437050.4216337,154.75270890410957,154.2864245855425
2026-03-02 07:45:00,961.82,1772437950.3674574,153.15729351535836,152.65810512277426
2026-03-02 08:00:00,961.9366666666666,1772438850.2795706,154.85804452054794,154.38753161561976
2026-03-02 08:15:00,961.7833333333333,1772439750.1349595,152.57603412969283,152.06814579668935
2026-03-02 08:30:00,962.0433333333334,1772440650.0617712,153.18178767123288,152.74732147467057
2026-03-02 08:45:00,962.0100000000001,1772441549.976725,154.2471228668942,153.79989411469995
2026-03-02 09:00:00,962.0166666666668,1772442449.9157634,154.73629794520548,154.28960518668248
2026-03-02 09:15:00,962.1266666666667,1772443349.8140273,153.96424573378837,153.55187072322235
2026-03-02 09:30:00,962.2633333333333,1772444251.2741005,155.0599419795222,154.68479354646433
2026-03-02 09:45:00,962.2199999999999,1772445151.174731,154.31531164383563,153.9292907188262
2026-03-02 10:00:00,962.27,1772446051.072342,153.7908941979522,153.42075938702223
2026-03-02 10:15:00,962.32,1772446950.9239457,155.41606849315068,155.05675200079904
2026-03-02 10:30:00,962.6366666666667,1772447850.8320518,153.80924914675768,153.54600328981806
2026-03-02 10:45:00,962.85,1772448750.7684875,153.15275342465753,152.95261539626497
2026-03-02 11:00:00,963.0333333333333,1772449650.6597126,153.59688737201364,153.44961126132958
2026-03-02 11:15:00,963.0500000000001,1772450550.6007514,154.28076712328766,154.13771622608135
2026-03-02 11:30:00,963.3733333333333,1772451450.5331044,154.22020477815698,154.17189388182712
2026-03-02 11:45:00,963.48,1772452350.4516237,154.91222602739728,154.8950872392174
2026-03-02 12:00:00,963.7866666666665,1772453250.3610363,154.4310409556314,154.5039534851686
2026-03-02 12:15:00,963.8966666666666,1772454150.3002362,155.02006506849315,155.12567357579834
2026-03-02 12:30:00,963.75,1772455050.2403798,154.28043686006825,154.34252538009324
2026-03-02 12:45:00,963.79,1772455950.157672,154.29216438356164,154.3659889925694
2026-03-02 13:00:00,963.82,1772456850.1162088,154.19417406143347,154.276745308599
2026-03-02 13:15:00,964.0466666666666,1772457749.981023,154.4651198630137,154.614409137926
2026-03-02 13:30:00,964.25,1772458649.9029462,154.97052559726964,155.1802430641589
2026-03-02 13:45:00,964.2366666666667,1772459551.2643425,155.25424232081912,155.46040535380612
2026-03-02 14:00:00,964.3066666666667,1772460451.1791935,153.9477808219178,154.17271260415612
2026-03-02 14:15:00,964.23,1772461351.1114175,154.7231058020478,154.92660111964562
2026-03-02 14:30:00,964.2399999999999,1772462251.0577285,154.18641438356164,154.39213725524422
2026-03-02 14:45:00,964.2266666666666,1772463150.9894884,154.5824675767918,154.7847976170019
2026-03-02 15:00:00,964.29,1772464050.908513,156.07938356164382,156.3024801534563
2026-03-02 15:15:00,964.3166666666666,1772464950.8074415,154.69968941979522,154.92866342587783
2026-03-02 15:30:00,964.3633333333333,1772465850.7400742,154.8213595890411,155.06426210321482
2026-03-02 15:45:00,964.44,1772466750.6530313,154.04880204778158,154.31296909879137
2026-03-02 16:00:00,964.52,1772467650.568332,155.1942705479452,155.48403365636608
2026-03-02 16:15:00,964.5933333333332,1772468550.495974,153.98865187713312,154.29766128561204
2026-03-02 16:30:00,964.4900000000001,1772469450.4324162,153.69965410958903,153.97784963318608
2026-03-02 16:45:00,964.3233333333334,1772470350.3313498,154.43935836177477,154.66990618655421
2026-03-02 17:00:00,964.4699999999999,1772471250.247531,154.07801369863014,154.35102860046035
2026-03-02 17:15:00,964.43,1772472150.1782284,152.92184641638227,153.18117046351588
2026-03-02 17:30:00,964.5066666666667,1772473050.1190457,153.79477739726028,154.07802415366106
2026-03-02 17:45:00,964.5266666666666,1772473950.0789957,153.89568600682594,154.1849775263513
2026-03-02 18:00:00,964.5766666666667,1772474849.9887788,153.51971232876713,153.82290957916558
2026-03-02 18:15:00,964.54,1772475749.913592,155.90220136518772,156.19922170836745
2026-03-02 18:30:00,964.6866666666666,1772476649.81777,153.43832191780822,153.77349372629465
2026-03-02 18:45:00,964.7766666666666,1772477549.7435322,154.0783447098976,154.44132179706492
2026-03-02 19:00:00,964.77,1772478451.1981504,153.9335529010239,154.2942344822697
2026-03-02 19:15:00,964.8666666666667,1772479351.1831498,155.5582191780822,155.9513479475587
2026-03-02 19:30:00,964.8866666666667,1772480251.1354446,152.70446075085323,153.09619500952164
2026-03-02 19:45:00,964.9166666666666,1772481151.0831518,155.5248801369863,155.9327375580452
2026-03-02 20:00:00,965.0433333333334,1772482051.0314326,153.5222457337884,153.9619003697582
2026-03-02 20:15:00,965.0033333333334,1772482951.0132647,155.18195205479452,155.61453257818792
2026-03-02 20:30:00,964.85,1772483850.964562,155.1633720136519,155.5505770739354
2026-03-02 20:45:00,964.9066666666668,1772484750.8895407,155.167801369863,155.571766475312
2026-03-02 21:00:00,964.8966666666666,1772485650.8094928,154.30099658703074,154.69976572244545
2026-03-02 21:15:00,964.9666666666667,1772486550.769191,154.64585273972602,155.06613553177115
2026-03-02 21:30:00,965.0666666666666,1772487450.6629007,154.0000853242321,154.44795543075367
2026-03-02 21:45:00,965.0866666666667,1772488350.554815,153.84433561643837,154.2976159625263
2026-03-02 22:00:00,965.1866666666666,1772489250.4604971,154.52067918088738,155.00540050504452
2026-03-02 22:15:00,965.2366666666667,1772490150.4100902,154.53397945205478,155.03346997837946
2026-03-02 22:30:00,965.2233333333334,1772491050.3307738,154.8780750853242,155.3747416004858
2026-03-02 22:45:00,965.25,1772491950.2731924,153.3599589041096,153.85955244312842
2026-03-02 23:00:00,965.1266666666667,1772492850.197448,153.5185733788396,153.9825961456719
2026-03-02 23:15:00,965.3000000000001,1772493750.0966692,154.01454109589042,154.5309467792329
2026-03-02 23:30:00,965.3466666666667,1772494650.042653,155.2732081911263,155.80764847616803
2026-03-02 23:45:00,965.2966666666666,1772495549.974354,154.0529623287671,154.5685179001912
2026-03-03 00:00:00,965.3766666666667,1772496449.9098842,153.50864505119455,154.0457921845716
2026-03-03 00:15:00,965.4066666666668,1772497349.855633,153.90655479452056,154.45389788820182
2026-03-03 00:30:00,965.36,1772498249.790041,153.7319180887372,154.264961349664
2026-03-03 00:45:00,965.3299999999999,1772499151.3022008,154.74743344709898,155.27514692549
2026-03-03 01:00:00,965.2866666666665,1772500051.214114,152.24229109589044,152.7488847959268
2026-03-03 01:15:00,965.2466666666668,1772500951.153473,153.1447167235495,153.6426360051113
2026-03-03 01:30:00,965.3333333333334,1772501851.0954978,152.47862671232875,152.99957219139608
2026-03-03 01:45:00,965.2933333333334,1772502751.0482538,153.47203071672354,153.98466689583356
2026-03-03 02:00:00,965.2800000000001,1772503650.9780602,153.49029109589043,153.9990869097594
2026-03-03 02:15:00,965.3466666666667,1772504550.9475155,153.4251399317406,153.95321928601504
2026-03-03 02:30:00,965.27,1772505450.8595693,153.6463801369863,154.1527644307616
2026-03-03 02:45:00,965.3866666666667,1772506350.7389874,154.27413651877134,154.81690370166876
2026-03-03 03:00:00,965.3033333333333,1772507250.692542,153.65783561643838,154.17402171043622
2026-03-03 03:15:00,965.3233333333334,1772508150.637544,152.5221433447099,153.04032970510582
2026-03-03 03:30:00,965.3533333333334,1772509050.5765991,152.9662910958904,153.49473537664565
2026-03-03 03:45:00,965.4166666666666,1772509950.5109937,152.53052559726964,153.07588348586634
2026-03-03 04:00:00,965.4899999999999,1772510850.4411693,153.7843219178082,154.3556680233036
2026-03-03 04:15:00,965.4933333333333,1772511750.3213594,153.78067918088738,154.35298931856718
2026-03-03 04:30:00,965.6133333333333,1772512650.2368207,153.2949212328767,153.90050889004598
2026-03-03 04:45:00,965.7966666666666,1772513550.1554992,153.1744914675768,153.83317926247847
2026-03-03 05:00:00,965.9566666666666,1772514450.0697482,153.47669863013698,154.183550665398
2026-03-03 05:15:00,966.0066666666667,1772515350.0605075,154.3372252559727,155.06277079479838
2026-03-03 05:30:00,966.07,1772516249.9568725,153.3519383561644,154.09139323682018
2026-03-03 05:45:00,966.1766666666667,1772517149.7879806,153.7028566552901,154.4753074687167
2026-03-03 06:00:00,966.41,1772518051.206465,153.73146075085324,154.57256730090396
2026-03-03 06:15:00,966.5433333333334,1772518951.1532366,152.84641438356164,153.72161648187273
2026-03-03 06:30:00,966.8566666666667,1772519851.0876167,153.26134129692832,154.23071063345228
2026-03-03 06:45:00,966.98,1772520750.990698,152.40840753424658,153.40832658571645
2026-03-03 07:00:00,967.2733333333332,1772521650.886582,154.8700409556314,155.97301499954168
2026-03-03 07:15:00,967.5233333333332,1772522550.8041708,153.07609246575342,154.2395365112962
2026-03-03 07:30:00,967.7666666666668,1772523450.7087853,154.1455494880546,155.38894675119113
2026-03-03 07:45:00,967.9166666666666,1772524350.6538596,152.97366780821918,154.2515676560337
2026-03-03 08:00:00,967.7933333333334,1772525250.4407055,152.13612627986348,153.3710853676854
2026-03-03 08:15:00,967.9066666666668,1772526150.504649,152.45800342465753,153.72867468180732
2026-03-03 08:30:00,968.0266666666666,1772527050.406775,152.26694880546074,153.5710379106491
2026-03-03 08:45:00,968.0866666666667,1772527950.328704,153.29816438356164,154.62871199501998
2026-03-03 09:00:00,968.1966666666667,1772528850.2739823,153.2758737201365,154.63854393887053
2026-03-03 09:15:00,968.3633333333333,1772529750.2353456,153.66308219178083,155.07829516650185
2026-03-03 09:30:00,968.5033333333334,1772530650.1339571,154.32606825938566,155.78882154771077
2026-03-03 09:45:00,968.7366666666667,1772531550.0263722,151.6412808219178,153.1464666966672
2026-03-03 10:00:00,968.8000000000001,1772532449.9961293,153.64040273037543,155.18410451404142
2026-03-03 10:15:00,968.9233333333333,1772533349.8905897,155.04932534246575,156.64388585801615
2026-03-03 10:30:00,968.9633333333333,1772534249.815277,152.44510580204778,154.02458938929436
2026-03-03 10:45:00,969.1833333333334,1772535151.2012265,153.3451228668942,154.9987074506445
2026-03-03 11:00:00,969.4666666666667,1772536051.0981524,152.74237671232876,154.47259700102015
2026-03-03 11:15:00,969.8566666666666,1772536951.0065105,152.9900853242321,154.83780389646253
2026-03-03 11:30:00,969.9933333333333,1772537850.899815,152.6528082191781,154.53657615757126
2026-03-03 11:45:00,969.8000000000001,1772538750.78344,152.4900170648464,154.31508064057735
2026-03-03 12:00:00,969.89,1772539650.6727958,152.97896917808217,154.83635948869258
2026-03-03 12:15:00,970.0,1772540550.538331,151.46262798634814,153.33365106289972
2026-03-03 12:30:00,970.2599999999999,1772541450.4347346,153.14166438356165,155.11003408847841
2026-03-03 12:45:00,970.4333333333334,1772542350.2899113,152.9903651877133,155.0078310451577
2026-03-03 13:00:00,970.73,1772543250.2149637,151.75556849315066,153.84344321841655
2026-03-03 13:15:00,970.7066666666666,1772544150.1695406,152.85641979522183,154.9525704732562
2026-03-03 13:30:00,970.88,1772545050.1553059,152.48645205479454,154.6284452078314
2026-03-03 13:45:00,971.1466666666666,1772545950.0937922,151.89041979522182,154.1020990410478
2026-03-03 14:00:00,971.3766666666667,1772546850.0502677,152.95989726027398,155.2549807918088
2026-03-03 14:15:00,971.4900000000001,1772547749.9517474,151.366795221843,153.67106202719415
2026-03-03 14:30:00,971.48,1772548649.8629532,152.67498630136984,154.99622283044502
2026-03-03 14:45:00,971.5166666666668,1772549549.7478435,151.60046075085324,153.916082879425
2026-03-03 15:00:00,971.5566666666667,1772550451.1586766,152.25390784982935,154.5912595492317
2026-03-03 15:15:00,971.7166666666667,1772551351.0480223,152.8698287671233,155.26382891127625
2026-03-03 15:30:00,971.7966666666666,1772552250.897941,152.26508873720138,154.67312694917047
2026-03-03 15:45:00,971.8299999999999,1772553150.8439767,152.89140753424655,155.31918740782714
2026-03-03 16:00:00,972.0266666666666,1772554050.7606163,151.54855631399317,154.01255150780963
2026-03-03 16:15:00,972.1966666666667,1772554950.6885047,151.8775582191781,154.39676468563113
2026-03-03 16:30:00,972.29,1772555850.6358526,152.553819112628,155.11174682256245
2026-03-03 16:45:00,972.25,1772556750.5699625,152.01785273972604,154.5550470683868
2026-03-03 17:00:00,972.25,1772557650.5055509,151.67535836177473,154.2068364223941
2026-03-03 17:15:00,972.36,1772558550.4245098,154.1721506849315,156.7780636696664
2026-03-03 17:30:00,972.6033333333334,1772559450.3674033,151.90664163822527,154.54569670115973
2026-03-03 17:45:00,972.68,1772560350.2872286,152.89894520547944,155.57790029766534
2026-03-03 18:00:00,972.9333333333334,1772561250.2195718,151.97639590443686,154.71363784557863
2026-03-03 18:15:00,972.9899999999999,1772562150.140097,152.3302705479452,155.09058330107626
2026-03-03 18:30:00,973.0233333333332,1772563050.0708625,152.81606825938567,155.59503798884745
2026-03-03 18:45:00,973.02,1772563951.2892458,152.15235836177476,154.91827733316907
2026-03-03 19:00:00,972.9866666666667,1772564850.6602175,152.04596232876713,154.8001428482467
2026-03-03 19:15:00,973.04,1772565750.5862818,152.82034129692832,155.60431612383738
2026-03-03 19:30:00,973.09,1772566651.1174529,152.6255410958904,155.42073145622206
2026-03-03 19:45:00,973.11,1772567551.1183054,151.30059726962457,154.07737738399175
2026-03-03 20:00:00,973.2400000000001,1772568451.059664,152.2398390410959,155.07215490520454
2026-03-03 20:15:00,973.4366666666666,1772569351.0214322,152.70391126279864,155.60299365657596
2026-03-03 20:30:00,973.5066666666667,1772570250.972136,151.82259589041095,154.72552364593722
2026-03-03 20:45:00,973.5966666666667,1772571150.9174683,152.627204778157,155.5721176358206
2026-03-03 21:00:00,973.5966666666667,1772572050.8536565,151.35079452054794,154.27107928530535
2026-03-03 21:15:00,973.5500000000001,1772572950.7662327,151.77057679180888,154.68524514243063
2026-03-03 21:30:00,973.68,1772573850.6918526,151.91919178082193,154.87496359052275
2026-03-03 21:45:00,973.73,1772574750.6399024,151.5533105802048,154.51664211192949
2026-03-03 22:00:00,973.7166666666667,1772575650.5838616,152.58334931506852,155.562880283543
2026-03-03 22:15:00,973.8133333333334,1772576550.521117,150.33274402730376,153.2964797647037
2026-03-03 22:30:00,973.8133333333334,1772577450.4412766,152.1454212328767,155.14489300535863
2026-03-03 22:45:00,973.8333333333334,1772578350.3463678,151.2141604095563,154.20113236693686
2026-03-03 23:00:00,973.9833333333332,1772579250.278091,151.63878424657534,154.6782209188218
2026-03-03 23:15:00,973.92,1772580150.246776,151.08535836177475,154.09515830641544
2026-03-03 23:30:00,973.9,1772581050.203348,150.99186986301368,153.99395552412756
2026-03-03 23:45:00,973.8966666666666,1772581950.1488476,149.48073037542662,152.4518053765171
2026-03-04 00:00:00,973.8066666666667,1772582850.106406,150.03889726027398,152.99490200621455
2026-03-04 00:15:00,973.9033333333333,1772583750.098355,150.50893515358362,153.5023910766653
2026-03-04 00:30:00,973.8766666666667,1772584650.062567,151.47645205479452,154.481323564803
2026-03-04 00:45:00,973.8633333333333,1772585549.9973128,151.38915699658705,154.38838559345592
2026-03-04 01:00:00,973.7233333333334,1772586449.912755,151.6308390410959,154.59372829212597
2026-03-04 01:15:00,973.7933333333334,1772587349.8021724,152.42721160409556,155.42633242160278
2026-03-04 01:30:00,974.02,1772588251.253003,151.93192832764504,154.98803788222543
2026-03-04 01:45:00,973.9866666666667,1772589151.1418316,151.09750684931507,154.12707033212203
2026-03-04 02:00:00,973.8633333333333,1772590051.0564353,151.07927645051194,154.07236588514596
2026-03-04 02:15:00,973.8066666666667,1772590951.0052817,151.1375102739726,154.11515944240455
2026-03-04 02:30:00,973.75,1772591850.971968,150.839180887372,153.7943930716401
2026-03-04 02:45:00,973.6733333333333,1772592750.9902132,150.24458904109588,153.1658393140796
2026-03-04 03:00:00,973.5533333333333,1772593650.923025,152.80037542662117,155.73580680301995
2026-03-04 03:15:00,973.5566666666667,1772594550.8875294,151.1411780821918,154.0457104187927
2026-03-04 03:30:00,973.5433333333334,1772595450.8196838,151.31630375426622,154.22029457790967
2026-03-04 03:45:00,973.6166666666667,1772596350.766718,151.4304383561644,154.35812533088415
2026-03-04 04:00:00,973.43,1772597250.7143395,150.6950375426621,153.55403645666064
2026-03-04 04:15:00,973.1033333333334,1772598150.6349173,151.27443493150685,154.0487835984051
2026-03-04 04:30:00,972.93,1772599050.571649,150.81889078498293,153.53431255187374
2026-03-04 04:45:00,972.6033333333334,1772599950.5355704,150.99268493150686,153.61586193902414
2026-03-04 05:00:00,972.4933333333333,1772600850.5411534,150.64887030716724,153.23404500392235
2026-03-04 05:15:00,972.3000000000001,1772601750.5228245,151.83479452054794,154.3835993331251
2026-03-04 05:30:00,971.9966666666666,1772602650.4611537,151.219433447099,153.6693181026467
2026-03-04 05:45:00,971.8233333333334,1772603550.4062047,150.23090410958903,152.61450442045648
2026-03-04 06:00:00,971.6266666666667,1772604450.3392937,151.36670307167236,153.71087688357997
2026-03-04 06:15:00,971.37,1772605350.27033,150.4405102739726,152.69585755717225
2026-03-04 06:30:00,971.2633333333333,1772606250.1944556,151.4250614334471,153.664023004275
2026-03-04 06:45:00,971.0966666666667,1772607150.1066766,150.265551369863,152.4390884748237
2026-03-04 07:00:00,971.0633333333334,1772608050.0418768,149.7613890784983,151.91801187864075
2026-03-04 07:15:00,970.9133333333333,1772608949.994481,152.2948493150685,154.4439321436614
2026-03-04 07:30:00,970.9566666666666,1772609849.953044,150.70281569965871,152.84201629167677
2026-03-04 07:45:00,970.63,1772610749.9174056,151.5659863013699,153.622061763051
2026-03-04 08:00:00,970.5933333333332,1772611649.8388171,150.36605460750854,152.3952351019135
2026-03-04 08:15:00,970.5433333333334,1772612551.3067186,151.26390102389078,153.29063459744935
2026-03-04 08:30:00,970.5,1772613451.2032702,151.99260616438357,154.01642220286448
2026-03-04 08:45:00,970.6333333333333,1772614351.1238818,150.8665085324232,152.91406364845045
2026-03-04 09:00:00,970.5266666666666,1772615251.066931,150.96011986301372,152.9779387979989
2026-03-04 09:15:00,970.3266666666667,1772616151.002167,150.7035529010239,152.65992062259923
2026-03-04 09:30:00,970.4366666666666,1772617050.9081318,151.5232191780822,153.5223102594465
2026-03-04 09:45:00,970.1033333333334,1772617950.8362644,150.73974402730377,152.63180106206926
2026-03-04 10:00:00,970.12,1772618850.8127747,151.30325,153.20723154171145
2026-03-04 10:15:00,970.3166666666666,1772619750.7272394,150.86195221843005,152.81747265121743
2026-03-04 10:30:00,970.15,1772620650.6524322,152.1645479452055,154.08815072890735
2026-03-04 10:45:00,970.19,1772621550.6035826,152.01248464163822,153.94586454356786
2026-03-04 11:00:00,969.9433333333333,1772622450.5848632,151.29352397260274,153.14596849781395
2026-03-04 11:15:00,970.0366666666667,1772623350.5625272,151.06909215017063,152.94590872543387
2026-03-04 11:30:00,970.0366666666667,1772624250.478964,151.3165102739726,153.196400664198
2026-03-04 11:45:00,970.0033333333334,1772625150.3880174,150.95807167235495,152.823829828518
2026-03-04 12:00:00,969.7800000000001,1772626050.3074327,151.98006164383563,153.79317761044254
2026-03-04 12:15:00,969.7666666666668,1772626950.2677588,152.2996962457338,154.11272120177694
2026-03-04 12:30:00,969.54,1772627850.242294,152.00912671232877,153.75246231344204
2026-03-04 12:45:00,969.4433333333333,1772628750.2369654,151.95769624573379,153.67221495455044
2026-03-04 13:00:00,969.4,1772629650.1941621,151.35827397260275,153.05342756107692
2026-03-04 13:15:00,969.2966666666666,1772630550.1681874,151.94474061433448,153.61629943925547
2026-03-04 13:30:00,969.16,1772631450.0951784,151.9083390410959,153.53962310985668
2026-03-04 13:45:00,969.2933333333334,1772632350.0003798,152.66970648464164,154.34826318730296
2026-03-04 14:00:00,969.0633333333334,1772633249.9179358,152.3151815068493,153.9225614571552
2026-03-04 14:15:00,969.2066666666666,1772634149.739202,152.80950170648464,154.4641582225045
2026-03-04 14:30:00,969.36,1772635051.2051933,152.9689215017065,154.67035831988727
2026-03-04 14:45:00,969.1033333333334,1772635951.151963,151.1312602739726,152.73775394850293
2026-03-04 15:00:00,969.35,1772636851.1060762,152.0440034129693,153.732231647768
2026-03-04 15:15:00,969.0333333333333,1772637751.0871172,153.9636780821918,155.57958630431506
2026-03-04 15:30:00,969.07,1772638651.0749617,151.86206825938567,153.46661041010424
2026-03-04 15:45:00,968.8033333333333,1772639551.0046155,152.51646575342465,154.04985042746858
2026-03-04 16:00:00,968.7133333333335,1772640450.948999,152.28912627986347,153.79392429677287
2026-03-04 16:15:00,968.7599999999999,1772641350.8760889,153.67104452054795,155.2032582817004
2026-03-04 16:30:00,968.7833333333333,1772642250.7715514,152.7081638225256,154.23761466828753
2026-03-04 16:45:00,968.6233333333333,1772643150.6645813,152.00333219178083,153.47905905941468
2026-03-04 17:00:00,968.5066666666667,1772644050.6031322,152.96626962457339,154.4171122656582
2026-03-04 17:15:00,968.3833333333332,1772644950.532081,152.45535273972604,153.86528948483132
2026-03-04 17:30:00,968.0266666666666,1772645850.4530091,152.8845938566553,154.19397277810685
2026-03-04 17:45:00,968.2599999999999,1772646750.4182894,153.7427191780822,155.12820576922786
2026-03-04 18:00:00,968.5566666666667,1772647650.3418412,151.92900682593856,153.3845821602499
2026-03-04 18:15:00,968.0433333333334,1772648550.2338896,152.56450342465754,153.87601359736001
2026-03-04 18:30:00,967.65,1772649450.1671693,152.95346416382253,154.15307122346323
2026-03-04 18:45:00,967.62,1772650350.0950341,152.87080479452055,154.06098183424766
2026-03-04 19:00:00,967.6,1772651250.002801,152.56086689419797,153.74278857261655
2026-03-04 19:15:00,967.3466666666667,1772652149.9133852,152.25129452054793,153.35698427925726
2026-03-04 19:30:00,967.2866666666667,1772653049.8073018,152.9125324232082,154.00546664505228
2026-03-04 19:45:00,967.0333333333333,1772653951.2167697,153.17572696245733,154.19630466690634
2026-03-04 20:00:00,967.73,1772654851.076588,152.62119863013697,153.84158188967527
2026-03-04 20:15:00,967.5333333333333,1772655750.9795618,151.5801843003413,152.73516074185304
2026-03-04 20:30:00,967.9,1772656650.898928,150.89240410958905,152.14809955480658
2026-03-04 20:45:00,967.5,1772657550.7848442,153.1186689419795,154.27559688395314
2026-03-04 21:00:00,967.0500000000001,1772658450.7165723,152.8506404109589,153.87392472911122
2026-03-04 21:15:00,967.02,1772659350.608975,152.69057679180887,153.7040281578418
2026-03-04 21:30:00,967.3666666666667,1772660250.5427308,152.13577397260275,153.24644804447516
2026-03-04 21:45:00,967.4933333333333,1772661150.4628997,152.3456177474403,153.4947604207002
2026-03-04 22:00:00,967.59,1772662050.384913,152.73797602739725,153.91834533182202
2026-03-04 22:15:00,967.6166666666667,1772662950.2268946,153.4754027303754,154.66930729744402
2026-03-04 22:30:00,967.7800000000001,1772663850.0362225,151.59441438356166,152.82110462911203
2026-03-04 22:45:00,967.7666666666668,1772664750.0204291,153.38954607508532,154.62684512404874
2026-03-04 23:00:00,967.41,1772665649.9490893,151.77641438356164,152.89705294037657
2026-03-04 23:15:00,966.9499999999999,1772666549.8407285,151.97020477815698,152.9585299901222
2026-03-04 23:30:00,967.02,1772667451.1720898,153.3861604095563,154.40422856453858
2026-03-04 23:45:00,967.37,1772668351.0131216,151.24159589041096,152.34670683433126
2026-03-05 00:00:00,967.1033333333334,1772669250.9386036,152.6463720136519,153.68386133159305
2026-03-05 00:15:00,966.9533333333333,1772670150.8737776,151.1615582191781,152.14558805317287
2026-03-05 00:30:00,966.8833333333333,1772671050.8156912,154.02552901023893,155.00758530963142
2026-03-05 00:45:00,966.79,1772671950.7327056,152.8114383561644,153.7584847736972
2026-03-05 01:00:00,966.6766666666666,1772672850.6505315,153.00623549488054,153.92134120025526
2026-03-05 01:15:00,966.6999999999999,1772673750.5698836,153.21814383561642,154.14135037911288
2026-03-05 01:30:00,967.02,1772674650.5084121,151.96088737201364,152.96949557905924
2026-03-05 01:45:00,967.1433333333333,1772675550.4042525,151.69506506849316,152.7376962765431
2026-03-05 02:00:00,967.1966666666667,1772676450.3248906,151.6560409556314,152.71387816525237
2026-03-05 02:15:00,967.23,1772677350.2229981,152.19356849315068,153.2648615532823
2026-03-05 02:30:00,967.3966666666666,1772678250.1981554,152.36267918088737,153.48375810933797
2026-03-05 02:45:00,967.0733333333334,1772679150.1170797,152.49401369863014,153.52171649784486
2026-03-05 03:00:00,967.09,1772680050.0543554,153.40770307167236,154.4464542239827
2026-03-05 03:15:00,967.34,1772680949.981431,152.1950582191781,153.29839778277218
2026-03-05 03:30:00,967.4,1772681849.9107378,152.29101023890786,153.41253343958306
2026-03-05 03:45:00,967.5266666666666,1772682751.3091738,152.49582593856655,153.65583285981754
2026-03-05 04:00:00,967.4699999999999,1772683651.2143736,151.6581506849315,152.79533371897014
2026-03-05 04:15:00,967.6633333333334,1772684551.1631296,152.15207849829352,153.34928512597358
2026-03-05 04:30:00,967.6366666666667,1772685451.0998213,151.87845205479454,153.06575012859264
2026-03-05 04:45:00,967.6466666666666,1772686351.0233293,152.2620136518771,153.45522581044102
2026-03-05 05:00:00,967.6833333333334,1772687250.9752738,153.22400000000002,154.43550946577082
2026-03-05 05:15:00,967.73,1772688150.9221525,150.98766211604095,152.1949833590734
2026-03-05 05:30:00,967.7166666666667,1772689050.859849,152.27502397260275,153.488750733852
2026-03-05 05:45:00,967.8166666666666,1772689950.7879374,151.9453105802048,153.1855118028264
2026-03-05 06:00:00,967.8433333333334,1772690850.7460082,153.1691506849315,154.42716519204535
2026-03-05 06:15:00,968.0,1772691750.7088797,152.09818088737202,153.39305246948115
2026-03-05 06:30:00,968.17,1772692650.657049,151.87629452054793,153.2187587641856
2026-03-05 06:45:00,968.18,1772693550.5736809,151.41147098976109,152.75272884166068
2026-03-05 07:00:00,968.1433333333334,1772694450.488696,152.9007705479452,154.24447508398097
2026-03-05 07:15:00,968.2733333333334,1772695350.4152732,152.96850853242321,154.35092832671933
2026-03-05 07:30:00,968.27,1772696251.4025054,152.09173037542664,153.46525452716912
2026-03-05 07:45:00,968.4699999999999,1772697151.3368652,152.04451712328768,153.47592466901514
2026-03-05 08:00:00,968.6266666666667,1772698050.1224952,151.44880479452056,152.92011651473996
2026-03-05 08:15:00,968.7766666666666,1772698950.0668118,152.03861092150171,153.55941075221315
2026-03-05 08:30:00,968.9499999999999,1772699850.0202544,151.19539726027395,152.75806269864094
2026-03-05 08:45:00,969.0633333333334,1772700749.9802766,151.85341979522187,153.45592678073365
2026-03-05 09:00:00,969.2166666666667,1772701649.894101,151.37064726027398,153.01263074097554
2026-03-05 09:15:00,969.3833333333333,1772702549.787765,151.07417064846416,152.76130487268807
2026-03-05 09:30:00,969.6566666666668,1772703451.239752,150.17676109215017,151.93275667525634
2026-03-05 09:45:00,969.69,1772704351.1917439,150.69994178082192,152.4717110774886
2026-03-05 10:00:00,969.7166666666667,1772705251.1537557,151.53172013651877,153.3210366656319
2026-03-05 10:15:00,969.85,1772706151.1381817,152.60569178082193,154.4468115495608
2026-03-05 10:30:00,970.06,1772707051.0837798,150.63610921501706,152.51430791673232
2026-03-05 10:45:00,970.2666666666668,1772707951.0063353,151.94396232876713,153.89888703073495
2026-03-05 11:00:00,970.3533333333334,1772708850.902128,151.2583071672355,153.22963990488373
2026-03-05 11:15:00,970.4366666666666,1772709750.8642852,151.87429452054795,153.8780174437502
2026-03-05 11:30:00,970.62,1772710650.7810593,150.5214266211604,152.56043338397203
2026-03-05 11:45:00,970.6466666666666,1772711550.7208543,151.6088184931507,153.67034114735054
2026-03-05 12:00:00,970.6033333333334,1772712450.6679955,152.17610921501705,154.23264667549367
2026-03-05 12:15:00,970.64,1772713350.634775,152.63052397260273,154.70397981744406
2026-03-05 12:30:00,970.6366666666667,1772714250.5539477,152.1905119453925,154.25701334864232
2026-03-05 12:45:00,970.7033333333334,1772715150.5073175,151.53228424657536,153.60930392680703
2026-03-05 13:00:00,970.7866666666667,1772716050.434762,151.81937542662115,153.92469968397407
2026-03-05 13:15:00,970.7966666666667,1772716950.3422058,150.32899657534247,152.41654919454575
2026-03-05 13:30:00,970.9233333333333,1772717850.214331,153.386590443686,155.55403468986148
2026-03-05 13:45:00,971.04,1772718750.160501,152.4809075342466,154.66983528649044
2026-03-05 14:00:00,971.1833333333334,1772719650.0847723,150.6076757679181,152.81132243859247
2026-03-05 14:15:00,971.2033333333334,1772720550.0078437,152.68249315068493,154.92238487033092
2026-03-05 14:30:00,971.1633333333333,1772721449.8569613,152.30597269624573,154.52859614370857
2026-03-05 14:45:00,971.3233333333334,1772722351.3180919,152.93044709897612,155.20936006746447
2026-03-05 15:00:00,971.3433333333334,1772723251.2549584,152.21640753424657,154.49055067858052
2026-03-05 15:15:00,971.4066666666668,1772724151.1928496,152.0994266211604,154.39039924121033
2026-03-05 15:30:00,971.44,1772725051.10439,151.73086986301368,154.02604583145776
2026-03-05 15:45:00,971.5033333333334,1772725951.0057948,150.42579180887373,152.71960250418547
2026-03-05 16:00:00,971.5666666666666,1772726850.9083598,151.69353424657535,154.0252097267117
2026-03-05 16:15:00,971.82,1772727750.7879894,152.70201706484642,155.12384220483892
2026-03-05 16:30:00,971.9033333333333,1772728650.6774437,153.62073287671234,156.0818396775137
2026-03-05 16:45:00,971.9900000000001,1772729550.5670488,150.6973651877133,153.13685214347709
2026-03-05 17:00:00,972.0799999999999,1772730450.5017726,153.3439794520548,155.85295834190535
2026-03-05 17:15:00,972.1833333333334,1772731350.4705074,152.19892832764506,154.71954577698432
2026-03-05 17:30:00,972.3299999999999,1772732250.3530545,153.07076369863015,155.6491881031761
2026-03-05 17:45:00,972.4666666666667,1772733150.2760465,152.56336518771332,155.17353080125952
2026-03-05 18:00:00,972.4933333333333,1772734050.1893218,152.2888698630137,154.90218738849245
2026-03-05 18:15:00,973.0066666666667,1772734950.142991,150.0075119453925,152.7305713584981
2026-03-05 18:30:00,973.14,1772735850.087263,151.7413184931507,154.5349952920482
2026-03-05 18:45:00,973.4033333333333,1772736750.0429533,152.4180819112628,155.30190173876642
2026-03-05 19:00:00,973.4499999999999,1772737649.9577444,150.57045205479452,153.43291766254328
2026-03-05 19:15:00,973.7199999999999,1772738549.730252,152.1558600682594,155.12802582799898
2026-03-05 19:30:00,973.9900000000001,1772739451.171328,151.12288395904437,154.15393256786962
2026-03-05 19:45:00,974.2466666666666,1772740351.1102304,150.20701369863013,153.29443119658092
2026-03-05 20:00:00,974.4066666666668,1772741251.0322523,151.2666757679181,154.42281140104893
2026-03-05 20:15:00,974.5833333333334,1772742150.9421206,151.79352397260274,155.0126759982377
2026-03-05 20:30:00,974.6433333333333,1772743050.875269,151.3058156996587,154.53224035273038
2026-03-05 20:45:00,974.6766666666666,1772743950.7850876,150.7203801369863,153.94407052407058
2026-03-05 21:00:00,974.9,1772744850.6134484,150.33015017064847,153.61066240147912
2026-03-05 21:15:00,975.1733333333333,1772745750.5257072,151.3650684931507,154.74850995931232
2026-03-05 21:30:00,975.3833333333333,1772746415.106134,150.81034285714287,154.24291526847026
2026-03-05 23:00:00,976.745,1772752314.7223876,151.7196611570248,155.57490843172104
2026-03-06 13:30:00,988.7433333333333,1772804635.240799,146.80316666666667,154.00458565969672
2026-03-06 13:45:00,988.8733333333333,1772805150.8730814,147.70673037542662,154.99075161062152
2026-03-06 14:00:00,989.0300000000001,1772806050.743992,146.29933219178082,153.55965167026437
2026-03-06 14:15:00,989.1233333333333,1772806942.324593,146.24795406360425,153.53294792242107
2026-03-06 14:30:00,989.1066666666666,1772807621.4845746,145.81110526315788,153.0694912610853
2026-03-06 14:45:00,989.2199999999999,1772809173.4158409,146.0151111111111,153.31666302691218
2026-03-06 15:00:00,989.31,1772809649.6701946,147.4120410958904,154.80991736232713
2026-03-06 15:15:00,989.4366666666666,1772810549.565302,146.57745733788397,153.97050111013573
2026-03-06 15:30:00,989.6966666666667,1772811451.2813864,147.29479180887373,154.80046889655515
2026-03-06 15:45:00,989.7533333333334,1772812351.1345568,147.55541780821918,155.09107281311356
2026-03-06 16:00:00,989.9333333333334,1772813249.5409355,146.94888698630135,154.50639861638442
2026-03-06 16:15:00,990.0133333333333,1772814149.5625253,147.37245392491468,154.97530385795767
2026-03-06 16:30:00,990.0533333333333,1772815051.0843425,145.77748464163824,153.3097022317574
2026-03-06 16:45:00,990.1933333333333,1772815951.5054877,148.53848630136986,156.25492113930866
2026-03-06 17:00:00,990.4466666666667,1772816851.0912302,146.1322662116041,153.79771032745987
2026-03-06 17:15:00,990.5099999999999,1772817751.1185791,146.45577397260274,154.15673693446612
2026-03-06 17:30:00,990.5366666666667,1772818651.1184092,147.46753242320818,155.22956060893245
2026-03-06 17:45:00,990.6766666666667,1772819551.1258075,146.17718835616438,153.9122338385995
2026-03-06 18:00:00,990.6999999999999,1772820451.0451305,146.10223549488055,153.84013490066656
2026-03-06 18:15:00,990.9,1772821351.2654364,148.22229452054796,156.13179577965164
2026-03-06 18:30:00,990.82,1772822251.0634155,147.18264163822528,155.01310071496565
2026-03-06 18:45:00,990.9133333333334,1772823151.0324347,146.46050684931507,154.27990321846318
2026-03-06 19:00:00,991.0300000000001,1772824051.1294503,146.3653890784983,154.21388748428652
2026-03-06 19:15:00,991.1366666666667,1772824951.0258794,146.2958390410959,154.17185031934483
2026-03-06 19:30:00,991.4399999999999,1772825851.025196,147.41768600682593,155.4436548053624
2026-03-06 19:45:00,991.5100000000001,1772826751.0071948,148.18525,156.27379087796646
2026-03-06 20:00:00,991.66,1772827650.987273,145.90353583617747,153.91139016752828
2026-03-06 20:15:00,991.77,1772828551.1634145,146.0876404109589,154.13781068085126
2026-03-06 20:30:00,991.8466666666667,1772829450.958817,147.01712627986348,155.14111318051116
2026-03-06 20:45:00,991.9566666666666,1772830351.1287415,146.31692465753426,154.43449270771333
2026-03-06 21:00:00,992.1333333333333,1772831250.9671483,146.27543686006825,154.44253570560306
2026-03-06 21:15:00,992.15,1772832150.9451308,146.61740239726026,154.80849663541915
2026-03-06 21:30:00,992.29,1772833049.5543294,146.43104794520548,154.65286328481153
2026-03-06 21:45:00,992.4533333333334,1772833949.4425015,146.2397337883959,154.4987458863144
2026-03-06 22:00:00,992.4466666666667,1772834850.9529188,145.77205802047783,154.00270702231526
2026-03-06 22:15:00,992.4499999999999,1772835750.9502954,145.85185616438355,154.0879866532248
2026-03-06 22:30:00,992.4766666666668,1772836650.9452612,145.7383515358362,153.97587376130662
2026-03-06 22:45:00,992.5033333333334,1772837551.0493512,146.50967465753425,154.798637065339
2026-03-06 23:00:00,992.6433333333334,1772838450.9097717,146.34780887372014,154.66874994472994
2026-03-06 23:15:00,992.7566666666667,1772839350.909252,145.97003424657535,154.3027190144958
2026-03-06 23:30:00,992.84,1772840250.8787217,146.40400341296927,154.78596710526568
2026-03-06 23:45:00,992.7599999999999,1772841150.852022,145.87024657534246,154.1982115596374
2026-03-07 00:00:00,992.8166666666666,1772842050.8565612,145.494180887372,153.81723577941065
2026-03-07 00:15:00,992.9033333333333,1772842950.9087355,145.82628767123288,154.19372934648237
2026-03-07 00:30:00,992.9366666666666,1772843850.8829494,146.90156313993174,155.3405415229319
2026-03-07 00:45:00,993.09,1772844750.9133515,147.03238356164383,155.52417989630177
2026-03-07 01:00:00,993.0500000000001,1772845650.897371,145.27509215017065,153.65371869786327
2026-03-07 01:15:00,992.9533333333334,1772846550.9424312,146.6120719178082,155.0393295488129
2026-03-07 01:30:00,992.7633333333333,1772847450.9126348,146.64378839590444,155.0168978868166
2026-03-07 01:45:00,992.7066666666666,1772848351.0756013,146.1561609589041,154.48479399896948
2026-03-07 02:00:00,992.61,1772849250.9199934,145.75411262798636,154.03154209434027
2026-03-07 02:15:00,992.4133333333333,1772850150.9203765,146.4756780821918,154.73625493050048
2026-03-07 02:30:00,992.1700000000001,1772851050.9166481,146.0678709897611,154.23412526790105
2026-03-07 02:45:00,992.2733333333334,1772851950.9425433,145.90013356164383,154.08725959567667
2026-03-07 03:00:00,992.1266666666667,1772852850.9160876,146.74376791808874,154.93505289627527
2026-03-07 03:15:00,991.8733333333333,1772853751.026693,146.45670547945207,154.55755492863997
2026-03-07 03:30:00,991.8133333333334,1772854650.9402153,145.56559385665528,153.59964256239414
2026-03-07 03:45:00,991.8633333333333,1772855550.977438,144.96668835616438,152.9822149206921
2026-03-07 04:00:00,991.7133333333333,1772856451.0685942,147.97815699658702,156.11569496189728
2026-03-07 04:15:00,991.52,1772857351.08134,145.9746095890411,153.94540984770637
2026-03-07 04:30:00,991.2533333333334,1772858250.9824364,147.23887372013652,155.20005326279133
2026-03-07 04:45:00,991.2066666666666,1772859150.977906,144.90233561643836,152.72363686596464
2026-03-07 05:00:00,991.1700000000001,1772860051.0019283,145.91515699658703,153.78041291990198
2026-03-07 05:15:00,991.0099999999999,1772860951.1858404,146.0703082191781,153.89713540834038
2026-03-07 05:30:00,990.7833333333333,1772861851.0434446,145.36892491467577,153.0922242441416
2026-03-07 05:45:00,990.7166666666667,1772862751.0990329,145.20403767123287,152.89920825377897
2026-03-07 06:00:00,990.5666666666666,1772863651.0382664,146.3078225255973,154.01758754635617
2026-03-07 06:15:00,990.6333333333333,1772864551.0396059,144.39332534246577,152.0214597938222
2026-03-07 06:30:00,990.71,1772865451.2449892,146.2008156996587,153.9468610949615
2026-03-07 06:45:00,990.6033333333334,1772866351.0217736,144.38197260273972,152.00084300684213
2026-03-07 07:00:00,990.5033333333334,1772867251.0042503,145.84025938566555,153.50691281932836
2026-03-07 07:15:00,990.4900000000001,1772868151.0410192,147.08141780821916,154.80939561418026
2026-03-07 07:30:00,990.27,1772869050.9940963,145.5190204778157,153.10089697556853
2026-03-07 07:45:00,989.9833333333332,1772869951.0098476,144.76860273972602,152.22844439938328
2026-03-07 08:00:00,989.9366666666666,1772870851.1494935,145.60178839590444,153.09098895696147
2026-03-07 08:15:00,989.5933333333332,1772871751.0394902,145.2505821917808,152.62212506549764
2026-03-07 08:30:00,989.4533333333334,1772872651.0749586,145.6727337883959,153.02499101421557
2026-03-07 08:45:00,989.1433333333333,1772873551.069756,146.22082191780822,153.51029753381195
2026-03-07 09:00:00,989.1366666666667,1772874451.0699208,144.7057542662116,151.91777564643255
2026-03-07 09:15:00,988.9733333333334,1772875351.2071455,145.12847260273975,152.3142863981298
2026-03-07 09:30:00,988.84,1772876251.0680864,146.63032081911263,153.85151567150746
2026-03-07 09:45:00,988.75,1772877151.0791602,146.77739383561644,153.97949893887
2026-03-07 10:00:00,988.7733333333334,1772878049.7327957,145.29585273972603,152.43201893177493
2026-03-07 10:15:00,988.63,1772878949.5714302,146.19813651877132,153.33685370946048
2026-03-07 10:30:00,988.5066666666667,1772879851.104565,146.04986006825936,153.14544577175386
2026-03-07 10:45:00,988.4333333333334,1772880751.257004,144.34361301369862,151.3352160775438
2026-03-07 11:00:00,988.3000000000001,1772881651.1189258,146.47204436860068,153.52784407872485
2026-03-07 11:15:00,988.14,1772882551.1255662,148.20539383561643,155.29747423661811
2026-03-07 11:30:00,988.0066666666667,1772883449.7090015,145.9993082191781,152.94706919153356
2026-03-07 11:45:00,987.9699999999999,1772884349.5974426,147.11942320819114,154.10975111087942
2026-03-07 12:00:00,987.8266666666667,1772885251.1177812,146.88572354948806,153.82305044592007
2026-03-07 12:15:00,987.5533333333333,1772886151.1072745,146.3238537671233,153.15508468431076
2026-03-07 12:30:00,987.2033333333334,1772887051.0985084,146.69939590443687,153.44608368556615
2026-03-07 12:45:00,987.0766666666667,1772887951.1256304,146.6905102739726,153.39986672856963
2026-03-07 13:00:00,987.0066666666667,1772888849.807764,147.14336301369863,153.85296832124897
2026-03-07 13:15:00,986.8000000000001,1772889749.6693535,146.79909556313993,153.4327428299804
2026-03-07 13:30:00,986.7533333333334,1772890651.2063565,146.77845733788396,153.39757013776017
2026-03-07 13:45:00,986.62,1772891551.2130947,147.0143595890411,153.60519237831593
2026-03-07 14:00:00,986.4333333333334,1772892451.4467473,146.80804436860066,153.3352352534612
2026-03-07 14:15:00,986.4766666666666,1772893351.2841043,146.1931780821918,152.70560381503776
2026-03-07 14:30:00,986.4666666666667,1772894251.2890399,147.3457337883959,153.9065778382119
2026-03-07 14:45:00,986.4233333333333,1772895151.3717906,147.2010582191781,153.7428016405663
2026-03-07 15:00:00,986.4333333333334,1772896049.7982516,147.30284246575343,153.85203242868542
2026-03-07 15:15:00,986.3533333333334,1772896949.805229,146.79315017064846,153.29637602866603
2026-03-07 15:30:00,986.34,1772897849.8133838,147.1963082191781,153.71350064862943
2026-03-07 15:45:00,986.1700000000001,1772898749.9462552,145.732590443686,152.13582820459362
2026-03-07 16:00:00,986.2533333333334,1772899649.8342988,146.04084246575343,152.48176532188654
2026-03-07 16:15:00,986.1899999999999,1772900549.8654182,146.9942081911263,153.45871057220137
2026-03-07 16:30:00,986.0666666666666,1772901449.8872101,147.2332602739726,153.67226092035628
2026-03-07 16:45:00,986.15,1772902350.0735137,147.04635836177474,153.50148764351027
2026-03-07 17:00:00,986.3233333333334,1772903249.910936,147.99112671232876,154.53861633997587
2026-03-07 17:15:00,986.1899999999999,1772904149.9202015,148.20538225255973,154.7231495731204
2026-03-07 17:30:00,986.2000000000002,1772905050.1610658,148.18109589041094,154.7007344328396
2026-03-07 17:45:00,986.3000000000001,1772905949.999688,147.82625597269626,154.3596078876857
2026-03-07 18:00:00,986.19,1772906849.981258,149.05583561643837,155.61100412350459
2026-03-07 18:15:00,986.2766666666666,1772907750.0043209,147.83434812286688,154.36121418090977
2026-03-07 18:30:00,986.2800000000001,1772908650.2497535,148.00568835616437,154.5410978190371
2026-03-07 18:45:00,986.1333333333333,1772909550.0123892,148.39772354948806,154.90727039662124
2026-03-07 19:00:00,986.1033333333334,1772910450.0846152,146.35162671232877,152.76271268617336
2026-03-07 19:15:00,986.04,1772911349.9803233,147.0982832764505,153.52360220312426
2026-03-07 19:30:00,986.0066666666667,1772912249.936696,148.3351301369863,154.8046704824729
2026-03-07 19:45:00,986.2233333333334,1772913149.9252617,147.35660409556314,153.84678722308078
2026-03-07 20:00:00,986.27,1772914049.9173381,147.41305479452055,153.91937115256943
2026-03-07 20:15:00,986.2666666666668,1772914949.984795,147.74913993174061,154.2693129151189
2026-03-07 20:30:00,986.21,1772915849.890732,148.8626609589041,155.4152397094868
2026-03-07 20:45:00,986.3966666666666,1772916749.8995864,146.85965870307166,153.37845866007112
2026-03-07 21:00:00,986.4233333333333,1772917649.8888226,148.59088698630137,155.19439561035983
2026-03-07 21:15:00,986.5166666666668,1772918550.1346328,148.277,154.8940246509675
2026-03-07 21:30:00,986.3933333333333,1772919449.898426,146.735,153.24729604278556
2026-03-07 21:45:00,986.3633333333333,1772920349.9145582,146.95083959044368,153.46396718821492
2026-03-07 22:00:00,986.5533333333333,1772921250.0163567,147.54279794520548,154.13779591217718
2026-03-07 22:15:00,986.5333333333333,1772922149.9251943,148.03050170648464,154.6414230001159
2026-03-07 22:30:00,986.5966666666667,1772923049.93009,148.27861643835615,154.91925916252407
2026-03-07 22:45:00,986.6199999999999,1772923950.144731,148.1088122866894,154.74871072333454
2026-03-07 23:00:00,986.7233333333334,1772924849.9141147,146.46733561643836,153.0636932100377
2026-03-07 23:15:00,986.8266666666667,1772925749.9386659,146.71682935153584,153.35452888847928
2026-03-07 23:30:00,986.7966666666666,1772926649.9903839,146.33147260273972,152.94301999519928
2026-03-07 23:45:00,986.7133333333333,1772927549.9866562,147.0225358361775,153.6409784277708
2026-03-08 00:00:00,986.6933333333333,1772928449.9888964,148.1674075342466,154.831504553975
2026-03-08 00:15:00,986.7133333333333,1772929350.1284447,146.48283617747438,153.07698336981127
2026-03-08 00:30:00,986.8433333333334,1772930250.000552,146.91861643835617,153.57030812244113
2026-03-08 00:45:00,986.8933333333333,1772931150.031529,147.36207508532425,154.0484781230297
2026-03-08 01:00:00,986.8733333333333,1772932050.1642933,146.46768150684932,153.10768415058607
2026-03-08 01:15:00,986.8233333333333,1772932950.0260475,146.5832866894198,153.21397418857768
2026-03-08 01:30:00,987.0566666666667,1772933850.0173874,146.1206815068493,152.79816859197405
2026-03-08 01:45:00,986.9766666666668,1772934750.0160573,147.07368600682594,153.77134888869784
2026-03-08 02:00:00,986.9633333333333,1772935650.0413601,147.01125684931506,153.7021829002915
2026-03-08 02:15:00,986.93,1772936550.030667,147.66368259385666,154.37452514693416
2026-03-08 02:30:00,986.9666666666667,1772937450.2225657,146.94457191780822,153.6334359449439
2026-03-08 02:45:00,986.9233333333333,1772938350.0789359,145.96345051194538,152.59509006616608
2026-03-08 03:00:00,987.0500000000001,1772939250.0836854,145.58169178082193,152.2326195846418
2026-03-08 03:15:00,987.16,1772940150.0867815,145.88941638225256,152.58628984637727
2026-03-08 03:30:00,987.29,1772941050.0997136,146.2600993150685,153.01177776332017
2026-03-08 03:45:00,987.4399999999999,1772941950.0817654,147.29098976109216,154.13417829490757
2026-03-08 04:00:00,987.3566666666667,1772942850.0773497,146.7453732876712,153.53890004755493
2026-03-08 04:15:00,987.3933333333333,1772943750.1489415,146.97433105802048,153.78917094512224
2026-03-08 04:30:00,987.4733333333334,1772944650.1321044,145.56820547945205,152.34100083853133
2026-03-08 04:45:00,987.5633333333334,1772945550.138523,144.97607508532423,151.7472671877282
2026-03-08 05:00:00,987.4833333333332,1772946450.320924,147.50677739726027,154.37270099249181
2026-03-08 05:15:00,987.56,1772947350.1412494,148.0946996587031,155.01056720314523
2026-03-08 05:30:00,987.5933333333332,1772948250.1291666,145.18509246575343,151.9747091583033
2026-03-08 05:45:00,987.6666666666666,1772949150.1861184,145.75821160409558,152.59589056756525
2026-03-08 06:00:00,987.7199999999999,1772950050.188208,147.3854417808219,154.3150923825738
2026-03-08 06:15:00,987.77,1772950950.186676,145.04392832764506,151.87791524273004
2026-03-08 06:30:00,987.8433333333334,1772951850.192395,145.94879452054795,152.84671087560974
2026-03-08 06:45:00,987.8666666666667,1772952750.371703,145.61550511945393,152.50443023791328
2026-03-08 07:00:00,987.94,1772953650.2122297,145.87777739726027,152.8003990628364
2026-03-08 07:15:00,987.9033333333333,1772954550.2289615,145.17678839590442,152.05555109571884
2026-03-08 07:30:00,987.9933333333333,1772955450.236386,146.93837328767123,153.92692260905642
2026-03-08 07:45:00,987.9966666666668,1772956350.4218705,145.6461672354949,152.57422412779428
2026-03-08 08:00:00,988.18,1772957250.2625432,145.58269520547944,152.56086565805722
2026-03-08 08:15:00,988.12,1772958150.2764251,144.95349829351537,151.88419385938462
2026-03-08 08:30:00,988.2233333333334,1772959050.4287488,145.7482910958904,152.74697465511264
2026-03-08 08:45:00,988.2599999999999,1772959950.3149185,145.92176791808873,152.93943606609406
2026-03-08 09:00:00,988.3466666666667,1772960850.2995446,145.8359178082192,152.87462853663837
2026-03-08 09:15:00,988.4066666666666,1772961750.3099775,147.47844368600684,154.61405524955214
2026-03-08 09:30:00,988.46,1772962650.300482,147.58036986301371,154.73659221301162
2026-03-08 09:45:00,988.4666666666667,1772963550.3747919,146.04813651877132,153.13200001226852
2026-03-08 10:00:00,988.5300000000001,1772964450.3148692,145.42302054794519,152.49491277031797
2026-03-08 10:15:00,988.4833333333332,1772965350.343825,145.84370648464164,152.92249685025826
2026-03-08 10:30:00,988.5099999999999,1772966250.3684373,145.89560273972603,152.9846630113255
2026-03-08 10:45:00,988.5166666666668,1772967150.4183269,146.65472013651876,153.78261378643668
2026-03-08 11:00:00,988.5633333333334,1772968050.376266,146.0242191780822,153.1350458146325
2026-03-08 11:15:00,988.57,1772968950.3837936,146.01049829351535,153.1225963155364
2026-03-08 11:30:00,988.4233333333333,1772969850.3907034,146.9073287671233,154.02018467873526
2026-03-08 11:45:00,988.37,1772970750.42838,145.9429829351536,152.99364368584486
2026-03-08 12:00:00,988.2266666666666,1772971650.619902,146.90751712328768,153.9628406231434
2026-03-08 12:15:00,988.1533333333333,1772972550.4446633,145.11088054607507,152.05873114779928
2026-03-08 12:30:00,988.13,1772973450.4595735,146.0358493150685,153.0212029590827
2026-03-08 12:45:00,988.0666666666666,1772974350.6251163,145.23974061433447,152.16870180825703
2026-03-08 13:00:00,988.0499999999998,1772975250.4856737,145.10955787671233,152.02749415459687
2026-03-08 13:15:00,988.0366666666665,1772976150.4778523,145.8008941979522,152.74791950067478
2026-03-08 13:30:00,987.9900000000001,1772977050.4452267,146.76100684931507,153.74014673873242
2026-03-08 13:45:00,988.0799999999999,1772977950.5319462,145.72470307167237,152.6806682604955
2026-03-08 14:00:00,988.0833333333334,1772978850.4345467,145.02378082191782,151.94725079556517
2026-03-08 14:15:00,987.9699999999999,1772979750.4405231,146.43205460750852,153.38972243171088
2026-03-08 14:30:00,987.84,1772980650.4282625,146.8897089041096,153.83112103221555
2026-03-08 14:45:00,987.8299999999999,1772981550.6052845,146.29816723549487,153.2087145093179
2026-03-08 15:00:00,987.5566666666667,1772982450.420762,146.96967123287672,153.83202685419536
2026-03-08 15:15:00,987.5,1772983350.4441013,146.6705699658703,153.50243186878407
2026-03-08 15:30:00,987.38,1772984250.4434311,147.05019520547944,153.8646547733957
2026-03-08 15:45:00,987.2966666666666,1772985150.5093622,147.38250511945392,154.1879492509493
2026-03-08 16:00:00,987.3833333333333,1772986050.4711924,146.88068150684933,153.68825898888812
2026-03-08 16:15:00,987.1833333333334,1772986950.4802835,146.87603754266212,153.62501119039408
2026-03-08 16:30:00,987.0533333333333,1772987850.5055025,147.4889794520548,154.22801883714095
2026-03-08 16:45:00,986.8333333333334,1772988750.6584177,147.8147201365188,154.50404701387126
2026-03-08 17:00:00,986.7366666666667,1772989650.4950323,146.86530821917808,153.48347725429153
2026-03-08 17:15:00,986.64,1772990550.5116317,147.3495119453925,153.9612204382029
2026-03-08 17:30:00,986.4433333333333,1772991450.5221004,147.79374315068495,154.36769186822963
2026-03-08 17:45:00,986.4699999999999,1772992350.7044592,146.174385665529,152.68404024786753
2026-03-08 18:00:00,986.43,1772993250.51218,147.08380479452055,153.6222832413748
2026-03-08 18:15:00,986.1966666666667,1772994150.5166252,147.23384300341297,153.7108310212714
2026-03-08 18:30:00,986.1433333333334,1772995050.5249684,146.60475,153.03855479222378
2026-03-08 18:45:00,985.9766666666668,1772995950.4991252,146.2179590443686,152.58646267166768
2026-03-08 19:00:00,985.7133333333335,1772996850.4848375,147.0583698630137,153.38671378307546
2026-03-08 19:15:00,985.79,1772997750.4720905,146.73017064846417,153.0666863040358
2026-03-08 19:30:00,985.7933333333334,1772998650.4482634,146.42168150684932,152.74584250238186
2026-03-08 19:45:00,985.5466666666666,1772999550.4140885,146.90798634812288,153.1813437270594
2026-03-08 20:00:00,985.3133333333334,1773000450.395897,146.78009931506847,152.98015934145923
2026-03-08 20:15:00,985.0833333333334,1773001350.463719,148.27004778156999,154.4655277410195
2026-03-08 20:30:00,985.0866666666667,1773002250.4087093,147.63136643835617,153.80113309966146
2026-03-08 20:45:00,984.8766666666667,1773003150.4150414,147.07025938566554,153.15545520649528
2026-03-08 21:00:00,984.7633333333333,1773004050.4170518,147.34256849315068,153.4059944256726
2026-03-08 21:15:00,984.6999999999999,1773004950.5269024,145.9571638225256,151.94529254360307
2026-03-08 21:30:00,984.5166666666668,1773005850.4142363,147.823051369863,153.834136254146
2026-03-08 21:45:00,984.34,1773006750.404955,146.66368259385666,152.57639943302823
2026-03-08 22:00:00,984.19,1773007650.417332,148.32798630136986,154.26382775292737
2026-03-08 22:15:00,983.9633333333333,1773008550.6232045,145.52016723549488,151.27847976778233
2026-03-08 22:30:00,983.8566666666667,1773009450.4463236,146.81705479452054,152.59575666875548
2026-03-08 22:45:00,983.7333333333332,1773010350.5593307,147.29317064846416,153.054742355709
2026-03-08 23:00:00,983.5633333333334,1773011250.451408,148.7757089041096,154.5453458922263
2026-03-08 23:15:00,983.46,1773012150.4748025,148.06972013651878,153.78178288040237
2026-03-08 23:30:00,983.3866666666667,1773013050.4653401,146.48483904109588,152.1145659653847
2026-03-08 23:45:00,983.2033333333334,1773013950.4846745,148.25092491467578,153.8949102469013
2026-03-09 00:00:00,982.91,1773014850.5157852,148.52457191780823,154.09306998447533
2026-03-09 00:15:00,982.8166666666666,1773015750.5310779,146.4690409556314,151.9335275824438
2026-03-09 00:30:00,982.6533333333333,1773016650.5305133,147.35361643835617,152.80367749257388
2026-03-09 00:45:00,982.6033333333334,1773017550.6634803,148.08004436860068,153.54238606485077
2026-03-09 01:00:00,982.4633333333333,1773018450.5053275,147.86223972602738,153.27577031809776
2026-03-09 01:15:00,982.2466666666666,1773019350.49752,148.67225938566554,154.05201527307707
2026-03-09 01:30:00,982.4366666666666,1773020250.5706992,146.5833116438356,151.9423195300279
2026-03-09 01:45:00,982.2666666666668,1773021150.5112185,148.68308532423208,154.06908746597207
2026-03-09 02:00:00,982.0799999999999,1773022050.5331862,147.71786643835617,153.0146249907916
2026-03-09 02:15:00,982.0366666666667,1773022950.5624971,147.21222866894198,152.47830187065298
2026-03-09 02:30:00,981.8433333333334,1773023850.8014932,147.5536712328767,152.7758285489307
2026-03-09 02:45:00,981.79,1773024750.582333,148.22166211604096,153.45191010233273
2026-03-09 03:00:00,981.8733333333333,1773025650.5893745,148.6394897260274,153.9088484266942
2026-03-09 03:15:00,981.7733333333334,1773026550.6529384,148.18059726962457,153.4045383271828
2026-03-09 03:30:00,981.5466666666666,1773027450.6308534,148.1240479452055,153.27996862973765
2026-03-09 03:45:00,981.4066666666668,1773028350.6422582,148.69281911262797,153.82761406829744
2026-03-09 04:00:00,981.1633333333333,1773029250.8964415,148.64867465753426,153.71086309069673
2026-03-09 04:15:00,981.12,1773030150.6684628,146.96179863481228,151.95402958689402
2026-03-09 04:30:00,981.0966666666667,1773031050.6684446,148.92601712328766,153.97814524172307
2026-03-09 04:45:00,981.1666666666666,1773031950.691143,148.7159180887372,153.7813704234627
2026-03-09 05:00:00,981.1166666666667,1773032850.6867065,148.98740068493152,154.04746485605753
2026-03-09 05:15:00,981.1466666666666,1773033750.8327143,148.12414675767917,153.16362228389062
2026-03-09 05:30:00,981.06,1773034650.7096822,148.2529691780822,153.27158669765413
2026-03-09 05:45:00,980.9833333333332,1773035550.7374299,146.25096587030717,151.1797886810894
2026-03-09 06:00:00,980.9433333333333,1773036450.9401455,146.79023356164384,151.7256987116899
2026-03-09 06:15:00,980.8166666666666,1773037350.7774742,147.19481228668943,152.10726885913323
2026-03-09 06:30:00,980.6666666666666,1773038250.7560108,147.40203767123288,152.27800473482225
2026-03-09 06:45:00,980.5633333333334,1773039150.7559521,147.94123890784985,152.80503874268433
2026-03-09 07:00:00,980.7166666666667,1773040050.8809857,148.75289383561645,153.6881460552357
2026-03-09 07:15:00,980.63,1773040950.7710211,148.15660750853243,153.04687263275528
2026-03-09 07:30:00,980.8266666666667,1773041850.7712245,148.02476027397262,152.96782176133974
2026-03-09 07:45:00,980.7366666666667,1773042749.4167657,148.61609589041097,153.5526443829896
2026-03-09 08:00:00,980.6466666666666,1773043649.2481503,147.41245733788395,152.2829822142447
2026-03-09 08:15:00,980.5366666666667,1773044550.767314,148.39732081911262,153.26834926769297
2026-03-09 08:30:00,980.4200000000001,1773045450.773723,149.21746575342465,154.08125636735085
2026-03-09 08:45:00,980.37,1773046350.7786708,149.44631399317404,154.30290451580103
2026-03-09 09:00:00,980.3566666666666,1773047250.8772433,147.9694315068493,152.77415711903862
2026-03-09 09:15:00,980.3533333333334,1773048150.81454,149.3043310580205,154.15142599011418
2026-03-09 09:30:00,980.3933333333333,1773049050.7883303,148.98465753424657,153.83306528434616
2026-03-09 09:45:00,980.5,1773049950.7987573,148.71293515358363,153.58362336926254
2026-03-09 10:00:00,980.4533333333334,1773050851.0043254,148.28334589041097,153.12638626855428
2026-03-09 10:15:00,980.5133333333333,1773051750.8427913,148.36671672354947,153.22994727120852
2026-03-09 10:30:00,980.4666666666667,1773052650.9645147,148.23418493150683,153.079497642309
2026-03-09 10:45:00,980.36,1773053550.9127436,147.91219795221843,152.7160323281847
2026-03-09 11:00:00,980.15,1773054450.9055593,147.14298630136986,151.8612338007855
2026-03-09 11:15:00,980.0166666666668,1773055350.9137764,148.70508873720138,153.43455118373095
2026-03-09 11:30:00,979.9233333333333,1773056250.9215298,149.2534383561644,153.9730337104208
2026-03-09 11:45:00,979.88,1773057150.913156,147.97456655290102,152.64115428064045
2026-03-09 12:00:00,979.7633333333333,1773058051.1192718,148.94944178082193,153.61271898725485
2026-03-09 12:15:00,979.8266666666667,1773058950.930518,148.8213310580205,153.4990673445354
2026-03-09 12:30:00,979.93,1773059850.9151485,147.2954897260274,151.9550968518847
2026-03-09 12:45:00,980.0266666666666,1773060751.042914,148.38796928327645,153.1102550322232
2026-03-09 13:00:00,979.9433333333333,1773061650.9508238,148.97918150684933,153.69594482396025
2026-03-09 13:15:00,979.7833333333333,1773062550.9525735,148.28019453924915,152.92833026258614
2026-03-09 13:30:00,979.6999999999999,1773063451.0257273,149.7837123287671,154.4545215530168
2026-03-09 13:45:00,979.7333333333332,1773064350.9537308,148.893976109215,153.54676439327454
2026-03-09 14:00:00,979.7533333333334,1773065250.9367611,149.90467808219177,154.5949242905942
2026-03-09 14:15:00,979.6733333333333,1773066150.9374413,148.92759726962458,153.56392889563122
2026-03-09 14:30:00,979.7733333333334,1773067050.9627788,149.34324315068494,154.02177579196126
2026-03-09 14:45:00,979.9666666666667,1773067950.9267867,149.29468259385663,154.0282632849241
2026-03-09 15:00:00,979.9666666666667,1773068851.1002042,148.86204109589042,153.5819043296088
2026-03-09 15:15:00,979.8466666666667,1773069750.9529648,150.21772696245733,154.94524242421326
2026-03-09 15:30:00,979.8000000000001,1773070650.9122448,147.90307191780823,152.54421647769323
2026-03-09 15:45:00,979.8366666666667,1773071551.0050206,149.96012969283277,154.67659940466993
2026-03-09 16:00:00,979.8866666666667,1773072450.9060771,148.90585616438358,153.603759065527
2026-03-09 16:15:00,980.0233333333334,1773073350.929242,147.93996928327644,152.6470311518359
2026-03-09 16:30:00,980.0500000000001,1773074250.9326649,148.80543150684932,153.54780967240288
2026-03-09 16:45:00,980.13,1773075150.9174526,148.92843686006825,153.69809549920922
2026-03-09 17:00:00,980.1733333333333,1773076050.9299827,147.73046232876712,152.47430722122328
2026-03-09 17:15:00,980.2533333333334,1773076950.9434154,148.94872013651877,153.75505409145757
2026-03-09 17:30:00,980.39,1773077850.9441586,147.97380479452056,152.78834870103407
2026-03-09 17:45:00,980.54,1773078749.5974934,149.69262671232877,154.6071517607444
2026-03-09 18:00:00,980.5766666666667,1773079649.4633324,148.32148122866894,153.2016631847197
2026-03-09 18:15:00,980.7066666666666,1773080550.9917343,149.34611262798634,154.2981146843598
2026-03-09 18:30:00,980.9200000000001,1773081451.002719,150.37662328767124,155.4257813876404
2026-03-09 18:45:00,981.0433333333334,1773082351.2613535,148.120638225256,153.1299269237649
2026-03-09 19:00:00,981.3333333333334,1773083250.9914935,148.19009246575342,153.28616744935823
2026-03-09 19:15:00,981.2766666666666,1773084149.5521765,148.6758904109589,153.77211436601036
2026-03-09 19:30:00,981.4533333333334,1773085049.4792776,148.77439590443686,153.92565541341878
2026-03-09 19:45:00,981.3566666666666,1773085951.010382,146.47742320819114,151.521318899108
2026-03-09 20:00:00,981.3966666666666,1773086851.0248566,149.02505821917808,154.1683971288868
2026-03-09 20:15:00,981.21,1773087751.028652,147.89712969283275,152.94728520024302
2026-03-09 20:30:00,981.4566666666666,1773088651.0083861,149.30772602739725,154.47843025878169
2026-03-09 20:45:00,981.6033333333334,1773089551.0124965,148.80819795221845,154.00451287710322
2026-03-09 21:00:00,981.69,1773090451.2557008,148.80899315068493,154.03069747689298
2026-03-09 21:15:00,981.6133333333333,1773091351.0494006,148.3876928327645,153.5722417540638
2026-03-09 21:30:00,981.5533333333333,1773092251.0348923,148.31404452054795,153.4785226789944
2026-03-09 21:45:00,981.7333333333332,1773093151.0482714,148.10911604095563,153.3188844298128
2026-03-09 22:00:00,981.9833333333332,1773094051.0685246,147.20167123287672,152.45191753044938
2026-03-09 22:15:00,981.9266666666667,1773094951.2519448,147.99131740614334,153.2532268843989
2026-03-09 22:30:00,981.86,1773095851.1000993,148.54519178082194,153.80731106176657
2026-03-09 22:45:00,982.1633333333333,1773096751.1106791,149.4795358361775,154.86398122279218
2026-03-09 23:00:00,982.3666666666667,1773097651.2153225,146.90264726027397,152.25307888055224
2026-03-09 23:15:00,982.5066666666667,1773098551.169046,147.99417064846418,153.42516297900633
2026-03-09 23:30:00,982.4766666666666,1773099451.1478925,147.6665684931507,153.0768130691416
2026-03-09 23:45:00,982.4233333333333,1773100351.1801162,147.7192218430034,153.1158790169975
2026-03-10 00:00:00,982.4333333333334,1773101251.4162652,148.2421198630137,153.66079970700795
2026-03-10 00:15:00,982.5666666666666,1773102151.2233784,147.00677815699657,152.41891057544314
2026-03-10 00:30:00,982.6700000000001,1773103051.283127,148.2949726027397,153.78472068522936
2026-03-10 00:45:00,982.7866666666667,1773103951.219826,148.06200682593857,153.5771698889407
2026-03-10 01:00:00,982.7833333333333,1773104851.237422,147.44414383561644,152.9353235209224
2026-03-10 01:15:00,982.96,1773105751.463459,147.60204778156998,153.1505070883969
2026-03-10 01:30:00,982.94,1773106651.2971966,147.78481506849315,153.33431790460375
2026-03-10 01:45:00,983.02,1773107549.9187098,148.22824657534247,153.81777933936817
2026-03-10 02:00:00,982.9200000000001,1773108449.871485,150.77700682593857,156.4329256042274
2026-03-10 02:15:00,982.8966666666666,1773109349.886805,149.09487671232876,154.68083807237684
2026-03-10 02:30:00,982.9766666666666,1773110249.8982782,148.77107167235494,154.36836362014301
2026-03-10 02:45:00,982.82,1773111149.8910782,147.7279315068493,153.24035551038793
2026-03-10 03:00:00,982.8666666666667,1773112049.8949091,150.05511945392493,155.6681837534017
2026-03-10 03:15:00,982.6233333333333,1773112949.8812387,148.4471301369863,153.9288619919657
2026-03-10 03:30:00,982.5666666666666,1773113849.8891673,147.29417406143344,152.71688711235717
2026-03-10 03:45:00,982.59,1773114749.9718008,146.9445787671233,152.36117581114777
2026-03-10 04:00:00,982.5300000000001,1773115649.841558,148.8744027303754,154.34453969275418
2026-03-10 04:15:00,982.48,1773116549.8319185,147.36432534246575,152.76446376370563
2026-03-10 04:30:00,982.25,1773117449.8181276,147.16511945392492,152.4913047494047
2026-03-10 04:45:00,982.07,1773118349.8389518,147.6703595890411,152.9625083605643
2026-03-10 05:00:00,981.9033333333333,1773119249.866341,148.72767918088738,154.00894250994926
2026-03-10 05:15:00,981.8266666666667,1773120151.3683827,146.9005085324232,152.09473298011935
2026-03-10 05:30:00,981.66,1773121051.3822439,148.19521575342463,153.38663935651607
2026-03-10 05:45:00,981.5133333333333,1773121950.0408568,147.2627705479452,152.37906079992035
2026-03-10 06:00:00,981.3433333333332,1773122849.8761566,148.46754266211605,153.57607673440555
2026-03-10 06:15:00,981.35,1773123749.8494642,148.85513356164384,153.97895441345545
2026-03-10 06:30:00,981.1533333333333,1773124649.8473642,149.65629351535836,154.74985584759662
2026-03-10 06:45:00,981.0733333333334,1773125549.858832,147.92519520547944,152.93659135794618
2026-03-10 07:00:00,980.86,1773126449.869859,148.0540204778157,153.00774924906537
2026-03-10 07:15:00,980.6999999999999,1773127350.084857,148.04395205479452,152.95083982383088
2026-03-10 07:30:00,980.3866666666667,1773128249.916667,149.03163822525596,153.87962571372535
2026-03-10 07:45:00,980.3633333333333,1773129149.8966994,148.26607876712328,153.08237586410033
2026-03-10 08:00:00,980.3233333333333,1773130049.893199,147.12669965870307,151.89444058107327
2026-03-10 08:15:00,980.1266666666667,1773130949.8960285,147.98046232876712,152.71879342640614
2026-03-10 08:30:00,979.9399999999999,1773131849.9967606,149.0338020477816,153.75132091999075
2026-03-10 08:45:00,979.8133333333334,1773132749.8747487,146.7971301369863,151.40740625206038
2026-03-10 09:00:00,979.83,1773133649.8591142,148.07054266211605,152.72564750680766
2026-03-10 09:15:00,979.6066666666667,1773134549.8018162,148.13428767123287,152.72657582986062
2026-03-10 09:30:00,979.5300000000001,1773135450.0304723,148.43821501706483,153.0176339881835
2026-03-10 09:45:00,979.3633333333333,1773136349.8528502,148.94184931506848,153.48819345256456
2026-03-10 10:00:00,979.3066666666667,1773137249.8723655,147.98105119453925,152.4816495772249
2026-03-10 10:15:00,979.07,1773138149.9379435,149.32254109589041,153.79476673920755
2026-03-10 10:30:00,978.7766666666666,1773139049.835113,149.7481399317406,154.1471769994148
2026-03-10 10:45:00,978.5099999999999,1773139951.3003297,149.9603515358362,154.2874304770941
2026-03-10 11:00:00,978.1966666666667,1773140851.332539,148.95035273972601,153.157081685133
2026-03-10 11:15:00,977.98,1773141749.854444,150.11376027397262,154.28981769534397
2026-03-10 11:30:00,977.6,1773142649.9210196,149.94896928327645,154.009207538403
2026-03-10 11:45:00,977.3633333333333,1773143549.8674471,150.01804794520547,154.01088754024113
2026-03-10 12:00:00,977.0033333333332,1773144449.873706,149.75931058020478,153.64013788860643
2026-03-10 12:15:00,976.7633333333333,1773145349.9921107,150.30846232876715,154.13321945010316
2026-03-10 12:30:00,976.4499999999999,1773146249.82355,149.41192832764506,153.12268601766885
2026-03-10 12:45:00,976.3066666666667,1773147149.858903,149.2534623287671,152.91863388399614
2026-03-10 13:00:00,975.7599999999999,1773148049.9855895,149.685,153.20156067156273
2026-03-10 13:15:00,975.6133333333333,1773148949.8566103,150.12556849315067,153.6096676137173
2026-03-10 13:30:00,975.5,1773149849.8578386,150.76064846416384,154.2262728236464
2026-03-10 13:45:00,975.0799999999999,1773150749.870253,149.79491438356163,153.11610342550972
2026-03-10 14:00:00,974.9566666666666,1773151649.884457,149.29032423208193,152.5645705625864
2026-03-10 14:15:00,974.4066666666668,1773152550.009075,149.58995547945204,152.71110682657041
2026-03-10 14:30:00,974.1533333333333,1773153449.893136,149.6685119453925,152.7177765003287
2026-03-10 14:45:00,974.0533333333333,1773154349.8725827,150.04611643835617,153.07398728034542
2026-03-10 15:00:00,973.7400000000001,1773155249.871159,150.78443686006824,153.73565550469164
2026-03-10 15:15:00,973.4233333333333,1773156150.1019287,149.99205136986302,152.8357772390188
2026-03-10 15:30:00,973.1966666666667,1773157049.8625455,149.48919453924916,152.2578001754677
2026-03-10 15:45:00,972.93,1773157949.8748233,149.49723630136987,152.18886231340244
2026-03-10 16:00:00,972.7566666666667,1773158849.880022,150.0119419795222,152.66254987408016
2026-03-10 16:15:00,972.3533333333334,1773159749.8739212,152.00999657534248,154.57740550201865
2026-03-10 16:30:00,971.9033333333333,1773160650.024228,149.79865870307165,152.19853332143407
2026-03-10 16:45:00,971.62,1773161549.8800383,151.19637671232874,153.53596792628434
2026-03-10 17:00:00,971.5500000000001,1773162449.900598,151.62870307167236,153.9545067310746
2026-03-10 17:15:00,971.1533333333333,1773163349.9106748,150.58702739726027,152.78166314412516
2026-03-10 17:30:00,970.8233333333334,1773164250.134788,151.04594539249146,153.15121342931192
2026-03-10 17:45:00,970.7533333333334,1773165149.888645,150.21727397260275,152.29073602906854
2026-03-10 18:00:00,970.5466666666666,1773166049.8897102,150.95615358361775,152.97973262244335
2026-03-10 18:15:00,970.2433333333333,1773166950.0497158,151.85964383561645,153.80666477496862
2026-03-10 18:30:00,970.0866666666667,1773167849.9309635,151.73437542662114,153.6340517330888
2026-03-10 18:45:00,969.8533333333334,1773168749.9390595,151.3905102739726,153.21793979574443
2026-03-10 19:00:00,969.2966666666666,1773169649.9423616,152.01503754266213,153.68736971090803
2026-03-10 19:15:00,968.9233333333333,1773170550.1638641,152.26402397260276,153.82993985149653
2026-03-10 19:30:00,968.91,1773171449.9507742,150.7276723549488,152.27393040920185
2026-03-10 19:45:00,968.8466666666667,1773172349.9473257,153.1395993150685,154.69198469153335
2026-03-10 20:00:00,968.6266666666667,1773173249.9397776,152.34877133105803,153.82882614644288
2026-03-10 20:15:00,968.3733333333333,1773174149.929785,150.7750787671233,152.16658481924466
2026-03-10 20:30:00,968.1333333333333,1773175050.053428,152.04429351535836,153.37755705958267
2026-03-10 20:45:00,968.1933333333333,1773175949.9082694,152.50736301369864,153.86222646922883
2026-03-10 21:00:00,967.9766666666666,1773176849.902384,152.06760068259385,153.35541301605122
2026-03-10 21:15:00,967.4033333333333,1773177749.9166455,152.61500342465752,153.73988630507202
2026-03-10 21:30:00,967.1766666666666,1773178649.9386225,152.6585085324232,153.71749681763418
2026-03-10 21:45:00,967.1166666666667,1773179549.9746,152.55342123287673,153.594169796649
2026-03-10 22:00:00,967.0833333333334,1773180449.9443846,153.0313720136519,154.0656234504178
2026-03-10 22:15:00,967.0466666666666,1773181349.9377267,151.0881678082192,152.0986896623739
2026-03-10 22:30:00,966.7533333333334,1773182250.0282705,151.30562457337885,152.2327328178609
2026-03-10 22:45:00,966.2833333333333,1773183149.9643292,150.8522705479452,151.64112491090452
2026-03-10 23:00:00,966.2199999999999,1773184049.9498844,150.33957679180887,151.107565745376
2026-03-10 23:15:00,965.9333333333334,1773184949.9467866,150.47195890410958,151.15827081638778
2026-03-10 23:30:00,965.3666666666667,1773185849.9914687,151.2576894197952,151.78407623566895
2026-03-10 23:45:00,965.3299999999999,1773186749.980717,153.33341780821917,153.8563092673064
2026-03-11 00:00:00,965.2833333333333,1773187650.016622,151.647409556314,152.15106013238128
2026-03-11 00:15:00,965.1533333333333,1773188550.089692,152.70012671232877,153.16943604361276
2026-03-11 00:30:00,965.0066666666667,1773189450.016375,152.07220477815702,152.49708247574682
2026-03-11 00:45:00,964.7966666666666,1773190349.9782887,153.04572602739725,153.41210002505034
2026-03-11 01:00:00,964.6633333333333,1773191249.9656646,151.5480204778157,151.8723299419378
2026-03-11 01:15:00,964.1933333333333,1773192149.9888601,151.64704452054795,151.8359158623757
2026-03-11 01:30:00,964.0,1773193049.9452848,152.54290102389078,152.67679454739456
2026-03-11 01:45:00,963.89,1773193950.143541,153.20921917808218,153.31165207402347
2026-03-11 02:00:00,963.8066666666667,1773194849.9537773,151.8186075085324,151.89605855347054
2026-03-11 02:15:00,963.8299999999999,1773195749.9040418,152.3490410958904,152.43352048053345
2026-03-11 02:30:00,963.7666666666668,1773196649.894776,151.62181911262797,151.68764106614586
2026-03-11 02:45:00,963.8766666666667,1773197549.8943605,152.76417123287672,152.86243401381324
2026-03-11 03:00:00,963.9066666666668,1773198449.9957047,152.00041979522183,152.10686115089862
2026-03-11 03:15:00,964.0300000000001,1773199349.9135847,153.0242397260274,153.16728602788478
2026-03-11 03:30:00,964.1233333333333,1773200249.9201684,152.20672354948806,152.3760245938802
2026-03-11 03:45:00,963.9466666666667,1773201149.9257169,152.0984897260274,152.21656777670933
2026-03-11 04:00:00,964.1999999999999,1773202049.9125936,154.25611604095565,154.45019325116508
2026-03-11 04:15:00,964.6700000000001,1773202950.0504155,153.0688219178082,153.39832889709254
2026-03-11 04:30:00,964.8866666666667,1773203849.935232,151.47148464163823,151.86005593453783
2026-03-11 04:45:00,965.16,1773204749.9195344,152.27656164383563,152.74650396492146
2026-03-11 05:00:00,965.1566666666668,1773205649.9617515,151.7970204778157,152.2645185367898
2026-03-11 05:15:00,965.1933333333333,1773206550.2050767,151.88807191780822,152.36646488714348
2026-03-11 05:30:00,965.1066666666667,1773207450.0083961,152.76846075085325,153.22439360175363
2026-03-11 05:45:00,965.36,1773208350.015925,151.42508904109587,151.95013370489826
2026-03-11 06:00:00,965.5066666666667,1773209250.0328596,151.88199658703073,152.4511026337185
2026-03-11 06:15:00,965.5666666666666,1773210150.036834,152.8587910958904,153.44904941320848
2026-03-11 06:30:00,965.6333333333333,1773211050.1826534,152.6998566552901,153.3089191533381
2026-03-11 06:45:00,965.81,1773211950.0291598,152.5198321917808,153.17958529194317
2026-03-11 07:00:00,966.0833333333334,1773212850.0380192,151.78937883959046,152.52516306331907
2026-03-11 07:15:00,966.32,1773213750.0354164,150.78008219178082,151.57911870303687
2026-03-11 07:30:00,966.3166666666666,1773214650.0679512,152.02594880546076,152.83061967031625
2026-03-11 07:45:00,966.62,1773215550.0729487,152.26285273972601,153.15702159857813
2026-03-11 08:00:00,966.7866666666667,1773216450.0532556,151.51662457337883,152.45468085406648
2026-03-11 08:15:00,966.64,1773217350.029893,151.80433561643835,152.70161436875273
2026-03-11 08:30:00,966.5066666666667,1773218250.0132673,152.1138839590444,152.97423399502603
2026-03-11 08:45:00,966.6366666666667,1773219149.9977164,150.8780890410959,151.76893176740373
2026-03-11 09:00:00,966.65,1773220050.1452792,152.02192832764507,152.92339873487902
2026-03-11 09:15:00,966.68,1773220950.005053,151.84898972602738,152.75814159560213
2026-03-11 09:30:00,966.7233333333334,1773221849.9801645,152.47499658703072,153.40052594818937
2026-03-11 09:45:00,966.89,1773222749.9575136,152.82263356164384,153.79896838937995
2026-03-11 10:00:00,966.9499999999999,1773223649.96723,151.7924675767918,152.77963689008945
2026-03-11 10:15:00,966.9333333333334,1773224550.0068707,152.38587328767125,153.37204490586817
2026-03-11 10:30:00,967.0433333333334,1773225449.964303,153.12629010238908,154.14946723147398
2026-03-11 10:45:00,967.0433333333334,1773226349.9577208,150.9148698630137,151.92327046606763
2026-03-11 11:00:00,967.1633333333333,1773227250.1153262,150.56721843003413,151.60785870663346
2026-03-11 11:15:00,967.1866666666666,1773228149.957785,152.35174657534247,153.41152165169075
2026-03-11 11:30:00,967.0833333333334,1773229049.967044,152.55367235494882,153.5846952931928
2026-03-11 11:45:00,967.0266666666666,1773229949.9768093,152.02643150684932,153.03741321083243
2026-03-11 12:00:00,966.61,1773230850.069879,151.55801365187713,152.44514683354834
2026-03-11 12:15:00,966.31,1773231749.9387286,151.1277191780822,151.92571132365433
2026-03-11 12:30:00,966.25,1773232649.9696844,151.72087030716722,152.50460792269797
2026-03-11 12:45:00,966.0799999999999,1773233549.9204605,152.05229452054795,152.7883855395824
2026-03-11 13:00:00,965.8266666666667,1773234449.9186425,153.03040614334472,153.69723482880357
2026-03-11 13:15:00,966.0133333333333,1773235350.029614,153.5859212328767,154.30988944065362
2026-03-11 13:30:00,965.0766666666667,1773236249.9117424,153.8579385665529,154.30832710572122
2026-03-11 13:45:00,965.2366666666667,1773237149.9056437,152.39225684931506,152.88482481948816
2026-03-11 14:00:00,965.3733333333333,1773238050.09898,153.17119453924917,153.70618741287205
2026-03-11 14:15:00,964.6733333333333,1773238949.9437177,152.28534246575342,152.61412942378817
2026-03-11 14:30:00,964.8966666666666,1773239849.9285803,153.08959726962456,153.48523571457628
2026-03-11 14:45:00,964.8433333333332,1773240749.8924043,151.8419417808219,152.2189302032096
2026-03-11 15:00:00,964.32,1773241650.0442243,152.91078156996585,153.13807765031814
2026-03-11 15:15:00,964.48,1773242549.9345765,151.7185376712329,151.99025954267125
2026-03-11 15:30:00,964.6833333333334,1773243449.9526715,152.61327986348124,152.94568078493893
2026-03-11 15:45:00,964.2866666666665,1773244349.9177003,152.1552089041096,152.37173133908794
2026-03-11 16:00:00,964.2133333333333,1773245249.9758606,153.6556894197952,153.8529087613795
2026-03-11 16:15:00,964.3233333333334,1773246150.1317751,152.13043493150684,152.35753598416758
2026-03-11 16:30:00,963.9766666666666,1773247049.9755967,153.6319556313993,153.75998822147255
2026-03-11 16:45:00,963.2866666666667,1773247949.951932,153.47084931506848,153.39751162449994
2026-03-11 17:00:00,963.4366666666666,1773248849.966153,153.67894539249147,153.64929206973224
2026-03-11 17:15:00,963.0500000000001,1773249749.9500935,154.73556849315068,154.5920958988967
2026-03-11 17:30:00,962.7033333333334,1773250650.0096009,153.93804095563138,153.69404134938827
2026-03-11 17:45:00,962.3533333333334,1773251549.932233,154.02589383561644,153.67952410657236
2026-03-11 18:00:00,961.3033333333333,1773252449.9376833,152.99522866894196,152.34694115333102
2026-03-11 18:15:00,961.2333333333332,1773253350.056247,154.83524999999997,154.1586612865148
2026-03-11 18:30:00,962.1533333333333,1773254249.9218657,153.7389385665529,153.3349357878386
2026-03-11 18:45:00,961.64,1773255149.906001,154.1240993150685,153.56923013573726
2026-03-11 19:00:00,961.4333333333334,1773256049.9237707,152.95792491467577,152.34742063246287
2026-03-11 19:15:00,961.4233333333333,1773256950.028289,155.0570821917808,154.4352651996984
2026-03-11 19:30:00,962.35,1773257849.9272087,153.31571672354949,152.96997521081963
2026-03-11 19:45:00,962.4766666666666,1773258749.9133568,153.024198630137,152.71586371395094
2026-03-11 20:00:00,962.5799999999999,1773259650.1289878,154.2600375426621,153.97944081186077
2026-03-11 20:15:00,962.7866666666667,1773260549.956724,153.55256506849315,153.33345233582054
2026-03-11 20:30:00,962.8766666666667,1773261449.9349146,153.3873105802048,153.19462770007507
2026-03-11 20:45:00,962.0099999999999,1773262349.898695,153.59916095890412,153.15381092697504
2026-03-11 21:00:00,961.5533333333333,1773263249.9164104,153.27260750853245,152.69565786828963
2026-03-11 21:15:00,961.62,1773264149.9979415,154.10121232876713,153.5405908926045
2026-03-11 21:30:00,961.4,1773265049.9017239,153.4102593856655,152.7882727940287
2026-03-11 21:45:00,961.7733333333334,1773265949.8911757,155.31060273972602,154.79067064537716
2026-03-11 22:00:00,961.9033333333333,1773266849.9088738,153.36876791808874,152.89309642031048
2026-03-11 22:15:00,962.3666666666667,1773267750.0562615,153.18954794520548,152.84893109457755
2026-03-11 22:30:00,962.5799999999999,1773268649.9299679,154.2888737201365,154.00822453675408
2026-03-11 22:45:00,962.7166666666667,1773269549.9186442,153.63835273972603,153.39871420604865
2026-03-11 23:00:00,962.66,1773270449.9445958,153.2485938566553,152.9930901093959
2026-03-11 23:15:00,962.6133333333333,1773271349.934663,154.2089897260274,153.93823496327337
2026-03-11 23:30:00,962.7633333333333,1773272249.9542124,153.42115358361775,153.19543655442894
2026-03-11 23:45:00,962.98,1773273149.8882823,153.3427191780822,153.18016373305358
2026-03-12 00:00:00,963.1,1773274049.8949807,152.1767986348123,152.05014263877163
2026-03-12 00:15:00,963.1266666666667,1773274950.0989828,152.0677568493151,151.948890156949
2026-03-12 00:30:00,963.2366666666667,1773275849.9057093,154.2649385665529,154.1765739416545
2026-03-12 00:45:00,963.3800000000001,1773276749.9109182,153.38814726027397,153.34203933380454
2026-03-12 01:00:00,963.5333333333333,1773277650.0644886,153.8177098976109,153.8162781282296
2026-03-12 01:15:00,963.7733333333334,1773278549.9135342,153.79862671232877,153.86734263397057
2026-03-12 01:30:00,963.9333333333334,1773279449.9168906,152.80680204778156,152.92155591809333
2026-03-12 01:45:00,963.54,1773280349.8939872,153.04814726027396,153.04866125825058
2026-03-12 02:00:00,963.5733333333334,1773281249.902919,153.55753924914674,153.56778060932538
2026-03-12 02:15:00,963.3433333333332,1773282150.0193236,153.56296575342466,153.50611064557665
2026-03-12 02:30:00,963.2966666666666,1773283049.8904166,152.40695904436862,152.33702412113254
2026-03-12 02:45:00,963.46,1773283949.8741145,153.99622260273972,153.9733340591722
2026-03-12 03:00:00,963.32,1773284849.9354692,154.29668600682592,154.23272144438354
2026-03-12 03:15:00,963.3733333333333,1773285749.833168,155.4095102739726,155.36082681676723
2026-03-12 03:30:00,963.54,1773286649.7566042,154.15932764505118,154.15984537482382
2026-03-12 03:45:00,963.4,1773287549.832012,153.4354589041096,153.39516566147503
2026-03-12 04:00:00,963.4333333333334,1773288449.8636072,153.43391126279863,153.40333366339866
2026-03-12 04:15:00,963.5533333333333,1773289349.8619466,153.45820547945206,153.462608524743
2026-03-12 04:30:00,963.3533333333334,1773290250.0790985,154.66979863481228,154.6154713995284
2026-03-12 04:45:00,963.3633333333333,1773291149.860903,153.3125308219178,153.26159226487871
2026-03-12 05:00:00,963.2933333333334,1773292049.8846376,153.68851535836177,153.61701945699735
2026-03-12 05:15:00,963.18,1773292949.9438288,154.68419520547943,154.57894652995472
2026-03-12 05:30:00,963.41,1773293849.89484,153.96657679180888,153.9290686983613
2026-03-12 05:45:00,963.0433333333334,1773294749.8789046,153.72635616438356,153.58187394065465
2026-03-12 06:00:00,962.96,1773295649.8707943,154.66542320819113,154.49559464783368
2026-03-12 06:15:00,962.9366666666666,1773296551.4078066,154.01666552901025,153.84072890594052
2026-03-12 06:30:00,963.2600000000001,1773297451.2551563,155.81864383561646,155.73629338750317
2026-03-12 06:45:00,963.5066666666667,1773298351.2573066,153.46891808873718,153.45971407683018
2026-03-12 07:00:00,963.7866666666667,1773299251.376808,152.8541712328767,152.92633926467877
2026-03-12 07:15:00,963.1133333333333,1773300149.8406343,152.1746506849315,152.05184840798722
2026-03-12 07:30:00,962.71,1773301049.8369992,155.4417747440273,155.19735746416944
2026-03-12 07:45:00,962.6966666666667,1773301950.0322592,153.64292123287672,153.39744635974301
2026-03-12 08:00:00,962.7733333333334,1773302849.86208,154.15201365187713,153.92814597010968
2026-03-12 08:15:00,962.68,1773303749.865935,153.25810273972604,153.00839734740805
2026-03-12 08:30:00,962.5333333333333,1773304649.8723817,153.74470307167235,153.45143709602448
2026-03-12 08:45:00,962.16,1773305549.8733094,154.8203082191781,154.41541968012396
2026-03-12 09:00:00,962.6366666666667,1773306449.8448544,154.4554470989761,154.191095268666
2026-03-12 09:15:00,962.5166666666668,1773307350.0202115,154.36486643835616,154.0655386900311
2026-03-12 09:30:00,962.4333333333334,1773308249.8383048,152.98414675767918,152.6633227460124
2026-03-12 09:45:00,962.2633333333333,1773309149.8166237,153.6290308219178,153.25734430218048
2026-03-12 10:00:00,962.8066666666667,1773310049.993078,152.06662116040954,151.85539919963682
2026-03-12 10:15:00,963.31,1773310949.8897965,153.58028424657533,153.5136998845207
2026-03-12 10:30:00,962.9466666666667,1773311849.8926485,154.63658020477814,154.4628702061991
2026-03-12 10:45:00,963.0066666666667,1773312749.8806043,153.29854452054795,153.14379499320785
2026-03-12 11:00:00,963.1466666666666,1773313649.8844476,153.42744027303755,153.3133365540215
2026-03-12 11:15:00,963.2533333333334,1773314549.9522746,154.7330890410959,154.64935340652943
2026-03-12 11:30:00,963.1,1773315449.8966227,153.16321501706486,153.03573803155325
2026-03-12 11:45:00,963.0966666666667,1773316349.8761294,154.06993493150685,153.94072832646637
2026-03-12 12:00:00,962.9166666666666,1773317249.8965766,154.98250170648464,154.7995792917358
2026-03-12 12:15:00,962.8000000000001,1773318149.930414,155.08761643835618,154.87023658476573
2026-03-12 12:30:00,962.7166666666667,1773319049.9127228,153.75786689419795,153.51804194745233
2026-03-12 12:45:00,962.7400000000001,1773319949.9349296,153.43932534246576,153.2067892603128
2026-03-12 13:00:00,962.7400000000001,1773320849.9290404,154.197638225256,153.9639529259358
2026-03-12 13:15:00,962.84,1773321749.9303675,154.3887397260274,154.1840570018809
2026-03-12 13:30:00,962.9666666666667,1773322649.9361725,154.89582252559728,154.72770084976028
2026-03-12 13:45:00,963.0966666666667,1773323550.1328986,154.95113356164384,154.8211879630845
2026-03-12 14:00:00,963.21,1773324450.0011296,154.5442662116041,154.4479160254858
2026-03-12 14:15:00,963.0433333333334,1773325349.9856772,153.50797602739726,153.36369905180274
2026-03-12 14:30:00,962.86,1773326249.9943626,154.6271194539249,154.4279888470745
2026-03-12 14:45:00,962.7533333333334,1773327149.9760478,156.67046232876712,156.4369925043838
2026-03-12 15:00:00,962.6966666666667,1773328050.06358,154.64932081911263,154.402238024125
2026-03-12 15:15:00,962.5733333333333,1773328949.98193,155.75004452054793,155.4647682561825
2026-03-12 15:30:00,962.4366666666666,1773329849.9631174,154.60792491467578,154.2846728008398
2026-03-12 15:45:00,962.52,1773330749.9583166,156.506301369863,156.20381046887934
2026-03-12 16:00:00,962.4733333333334,1773331650.1426744,154.28915358361775,153.97729466368773
2026-03-12 16:15:00,962.1733333333333,1773332549.998085,156.26455479452054,155.85983763799734
2026-03-12 16:30:00,962.07,1773333449.989681,155.54359044368599,155.11028423889977
2026-03-12 16:45:00,961.8033333333333,1773334349.9529479,155.63658561643837,155.12440407079094
2026-03-12 17:00:00,961.6233333333333,1773335249.9546528,156.67249488054605,156.10350775042662
2026-03-12 17:15:00,961.3333333333334,1773336150.0338297,155.68987328767122,155.03900471115548
2026-03-12 17:30:00,961.4566666666666,1773337049.9328852,155.29438907849828,154.68141660700434
2026-03-12 17:45:00,961.3366666666667,1773337949.9213617,154.26776369863012,153.62381326348677
2026-03-12 18:00:00,961.1233333333333,1773338849.9235172,155.20284300341297,154.49235572984884
2026-03-12 18:15:00,960.9733333333334,1773339750.1206741,155.12158219178082,154.36746591617208
2026-03-12 18:30:00,960.84,1773340649.9243622,154.76632423208193,153.9749231045133
2026-03-12 18:45:00,960.69,1773341549.8989697,155.31746575342464,154.47921350088995
2026-03-12 19:00:00,960.4,1773342450.048962,155.2865460750853,154.36338303603304
2026-03-12 19:15:00,960.2066666666666,1773343349.9103348,156.0874794520548,155.10257013423995
2026-03-12 19:30:00,960.0666666666666,1773344249.9226081,155.74956313993175,154.72562357800953
2026-03-12 19:45:00,959.89,1773345149.9031358,155.35124315068495,154.27812753441253
2026-03-12 20:00:00,959.8266666666667,1773346049.925948,156.40387713310582,155.30480079647845
2026-03-12 20:15:00,959.7033333333334,1773346950.0028532,155.36325342465753,154.23534300869176
2026-03-12 20:30:00,959.5866666666666,1773347849.9138184,154.1888566552901,153.03554551793812
2026-03-12 20:45:00,959.5500000000001,1773348749.9028752,156.4733493150685,155.29213142930837
2026-03-12 21:00:00,959.4200000000001,1773349649.9057593,156.91474061433448,155.69173005702973
2026-03-12 21:15:00,959.41,1773350549.8906,155.3707191780822,154.1568138845187
2026-03-12 21:30:00,959.3566666666667,1773351450.1066718,156.896819112628,155.6552165993953
2026-03-12 21:45:00,959.4133333333333,1773352349.9052916,156.2946609589041,155.07451908020298
2026-03-12 22:00:00,959.54,1773353249.8934004,155.5035119453925,154.32668313064434
2026-03-12 22:15:00,959.7599999999999,1773354149.8762589,155.58288356164383,154.47000904446412
2026-03-12 22:30:00,959.7766666666666,1773355049.8756533,155.8474914675768,154.73762417397919
2026-03-12 22:45:00,959.9266666666667,1773355949.9964132,154.43494863013697,153.3788474977951
2026-03-12 23:00:00,960.0466666666667,1773356849.8837206,155.0426723549488,154.0175273061299
2026-03-12 23:15:00,960.1166666666667,1773357749.8839421,155.18581164383562,154.1802247616687
2026-03-12 23:30:00,960.32,1773358650.0688262,154.62331399317407,153.68073255598634
2026-03-12 23:45:00,960.5266666666666,1773359549.8784504,155.5263390410959,154.6389624223643
2026-03-13 00:00:00,960.77,1773360449.8764336,155.082771331058,154.26923287156723
2026-03-13 00:15:00,960.9366666666666,1773361349.8758512,155.7844178082192,155.01627934478668
2026-03-13 00:30:00,961.0,1773362249.8886056,154.47992491467576,153.73671715541528
2026-03-13 00:45:00,961.11,1773363149.8826761,154.59740753424657,153.88579333252008
2026-03-13 01:00:00,961.2433333333333,1773364049.8834276,155.37219795221841,154.69620211942336
2026-03-13 01:15:00,961.38,1773364949.9436169,155.43452739726027,154.79845116001246
2026-03-13 01:30:00,961.5500000000001,1773365849.8635695,155.68922184300342,155.10219325203244
2026-03-13 01:45:00,961.6866666666666,1773366749.864739,155.18414383561642,154.63916907360357
2026-03-13 02:00:00,961.88,1773367649.8910198,155.27276109215018,154.7843221240334
2026-03-13 02:15:00,962.0666666666666,1773368550.0309644,154.6642397260274,154.23240636783106
2026-03-13 02:30:00,962.1933333333333,1773369449.8597603,155.02451877133106,154.62888903044595
2026-03-13 02:45:00,962.3766666666667,1773370351.3357327,154.7917747440273,154.4505298754441
2026-03-13 03:00:00,962.6066666666666,1773371251.4511383,153.79859589041098,153.52661700003375
2026-03-13 03:15:00,962.9033333333333,1773372149.8027241,154.56893835616438,154.38259298585072
2026-03-13 03:30:00,963.14,1773373049.8608446,152.68868259385664,152.5731956815829
2026-03-13 03:45:00,963.39,1773373949.8340893,155.28209931506848,155.23837157444936
2026-03-13 04:00:00,963.7266666666666,1773374850.047693,154.78934129692834,154.84476968316744
2026-03-13 04:15:00,964.0,1773375749.859007,155.2213698630137,155.35761439484406
2026-03-13 04:30:00,964.1233333333333,1773376649.8654563,154.6327167235495,154.8047162241496
2026-03-13 04:45:00,964.3933333333334,1773377549.878902,155.65175684931506,155.90484851446243
2026-03-13 05:00:00,964.6466666666666,1773378449.913369,154.15345733788396,154.4784504851044
2026-03-13 05:15:00,964.84,1773379350.0238838,154.78050342465752,155.16380490874639
2026-03-13 05:30:00,964.9533333333334,1773380249.927354,155.85685324232082,156.27646813019174
2026-03-13 05:45:00,965.09,1773381149.940601,154.90575,155.36314161530996
2026-03-13 06:00:00,965.15,1773382049.945128,154.44984641638226,154.92355215933026
2026-03-13 06:15:00,965.18,1773382949.9462428,153.4759383561644,153.95543228178713
2026-03-13 06:30:00,965.3533333333334,1773383850.0746057,153.61410921501707,154.14479147760196
2026-03-13 06:45:00,965.5033333333334,1773384749.9265697,154.52351369863015,155.10153527024235
2026-03-13 07:00:00,965.5933333333332,1773385649.9080577,153.4685494880546,154.06896832715998
2026-03-13 07:15:00,965.8533333333334,1773386549.892255,154.6372294520548,155.31892914938666
2026-03-13 07:30:00,965.7666666666668,1773387449.873222,153.86059726962458,154.5134279709581
2026-03-13 07:45:00,965.8066666666667,1773388351.3222978,154.11439249146758,154.7800628840217
2026-03-13 08:00:00,965.9866666666667,1773389251.2387457,154.63085273972604,155.35187514980885
2026-03-13 08:15:00,965.9066666666668,1773390149.9091778,152.45312671232878,153.14071552737437
2026-03-13 08:30:00,965.8066666666667,1773391049.6816132,152.5961023890785,153.25521479083028
2026-03-13 08:45:00,965.8766666666667,1773391951.1858573,153.0068122866894,153.6881378417189
2026-03-13 09:00:00,965.9766666666668,1773392851.18637,154.23708219178084,154.95332436279588
2026-03-13 09:15:00,965.83,1773393751.2158158,154.00039590443686,154.67243090094087
2026-03-13 09:30:00,965.6700000000001,1773394651.3297312,154.82140068493152,155.44975451599018
2026-03-13 09:45:00,965.8233333333334,1773395551.237031,153.03870307167233,153.70459444541126
2026-03-13 10:00:00,965.6266666666667,1773396451.240272,154.16152397260274,154.77445602490405
2026-03-13 10:15:00,965.3333333333334,1773397351.252391,153.50150511945392,154.02594527769904
2026-03-13 10:30:00,965.48,1773398251.3705723,153.86784246575343,154.43656454776672
2026-03-13 10:45:00,965.7033333333334,1773399149.865559,152.76152739726027,153.39123555450465
2026-03-13 11:00:00,965.7766666666666,1773400049.884712,154.25021160409557,154.90763865669786
2026-03-13 11:15:00,965.8066666666667,1773400949.8623517,153.37828767123287,154.0407785866679
2026-03-13 11:30:00,965.73,1773401850.0478213,154.32338225255972,154.96738011425248
2026-03-13 11:45:00,965.6633333333333,1773402749.864807,153.5232191780822,154.14435173829318
2026-03-13 12:00:00,965.65,1773403649.87481,154.23131399317407,154.8513884502313
2026-03-13 12:15:00,966.07,1773404549.8806684,154.06073972602738,154.80361240914448
2026-03-13 12:30:00,965.3933333333334,1773405449.887937,153.4633105802048,154.0051758356004
2026-03-13 12:45:00,964.98,1773406350.0042903,154.45443150684932,154.87811760051468
2026-03-13 13:00:00,965.0799999999999,1773407249.932258,155.43334470989763,155.88933223344992
2026-03-13 13:15:00,965.1166666666667,1773408149.9234455,152.7562808219178,153.21508838121272
2026-03-13 13:30:00,965.3333333333334,1773409049.9230647,154.05493856655292,154.58126953833988
2026-03-13 13:45:00,965.4499999999999,1773409950.0840433,155.38536643835616,155.95080810127774
2026-03-13 14:00:00,965.8299999999999,1773410849.899096,153.04951194539248,153.71739742465437
2026-03-13 14:15:00,966.1766666666666,1773411749.8953943,153.61075684931507,154.38274480491586
2026-03-13 14:30:00,965.68,1773412649.8825264,154.9753447098976,155.6072798441247
2026-03-13 14:45:00,965.3333333333334,1773413549.880008,154.91328767123287,155.442551205407
2026-03-13 15:00:00,965.32,1773414449.8500721,152.7378634812287,153.25581211679173
2026-03-13 15:15:00,965.3566666666666,1773415349.823391,154.2301506849315,154.7639413208182
2026-03-13 15:30:00,965.5833333333334,1773416249.8913236,154.30433788395905,154.90508337433528
2026-03-13 15:45:00,965.6333333333333,1773417149.8994915,154.4100616438356,155.02594550861778
2026-03-13 16:00:00,965.4933333333333,1773418049.896903,155.02351877133106,155.60045426052386
2026-03-13 16:15:00,965.1733333333333,1773418950.052812,154.09984589041096,154.57933102857453
2026-03-13 16:30:00,964.85,1773419849.910389,154.68587372013653,155.07188719922965
2026-03-13 16:45:00,964.64,1773420749.890219,153.87248630136986,154.1949339448052
2026-03-13 17:00:00,964.43,1773421649.8872569,154.83998293515359,155.10255974791002
2026-03-13 17:15:00,964.2633333333333,1773422549.8385036,156.25478424657533,156.47020352795482
2026-03-13 17:30:00,964.1899999999999,1773423449.9313002,154.4856348122867,154.67706189926102
2026-03-13 17:45:00,964.06,1773424349.8560357,155.40193835616438,155.5560737624405
2026-03-13 18:00:00,963.7466666666666,1773425249.8683007,156.01545733788396,156.0772556060211
2026-03-13 18:15:00,963.5066666666667,1773426149.868956,155.28942465753425,155.28011146414383
2026-03-13 18:30:00,963.3866666666667,1773427050.0208778,154.49707167235493,154.45258679423
2026-03-13 18:45:00,963.2233333333334,1773427949.85269,154.58780821917807,154.49534471940896
2026-03-13 19:00:00,963.0300000000001,1773428849.8082902,156.35624914675768,156.20533792318625
2026-03-13 19:15:00,962.9166666666666,1773429749.8239365,154.63931506849315,154.45679770933342
2026-03-13 19:30:00,962.3566666666666,1773430649.825663,156.12708532423207,155.7769770706541
2026-03-13 19:45:00,961.9733333333334,1773431549.8715851,154.77922602739727,154.31970316545835
2026-03-13 20:00:00,961.5866666666667,1773432449.8607564,155.41974402730375,154.84451863226514
2026-03-13 20:15:00,961.1700000000001,1773433349.859096,156.2509760273973,155.54948205515558
2026-03-13 20:30:00,960.7800000000001,1773434249.884096,156.1613037542662,155.345059020907
2026-03-13 20:45:00,960.23,1773435149.8676095,156.5379897260274,155.5571339095147
2026-03-13 21:00:00,959.7400000000001,1773436049.8620994,155.79417064846416,154.6739070879824
2026-03-13 21:15:00,959.41,1773436951.4245574,156.60055972696244,155.37704573775525
2026-03-13 21:30:00,959.2133333333333,1773437851.2893786,156.25793493150687,154.9791764830483
2026-03-13 21:45:00,959.4733333333334,1773438749.764788,157.20711301369863,155.9976306331141
2026-03-13 22:00:00,959.3533333333334,1773439649.8970404,156.31873378839592,155.08072377063644
2026-03-13 22:15:00,958.77,1773440549.867141,155.0420376712329,153.64375590693254
2026-03-13 22:30:00,958.9,1773441449.8774736,156.1612798634812,154.79113264806796
2026-03-13 22:45:00,958.68,1773442350.0274646,155.97982534246574,154.54665618957213
2026-03-13 23:00:00,958.5666666666666,1773443249.8890262,155.82435494880545,154.3593719872597
2026-03-13 23:15:00,958.5733333333334,1773444149.9337924,156.24138356164383,154.7744403686508
2026-03-13 23:30:00,958.4233333333333,1773445049.9069855,154.8057337883959,153.30857067587965
2026-03-13 23:45:00,958.4266666666667,1773445949.8938458,156.03754109589042,154.5294435649725
2026-03-14 00:00:00,958.2333333333332,1773446849.8903062,156.18790784982934,154.6215489472533
2026-03-14 00:15:00,958.1666666666666,1773447750.0138547,156.5505102739726,154.9608853249028
2026-03-14 00:30:00,957.96,1773448649.8767784,156.29695563139933,154.64916779685947
2026-03-14 00:45:00,957.87,1773449549.9350698,155.9689897260274,154.29827226847328
2026-03-14 01:00:00,957.85,1773450449.8732402,155.6492662116041,153.97612238267683
2026-03-14 01:15:00,957.82,1773451349.858606,156.09845547945207,154.41168139677058
2026-03-14 01:30:00,957.8533333333334,1773452249.881614,156.85151535836178,155.16643073131743
2026-03-14 01:45:00,957.7933333333334,1773453150.0164275,156.48110616438356,154.78235471706463
2026-03-14 02:00:00,957.7733333333332,1773454049.8729806,157.27415358361773,155.56088142541708
2026-03-14 02:15:00,957.7666666666668,1773454949.9307506,156.7340787671233,155.02472627614122
2026-03-14 02:30:00,957.7833333333333,1773455849.8273027,156.5879829351536,154.88512839329712
2026-03-14 02:45:00,957.7933333333334,1773456749.8466716,155.87190068493152,154.17976274332779
2026-03-14 03:00:00,957.6999999999999,1773457649.9702766,155.56898976109215,153.8528545472765
2026-03-14 03:15:00,957.7266666666666,1773458551.2581902,157.67229010238907,155.940853459734
2026-03-14 03:30:00,957.73,1773459451.404453,156.83865753424658,155.11735761445624
2026-03-14 03:45:00,957.6766666666666,1773460351.2646601,156.72522866894198,154.98946723268128
2026-03-14 04:00:00,957.6899999999999,1773461251.2812283,156.75362671232878,155.02147792341688
2026-03-14 04:15:00,957.7733333333332,1773462149.780102,156.20193493150683,154.50034302923066
2026-03-14 04:30:00,957.6633333333333,1773463049.8382533,157.29072696245734,155.54476200883263
2026-03-14 04:45:00,957.7866666666667,1773463949.967,155.93660273972603,154.24180865374228
2026-03-14 05:00:00,957.84,1773464849.821619,156.41496928327646,154.73065465796245
2026-03-14 05:15:00,957.9833333333332,1773465749.7843626,157.2712294520548,155.62006916980678
2026-03-14 05:30:00,957.9933333333333,1773466650.0228243,156.30952218430036,154.671397409665
2026-03-14 05:45:00,957.9900000000001,1773467551.3471093,156.46236177474404,154.82165469998904
2026-03-14 06:00:00,958.1266666666667,1773468451.3502443,157.25767465753427,155.64903933480366
2026-03-14 06:15:00,958.2566666666667,1773469349.854909,155.6449897260274,154.09090678892278
2026-03-14 06:30:00,958.2766666666666,1773470249.8798344,156.61741638225254,155.059516116356
2026-03-14 06:45:00,958.4,1773471150.0085096,155.05980821917808,153.55338020825187
2026-03-14 07:00:00,958.5966666666667,1773472049.862154,156.08141979522185,154.62283328836403
2026-03-14 07:15:00,958.7366666666667,1773472949.8569987,156.1505479452055,154.7324687963485
2026-03-14 07:30:00,958.8033333333333,1773473849.8780243,156.8000034129693,155.3957084526554
2026-03-14 07:45:00,958.9133333333333,1773474750.0568638,156.71044520547943,155.33941487037274
2026-03-14 08:00:00,959.0766666666667,1773475649.8847797,155.84256313993174,154.52707320395763
2026-03-14 08:15:00,959.25,1773476549.8882082,155.9447705479452,154.67935054298465
2026-03-14 08:30:00,959.3366666666667,1773477449.8650148,156.89582935153584,155.64831992223802
2026-03-14 08:45:00,959.4166666666666,1773478349.9855962,156.31157534246577,155.09228366666102
2026-03-14 09:00:00,959.59,1773479249.7474787,156.4575051194539,155.2882082969539
2026-03-14 09:15:00,959.6766666666666,1773480151.2659116,155.53825597269625,154.4012518734763
2026-03-14 09:30:00,959.6333333333333,1773481051.3825011,156.10864041095888,154.9547082673125
2026-03-14 09:45:00,959.7433333333333,1773481949.860016,156.91122602739728,155.78391672517665
2026-03-14 10:00:00,959.86,1773482849.905992,155.65801365187716,154.57396799795424
2026-03-14 10:15:00,960.0133333333333,1773483749.9136784,155.6958698630137,154.65661063120479
2026-03-14 10:30:00,960.0933333333332,1773484650.145647,155.37316040955633,154.3595161045495
2026-03-14 10:45:00,960.2066666666666,1773485549.911128,155.5559006849315,154.57434562001848
2026-03-14 11:00:00,960.34,1773486449.9057379,155.57179180887374,154.62930426685864
2026-03-14 11:15:00,960.3833333333333,1773487349.9508173,154.45210616438357,153.52904195745816
2026-03-14 11:30:00,960.52,1773488249.9007297,154.73721843003412,153.85239543661234
2026-03-14 11:45:00,960.5766666666667,1773489149.9125967,156.3884212328767,155.5108987209485
2026-03-14 12:00:00,960.6366666666667,1773490049.9369614,156.04090784982935,155.18302515219557
2026-03-14 12:15:00,960.7199999999999,1773490950.0566728,155.49782876712328,154.66741888251036
2026-03-14 12:30:00,960.93,1773491849.9385512,155.90711262798635,155.13640411000603
2026-03-14 12:45:00,961.0166666666668,1773492749.9248996,156.14904452054796,155.4027275830203
2026-03-14 13:00:00,961.0966666666667,1773493650.0815353,158.12972013651878,157.3978591835961
2026-03-14 13:15:00,961.19,1773494549.8981516,155.41167465753426,154.7198279985645
2026-03-14 13:30:00,961.2966666666666,1773495449.8910196,154.74443344709897,154.08678223828625
2026-03-14 13:45:00,961.3833333333333,1773496349.8720245,156.09133219178082,155.45355268415153
2026-03-14 14:00:00,961.41,1773497249.8912141,155.3501672354949,154.72325519493802
2026-03-14 14:15:00,961.4,1773498149.8915143,155.67648287671233,155.04530810802186
2026-03-14 14:30:00,961.41,1773499049.8888478,155.72948464163824,155.10104187437966
2026-03-14 14:45:00,961.4499999999999,1773499949.8759673,155.85771232876712,155.24054993508673
2026-03-14 15:00:00,961.6166666666667,1773500850.0662339,155.38536177474404,154.81908806868682
2026-03-14 15:15:00,961.6966666666667,1773501749.9059267,157.0538184931507,156.50525139021863
2026-03-14 15:30:00,961.8466666666667,1773502649.9141624,156.92288395904436,156.41934735421316
2026-03-14 15:45:00,962.0300000000001,1773503549.922445,155.6225205479452,155.17720054788762
2026-03-14 16:00:00,962.3000000000001,1773504449.894707,156.05823549488056,155.69151794488036
2026-03-14 16:15:00,962.32,1773505349.8751624,155.36230479452055,155.00311260195204
2026-03-14 16:30:00,962.41,1773506250.0736902,155.9578361774744,155.62387654498272
2026-03-14 16:45:00,962.5433333333334,1773507149.8709862,156.42490753424656,156.12949553647852
2026-03-14 17:00:00,962.5866666666667,1773508049.8916564,157.4236757679181,157.1393148446082
2026-03-14 17:15:00,962.8733333333333,1773508949.9044046,155.3575821917808,155.1614415932331
2026-03-14 17:30:00,963.0033333333334,1773509849.8882735,154.92043686006826,154.76306991983634
2026-03-14 17:45:00,963.2600000000001,1773510749.9036963,157.30250684931508,157.2193721767912
2026-03-14 18:00:00,963.4966666666666,1773511649.9061084,155.72475426621162,155.71245639996258
2026-03-14 18:15:00,963.5833333333334,1773512549.9199762,156.53731506849314,156.5507295973223
2026-03-14 18:30:00,963.6999999999999,1773513449.8675349,154.32598634812288,154.37342702685493
2026-03-14 18:45:00,963.7866666666667,1773514349.9871783,155.02887328767122,155.10206807566703
2026-03-14 19:00:00,963.9633333333333,1773515249.8766315,157.06776109215016,157.19467467120379
2026-03-14 19:15:00,964.0833333333334,1773516149.8668962,155.93046575342464,156.09204530686083
2026-03-14 19:30:00,964.2233333333334,1773517049.8929048,155.1044505119454,155.3064801548302
2026-03-14 19:45:00,964.2966666666666,1773517950.0377188,154.49937671232877,154.72217467734544
2026-03-14 20:00:00,964.4166666666666,1773518849.8831446,155.91751535836178,156.17796288631408
2026-03-14 20:15:00,964.5933333333332,1773519749.8534145,155.66237671232875,155.97474478857296
2026-03-14 20:30:00,964.6166666666667,1773520649.773041,154.3672901023891,154.68391682676776
2026-03-14 20:45:00,964.7533333333334,1773521551.2936635,155.28615358361776,155.64507560364396
2026-03-14 21:00:00,965.1333333333333,1773522451.3620079,153.5423390410959,154.00838440215028
2026-03-14 21:15:00,965.2266666666666,1773523349.9912095,154.63355136986303,155.13041623036665
2026-03-14 21:30:00,965.38,1773524249.7901344,154.5623651877133,155.1041817511448
2026-03-14 21:45:00,965.5533333333333,1773525149.8574016,153.12613356164383,153.71353008614585
2026-03-14 22:00:00,965.8366666666667,1773526049.9073374,154.16323208191125,154.83793893959685
2026-03-14 22:15:00,965.9733333333334,1773526949.899319,154.53751369863014,155.25416772619295
2026-03-14 22:30:00,966.1533333333333,1773527849.8808863,154.2704709897611,155.0389008685674
2026-03-14 22:45:00,966.3299999999999,1773528750.1022127,154.69218835616437,155.5149112446115
2026-03-14 23:00:00,966.57,1773529649.8972678,153.56459726962458,154.4517370561591
2026-03-14 23:15:00,966.7966666666667,1773530549.9099793,154.74782534246575,155.70884478656842
2026-03-14 23:30:00,967.0833333333334,1773531449.925109,153.44105802047784,154.47807829042878
2026-03-14 23:45:00,967.2800000000001,1773532349.9208665,152.94111643835615,154.03230387472775
2026-03-15 00:00:00,967.4066666666668,1773533250.1578667,155.2576552901024,156.40300697402913
2026-03-15 00:15:00,967.6,1773534149.9230967,154.09674315068492,155.2905635910853
2026-03-15 00:30:00,967.6733333333333,1773535049.9146621,153.81545733788394,155.02869775735178
2026-03-15 00:45:00,967.7033333333334,1773535949.901758,153.26042465753426,154.47809218126923
2026-03-15 01:00:00,967.6766666666667,1773536850.0847557,153.5483447098976,154.76045838851059
2026-03-15 01:15:00,967.7266666666668,1773537749.9238625,152.6303904109589,153.84987278381828
2026-03-15 01:30:00,967.8833333333333,1773538649.944341,153.98299317406142,155.2594912352233
2026-03-15 01:45:00,968.1966666666667,1773539549.9763055,153.841397260274,155.2090951592778
2026-03-15 02:00:00,968.3299999999999,1773540449.9999492,152.37239590443687,153.7659830394895
2026-03-15 02:15:00,968.4233333333333,1773541349.9810038,152.72977397260274,154.15396387469647
2026-03-15 02:30:00,968.4433333333333,1773542249.9888852,152.04188737201366,153.4654943781836
2026-03-15 02:45:00,968.54,1773543150.0901146,151.8702123287671,153.32036915296095
2026-03-15 03:00:00,968.8233333333334,1773544050.0022445,151.69620477815698,153.2271651553688
2026-03-15 03:15:00,968.8033333333333,1773544950.0010772,152.99072945205478,154.5288823239673
2026-03-15 03:30:00,968.9133333333333,1773545849.9965985,152.42313651877132,153.98776294992405
2026-03-15 03:45:00,968.84,1773546750.193089,153.1335719178082,154.68393685190674
2026-03-15 04:00:00,968.93,1773547649.9922986,152.7272662116041,154.29990062606592
2026-03-15 04:15:00,968.9766666666668,1773548550.0524673,151.24001369863015,152.81088248779855
2026-03-15 04:30:00,969.1,1773549449.9748578,151.28727986348125,152.89446365893346
2026-03-15 04:45:00,969.15,1773550349.932267,151.51469520547946,153.13884242184383
2026-03-15 05:00:00,968.87,1773551249.9629,151.97337201365187,153.52074120878441
2026-03-15 05:15:00,969.1133333333333,1773552150.1015658,152.21785616438356,153.83882303574333
2026-03-15 05:30:00,969.2466666666666,1773553049.9671712,152.22539931740616,153.88542588604471
2026-03-15 05:45:00,969.5766666666667,1773553949.9456956,150.9351095890411,152.67676380173253
2026-03-15 06:00:00,969.6066666666667,1773554849.9749484,152.21529692832766,153.9804999796903
2026-03-15 06:15:00,969.3066666666667,1773555750.2288415,151.51178082191782,153.1814870347848
2026-03-15 06:30:00,969.3233333333334,1773556650.007226,152.28235153583617,153.96542516849667
2026-03-15 06:45:00,969.4633333333333,1773557549.9865465,152.25211643835618,153.97580802103437
2026-03-15 07:00:00,969.9866666666667,1773558450.0577505,150.8687201365188,152.72853747692318
2026-03-15 07:15:00,970.1966666666667,1773559350.0170481,153.0410410958904,154.98946594223318
2026-03-15 07:30:00,970.3633333333333,1773560250.0491242,153.11477133105802,155.11324628389028
2026-03-15 07:45:00,970.41,1773561150.0329835,151.96307876712328,153.96017220106043
2026-03-15 08:00:00,970.4633333333335,1773562050.1592665,150.86962116040957,152.8678342353271
2026-03-15 08:15:00,970.4899999999999,1773562950.04653,150.89961301369863,152.90597035933942
2026-03-15 08:30:00,970.5633333333334,1773563850.0397582,153.12071331058021,155.17822234098344
2026-03-15 08:45:00,970.7466666666668,1773564750.203833,152.330301369863,154.43097358863812
2026-03-15 09:00:00,970.8299999999999,1773565650.0143938,152.87541638225258,155.00814688446033
2026-03-15 09:15:00,970.9033333333333,1773566549.9850705,151.6964691780822,153.83418518999704
2026-03-15 09:30:00,970.9266666666666,1773567450.042709,152.08284982935155,154.232848245972
2026-03-15 09:45:00,970.7333333333332,1773568349.968265,151.84359589041097,153.93365661921712
2026-03-15 10:00:00,970.64,1773569250.1436338,151.73262457337884,153.7938826303273
2026-03-15 10:15:00,970.7766666666666,1773570150.0150988,152.4456095890411,154.5566814162091
2026-03-15 10:30:00,970.85,1773571049.9900658,153.04262116040954,155.18358116286137
2026-03-15 10:45:00,971.0033333333334,1773571950.0595944,153.03836643835618,155.22448239936523
2026-03-15 11:00:00,971.0733333333334,1773572849.9736662,151.71847440273038,153.90620419000746
2026-03-15 11:15:00,971.0099999999999,1773573749.9706593,151.33445890410957,153.49817925705435
2026-03-15 11:30:00,970.7766666666666,1773574650.088751,151.3509965870307,153.4469101772614
2026-03-15 11:45:00,970.5566666666667,1773575549.967733,152.32107534246575,154.36588418809953
2026-03-15 12:00:00,970.9266666666666,1773576449.949411,152.50074744027302,154.6566536841258
2026-03-15 12:15:00,970.8066666666667,1773577349.993142,152.11601369863013,154.23131220529382
2026-03-15 12:30:00,970.81,1773578249.976047,151.3425529010239,153.44806763268704
2026-03-15 12:45:00,971.0500000000001,1773579150.1837819,152.0065205479452,154.19156788683745
2026-03-15 13:00:00,971.1433333333334,1773580049.9841874,151.5511672354949,153.75693282145681
2026-03-15 13:15:00,971.1466666666666,1773580949.9724915,152.8290787671233,155.05442584380958
2026-03-15 13:30:00,971.09,1773581849.9545388,151.87033788395902,154.06513614403892
2026-03-15 13:45:00,970.79,1773582749.9315186,153.58190410958903,155.712656051391
2026-03-15 14:00:00,970.5833333333334,1773583650.094626,153.21656996587032,155.28126761448846
2026-03-15 14:15:00,970.5766666666667,1773584549.8798437,152.0976815068493,154.14534885119772
2026-03-15 14:30:00,970.6666666666666,1773585449.865301,153.08782935153582,155.1753596196424
2026-03-15 14:45:00,970.7333333333332,1773586349.889887,151.97175684931506,154.06358165770322
2026-03-15 15:00:00,970.5066666666667,1773587249.8830938,152.7386757679181,154.7743863555988
2026-03-15 15:15:00,970.4633333333333,1773588149.8806615,152.30275684931507,154.31995128343314
2026-03-15 15:30:00,970.1700000000001,1773589049.89998,152.82940614334473,154.76729484143632
2026-03-15 15:45:00,969.9533333333334,1773589949.892942,153.33978767123287,155.22023589514018
2026-03-15 16:00:00,969.7966666666666,1773590850.0683894,153.49846075085324,155.33461000861038
2026-03-15 16:15:00,970.3000000000001,1773591749.9322908,152.10182191780822,154.06853502036213
2026-03-15 16:30:00,970.2166666666667,1773592649.928837,153.4303481228669,155.38963408185583
2026-03-15 16:45:00,970.1266666666667,1773593549.926868,151.4512705479452,153.35905729783468
2026-03-15 17:00:00,970.4499999999999,1773594449.9212043,151.71152218430035,153.71699171792486
2026-03-15 17:15:00,970.61,1773595350.0512416,151.55463698630138,153.60472139800206
2026-03-15 17:30:00,970.3766666666667,1773596249.939966,152.30513310580204,154.2969493562385
2026-03-15 17:45:00,970.12,1773597149.9359436,152.74798287671234,154.67014475975796
2026-03-15 18:00:00,970.1433333333333,1773598049.9267437,152.20685324232082,154.12903851899023
2026-03-15 18:15:00,969.9433333333333,1773598949.9133463,153.8970205479452,155.78134239910378
2026-03-15 18:30:00,970.11,1773599849.9161613,152.4367337883959,154.3520462343475
2026-03-15 18:45:00,969.9333333333334,1773600750.083531,151.2413493150685,153.09024626917866
2026-03-15 19:00:00,969.98,1773601649.924681,152.56940955631399,154.44823559937285
2026-03-15 19:15:00,969.7033333333334,1773602549.933949,152.92642123287672,154.7282868355339
2026-03-15 19:30:00,969.6666666666666,1773603449.9502165,152.57191467576794,154.35884924053948
2026-03-15 19:45:00,969.5833333333334,1773604349.94306,152.67189383561643,154.4355451338133
2026-03-15 20:00:00,969.4666666666667,1773605249.9321923,153.0287781569966,154.7622427162103
2026-03-15 20:15:00,969.8766666666667,1773606150.110288,152.3163116438356,154.1617508341532
2026-03-15 20:30:00,969.8533333333334,1773607049.9285867,152.63963139931738,154.48213901823408
2026-03-15 20:45:00,969.6933333333333,1773607949.914782,152.09649315068492,153.88565621595782
2026-03-15 21:00:00,969.6999999999999,1773608849.9188735,152.35287713310578,154.14700864725634
2026-03-15 21:15:00,969.5500000000001,1773609749.9435136,153.42471232876713,155.18723127920458
2026-03-15 21:30:00,969.8433333333334,1773610649.9373822,152.9594539249147,154.80288082760484
2026-03-15 21:45:00,969.6866666666666,1773611550.0763457,152.99499315068493,154.79276485796822
2026-03-15 22:00:00,969.6199999999999,1773612449.937961,152.2135119453925,153.98259513974995
2026-03-15 22:15:00,969.4699999999999,1773613349.9374747,151.44374315068492,153.16022291567444
2026-03-15 22:30:00,969.6233333333333,1773614249.9339488,152.22280546075086,153.99297195360433
2026-03-15 22:45:00,969.4933333333333,1773615150.1265843,153.645198630137,155.3935188896039
2026-03-15 23:00:00,969.4066666666668,1773616049.8975427,151.5179351535836,153.21681761902903
2026-03-15 23:15:00,969.3733333333333,1773616949.8804417,153.51923630136986,155.23072660170106
2026-03-15 23:30:00,969.11,1773617849.8196805,153.5730614334471,155.20747689231155
2026-03-15 23:45:00,968.9933333333333,1773618751.2854214,152.21134129692834,153.79716903916997
2026-03-16 00:00:00,968.9566666666666,1773619651.2783046,151.6145787671233,153.18351692776335
2026-03-16 00:15:00,969.2333333333332,1773620549.8823283,153.1303390410959,154.79631247222568
2026-03-16 00:30:00,969.11,1773621449.759383,153.05038225255973,154.67923505007397
2026-03-16 00:45:00,968.9899999999999,1773622351.2152402,152.9458805460751,154.5383824062921
2026-03-16 01:00:00,968.6466666666666,1773623251.3878698,152.69831849315068,154.1876281467929
2026-03-16 01:15:00,968.7366666666667,1773624151.2332869,153.22172696245735,154.74260028849736
2026-03-16 01:30:00,968.7999999999998,1773625051.193162,152.67163698630137,154.20560509718004
2026-03-16 01:45:00,968.71,1773625951.1911154,153.01013310580203,154.52107689263
2026-03-16 02:00:00,968.8066666666667,1773626851.4531102,152.5303219178082,154.06482164106737
2026-03-16 02:15:00,968.91,1773627751.200462,152.97520819112626,154.5445228635478
2026-03-16 02:30:00,968.64,1773628651.1807399,152.76189726027397,154.24987317141523
2026-03-16 02:45:00,968.4866666666667,1773629549.683503,152.05589726027398,153.49227245480571
2026-03-16 03:00:00,968.3733333333333,1773630449.6742594,151.5918976109215,152.99094209959304
2026-03-16 03:15:00,968.2666666666668,1773631351.2981746,151.5581399317406,152.92587675163065
2026-03-16 03:30:00,968.0799999999999,1773632251.1879992,153.00158904109588,154.32760770548828
2026-03-16 03:45:00,968.1966666666667,1773633151.196727,152.13050170648464,153.48298921156325
2026-03-16 04:00:00,967.4399999999999,1773634051.3476095,151.21416780821917,152.33933812187445
2026-03-16 04:15:00,967.5500000000001,1773634951.2403202,151.5268941979522,152.6862995811807
2026-03-16 04:30:00,967.4166666666666,1773635851.2120683,153.06176712328767,154.19384916976767
2026-03-16 04:45:00,967.0633333333334,1773636751.2210891,153.26034470989762,154.29028049997825
2026-03-16 05:00:00,966.96,1773637651.4057212,152.5692876712329,153.5644266638759
2026-03-16 05:15:00,966.9066666666668,1773638551.1874938,152.66209215017065,153.64226659168912
2026-03-16 05:30:00,966.8033333333333,1773639451.185951,151.9703493150685,152.91605692124685
2026-03-16 05:45:00,966.3933333333334,1773640351.173472,153.47255631399318,154.30735985049643
2026-03-16 06:00:00,966.1866666666666,1773641251.3948154,152.36394520547944,153.1325766617089
2026-03-16 06:15:00,965.9733333333334,1773642151.1646366,151.85599658703072,152.56021531657422
2026-03-16 06:30:00,965.7966666666666,1773643051.1553981,153.24733219178083,153.90633321962062
2026-03-16 06:45:00,965.7233333333334,1773643951.212724,152.34986689419796,152.9836913889181
2026-03-16 07:00:00,965.6300000000001,1773644851.1686935,152.4396917808219,153.046747279557
2026-03-16 07:15:00,965.5833333333334,1773645751.17082,153.06421843003412,153.6601358243264
2026-03-16 07:30:00,965.4766666666668,1773646651.161934,150.72008561643835,151.27621496054147
2026-03-16 07:45:00,965.4366666666666,1773647551.2853563,154.54423549488055,155.1026869952341
2026-03-16 08:00:00,965.2966666666666,1773648451.1506052,151.96096575342466,152.46952022293215
2026-03-16 08:15:00,965.1700000000001,1773649351.1309774,153.6271228668942,154.10416112062146
2026-03-16 08:30:00,965.3000000000001,1773650251.1063857,152.9770787671233,153.4900058734495
2026-03-16 08:45:00,965.2066666666666,1773651149.6118176,153.0637705479452,153.5497564243269
2026-03-16 09:00:00,965.2733333333332,1773652049.59151,153.62501023890783,154.13230027039614
2026-03-16 09:15:00,965.2166666666667,1773652951.0919063,152.81235836177476,153.3004586717043
2026-03-16 09:30:00,965.14,1773653851.3722408,154.1951678082192,154.66515377273998
2026-03-16 09:45:00,965.1233333333333,1773654751.1502411,152.744204778157,153.20491665005326
2026-03-16 10:00:00,965.09,1773655651.129511,152.70615410958905,153.15705095813053
2026-03-16 10:15:00,965.09,1773656549.5834022,153.76190410958904,154.2159182807468
2026-03-16 10:30:00,964.9533333333334,1773657449.5792089,154.7163481228669,155.1328924179608
2026-03-16 10:45:00,964.8966666666666,1773658351.0856006,152.23594539249146,152.62937769471876
2026-03-16 11:00:00,964.7833333333333,1773659251.280426,154.72005821917807,155.08651146891364
2026-03-16 11:15:00,964.65,1773660151.089225,152.18630034129694,152.50811212265043
2026-03-16 11:30:00,964.6233333333333,1773661051.0679822,152.38956506849314,152.7040694694159
2026-03-16 11:45:00,964.5933333333332,1773661951.0475883,152.16492491467577,152.4702746457497
2026-03-16 12:00:00,964.2833333333333,1773662851.0724483,152.79550684931507,153.01197137283305
2026-03-16 12:15:00,964.0333333333333,1773663751.0689964,153.433023890785,153.57742497600097
2026-03-16 12:30:00,963.9666666666667,1773664651.0632381,153.17616438356166,153.30090438505766
2026-03-16 12:45:00,964.0733333333333,1773665551.0939584,153.32461774744027,153.48058088882067
2026-03-16 13:00:00,963.8566666666666,1773666451.0332005,152.9525205479452,153.04508865729173
2026-03-16 13:15:00,963.7599999999999,1773667351.0279713,153.14659044368602,153.21113364317142
2026-03-16 13:30:00,963.6266666666667,1773668251.0175939,151.4000376712329,151.42547881018405
2026-03-16 13:45:00,963.6133333333333,1773669151.089702,153.87682252559728,153.8987810429524
2026-03-16 14:00:00,963.4033333333333,1773670051.0130243,154.32695205479453,154.28740185016966
2026-03-16 14:15:00,963.13,1773670951.0151408,154.34445051194538,154.2247809519608
2026-03-16 14:30:00,963.0033333333334,1773671851.08859,154.01605479452056,153.85960651835478
2026-03-16 14:45:00,962.8733333333333,1773672751.0184662,153.8503276450512,153.6560899713868
2026-03-16 15:00:00,962.7033333333333,1773673650.967378,153.93305136986302,153.6890596723665
2026-03-16 15:15:00,962.4133333333333,1773674550.9681737,153.54549829351535,153.2176746857667
2026-03-16 15:30:00,961.9866666666667,1773675451.1472452,154.17301712328768,153.71918820044195
2026-03-16 15:45:00,961.9200000000001,1773676350.9826865,155.71674061433447,155.23870272023328
2026-03-16 16:00:00,961.7733333333334,1773677251.035034,155.20489383561642,154.68531562214199
2026-03-16 16:15:00,961.77,1773678151.0203795,153.65903412969283,153.14366106578314
2026-03-16 16:30:00,961.6066666666667,1773679050.9929056,153.95641780821916,153.39243714471064
2026-03-16 16:45:00,961.4266666666667,1773679950.9823594,154.67913651877134,154.05981089073262
2026-03-16 17:00:00,961.7566666666667,1773680851.0693944,155.13098287671235,154.60675613624906
2026-03-16 17:15:00,961.77,1773681750.9346375,154.4524470989761,153.9344129245418
2026-03-16 17:30:00,961.68,1773682650.9088173,153.9466301369863,153.40405813791293
2026-03-16 17:45:00,961.7633333333333,1773683550.8931456,153.7340375426621,153.2164721627093
2026-03-16 18:00:00,961.8166666666666,1773684451.0866888,154.8371095890411,154.3314687052042
2026-03-16 18:15:00,961.8933333333333,1773685350.844155,155.63184641638225,155.14620820029657
2026-03-16 18:30:00,961.7466666666666,1773686250.8043194,153.1381404109589,152.61774822334317
2026-03-16 18:45:00,961.6999999999999,1773687150.8925889,154.80764505119453,154.26790054603927
2026-03-16 19:00:00,961.8166666666666,1773688050.8121278,153.2987089041096,152.79809186942674
2026-03-16 19:15:00,961.94,1773688950.8047984,154.87629010238908,154.40669966700264
2026-03-16 19:30:00,962.0466666666666,1773689850.799841,153.42547260273972,152.99128418959984
2026-03-16 19:45:00,962.0733333333334,1773690750.971112,153.50233447098975,153.07568417979272
2026-03-16 20:00:00,962.3033333333333,1773691650.7891815,152.6874109589041,152.32957918056027
2026-03-16 20:15:00,962.2766666666666,1773692550.831378,154.35223208191127,153.9826967113644
2026-03-16 20:30:00,962.41,1773693450.7748752,152.64970547945205,152.32282969820648
2026-03-16 20:45:00,962.4200000000001,1773694350.7565851,153.6157372013652,153.28970528903588
2026-03-16 21:00:00,962.5466666666666,1773695250.8561172,153.78746917808218,153.49801019365813
2026-03-16 21:15:00,962.6566666666668,1773696150.7180927,153.76836860068258,153.51102601930546
2026-03-16 21:30:00,962.8299999999999,1773697050.7250063,153.99523630136986,153.78815326643905
2026-03-16 21:45:00,962.9433333333333,1773697949.1695595,154.21645890410957,154.04224524209056
2026-03-16 22:00:00,963.25,1773698849.1848102,154.4444709897611,154.35991392837028
2026-03-16 22:15:00,963.3266666666667,1773699750.7125192,153.05605802047782,152.99454568601107
2026-03-16 22:30:00,963.4,1773700650.912919,153.98795547945207,153.94751714728784
2026-03-16 22:45:00,963.57,1773701550.7330348,154.16937542662117,154.17868112450395
2026-03-16 23:00:00,963.87,1773702450.734638,153.65144520547946,153.74833121810136
2026-03-16 23:15:00,964.0466666666666,1773703350.7217672,153.2929180887372,153.44107444022256
2026-03-16 23:30:00,964.18,1773704250.6774278,153.5632294520548,153.75059227403548
2026-03-16 23:45:00,964.1466666666666,1773705150.8416035,152.84605460750853,153.02285064883014
2026-03-17 00:00:00,964.1566666666666,1773706050.6792636,152.59175342465753,152.771157941874
2026-03-17 00:15:00,964.3833333333333,1773706950.7204354,153.22319112627986,153.4694179671411
2026-03-17 00:30:00,964.5933333333332,1773707850.9059615,152.217801369863,152.5232572082503
2026-03-17 00:45:00,964.5833333333334,1773708750.741463,151.96339249146757,152.26544473599552
2026-03-17 01:00:00,964.7766666666666,1773709650.7342215,153.02513013698632,153.3856260658925
2026-03-17 01:15:00,964.9133333333333,1773710550.723689,153.94386689419795,154.34660064332195
2026-03-17 01:30:00,964.9699999999999,1773711450.755371,154.36537671232878,154.78587755893926
2026-03-17 01:45:00,965.1833333333334,1773712350.7594361,153.1161228668942,153.59546541485267
2026-03-17 02:00:00,965.3466666666667,1773713250.9597366,152.65834931506848,153.1837894259054
2026-03-17 02:15:00,965.65,1773714150.789545,153.17866552901023,153.7945078985102
2026-03-17 02:30:00,965.8766666666667,1773715050.8047361,152.5235993150685,153.20277316625445
2026-03-17 02:45:00,966.0366666666667,1773715950.7914515,152.18617064846418,152.91031963239138
2026-03-17 03:00:00,966.0433333333334,1773716850.8333867,152.42225342465755,153.1494656445748
2026-03-17 03:15:00,966.2333333333332,1773717750.8287466,153.02496928327645,153.81057267846103
2026-03-17 03:30:00,966.35,1773718651.0176723,150.98148287671233,151.7902384778132
2026-03-17 03:45:00,966.5933333333332,1773719550.845587,151.51053583617747,152.39256526912877
2026-03-17 04:00:00,966.6733333333333,1773720450.840762,152.85574315068493,153.76897491227572
2026-03-17 04:15:00,966.93,1773721350.9561343,151.94570307167237,152.928057562285
2026-03-17 04:30:00,967.15,1773722250.8296366,152.6212294520548,153.67217287920107
2026-03-17 04:45:00,967.19,1773723150.8304627,152.29074744027304,153.35106942046482
2026-03-17 05:00:00,967.3933333333334,1773724051.0258424,152.25935616438358,153.37870344438915
2026-03-17 05:15:00,967.5300000000001,1773724950.873053,152.64305460750853,153.80515556564717
2026-03-17 05:30:00,967.59,1773725850.8445046,152.27012671232876,153.44688044592456
2026-03-17 05:45:00,967.7600000000001,1773726750.851928,152.10192832764506,153.32689880381696
2026-03-17 06:00:00,968.1966666666667,1773727650.8477113,152.13729452054793,153.48984241585757
2026-03-17 06:15:00,968.4733333333334,1773728550.8502886,152.41856996587032,153.85447340238179
2026-03-17 06:30:00,968.5766666666667,1773729450.8432982,150.24428424657535,151.68948297098925
2026-03-17 06:45:00,968.6466666666666,1773730349.3392003,151.76708561643835,153.2473126938822
2026-03-17 07:00:00,968.7833333333333,1773731249.3074698,152.7167781569966,154.24631527975131
2026-03-17 07:15:00,968.9499999999999,1773732150.8257818,151.64892832764505,153.21628119259412
2026-03-17 07:30:00,969.0533333333333,1773733050.845352,152.41334931506847,154.01883884312363
2026-03-17 07:45:00,969.12,1773733950.9722493,150.56024914675768,152.16549159008918
2026-03-17 08:00:00,969.2933333333334,1773734850.83157,152.30991780821918,153.98451874448614
2026-03-17 08:15:00,969.5566666666667,1773735750.8248148,150.404023890785,152.13376866335147
2026-03-17 08:30:00,969.6866666666666,1773736650.815448,152.25338356164383,154.0424409658668
2026-03-17 08:45:00,969.7400000000001,1773737550.8048863,151.40602389078498,153.20064791860145
2026-03-17 09:00:00,969.7733333333332,1773738450.931782,152.26227397260274,154.0768050689456
2026-03-17 09:15:00,969.8233333333333,1773739350.850959,152.43946075085324,154.2707584330684
2026-03-17 09:30:00,969.9466666666667,1773740250.8892326,152.5882191780822,154.45749423571937
2026-03-17 09:45:00,969.9966666666666,1773741149.3428845,152.32364726027396,154.20432990714914
2026-03-17 10:00:00,970.1166666666667,1773742049.3713262,152.39883617747438,154.31562710587733
2026-03-17 10:15:00,970.04,1773742950.913573,152.46017064846416,154.35524695698803
2026-03-17 10:30:00,970.1700000000001,1773743851.0590224,152.24222602739727,154.172669236174
2026-03-17 10:45:00,970.23,1773744750.950118,152.28531058020477,154.23388176479307
2026-03-17 11:00:00,970.25,1773745650.8859332,151.34803424657534,153.29043741013035
2026-03-17 11:15:00,970.2400000000001,1773746550.878796,150.61537883959042,152.54548069992072
2026-03-17 11:30:00,970.2933333333334,1773747450.9869258,152.18266438356164,154.14847023896567
2026-03-17 11:45:00,970.3133333333334,1773748350.8826427,152.04413310580205,154.01400191678354
2026-03-17 12:00:00,970.3233333333333,1773749250.9140334,151.65021575342465,153.6178997223595
2026-03-17 12:15:00,970.4666666666667,1773750150.9020715,151.6609215017065,153.67058830484993
2026-03-17 12:30:00,970.5066666666667,1773751050.881792,152.49149315068493,154.52390927304137
2026-03-17 12:45:00,970.54,1773751951.141213,150.93613651877132,152.95750975321712
2026-03-17 13:00:00,970.5133333333333,1773752850.903567,152.20726369863013,154.23784526013947
2026-03-17 13:15:00,970.4633333333333,1773753751.0374625,150.97748464163823,152.9771263290016
2026-03-17 13:30:00,970.4466666666667,1773754650.8788662,153.4979589041096,155.52605828344886
2026-03-17 13:45:00,970.5033333333334,1773755550.8809364,150.8374914675768,152.84689491904115
2026-03-17 14:00:00,970.5633333333334,1773756450.8877742,152.3250582191781,154.37187589698604
2026-03-17 14:15:00,970.6133333333333,1773757351.11141,150.9841843003413,153.02752135158462
2026-03-17 14:30:00,970.7233333333334,1773758250.876342,150.99024315068493,153.06564957704632
2026-03-17 14:45:00,970.77,1773759150.8778355,152.17613651877133,154.28152242898435
2026-03-17 15:00:00,970.6733333333333,1773760050.9441824,151.93229452054797,154.00601846035545
2026-03-17 15:15:00,970.7466666666666,1773760950.9310887,151.87325597269626,153.96762542334235
2026-03-17 15:30:00,970.8866666666667,1773761850.9386368,152.6839794520548,154.83070846966964
2026-03-17 15:45:00,971.1266666666667,1773762751.1443317,151.90876109215017,154.1148509303364
2026-03-17 16:00:00,971.0,1773763650.9148107,151.74719863013698,153.9138957809508
2026-03-17 16:15:00,971.0866666666667,1773764550.9423358,152.03978498293515,154.2360552254957
2026-03-17 16:30:00,971.1233333333333,1773765450.9888222,150.9033664383562,153.093885869052
2026-03-17 16:45:00,971.19,1773766350.9614685,152.11143686006827,154.33904106412626
2026-03-17 17:00:00,971.1266666666667,1773767250.977263,152.8777979452055,155.09796058827132
2026-03-17 17:15:00,971.2766666666666,1773768151.138274,151.98419795221844,154.23533412658873
2026-03-17 17:30:00,971.3133333333334,1773769050.9471045,152.04177397260273,154.30451244920744
2026-03-17 17:45:00,971.3733333333333,1773769950.9299333,151.7840955631399,154.06056108309238
2026-03-17 18:00:00,971.3666666666667,1773770850.902585,152.66535958904112,154.9530795998585
2026-03-17 18:15:00,971.4466666666667,1773771749.4561088,150.88669520547944,153.17104181469148
2026-03-17 18:30:00,971.4966666666666,1773772649.393812,151.6050443686007,153.9148876328106
2026-03-17 18:45:00,971.6233333333333,1773773550.8946245,150.6004027303754,152.93174049237996
2026-03-17 19:00:00,971.75,1773774451.1596282,151.8613801369863,154.24935640540727
2026-03-17 19:15:00,971.9266666666666,1773775350.858995,152.36440955631397,154.8122524090144
2026-03-17 19:30:00,972.0233333333334,1773776250.8527756,150.40325684931506,152.8476628286255
2026-03-17 19:45:00,972.1899999999999,1773777150.838946,151.56074402730377,154.0727438683376
2026-03-17 20:00:00,972.29,1773778050.8360195,152.3140821917808,154.8679901418922
2026-03-17 20:15:00,972.3733333333333,1773778950.8456094,150.6959146757679,153.24695237776538
2026-03-17 20:30:00,972.5566666666667,1773779850.8391545,151.11504794520548,153.7267197099223
2026-03-17 20:45:00,972.6366666666667,1773780750.988365,151.69975426621158,154.34498997389662
2026-03-17 21:00:00,972.6466666666666,1773781650.867748,151.3756404109589,154.01815076179875
2026-03-17 21:15:00,972.6133333333333,1773782550.85429,152.58668259385666,155.24050146466348
2026-03-17 21:30:00,972.7766666666666,1773783450.852107,152.2286198630137,154.92428194285876
2026-03-17 21:45:00,972.9366666666666,1773784350.828691,150.71650511945393,153.43202694159336
2026-03-17 22:00:00,973.1999999999999,1773785250.8056052,151.40210616438355,154.20711640727842
2026-03-17 22:15:00,973.37,1773786150.9379363,151.30449488054606,154.15748151572075
2026-03-17 22:30:00,973.4033333333333,1773787050.7906127,153.26689726027396,156.16677706243854
2026-03-17 22:45:00,973.3000000000001,1773787950.7909951,152.5498976109215,155.40569713782818
2026-03-17 23:00:00,973.1633333333333,1773788850.8016155,151.68370205479454,154.4831666917413
2026-03-17 23:15:00,973.1233333333333,1773789750.7976363,150.38452559726963,153.1483729985295
2026-03-17 23:30:00,973.1133333333333,1773790650.8781075,151.91530479452055,154.70434626569616
2026-03-17 23:45:00,973.1833333333334,1773791550.7554696,151.3774914675768,154.17716332253707
2026-03-18 00:00:00,973.23,1773792450.7617772,153.20298630136986,156.05025586445794
2026-03-18 00:15:00,973.12,1773793349.390477,151.27590753424658,154.05516154464905
2026-03-18 00:30:00,973.2233333333334,1773794249.2821198,151.88440273037543,154.7052068744134
2026-03-18 00:45:00,973.0933333333332,1773795150.8032203,151.72539590443685,154.50507949823356
2026-03-18 01:00:00,972.96,1773796050.8106441,151.98268493150687,154.72787949140715
2026-03-18 01:15:00,972.9266666666666,1773796951.114125,151.98127303754265,154.71664306401345
2026-03-18 01:30:00,972.8266666666667,1773797850.8505812,150.7809006849315,153.46550510613514
2026-03-18 01:45:00,972.8566666666667,1773798750.8232162,150.6549419795222,153.34604422275484
2026-03-18 02:00:00,972.98,1773799650.8336358,150.9628595890411,153.69547382165814
2026-03-18 02:15:00,973.0266666666666,1773800550.8093967,152.62560750853243,155.4020979075347
2026-03-18 02:30:00,973.2599999999999,1773801450.7937093,151.71996575342467,154.54848246890472
2026-03-18 02:45:00,973.3933333333333,1773802350.9946876,152.1992627986348,155.07599599652187
2026-03-18 03:00:00,973.4466666666667,1773803250.7573535,151.46306506849314,154.34152246940374
2026-03-18 03:15:00,973.5866666666667,1773804150.777505,151.30354266211606,154.2199855036998
2026-03-18 03:30:00,973.6966666666667,1773805050.7722435,150.6313219178082,153.56689953488004
2026-03-18 03:45:00,973.8000000000001,1773805950.7477605,150.6799829351536,153.64667188431952
2026-03-18 04:00:00,973.7199999999999,1773806850.7565355,151.27075342465753,154.22562978352454
2026-03-18 04:15:00,973.7466666666666,1773807750.8466077,151.43953924914678,154.40553563400303
2026-03-18 04:30:00,973.65,1773808650.7664473,151.27648630136986,154.21096322239896
2026-03-18 04:45:00,973.6999999999999,1773809550.7764373,150.05719795221842,152.98255564426853
2026-03-18 05:00:00,973.4866666666667,1773810450.937949,152.5720410958904,155.48339015619302
2026-03-18 05:15:00,973.3966666666666,1773811350.8425288,151.24919112627987,154.10894294649418
2026-03-18 05:30:00,973.4266666666666,1773812250.8383155,153.24088356164384,156.14719354486482
2026-03-18 05:45:00,973.29,1773813150.8489609,151.99260750853244,154.8350324320818
2026-03-18 06:00:00,973.3466666666667,1773814051.0481205,151.47958219178082,154.32902818874487
2026-03-18 06:15:00,973.4066666666668,1773814950.8313878,151.34044709897609,154.20485421055972
2026-03-18 06:30:00,973.2333333333332,1773815850.798527,150.40525342465753,153.20149754025869
2026-03-18 06:45:00,972.8666666666667,1773816749.2448316,150.71697260273973,153.41209768181443
2026-03-18 07:00:00,972.7466666666666,1773817649.2557414,150.39139931740615,153.04580406437827
2026-03-18 07:15:00,972.7233333333334,1773818550.7846107,151.93470648464162,154.60949606143592
2026-03-18 07:30:00,972.6566666666668,1773819451.0008214,152.11976369863012,154.77820470120307
2026-03-18 07:45:00,972.77,1773820350.7787218,151.83993515358364,154.5267570592002
2026-03-18 08:00:00,972.7333333333332,1773821250.7852228,151.80104452054795,154.47641602089948
2026-03-18 08:15:00,972.8233333333334,1773822150.7635136,151.34902047781569,154.04276447810025
2026-03-18 08:30:00,972.86,1773823050.7457063,152.67704109589042,155.40524769511745
2026-03-18 08:45:00,972.7533333333334,1773823950.8792932,151.16517064846414,153.8351810082925
2026-03-18 09:00:00,972.87,1773824850.7454731,152.12818150684933,154.84952257317642
2026-03-18 09:15:00,973.25,1773825750.7659075,151.60790443686008,154.43139776775325
2026-03-18 09:30:00,973.4066666666666,1773826650.7613745,149.4622705479452,152.2911295798666
2026-03-18 09:45:00,973.23,1773827549.3071773,152.5020684931507,155.336311535087
2026-03-18 10:00:00,973.0966666666667,1773828449.2566378,151.43294197952218,154.20824432324227
2026-03-18 10:15:00,972.9866666666667,1773829350.7735136,151.59405802047783,154.34005268599918
2026-03-18 10:30:00,972.87,1773830250.7512417,151.2702979452055,153.9762927834813
2026-03-18 10:45:00,972.77,1773831150.9631636,151.5052901023891,154.18619043241196
2026-03-18 11:00:00,972.81,1773832050.7407084,151.01123630136988,153.69507468482325
2026-03-18 11:15:00,972.7633333333333,1773832950.7566304,150.89722184300342,153.5654171738274
2026-03-18 11:30:00,972.8066666666667,1773833850.7641332,150.7028184931507,153.3802041280726
2026-03-18 11:45:00,973.0500000000001,1773834750.7880285,152.60158361774745,155.3845255471476
2026-03-18 12:00:00,973.21,1773835651.037092,150.13137671232877,152.91574966144842
2026-03-18 12:15:00,973.1833333333334,1773836550.8217258,150.41280204778158,153.19463232146586
2026-03-18 12:30:00,973.12,1773837450.7861326,152.64092465753424,155.44525688016495
2026-03-18 12:45:00,973.2466666666666,1773838350.828117,151.18835494880545,154.00305937891488
2026-03-18 13:00:00,973.3366666666667,1773839250.7751858,151.3641609589041,154.2085058053647
2026-03-18 13:15:00,973.4266666666666,1773840150.789484,151.96825938566553,154.8504332489323
2026-03-18 13:30:00,973.4699999999999,1773841050.7788653,151.0175,153.89431222212653
2026-03-18 13:45:00,973.5,1773841950.96374,150.92443686006825,153.80824309322597
2026-03-18 14:00:00,973.5099999999999,1773842850.789473,150.92466780821917,153.81140084309874
2026-03-18 14:15:00,973.5099999999999,1773843750.8033366,151.26502047781568,154.15826343124667
2026-03-18 14:30:00,973.48,1773844650.9889112,151.32370205479452,154.20927723022862
2026-03-18 14:45:00,973.3533333333334,1773845550.7844973,151.40197269624574,154.25191264483644
2026-03-18 15:00:00,973.25,1773846450.7763288,151.7184691780822,154.5440216285881
2026-03-18 15:15:00,973.2400000000001,1773847350.8095002,152.20135494880546,155.0329548432586
2026-03-18 15:30:00,973.1533333333333,1773848250.8253658,152.11051369863011,154.9149121324967
2026-03-18 15:45:00,972.9900000000001,1773849150.789062,150.92821160409557,153.66311823689733
2026-03-18 16:00:00,972.7733333333332,1773850050.7973032,152.07340753424657,154.76534093294347
2026-03-18 16:15:00,972.6666666666666,1773850949.2990777,151.4760890410959,154.12620957238994
2026-03-18 16:30:00,972.6266666666667,1773851849.2600424,152.78982593856657,155.45111596513377
2026-03-18 16:45:00,972.5799999999999,1773852750.7863216,152.5456279863481,155.18890388517713
2026-03-18 17:00:00,972.5600000000001,1773853650.976119,152.2324691780822,154.864433772108
2026-03-18 17:15:00,972.7233333333334,1773854550.7961464,151.87546416382253,154.54921078772017
2026-03-18 17:30:00,972.8866666666667,1773855450.799006,151.8306575342466,154.55157040620716
2026-03-18 17:45:00,972.86,1773856350.807976,152.0295699658703,154.7462068163188
2026-03-18 18:00:00,972.6733333333333,1773857250.9740286,151.57089383561643,154.2246265053656
2026-03-18 18:15:00,972.5633333333334,1773858150.8056483,152.72791467576792,155.36942908701224
2026-03-18 18:30:00,972.4333333333334,1773859050.807993,151.92543150684932,154.51489663114643
2026-03-18 18:45:00,972.4966666666666,1773859950.819293,153.2628771331058,155.8938962073706
2026-03-18 19:00:00,972.3766666666667,1773860850.8117354,152.73825000000002,155.32484485127335
2026-03-18 19:15:00,972.6199999999999,1773861750.837058,153.64425255972697,156.31844492532514
2026-03-18 19:30:00,972.68,1773862651.0389555,150.52385958904108,153.16120060927912
2026-03-18 19:45:00,972.86,1773863550.817161,152.49276791808873,155.21768171509657
2026-03-18 20:00:00,972.8166666666666,1773864450.8323398,151.28150342465753,153.97209541564214
2026-03-18 20:15:00,972.8066666666667,1773865350.8801727,151.0017098976109,153.68440563595826
2026-03-18 20:30:00,972.9,1773866250.798049,151.64050684931507,154.361922538889
2026-03-18 20:45:00,972.9200000000001,1773867150.7980008,152.27194539249146,155.01058348136084
2026-03-18 21:00:00,972.9666666666667,1773868050.7890034,152.9100582191781,155.67397536157773
2026-03-18 21:15:00,973.0100000000001,1773868950.7907267,152.3204266211604,155.0864541699227
2026-03-18 21:30:00,973.0833333333334,1773869851.0092173,150.97251712328767,153.7354866069311
2026-03-18 21:45:00,973.0133333333333,1773870750.788994,150.11906825938567,152.84608877241251
2026-03-18 22:00:00,973.0833333333334,1773871650.7939231,151.18796575342466,153.95487819305572
2026-03-18 22:15:00,973.1366666666667,1773872549.4027817,152.56138013698632,155.36917090667606
2026-03-18 22:30:00,973.1233333333333,1773873449.28538,152.0386757679181,154.83292402745965
2026-03-18 22:45:00,973.2133333333335,1773874350.7886214,151.66977815699659,154.48366106609814
2026-03-18 23:00:00,973.1966666666667,1773875250.7847252,151.44011643835617,154.24485400626608
2026-03-18 23:15:00,973.0833333333334,1773876150.925113,151.8094300341297,154.5877159798497
2026-03-18 23:30:00,973.18,1773877050.8174264,150.5756883561644,153.35955987281412
2026-03-18 23:45:00,973.2466666666666,1773877950.8444042,152.08619795221844,154.91761770858503
2026-03-19 00:00:00,973.0966666666667,1773878850.8669934,151.67595547945206,154.45571151684734
2026-03-19 00:15:00,973.06,1773879750.8589413,152.12867576791808,154.90593662640993
2026-03-19 00:30:00,973.09,1773880651.0626707,151.61612328767126,154.39282712925367
2026-03-19 00:45:00,973.1733333333333,1773881550.8633265,152.0543686006826,154.86361661629297
2026-03-19 01:00:00,973.23,1773882450.8682082,151.29054109589043,154.10226796391692
2026-03-19 01:15:00,973.3233333333334,1773883350.8727849,151.6374470989761,154.48301375599107
2026-03-19 01:30:00,973.46,1773884250.8629491,151.68391438356164,154.57048461860168
2026-03-19 01:45:00,973.4,1773885150.9453204,151.6555460750853,154.52395972093203
2026-03-19 02:00:00,973.4033333333333,1773886050.825716,151.72690410958904,154.5976465369325
2026-03-19 02:15:00,973.3566666666667,1773886950.8161316,150.77354266211606,153.61262613142614
2026-03-19 02:30:00,973.4066666666668,1773887850.7807002,152.56091095890412,155.4484176808485
2026-03-19 02:45:00,973.2566666666667,1773888750.8562794,152.1929829351536,155.02933625872635
2026-03-19 03:00:00,973.1633333333333,1773889650.705473,151.91408561643837,154.71780219756252
2026-03-19 03:15:00,973.1666666666666,1773890550.6772316,152.08080546075084,154.88857997048527
2026-03-19 03:30:00,973.09,1773891450.7018895,151.3794897260274,154.15185985094817
2026-03-19 03:45:00,973.0266666666666,1773892350.6433597,151.98655290102388,154.75141793118308
2026-03-19 04:00:00,972.9833333333332,1773893250.6388235,151.10439383561643,153.8405443332861
2026-03-19 04:15:00,973.0033333333334,1773894150.6842055,152.37356313993175,155.13859050775514
2026-03-19 04:30:00,973.0499999999998,1773895050.8964818,151.8863595890411,154.65625822694176
2026-03-19 04:45:00,972.9433333333333,1773895950.7268314,152.6927542662116,155.4458519577198
2026-03-19 05:00:00,972.9166666666666,1773896850.7266734,151.0067671232877,153.72167718169152
2026-03-19 05:15:00,972.8433333333334,1773897750.7303195,152.6962866894198,155.4199154821647
2026-03-19 05:30:00,972.7233333333334,1773898650.7175055,152.35449657534247,155.03667649885233
2026-03-19 05:45:00,972.6166666666667,1773899550.80699,152.33507167235496,154.98549604612342
2026-03-19 06:00:00,972.67,1773900450.7320917,151.00898630136987,153.65190785296147
2026-03-19 06:15:00,972.59,1773901350.748491,153.26123208191126,155.91987025491784
2026-03-19 06:30:00,972.4399999999999,1773902250.7679076,151.57397260273973,154.15940002363908
2026-03-19 06:45:00,972.4133333333333,1773903150.8214366,152.27968941979523,154.8693074825475
2026-03-19 07:00:00,972.3466666666667,1773904051.0824075,151.82131849315067,154.38358515876553
2026-03-19 07:15:00,972.4366666666666,1773904950.8261347,152.3658156996587,154.96376830556835
2026-03-19 07:30:00,972.39,1773905850.97876,150.92416438356165,153.48392623071462
2026-03-19 07:45:00,972.2433333333333,1773906749.9731874,152.59322260273973,155.13805482188596
2026-03-19 08:00:00,972.1633333333333,1773907649.8863373,151.51602730375427,154.01948214889202
2026-03-19 08:15:00,972.0466666666666,1773908551.3527539,151.6419351535836,154.11330476806583
2026-03-19 08:30:00,972.0099999999999,1773909451.2374597,151.53509246575342,153.99399220014246
2026-03-19 08:45:00,972.02,1773910351.284148,152.27302389078497,154.7468379071865
2026-03-19 09:00:00,971.9166666666666,1773911251.2001302,153.2138869863014,155.67241949539627
2026-03-19 09:15:00,971.8366666666667,1773912151.2225733,152.20251535836178,154.6213147597719
2026-03-19 09:30:00,971.8966666666666,1773913051.3746881,152.2554383561644,154.69271277292304
2026-03-19 09:45:00,971.9200000000001,1773913951.251042,151.83096928327646,154.26828796037034
2026-03-19 10:00:00,971.9200000000001,1773914851.225957,152.4334109589041,154.88040053749322
2026-03-19 10:15:00,971.9433333333333,1773915751.2324376,152.18370648464165,154.63354286500788
2026-03-19 10:30:00,971.9866666666667,1773916651.2097764,152.69018835616438,155.16095241789438
2026-03-19 10:45:00,971.9133333333333,1773917549.7079372,151.6405890410959,154.07289997166959
2026-03-19 11:00:00,972.0133333333333,1773918449.6865156,151.3669965870307,153.82414291287384
2026-03-19 11:15:00,972.02,1773919351.3095267,151.84564163822526,154.31251244052538
2026-03-19 11:30:00,972.0500000000001,1773920251.1609793,153.49457534246574,155.99712615799277
2026-03-19 11:45:00,972.06,1773921151.1657133,152.88957337883957,155.38521263086133
2026-03-19 12:00:00,971.9433333333333,1773922051.203517,152.52423630136985,154.97955449285038
2026-03-19 12:15:00,971.9466666666667,1773922951.1383817,152.2964880546075,154.74912005479976
2026-03-19 12:30:00,971.9,1773923851.1434083,152.33910616438357,154.77870018057553
2026-03-19 12:45:00,972.0066666666667,1773924751.140063,151.7189590443686,154.17986583309545
2026-03-19 13:00:00,972.0033333333334,1773925651.2889032,152.34461301369862,154.8146875179023
2026-03-19 13:15:00,971.9733333333334,1773926551.1351779,151.76302389078498,154.21487816708398
2026-03-19 13:30:00,972.1066666666667,1773927451.1007285,152.4166712328767,154.9183267155018
2026-03-19 13:45:00,972.0933333333332,1773928351.101725,152.411590443686,154.90923811688808
2026-03-19 14:00:00,972.0866666666667,1773929251.0871196,151.6388595890411,154.12189189850238
2026-03-19 14:15:00,971.9966666666666,1773930151.1431303,152.50113993174062,154.97178933278477
2026-03-19 14:30:00,971.8666666666667,1773931051.0934393,152.66877739726027,155.1038272920803
2026-03-19 14:45:00,971.9433333333333,1773931951.0875673,153.27139249146757,155.73873832019387
2026-03-19 15:00:00,971.9066666666666,1773932851.2089782,151.67412328767122,154.10502009736547
2026-03-19 15:15:00,971.9166666666666,1773933751.0958116,152.1096757679181,154.55048965352069
2026-03-19 15:30:00,971.9033333333333,1773934651.0718358,153.85222260273974,156.3170380236497
2026-03-19 15:45:00,971.8633333333333,1773935551.0589306,151.605795221843,154.02291518850737
2026-03-19 16:00:00,971.8800000000001,1773936451.057634,153.66696917808218,156.1218951578845
2026-03-19 16:15:00,971.85,1773937349.54637,152.43463356164384,154.8610448777845
2026-03-19 16:30:00,971.8766666666667,1773938249.5656714,152.52847440273038,154.9642307729207
2026-03-19 16:45:00,971.8266666666667,1773939151.0840416,151.35754266211606,153.75999230633295
2026-03-19 17:00:00,971.7233333333334,1773940051.0648947,152.84438356164384,155.23995158438714
2026-03-19 17:15:00,971.7066666666666,1773940951.080555,153.49149488054607,155.89226857320284
2026-03-19 17:30:00,971.62,1773941851.2815013,153.0096301369863,155.37727937636055
2026-03-19 17:45:00,971.5300000000001,1773942751.0680733,152.20858703071673,154.53741288592795
2026-03-19 18:00:00,971.61,1773943651.0611904,150.56616780821918,152.89310226274782
2026-03-19 18:15:00,971.4,1773944551.0662725,151.11180204778157,153.38595583390546
2026-03-19 18:30:00,971.3533333333334,1773945451.2216544,153.0108082191781,155.29977053400268
2026-03-19 18:45:00,971.3366666666667,1773946351.056437,152.1096109215017,154.38020300842567
2026-03-19 19:00:00,971.2866666666667,1773947251.0704424,151.1731404109589,153.4151783486439
2026-03-19 19:15:00,971.3266666666667,1773948149.7494726,152.54590410958906,154.82006728464265
2026-03-19 19:30:00,971.1966666666667,1773949049.5549424,151.49429010238907,153.71480350906
2026-03-19 19:45:00,971.0766666666667,1773949951.04197,151.7648805460751,153.9542545349824
2026-03-19 20:00:00,971.0833333333334,1773950851.0314226,152.15278082191782,154.34970577942389
2026-03-19 20:15:00,971.0499999999998,1773951751.1744652,150.93951877133105,153.10922828534453
2026-03-19 20:30:00,971.0633333333334,1773952650.982231,151.81221232876712,153.99836778888158
2026-03-19 20:45:00,970.8766666666667,1773953550.961811,150.61078156996587,152.7254597190647
2026-03-19 21:00:00,970.8866666666667,1773954451.1951215,150.97894520547945,153.10170152794782
2026-03-19 21:15:00,970.7866666666667,1773955350.942764,152.1378976109215,154.24763890977013
2026-03-19 21:30:00,970.7333333333332,1773956250.8987684,151.20698630136988,153.28828437743564
2026-03-19 21:45:00,970.71,1773957151.080787,150.91003071672355,152.9804590449378
2026-03-19 22:00:00,970.7199999999999,1773958050.9474545,151.15418493150685,153.2308743218085
2026-03-19 22:15:00,970.69,1773958950.955753,151.13204778156998,153.19970040039803
2026-03-19 22:30:00,970.7233333333334,1773959850.9216201,150.37016780821918,152.43705111200174
2026-03-19 22:45:00,970.7333333333332,1773960750.9045846,152.11019453924914,154.20392488193013
2026-03-19 23:00:00,970.61,1773961650.9342308,152.16108219178082,154.219370007132
2026-03-19 23:15:00,970.4466666666667,1773962550.8795118,151.20729692832765,153.20513082293652
2026-03-19 23:30:00,970.4133333333333,1773963450.8829021,151.99383561643833,153.99230853733926
2026-03-19 23:45:00,970.4699999999999,1773964350.8782513,152.58966211604096,154.61261491976785
2026-03-20 00:00:00,970.4499999999999,1773965250.9049776,152.0650890410959,154.07523236316567
2026-03-20 00:15:00,970.4033333333333,1773966150.917237,151.7385733788396,153.73076910212242
2026-03-20 00:30:00,970.3633333333333,1773967051.0017521,151.9752191780822,153.95882054023883
2026-03-20 00:45:00,970.3166666666666,1773967950.95064,152.10745733788397,154.0791224027301
2026-03-20 01:00:00,970.2633333333333,1773968850.927235,153.25948630136986,155.23035352454733
2026-03-20 01:15:00,970.1866666666666,1773969749.4205365,151.61407534246575,153.54141561978673
2026-03-20 01:30:00,970.2199999999999,1773970649.404084,151.6620853242321,153.5997635884367
2026-03-20 01:45:00,970.1766666666666,1773971550.904692,151.81932081911265,153.74634899853777
2026-03-20 02:00:00,970.0099999999999,1773972450.9048712,151.951698630137,153.83168598751598
2026-03-20 02:15:00,970.0099999999999,1773973350.911312,152.07018088737203,153.95163413916146
2026-03-20 02:30:00,970.0300000000001,1773974250.9195638,153.28691095890412,155.18931500489973
2026-03-20 02:45:00,970.09,1773975151.134618,151.8003651877133,153.70184111134256
2026-03-20 03:00:00,969.9266666666666,1773976050.9043171,153.89172260273972,155.77104675770877
2026-03-20 03:15:00,969.8299999999999,1773976950.904012,152.0200170648464,153.8482245851216
2026-03-20 03:30:00,969.7233333333334,1773977850.9173384,151.69315753424658,153.4863244958868
2026-03-20 03:45:00,969.65,1773978750.918773,151.7496689419795,153.522111687917
2026-03-20 04:00:00,969.5433333333334,1773979651.0480657,151.18046232876713,152.91526274945858
2026-03-20 04:15:00,969.4966666666668,1773980550.958821,152.42195563139933,154.15733300278788
2026-03-20 04:30:00,969.3266666666667,1773981450.9775774,151.68127739726026,153.3586790333618
2026-03-20 04:45:00,969.21,1773982350.94923,152.40825597269625,154.05954341475191
2026-03-20 05:00:00,969.1466666666666,1773983250.940306,152.23841095890413,153.86934146783102
2026-03-20 05:15:00,969.0233333333332,1773984150.9334455,151.0694061433447,152.65203744819075
2026-03-20 05:30:00,968.87,1773985050.912202,150.91542123287672,152.4520185379969
2026-03-20 05:45:00,968.62,1773985951.0444274,152.4585563139932,153.93772779052568
2026-03-20 06:00:00,968.4900000000001,1773986850.9200597,151.83512328767122,153.27038368048343
2026-03-20 06:15:00,968.4366666666666,1773987750.909616,151.93289761092151,153.35354162763804
2026-03-20 06:30:00,968.1899999999999,1773988650.90673,151.90238013698632,153.25089837997743
2026-03-20 06:45:00,968.0300000000001,1773989550.9124005,152.320023890785,153.62554051580668
2026-03-20 07:00:00,967.91,1773990450.9335659,151.60142465753427,152.8659248504013
2026-03-20 07:15:00,967.7633333333333,1773991350.9001946,152.91139590443686,154.14386176275062
2026-03-20 07:30:00,967.7266666666666,1773992250.8978548,151.87139383561643,153.08481199713356
2026-03-20 07:45:00,967.6133333333333,1773993149.4214807,152.52501369863012,153.7105515659874
2026-03-20 08:00:00,967.3933333333333,1773994049.4453413,152.57197952218428,153.69362507872293
2026-03-20 08:15:00,967.0799999999999,1773994951.0536542,152.32495221843004,153.35345812656414
2026-03-20 08:30:00,966.9066666666668,1773995850.9594965,152.69756164383563,153.67796381897583
2026-03-20 08:45:00,966.79,1773996750.9534507,153.18672354948805,154.13609579093637
2026-03-20 09:00:00,966.5966666666667,1773997650.9381664,151.62508219178082,152.50874435019873
2026-03-20 09:15:00,966.4399999999999,1773998550.9510555,151.76019453924914,152.5992136640693
2026-03-20 09:30:00,966.1733333333333,1773999451.158626,153.76653424657536,154.53832633299152
2026-03-20 09:45:00,965.9699999999999,1774000350.930829,152.54019453924914,153.2466156112029
2026-03-20 10:00:00,965.77,1774001250.9409206,152.57948630136985,153.2278516872946
2026-03-20 10:15:00,965.4433333333333,1774002149.5452127,152.31431506849316,152.86664496474995
2026-03-20 10:30:00,965.2166666666667,1774003049.4196162,153.43283276450512,153.922914941291
2026-03-20 10:45:00,965.0833333333334,1774003950.9268336,153.03311604095563,153.48303418221647
2026-03-20 11:00:00,964.9733333333334,1774004850.9141338,151.16656164383562,151.5793087193331
2026-03-20 11:15:00,964.93,1774005751.1615212,153.82295221843003,154.23025352242874
2026-03-20 11:30:00,964.7366666666667,1774006650.9233503,152.93739383561643,153.28603289452826
2026-03-20 11:45:00,964.6633333333334,1774007550.9378262,154.0023924914676,154.33195425825917
2026-03-20 12:00:00,964.5533333333333,1774008450.935224,152.23431506849315,152.52821146037672
2026-03-20 12:15:00,964.36,1774009350.937362,153.95182593856657,154.19238766807592
2026-03-20 12:30:00,964.27,1774010251.0605857,153.0692431506849,153.28221227629592
2026-03-20 12:45:00,964.0799999999999,1774011150.9107747,152.8426928327645,153.00010374494934
2026-03-20 13:00:00,963.93,1774012050.904351,153.1228801369863,153.23690087014504
2026-03-20 13:15:00,963.87,1774012949.4094946,154.92257534246576,155.02026287524473
2026-03-20 13:30:00,963.8000000000001,1774013849.3651145,152.1433515358362,152.2190401305602
2026-03-20 13:45:00,963.7433333333333,1774014750.8466048,153.67336518771333,153.73326209788453
2026-03-20 14:00:00,963.69,1774015650.8234644,152.91423287671233,152.95833333852124
2026-03-20 14:15:00,963.5633333333334,1774016551.007659,153.06820136518772,153.0755016273245
2026-03-20 14:30:00,963.6,1774017450.8040805,153.57618835616438,153.59421286976783
2026-03-20 14:45:00,963.64,1774018350.8055327,152.27651194539249,152.30595873511484
2026-03-20 15:00:00,963.7333333333332,1774019250.8346002,152.71140410958904,152.7680234584074
2026-03-20 15:15:00,963.5266666666666,1774020150.8780074,152.23066211604097,152.22731689435992
2026-03-20 15:30:00,963.3266666666667,1774021050.8405697,152.2069212328767,152.14575016151815
2026-03-20 15:45:00,963.2366666666667,1774021950.9569516,153.101409556314,153.01371141341406
2026-03-20 16:00:00,963.4166666666666,1774022850.8102572,152.76832876712328,152.73304718752328
2026-03-20 16:15:00,963.4733333333334,1774023749.2896657,152.87539041095891,152.85654077394878
2026-03-20 16:30:00,963.2366666666667,1774024649.3186142,152.37966552901023,152.29238080889345
2026-03-20 16:45:00,963.2566666666667,1774025550.8144197,153.162795221843,153.0808788794445
2026-03-20 17:00:00,963.3066666666667,1774026450.7945175,152.1142705479452,152.04735880294092
2026-03-20 17:15:00,963.39,1774027350.8527527,152.2808976109215,152.23801501452854
2026-03-20 17:30:00,963.2733333333334,1774028250.8017664,152.04740068493152,151.97089322648915
2026-03-20 17:45:00,963.2233333333334,1774029150.7931314,151.96484300341297,151.87394837603046
2026-03-20 18:00:00,962.7599999999999,1774030050.7860744,153.35525342465752,153.1286635314867
2026-03-20 18:15:00,962.5533333333333,1774030950.779658,151.68244368600682,151.39886449024226
2026-03-20 18:30:00,962.7833333333333,1774031850.8516293,151.57282534246576,151.35557902262877
2026-03-20 18:45:00,962.6033333333334,1774032750.7588665,152.02232081911262,151.75252200800787
2026-03-20 19:00:00,962.7166666666667,1774033650.7466557,152.98032534246573,152.74171317178812
2026-03-20 19:15:00,962.79,1774034549.2187881,153.12649657534246,152.90896024395144
2026-03-20 19:30:00,962.34,1774035449.266847,152.74146757679182,152.39412553457353
2026-03-20 19:45:00,962.15,1774036350.8849547,151.75440273037543,151.35465643045734
2026-03-20 20:00:00,962.27,1774037250.805445,153.07280136986301,152.70439482219948
2026-03-20 20:15:00,962.08,1774038150.804037,153.856590443686,153.43089896556097
2026-03-20 20:30:00,962.14,1774039050.7894502,152.38876369863013,151.98445865442022
2026-03-20 20:45:00,962.0600000000001,1774039950.7966547,151.98064163822525,151.5543813723087
2026-03-20 21:00:00,962.5266666666666,1774040850.7984552,153.43079452054795,153.1361875839573
2026-03-20 21:15:00,962.2966666666667,1774041750.8226585,154.44609215017064,154.08218708067687
2026-03-20 21:30:00,961.9966666666666,1774042650.8517942,153.03025,152.58268400867684
2026-03-20 21:45:00,962.3000000000001,1774043551.1133473,153.2471433447099,152.88703151354835
2026-03-20 22:00:00,961.8633333333333,1774044450.8498416,152.47864726027396,151.9941844646514
2026-03-20 22:15:00,961.1066666666667,1774045349.3831062,153.48461301369863,152.77715343025406
2026-03-20 22:30:00,960.8266666666667,1774046249.31663,154.07764505119454,153.28588220878152
2026-03-20 22:45:00,961.4066666666666,1774047150.8056633,153.63166552901023,153.01071939175804
2026-03-20 23:00:00,961.81,1774048050.7940629,153.41474657534246,152.91181370918855
2026-03-20 23:15:00,961.5799999999999,1774048950.7990975,151.70910921501707,151.14570275907934
2026-03-20 23:30:00,961.2033333333334,1774049850.834665,153.2733698630137,152.59490799117557
2026-03-20 23:45:00,961.4966666666666,1774050750.8190727,152.36080546075087,151.7709464794684
2026-03-21 00:00:00,961.4900000000001,1774051650.8121798,152.98289383561644,152.38869619414328
2026-03-21 00:15:00,960.6633333333333,1774052551.0751107,153.1721194539249,152.33772704872354
2026-03-21 00:30:00,960.5033333333334,1774053450.8429687,154.3872123287671,153.49952985529947
2026-03-21 00:45:00,960.2800000000001,1774054350.8386414,152.87380204778157,151.93033846505062
2026-03-21 01:00:00,960.1700000000001,1774055250.877868,153.6846678082192,152.70428142180725
2026-03-21 01:15:00,959.9233333333333,1774056150.833195,152.80319112627987,151.75728761117634
2026-03-21 01:30:00,959.6066666666667,1774057050.8323016,153.3315616438356,152.1904460806416
2026-03-21 01:45:00,959.35,1774057950.8460212,153.01450170648465,151.80169906684444
2026-03-21 02:00:00,960.0600000000001,1774058850.9340513,153.688448630137,152.67612548009694
2026-03-21 02:15:00,960.07,1774059750.8560717,152.91889078498295,151.91452294751457
2026-03-21 02:30:00,960.4566666666666,1774060650.8287852,153.84375342465754,152.94563390424344
2026-03-21 02:45:00,960.6066666666667,1774061549.3273203,153.54911301369864,152.6962257886656
2026-03-21 03:00:00,960.4399999999999,1774062449.281056,153.13125255972696,152.23247175402307
2026-03-21 03:15:00,961.1466666666666,1774063350.7858555,154.24936177474405,153.5500465802021
2026-03-21 03:30:00,960.9399999999999,1774064250.7796414,154.16086301369864,153.40170148043038
2026-03-21 03:45:00,960.79,1774065150.7589793,153.42115017064845,152.62212783043927
2026-03-21 04:00:00,960.7400000000001,1774066050.840031,153.271602739726,152.458874966287
2026-03-21 04:15:00,960.3699999999999,1774066950.7722101,152.01035836177476,151.09805909730943
2026-03-21 04:30:00,960.4699999999999,1774067850.7747586,152.60639383561644,151.71934136507716
2026-03-21 04:45:00,960.6966666666667,1774068750.784763,153.74203754266213,152.91422481688417
2026-03-21 05:00:00,960.32,1774069650.7829013,154.53316780821916,153.5911359008428
2026-03-21 05:15:00,960.5100000000001,1774070549.4918044,154.49903767123286,153.61265798192548
2026-03-21 05:30:00,960.8133333333334,1774071449.296036,154.76697610921502,153.96777041692715
2026-03-21 05:45:00,960.15,1774072350.8359592,154.7148156996587,153.7220162384798
2026-03-21 06:00:00,960.1566666666668,1774073250.8262548,154.38837671232878,153.399615047988
2026-03-21 06:15:00,960.4033333333333,1774074151.014805,154.90979180887373,153.9898438023055
2026-03-21 06:30:00,960.7033333333334,1774075050.8091366,152.9730890410959,152.1513439002805
2026-03-21 06:45:00,960.9966666666668,1774075950.809988,155.57194197952217,154.8224999463406
2026-03-21 07:00:00,960.9066666666668,1774076850.994435,155.2954280821918,154.52089277689208
2026-03-21 07:15:00,960.89,1774077750.8113997,155.07241296928328,154.29410389361806
2026-03-21 07:30:00,960.6733333333333,1774078650.7790291,154.11744520547947,153.28081552455035
2026-03-21 07:45:00,960.1966666666667,1774079550.7738264,154.2227542662116,153.246699617378
2026-03-21 08:00:00,960.1466666666666,1774080450.90062,154.67408561643836,153.68057420536715
2026-03-21 08:15:00,960.3066666666667,1774081350.777727,154.5403890784983,153.59442204238613
2026-03-21 08:30:00,960.3933333333333,1774082250.7790778,153.43871575342467,152.52460589088477
2026-03-21 08:45:00,960.0866666666667,1774083149.4618285,155.59153424657535,154.57450732882273
2026-03-21 09:00:00,960.07,1774084049.2659724,153.4906552901024,152.48253211621616
2026-03-21 09:15:00,960.2366666666667,1774084950.795942,155.35317747440274,154.38170109564481
2026-03-21 09:30:00,960.4899999999999,1774085850.7991295,154.80324315068492,153.90926953433566
2026-03-21 09:45:00,960.69,1774086750.8069022,152.70919112627985,151.88501579723106
2026-03-21 10:00:00,960.9133333333333,1774087650.9441388,154.41482534246575,153.64662821798672
2026-03-21 10:15:00,961.0166666666668,1774088550.7999837,153.79250511945392,153.0574513009187
2026-03-21 10:30:00,961.3299999999999,1774089450.795061,153.94463013698632,153.30008672499284
2026-03-21 10:45:00,961.41,1774090349.2995098,153.58243835616437,152.96265994499853
2026-03-21 11:00:00,961.6333333333333,1774091249.2861955,155.19229692832764,154.63162340255377
2026-03-21 11:15:00,961.79,1774092150.810764,154.5006518771331,153.98830746817032
2026-03-21 11:30:00,961.9466666666667,1774093050.78183,155.5045787671233,155.03504710292302
2026-03-21 11:45:00,962.1733333333333,1774093950.9725997,155.0407372013652,154.63918966943828
2026-03-21 12:00:00,962.2966666666666,1774094850.7634175,155.89583904109588,155.52851808560754
2026-03-21 12:15:00,962.3466666666667,1774095750.7704146,154.23156313993172,153.88278171245145
2026-03-21 12:30:00,962.4699999999999,1774096650.7452192,155.07765410958905,154.76322125274027
2026-03-21 12:45:00,962.5866666666667,1774097550.747462,154.3907133105802,154.11183095331526
2026-03-21 13:00:00,962.7266666666666,1774098450.7198703,154.32068150684933,154.08290625334146
2026-03-21 13:15:00,962.8233333333334,1774099350.731708,154.7414914675768,154.53144750525755
2026-03-21 13:30:00,962.9166666666666,1774100250.9365797,154.4083390410959,154.22609429782645
2026-03-21 13:45:00,963.0266666666666,1774101150.7268586,155.52174402730375,155.3706542303827
2026-03-21 14:00:00,963.1433333333334,1774102050.721842,154.4085,154.29268947845296
2026-03-21 14:15:00,963.2966666666667,1774102949.328611,154.58354794520548,154.51261425144972
2026-03-21 14:30:00,963.4333333333334,1774103849.2299821,153.7106177474403,153.6799850036464
2026-03-21 14:45:00,963.59,1774104750.746705,153.0150819112628,153.0301329702981
2026-03-21 15:00:00,963.69,1774105650.7649357,153.92783219178082,153.97222497561262
2026-03-21 15:15:00,963.9166666666666,1774106550.8555686,153.15036177474403,153.26052032267773
2026-03-21 15:30:00,964.0333333333333,1774107450.74134,155.2909212328767,155.43707084905176
2026-03-21 15:45:00,964.16,1774108350.7408106,154.79343686006825,154.9764114451876
2026-03-21 16:00:00,964.4333333333334,1774109250.8453717,154.18067808219178,154.4431149859448
2026-03-21 16:15:00,964.5666666666666,1774110150.7491553,154.70919795221843,155.0117991521612
2026-03-21 16:30:00,964.5566666666667,1774111050.741616,154.70809589041096,155.00774975956753
2026-03-21 16:45:00,964.65,1774111950.7368965,152.98195563139933,153.3054498982701
2026-03-21 17:00:00,964.75,1774112850.7404847,154.46537328767124,154.82141765117453
2026-03-21 17:15:00,964.8566666666667,1774113750.7882123,154.50586006825938,154.89338629970848
2026-03-21 17:30:00,964.9766666666668,1774114650.7286825,152.74228424657537,153.1603037070116
2026-03-21 17:45:00,965.1666666666666,1774115550.737922,153.68727645051194,154.16352511922707
2026-03-21 18:00:00,965.3533333333334,1774116450.904808,153.882301369863,154.41391014121893
2026-03-21 18:15:00,965.43,1774117350.7251072,153.97622184300343,154.53066340352126
2026-03-21 18:30:00,965.5433333333334,1774118250.6981137,153.9867876712329,154.5745487468549
2026-03-21 18:45:00,965.6833333333334,1774119149.3484979,154.13049315068494,154.7599634197197
2026-03-21 19:00:00,965.6700000000001,1774120049.1996858,154.74549146757678,155.37353721559703
2026-03-21 19:15:00,965.6633333333333,1774120950.7289574,153.20964505119454,153.82950893620907
2026-03-21 19:30:00,965.56,1774121850.7398026,152.25198630136987,152.83796550558893
2026-03-21 19:45:00,965.5766666666667,1774122750.7470074,154.09282593856653,154.69078853082297
2026-03-21 20:00:00,965.64,1774123650.8276377,153.61353767123288,154.22819804521913
2026-03-21 20:15:00,965.7533333333334,1774124550.733066,154.40358361774744,155.0547901063779
2026-03-21 20:30:00,965.8933333333334,1774125450.701584,154.05045547945207,154.7413283481061
2026-03-21 20:45:00,966.0100000000001,1774126350.6857572,154.93495221843003,155.66429356662147
2026-03-21 21:00:00,966.14,1774127250.9006135,152.34270205479453,153.09765108532983
2026-03-21 21:15:00,966.1066666666666,1774128150.6711845,154.5196313993174,155.27553398571257
2026-03-21 21:30:00,966.0066666666667,1774129050.654378,152.77675,153.49495968152655
2026-03-21 21:45:00,965.9466666666667,1774129950.6359162,152.8739590443686,153.5751171482209
2026-03-21 22:00:00,966.0,1774130850.630917,154.48515068493148,155.20942562867296
2026-03-21 22:15:00,965.9833333333332,1774131750.6157255,153.01176450511946,153.72426373924458
2026-03-21 22:30:00,966.0833333333334,1774132650.6126342,153.11454452054795,153.85675235579228
2026-03-21 22:45:00,966.2333333333332,1774133550.6778293,152.88744368600683,153.67234104885796
2026-03-21 23:00:00,966.3733333333333,1774134450.6131215,151.92051369863015,152.7410707338717
2026-03-21 23:15:00,966.5133333333333,1774135350.606234,153.11454948805462,153.98250968096465
2026-03-21 23:30:00,966.5566666666667,1774136250.594906,153.2172705479452,154.0984999564349
2026-03-21 23:45:00,966.7033333333334,1774137150.7516594,152.8305870307167,153.75243213673696
2026-03-22 00:00:00,966.7199999999999,1774138050.6072888,152.84881506849314,153.7756396073993
2026-03-22 00:15:00,966.8566666666666,1774138950.639154,154.70568600682594,155.6841907421484
2026-03-22 00:30:00,966.7566666666667,1774139850.660291,152.7873116438356,153.72447234490102
2026-03-22 00:45:00,966.71,1774140750.653237,152.72053583617748,153.6436632750137
2026-03-22 01:00:00,966.6766666666666,1774141650.6498344,153.84394863013696,154.76406456314757
2026-03-22 01:15:00,966.7199999999999,1774142550.6227915,152.14181228668943,153.06434979512724
2026-03-22 01:30:00,966.7866666666667,1774143450.5745761,153.50309931506848,154.4534540818999
2026-03-22 01:45:00,966.6566666666666,1774144350.6766627,152.8288327645051,153.737035334317
2026-03-22 02:00:00,966.6366666666667,1774145250.5449991,150.95598630136988,151.8472889632996
2026-03-22 02:15:00,966.71,1774146150.5107548,151.14994539249147,152.06357931347299
2026-03-22 02:30:00,966.6966666666667,1774147050.4697528,153.62296575342467,154.54763272182456
2026-03-22 02:45:00,966.6899999999999,1774147950.6691706,153.24129692832764,154.16171387897643
2026-03-22 03:00:00,966.7133333333335,1774148850.4282777,153.10573287671235,154.0321641935922
2026-03-22 03:15:00,966.6233333333333,1774149750.4179513,151.93015358361774,152.82333653325722
2026-03-22 03:30:00,966.7033333333334,1774150650.537974,151.7442808219178,152.6595735349801
2026-03-22 03:45:00,966.6233333333333,1774151550.4261572,153.1626552901024,154.06308400026847
2026-03-22 04:00:00,966.5066666666667,1774152450.429763,152.9952123287671,153.86054712271343
2026-03-22 04:15:00,966.5099999999999,1774153350.4434547,152.2680580204778,153.13024988062153
2026-03-22 04:30:00,966.3466666666667,1774154250.6632838,151.95427739726026,152.76727639311105
2026-03-22 04:45:00,966.2933333333334,1774155150.44865,152.38744368600683,153.18723648600258
2026-03-22 05:00:00,966.25,1774156050.5963314,153.8562191780822,154.65098726838565
2026-03-22 05:15:00,966.1566666666668,1774156950.4595115,151.92172354948806,152.67942115200955
2026-03-22 05:30:00,966.0133333333333,1774157850.4496915,151.74825684931508,152.46356273583507
2026-03-22 05:45:00,965.9666666666667,1774158750.4582558,151.40239249146757,152.1025810273127
2026-03-22 06:00:00,965.8666666666667,1774159650.468486,152.63037328767123,153.30710973098394
2026-03-22 06:15:00,965.85,1774160550.5396948,153.09252218430032,153.76643836753632
2026-03-22 06:30:00,965.7933333333334,1774161450.4528515,152.17196917808218,152.82537798469764
2026-03-22 06:45:00,965.7166666666667,1774162350.439722,153.00729692832763,153.6419104004561
2026-03-22 07:00:00,965.75,1774163250.4332945,152.63907876712327,153.281872561146
2026-03-22 07:15:00,965.7366666666667,1774164150.486529,152.33960409556315,152.9772612686007
2026-03-22 07:30:00,965.63,1774165050.4676452,153.1817979452055,153.7918087085601
2026-03-22 07:45:00,965.6666666666666,1774165950.4724135,150.79937542662114,151.4104466419582
2026-03-22 08:00:00,965.6433333333333,1774166850.4624307,154.01779452054797,154.63505181686565
2026-03-22 08:15:00,965.5533333333333,1774167750.4661434,152.9288156996587,153.51545530681648
2026-03-22 08:30:00,965.5300000000001,1774168650.6388445,152.98137671232877,153.56140990505338
2026-03-22 08:45:00,965.3766666666667,1774169550.4523635,153.61010580204777,154.147607960065
2026-03-22 09:00:00,965.3333333333334,1774170450.45,152.6769212328767,153.19854418810073
2026-03-22 09:15:00,965.4266666666667,1774171350.478785,154.17684641638226,154.73103042475498
2026-03-22 09:30:00,965.4333333333334,1774172250.4955318,151.9894212328767,152.5376747392716
2026-03-22 09:45:00,965.4833333333332,1774173150.4884994,153.41661092150173,153.9846404068751
2026-03-22 10:00:00,965.5066666666667,1774174050.730999,153.96340410958905,154.54030924789615
2026-03-22 10:15:00,965.5066666666667,1774174950.5246477,154.44840273037542,155.0271251719438
2026-03-22 10:30:00,965.4,1774175850.5062099,152.38054452054794,152.92052360663868
2026-03-22 10:45:00,965.4266666666666,1774176750.475268,153.8525529010239,154.40557124617018
2026-03-22 11:00:00,965.57,1774177650.4505808,153.68113356164383,154.27554439798251
2026-03-22 11:15:00,965.5866666666667,1774178550.5961082,152.69453924914677,153.28998822318178
2026-03-22 11:30:00,965.4566666666666,1774179450.4662704,153.12726369863014,153.68643489081876
2026-03-22 11:45:00,965.3366666666667,1774180350.4523787,153.9624914675768,154.48948502279217
2026-03-22 12:00:00,965.4200000000001,1774181250.462003,152.47002397260275,153.01613464270977
2026-03-22 12:15:00,965.4399999999999,1774182150.6851315,152.1927542662116,152.7436759728425
2026-03-22 12:30:00,965.37,1774183050.4673588,154.48205821917807,155.0206478471801
2026-03-22 12:45:00,965.31,1774183950.4724996,152.5499624573379,153.06436565206522
2026-03-22 13:00:00,965.1766666666667,1774184850.607827,153.81690753424655,154.29648951135377
2026-03-22 13:15:00,965.0566666666667,1774185750.4435887,154.57868259385666,155.02528989498677
2026-03-22 13:30:00,965.0866666666666,1774186650.4104972,153.7749897260274,154.22806575436073
2026-03-22 13:45:00,965.1,1774187550.4068005,153.35082593856654,153.80654861213586
2026-03-22 14:00:00,964.9766666666666,1774188450.411928,153.67147260273973,154.09203503166168
2026-03-22 14:15:00,964.7633333333333,1774189350.4143105,152.81964163822525,153.17577297616114
2026-03-22 14:30:00,964.6133333333333,1774190250.3946671,152.94439726027397,153.25713482090413
2026-03-22 14:45:00,964.5,1774191150.5939553,153.0010204778157,153.28086378714931
2026-03-22 15:00:00,964.5833333333334,1774192050.4577413,152.28078424657534,152.5834673594358
2026-03-22 15:15:00,964.5500000000001,1774192950.4404716,154.0420443686007,154.33845319748366
2026-03-22 15:30:00,964.4266666666666,1774193850.4153714,153.00322602739726,153.26171741702143
2026-03-22 15:45:00,964.1266666666667,1774194750.4213943,154.16160068259387,154.33405360207175
2026-03-22 16:00:00,964.23,1774195650.3905003,153.94286643835616,154.14533556754927
2026-03-22 16:15:00,964.2066666666666,1774196550.3996468,153.4445494880546,153.63955171511148
2026-03-22 16:30:00,964.1366666666667,1774197450.4427848,153.42040410958904,153.5949461655582
2026-03-22 16:45:00,964.14,1774198350.3954656,153.96986689419796,154.14601031341556
2026-03-22 17:00:00,964.27,1774199250.4031692,155.51157191780823,155.7279391174626
2026-03-22 17:15:00,964.18,1774200150.5496655,153.74606825938565,153.93365416338298
2026-03-22 17:30:00,964.27,1774201050.3794832,153.6547294520548,153.86851317962694
2026-03-22 17:45:00,964.2800000000001,1774201950.366898,153.00717747440274,153.22297145526312
2026-03-22 18:00:00,964.4133333333333,1774202850.3606286,153.20075,153.45568750328906
2026-03-22 18:15:00,964.4433333333333,1774203750.3659286,153.35160068259387,153.61554504922245
2026-03-22 18:30:00,964.4200000000001,1774204650.402008,152.8779280821918,153.1342680741155
2026-03-22 18:45:00,964.39,1774205550.3671694,154.40305119453924,154.65313297603717
2026-03-22 19:00:00,964.6,1774206450.3543591,153.9406917808219,154.25155878836063
2026-03-22 19:15:00,964.6833333333334,1774207350.3504698,153.2172184300341,153.5509347660888
2026-03-22 19:30:00,964.6966666666667,1774208250.3786752,153.7335,154.0722439425036
2026-03-22 19:45:00,964.8333333333334,1774209150.3549335,153.76299317406145,154.14182240029615
2026-03-22 20:00:00,964.91,1774210050.3375049,151.93088698630137,152.32738981982033
2026-03-22 20:15:00,964.98,1774210950.404664,153.37172013651877,153.7924362296048
2026-03-22 20:30:00,965.1133333333333,1774211850.2981677,151.79627397260276,152.2512338648806
2026-03-22 20:45:00,965.2800000000001,1774212750.3461173,153.97730375426622,154.4877139373576
2026-03-22 21:00:00,965.3066666666667,1774213650.2630677,151.63422260273973,152.1445743089805
2026-03-22 21:15:00,965.2366666666667,1774214550.2605042,152.9642218430034,153.45863853988857
2026-03-22 21:30:00,965.3166666666666,1774215450.2697215,151.88199315068493,152.3960742702856
2026-03-22 21:45:00,965.4533333333334,1774216350.2778883,152.73412969283277,153.29089444150327
2026-03-22 22:00:00,965.3866666666667,1774217250.4764836,151.23271575342466,151.76478261144544
2026-03-22 22:15:00,965.3466666666667,1774218150.3047516,154.0397781569966,154.5699730560719
2026-03-22 22:30:00,965.3566666666667,1774219050.279842,151.66837671232875,152.19330104709496
2026-03-22 22:45:00,965.4499999999999,1774219950.240986,152.2990443686007,152.85325501843892
2026-03-22 23:00:00,965.65,1774220850.271293,152.53562328767123,153.14888035812695
2026-03-22 23:15:00,965.6166666666667,1774221750.2304063,152.01276791808874,152.61425701535165
2026-03-22 23:30:00,965.6533333333333,1774222650.4210255,153.31517808219178,153.93254419233773
2026-03-22 23:45:00,965.7366666666667,1774223550.2510157,151.52200682593855,152.1562417322141
2026-03-23 00:00:00,965.82,1774224450.232561,152.93883219178082,153.6033161902017
2026-03-23 00:15:00,965.8466666666667,1774225350.3565998,152.83883276450513,153.51065996485013
2026-03-23 00:30:00,965.7199999999999,1774226250.2867944,152.06033219178082,152.69198507662315
2026-03-23 00:45:00,965.8100000000001,1774227150.271678,151.63053583617747,152.28644211839404
2026-03-23 01:00:00,965.8233333333334,1774228050.2328494,152.80849657534247,153.47338629056622
2026-03-23 01:15:00,965.8533333333334,1774228950.233762,151.42773037542662,152.0952813806429
2026-03-23 01:30:00,965.9266666666666,1774229850.2023702,152.4927705479452,153.18635913429387
2026-03-23 01:45:00,965.7800000000001,1774230750.1637018,154.4668976109215,155.12623066007268
2026-03-23 02:00:00,965.6700000000001,1774231650.3879101,151.59289726027396,152.20814797712168
2026-03-23 02:15:00,965.5333333333333,1774232550.1539087,152.00252559726962,152.5798137842198
2026-03-23 02:30:00,965.4366666666666,1774233450.2719045,152.6799417808219,153.23165658460195
2026-03-23 02:45:00,965.5066666666667,1774234350.1855216,152.20301365187714,152.77332255839556
2026-03-23 03:00:00,965.5433333333334,1774235250.1707683,152.49267123287672,153.07472932905358
2026-03-23 03:15:00,965.4133333333333,1774236150.177306,152.20784641638224,152.751083170722
2026-03-23 03:30:00,965.35,1774237050.3692195,151.72316438356162,152.24634987250934
2026-03-23 03:45:00,965.2933333333334,1774237950.167534,151.8289385665529,152.33608639395575
2026-03-23 04:00:00,965.2166666666667,1774238850.1843116,151.4298801369863,151.91356465190276
2026-03-23 04:15:00,965.2166666666667,1774239750.2136407,152.22468941979523,152.7109126472964
2026-03-23 04:30:00,965.1933333333333,1774240650.2261558,152.17833904109588,152.65764624779854
2026-03-23 04:45:00,965.0833333333334,1774241550.3504446,151.57476791808872,152.02039850843428
2026-03-23 05:00:00,965.1333333333333,1774242450.2242846,152.9516883561644,153.41594092173688
2026-03-23 05:15:00,965.0099999999999,1774243350.2083097,153.06569965870307,153.49432522996253
2026-03-23 05:30:00,964.8133333333334,1774244250.2383506,151.86505479452055,152.23342304875385
2026-03-23 05:45:00,964.7333333333332,1774245150.2082202,152.10217064846418,152.44794020966765
2026-03-23 06:00:00,964.6533333333333,1774246050.3026574,152.90664726027399,153.23095274036837
2026-03-23 06:15:00,964.6333333333333,1774246950.1922984,152.33715358361775,152.65445022374965
2026-03-23 06:30:00,964.5633333333334,1774247850.1714053,152.5641712328767,152.86160877249614
2026-03-23 06:45:00,964.5666666666666,1774248750.1684816,153.67677133105803,153.9773531712048
2026-03-23 07:00:00,964.4933333333333,1774249650.1819887,153.58946232876713,153.86843290283963
2026-03-23 07:15:00,964.48,1774250550.2043493,151.41825597269624,151.68944005154617
2026-03-23 07:30:00,964.4766666666666,1774251450.1690564,153.41004109589042,153.68381904880314
2026-03-23 07:45:00,964.3466666666667,1774252350.1580532,152.63166552901023,152.86629174318747
2026-03-23 08:00:00,964.2533333333334,1774253250.248927,152.75423630136987,152.9619232790196
2026-03-23 08:15:00,964.2266666666666,1774254150.177379,152.14382593856655,152.3429640872999
2026-03-23 08:30:00,964.1633333333333,1774255050.1612082,152.99251712328768,153.17433302059914
2026-03-23 08:45:00,964.16,1774255950.1818795,152.77882935153585,152.95942255679483
2026-03-23 09:00:00,964.0133333333333,1774256850.2095907,153.43180479452056,153.570368947504
2026-03-23 09:15:00,963.9466666666667,1774257750.23777,152.72148122866895,152.84004292401005
2026-03-23 09:30:00,963.84,1774258650.2268608,152.5727089041096,152.66021283174447
2026-03-23 09:45:00,963.96,1774259550.1844063,153.60190784982933,153.72504736200892
2026-03-23 10:00:00,963.8233333333333,1774260450.3649554,152.436448630137,152.51904456318096
2026-03-23 10:15:00,963.5966666666667,1774261350.1890976,152.31884300341298,152.3357551521456
2026-03-23 10:30:00,963.6166666666667,1774262250.233208,153.5171095890411,153.53998919152332
2026-03-23 10:45:00,963.6666666666666,1774263150.233006,152.96598634812287,153.00331843815246
2026-03-23 11:00:00,963.5466666666666,1774264050.1942546,152.98128424657534,152.9837358017129
2026-03-23 11:15:00,963.4399999999999,1774264950.1900377,152.46756655290105,152.43911241799165
2026-03-23 11:30:00,963.2633333333333,1774265850.2632487,154.10135616438356,154.0208887685939
2026-03-23 11:45:00,963.2000000000002,1774266750.1752195,152.46351877133105,152.36557084797715
2026-03-23 12:00:00,963.21,1774267650.1748936,153.5539897260274,153.45825692498607
2026-03-23 12:15:00,963.0866666666667,1774268550.179181,152.98896928327648,152.8577648758654
2026-03-23 12:30:00,962.9699999999999,1774269450.183676,152.8889315068493,152.72395533002714
2026-03-23 12:45:00,962.8833333333333,1774270350.4302125,154.42279863481227,154.23076856720374
2026-03-23 13:00:00,962.7566666666667,1774271250.2276433,152.06877739726028,151.84312665920794
2026-03-23 13:15:00,962.7166666666667,1774272150.2282803,152.74537883959044,152.5071331284227
2026-03-23 13:30:00,962.5500000000001,1774273050.2370942,154.14754452054794,153.8583822351579
2026-03-23 13:45:00,962.4866666666667,1774273950.2677443,154.51913310580204,154.21071595881585
2026-03-23 14:00:00,962.3233333333334,1774274850.4180844,155.05208904109588,154.69459378577974
2026-03-23 14:15:00,962.12,1774275750.3092523,153.67973720136519,153.26618282928717
2026-03-23 14:30:00,962.0633333333334,1774276650.3161983,154.1458801369863,153.71452054658232
2026-03-23 14:45:00,961.9499999999999,1774277550.3066647,154.71089419795223,154.24473587098754
2026-03-23 15:00:00,962.0099999999999,1774278450.2820172,152.544698630137,152.10240593803223
2026-03-23 15:15:00,961.9433333333333,1774279350.3198578,153.78571672354948,153.32040397169413
2026-03-23 15:30:00,961.9566666666666,1774280250.3208184,153.209698630137,152.74999836623007
2026-03-23 15:45:00,961.8000000000001,1774281150.3379233,153.8555494880546,153.348257912376
2026-03-23 16:00:00,961.4633333333333,1774282050.3391223,154.87948287671233,154.27010218375892
2026-03-23 16:15:00,961.3299999999999,1774282950.5263135,152.83033788395903,152.19045984892662
2026-03-23 16:30:00,961.2266666666668,1774283850.3709338,154.72875342465755,154.0506787518245
2026-03-23 16:45:00,961.11,1774284750.3782187,154.51167918088737,153.80045958806613
2026-03-23 17:00:00,961.0033333333334,1774285650.3877165,154.44382876712328,153.70176810900853
2026-03-23 17:15:00,960.8466666666667,1774286550.4986115,153.16415358361775,152.38287536305234
2026-03-23 17:30:00,960.7133333333333,1774287450.4376252,153.60899657534245,152.78673836900606
2026-03-23 17:45:00,960.5466666666666,1774288350.4056463,155.32802389078498,154.44764768513974
2026-03-23 18:00:00,960.25,1774289250.3904502,155.03234246575343,154.0667753532152
2026-03-23 18:15:00,959.9933333333333,1774290150.3902612,154.91597610921502,153.87607521265986
2026-03-23 18:30:00,959.93,1774291050.3919077,154.71404109589042,153.65700455175985
2026-03-23 18:45:00,959.8933333333334,1774291950.400372,154.2663890784983,153.20173755420657
2026-03-23 19:00:00,959.7933333333334,1774292850.412106,154.86238356164384,153.76440083903063
2026-03-23 19:15:00,959.6733333333333,1774293750.6379611,154.61912627986348,153.48786904070795
2026-03-23 19:30:00,959.2733333333334,1774294650.4287593,155.26310273972604,154.01004178231315
2026-03-23 19:45:00,959.4500000000002,1774295550.4458282,154.13975426621158,152.94708999003473
2026-03-23 20:00:00,959.3933333333334,1774296450.4393606,154.60236301369864,153.38960344215516
2026-03-23 20:15:00,959.2800000000001,1774297350.436389,155.87522525597268,154.61918262126824
2026-03-23 20:30:00,959.08,1774298250.498931,154.9650616438356,153.65795199065812
2026-03-23 20:45:00,958.9266666666667,1774299150.432394,153.3585085324232,152.02065480463176
2026-03-23 21:00:00,958.9966666666666,1774300050.4411547,154.17786301369864,152.85318960501502
2026-03-23 21:15:00,958.8966666666666,1774300950.4326837,154.20063139931742,152.846718732413
2026-03-23 21:30:00,958.6766666666666,1774301850.4477396,155.22614041095892,153.79892218042264
2026-03-23 21:45:00,958.63,1774302750.6603198,154.01105460750853,152.58147892578864
2026-03-23 22:00:00,958.3866666666667,1774303650.432894,155.57130136986302,154.05600132902345
2026-03-23 22:15:00,958.2366666666667,1774304550.440768,155.74037201365186,154.17947777271604
2026-03-23 22:30:00,958.38,1774305450.500426,154.89456506849316,153.38391371872714
2026-03-23 22:45:00,958.39,1774306350.476251,153.9984470989761,152.49943284499153
2026-03-23 23:00:00,958.4900000000001,1774307250.4749484,154.35017465753424,152.87678053168747
2026-03-23 23:15:00,958.4,1774308150.473312,154.59129692832764,153.08942057098645
2026-03-23 23:30:00,958.2233333333334,1774309050.4777625,155.24771575342464,153.68786564147024
2026-03-23 23:45:00,958.46,1774309950.4636786,155.01678839590446,153.52827955493828
2026-03-24 00:00:00,958.71,1774310850.6406476,154.40471232876712,152.99473603344217
2026-03-24 00:15:00,958.09,1774311750.4262702,156.6307337883959,155.01771168603037
2026-03-24 00:30:00,958.1866666666666,1774312650.408733,155.1018904109589,153.5328089862843
2026-03-24 00:45:00,958.3466666666667,1774313550.4207501,154.80270307167237,153.28323938508166
2026-03-24 01:00:00,958.4766666666668,1774314450.3464327,155.64130136986302,154.15167719617506
2026-03-24 01:15:00,958.6633333333333,1774315350.3370173,154.12085324232083,152.6999290668048
2026-03-24 01:30:00,959.02,1774316250.4815032,154.92225,153.59799028832506
2026-03-24 01:45:00,958.6433333333333,1774317150.3250296,154.1372662116041,152.71038761098808
2026-03-24 02:00:00,957.9200000000001,1774318050.3311095,155.80374657534247,154.14944268020582
2026-03-24 02:15:00,957.0066666666667,1774318950.3672042,154.84233788395903,152.93262262082962
2026-03-24 02:30:00,956.79,1774319850.3375158,153.47802054794522,151.52274210129664
2026-03-24 02:45:00,957.1733333333333,1774320750.3409479,155.70168259385665,153.8300739289775
2026-03-24 03:00:00,957.6966666666667,1774321650.539275,155.04039726027398,153.32912204524052
2026-03-24 03:15:00,957.68,1774322550.3129046,153.65682935153583,151.95601340087282
2026-03-24 03:30:00,956.9966666666666,1774323450.2799976,155.33094178082192,153.41228556363353
2026-03-24 03:45:00,956.8233333333333,1774324350.2576368,155.80336177474405,153.82820110288597
2026-03-24 04:00:00,956.9433333333333,1774325250.33889,153.56465753424658,151.65245032892196
2026-03-24 04:15:00,957.2366666666667,1774326150.257368,155.41213651877135,153.5624859101933
2026-03-24 04:30:00,957.1566666666668,1774327050.253897,156.07483219178084,154.19385520760716
2026-03-24 04:45:00,957.0433333333334,1774327950.2325716,154.24354266211603,152.3518259875271
2026-03-24 05:00:00,956.8133333333334,1774328850.4027343,155.78631164383563,153.80844473281113
2026-03-24 05:15:00,956.66,1774329750.2091694,155.80346075085322,153.78056818210126
2026-03-24 05:30:00,956.5133333333333,1774330650.2268844,153.49762328767122,151.46245541195233
2026-03-24 05:45:00,956.6266666666667,1774331550.3440862,155.2592423208191,153.23371056710667
2026-03-24 06:00:00,957.0500000000001,1774332450.269464,156.2203287671233,154.30632237542915
2026-03-24 06:15:00,956.8000000000001,1774333350.2454891,154.01135494880546,152.05217089527596
2026-03-24 06:30:00,956.6533333333333,1774334250.2545936,155.4572397260274,153.43689881233638
2026-03-24 06:45:00,956.0233333333334,1774335150.4942038,156.2232423208191,154.00848780930988
2026-03-24 07:00:00,955.38,1774336050.257478,155.60194863013697,153.20861561135064
2026-03-24 07:15:00,955.4900000000001,1774336950.2639515,156.8257508532423,154.4458701934438
2026-03-24 07:30:00,955.43,1774337850.344629,154.46395547945204,152.1025751338377
2026-03-24 07:45:00,955.5166666666668,1774338750.289461,155.07882252559727,152.7331903445228
2026-03-24 08:00:00,955.4266666666667,1774339650.2564747,156.73706164383563,154.339953512457
2026-03-24 08:15:00,955.27,1774340550.2801383,154.60116723549487,152.1914160302972
2026-03-24 08:30:00,955.19,1774341450.4229376,155.68775,153.23776843896275
2026-03-24 08:45:00,954.7033333333334,1774342350.2949479,156.49770989761092,153.8926172125606
2026-03-24 09:00:00,954.64,1774343250.324355,156.37335616438355,153.75183091331343
2026-03-24 09:15:00,954.5,1774344150.4078727,155.72454607508533,153.0731749374221
2026-03-24 09:30:00,954.2233333333334,1774345050.3376622,154.7478390410959,152.03315757669284
2026-03-24 09:45:00,954.7133333333333,1774345950.3172567,155.8628361774744,153.2712238549871
2026-03-24 10:00:00,954.2599999999999,1774346850.323193,155.39826369863013,152.6828086179494
2026-03-24 10:15:00,953.8800000000001,1774347750.5153117,156.88656313993172,154.03384867142438
2026-03-24 10:30:00,953.8000000000001,1774348650.3451364,155.30420547945207,152.45708824647133
2026-03-24 10:45:00,953.9066666666668,1774349550.3588839,157.2675119453925,154.41569410314185
2026-03-24 11:00:00,953.6566666666666,1774350450.4230585,157.54181849315069,154.6115685602383
2026-03-24 11:15:00,953.29,1774351350.335078,157.86964163822526,154.82539498046643
2026-03-24 11:30:00,953.2199999999999,1774352250.3086047,157.84598287671233,154.78160511529214
2026-03-24 11:45:00,952.9966666666666,1774353150.3565598,158.03804436860068,154.9041930186238
2026-03-24 12:00:00,952.8933333333334,1774354050.32101,157.3119691780822,154.16224554229242
2026-03-24 12:15:00,952.8566666666666,1774354950.4675555,156.527023890785,153.3823305383228
2026-03-24 12:30:00,952.4466666666667,1774355850.3424253,157.32572260273972,154.04493530209496
2026-03-24 12:45:00,952.2566666666667,1774356750.3339272,157.1429146757679,153.81040397541443
2026-03-24 13:00:00,952.1166666666667,1774357650.3268826,158.83945547945206,155.42961666707632
2026-03-24 13:15:00,951.8833333333333,1774358550.4291,157.30405460750853,153.85895063337358
2026-03-24 13:30:00,951.5333333333333,1774359450.3533797,157.27008219178083,153.72346214486285
2026-03-24 13:45:00,951.18,1774360350.3573556,157.63033447098977,153.9721889561975
2026-03-24 14:00:00,950.86,1774361250.359192,156.5779589041096,152.85127415933596
2026-03-24 14:15:00,950.5466666666666,1774362150.3914192,156.76367918088738,152.9414958613202
2026-03-24 14:30:00,950.4033333333333,1774363050.4004898,157.5349212328767,153.6520833484394
2026-03-24 14:45:00,950.3000000000001,1774363950.3908837,157.82823549488054,153.9079479278144
2026-03-24 15:00:00,950.0333333333333,1774364850.4921916,156.72477739726028,152.75448335502958
2026-03-24 15:15:00,949.7366666666667,1774365750.3833587,157.39092832764504,153.31731452636643
2026-03-24 15:30:00,949.4466666666667,1774366650.3701277,158.68028424657533,154.48815272902237
2026-03-24 15:45:00,949.0433333333334,1774367550.380215,158.21217747440272,153.91441778828283
2026-03-24 16:00:00,948.7166666666667,1774368450.3900375,158.9393287671233,154.5258775255179
2026-03-24 16:15:00,948.4266666666666,1774369350.422933,158.1050204778157,153.63006294447464
2026-03-24 16:30:00,948.13,1774370250.4338324,158.7409280821918,154.1610520679332
2026-03-24 16:45:00,947.8066666666667,1774371150.43977,158.87401365187714,154.19554138705305
2026-03-24 17:00:00,947.3566666666667,1774372050.4378521,158.6902226027397,153.88553416441766
2026-03-24 17:15:00,946.9433333333333,1774372950.6331804,158.84377474402731,153.91351629356646
2026-03-24 17:30:00,946.5500000000001,1774373850.409696,159.9543493150685,154.87383475501167
2026-03-24 17:45:00,946.1666666666666,1774374750.494935,158.93178839590445,153.77171483920944
2026-03-24 18:00:00,945.8266666666667,1774375650.382501,159.864948630137,154.57469044332439
2026-03-24 18:15:00,945.46,1774376550.386467,159.34480204778157,153.96445729861958
2026-03-24 18:30:00,945.23,1774377450.4031777,159.5096301369863,154.05638254624884
2026-03-24 18:45:00,944.9466666666667,1774378350.406164,160.36574402730375,154.79987161231583
2026-03-24 19:00:00,944.4733333333334,1774379250.4108763,159.8454897260274,154.15897130483617
2026-03-24 19:15:00,943.7533333333334,1774380150.4101908,159.88723549488054,153.98843163498552
2026-03-24 19:30:00,943.4966666666666,1774381050.6287298,159.17293493150686,153.22574282773562
2026-03-24 19:45:00,943.2399999999999,1774381950.4081588,160.7852252559727,154.7023314408252
2026-03-24 20:00:00,942.8766666666667,1774382850.3844376,161.32371917808217,155.1133359607211
2026-03-24 20:15:00,942.5233333333332,1774383750.5433216,159.13580887372015,152.90696632956437
2026-03-24 20:30:00,942.1733333333333,1774384650.4226913,159.53929452054794,153.19275181094432
2026-03-24 20:45:00,941.6866666666666,1774385550.426127,160.11492491467578,153.60338575992702
2026-03-24 21:00:00,941.1566666666668,1774386450.4277594,161.10851712328767,154.40101052229642
2026-03-24 21:15:00,940.8566666666667,1774387350.676931,160.17415358361777,153.41807454895158
2026-03-24 21:30:00,941.1766666666666,1774388250.475344,161.25700684931508,154.54919086345197
2026-03-24 21:45:00,940.2966666666666,1774389150.4512782,160.59429010238907,153.65691192215263
2026-03-24 22:00:00,940.63,1774390050.4365678,161.9357191780822,155.0385537238995
2026-03-24 22:15:00,939.9866666666667,1774390950.4634783,161.59464846416384,154.5230157760372
2026-03-24 22:30:00,939.4533333333334,1774391850.6028762,160.5106780821918,153.33102742953182
2026-03-24 22:45:00,939.0166666666668,1774392750.4935567,160.1496894197952,152.8593109084358
2026-03-24 23:00:00,938.6733333333333,1774393650.4883003,161.45244520547945,154.00226869710247
2026-03-24 23:15:00,938.3000000000001,1774394550.5050468,161.10022866894198,153.55734310837715
2026-03-24 23:30:00,937.9033333333333,1774395450.5044281,160.51016780821917,152.87964580745188
2026-03-24 23:45:00,937.6833333333334,1774396350.5709543,161.03097269624573,153.31159441543858
2026-03-25 00:00:00,937.5333333333333,1774397250.5163987,162.1015,154.2868255970344
2026-03-25 00:15:00,937.2966666666666,1774398150.5493584,160.93908873720136,153.111587808776
2026-03-25 00:30:00,936.7333333333332,1774399050.7777476,161.60169178082194,153.57749709722876
2026-03-25 00:45:00,935.7866666666667,1774399950.5745625,161.58844027303755,153.2889397664183
2026-03-25 01:00:00,935.8333333333334,1774400850.5543022,161.75148630136988,153.45721736638524
2026-03-25 01:15:00,935.7833333333333,1774401750.683069,161.58043344709898,153.28037340805528
2026-03-25 01:30:00,935.5233333333334,1774402650.5575159,161.56487328767122,153.18991802803237
2026-03-25 01:45:00,935.1566666666666,1774403550.5598137,161.9005938566553,153.40132919494997
2026-03-25 02:00:00,935.1733333333333,1774404450.696442,161.6841609589041,153.20110962549802
2026-03-25 02:15:00,934.8133333333334,1774405350.5960972,162.43213651877133,153.8046029617392
2026-03-25 02:30:00,934.4533333333334,1774406250.576612,161.98647602739726,153.27773575650977
2026-03-25 02:45:00,933.7399999999999,1774407150.5688105,163.0587781569966,154.08341265512502
2026-03-25 03:00:00,933.7133333333333,1774408050.6348715,161.04086643835615,152.16886426636472
2026-03-25 03:15:00,933.9466666666667,1774408950.6018026,161.74335836177474,152.90042560359385
2026-03-25 03:30:00,933.8333333333334,1774409850.8239913,161.2520890410959,152.40319424112388
2026-03-25 03:45:00,933.8233333333334,1774410750.5888114,162.7890034129693,153.8528454282727
2026-03-25 04:00:00,933.7566666666667,1774411650.5682719,161.42249657534245,152.54202855764788
2026-03-25 04:15:00,933.5133333333333,1774412550.5768178,161.44325255972697,152.49112464594006
2026-03-25 04:30:00,933.0066666666667,1774413450.6172614,162.3803184931507,153.2286505578511
2026-03-25 04:45:00,933.0033333333332,1774414350.572277,163.3735119453925,154.16489177738544
2026-03-25 05:00:00,932.71,1774415250.5912104,162.67569178082192,153.4208741551868
2026-03-25 05:15:00,932.4533333333333,1774416149.1197042,162.30224315068492,152.99404318061463
2026-03-25 05:30:00,932.3166666666666,1774417049.1078699,163.1910136518771,153.7919019669231
2026-03-25 05:45:00,932.2866666666667,1774417950.6161416,160.9797918088737,151.69939003147007
2026-03-25 06:00:00,932.38,1774418850.6155703,162.2061095890411,152.88211991779372
2026-03-25 06:15:00,932.3033333333333,1774419750.6420841,163.13592832764505,153.73609462715655
2026-03-25 06:30:00,932.5500000000001,1774420650.6281044,163.38825,154.04605695189534
2026-03-25 06:45:00,932.6133333333333,1774421550.8994727,162.096976109215,152.84700684236944
2026-03-25 07:00:00,932.89,1774422450.6783094,161.66290410958905,152.51785739298919
2026-03-25 07:15:00,933.1766666666666,1774423350.6808572,162.92426279863483,153.79160511994763
2026-03-25 07:30:00,932.9833333333332,1774424250.6893666,162.19825684931507,153.05006444099317
2026-03-25 07:45:00,933.34,1774425149.3290799,161.43037328767124,152.42875140151477
2026-03-25 08:00:00,933.3066666666667,1774426049.2062867,161.732180887372,152.70405815209904
2026-03-25 08:15:00,933.7199999999999,1774426950.7381713,162.3497133105802,153.40754779440775
2026-03-25 08:30:00,933.6766666666666,1774427850.73506,162.55006506849315,153.58421862622043
2026-03-25 08:45:00,934.0666666666666,1774428750.862052,160.82078156996587,152.06295490139723
2026-03-25 09:00:00,933.7666666666668,1774429650.7453306,160.77875,151.93658370758345
2026-03-25 09:15:00,934.0500000000001,1774430550.7749794,162.63021501706484,153.76898249767027
2026-03-25 09:30:00,934.5600000000001,1774431450.9916322,161.4547089041096,152.80552302200763
2026-03-25 09:45:00,934.6433333333334,1774432350.8189878,162.64843686006824,153.9596775682076
2026-03-25 10:00:00,934.9466666666667,1774433250.7745326,162.01892465753423,153.4522083586643
2026-03-25 10:15:00,935.5300000000001,1774434150.7692945,160.36058703071674,152.04998369279568
2026-03-25 10:30:00,935.7766666666666,1774435050.7852428,161.4553801369863,153.15980379707068
2026-03-25 10:45:00,936.14,1774435949.3453205,161.55091095890413,153.35625664851378
2026-03-25 11:00:00,936.36,1774436849.3027973,159.974180887372,151.92299659926704
2026-03-25 11:15:00,936.9633333333333,1774437750.8316917,160.53475085324231,152.630219048797
2026-03-25 11:30:00,937.0333333333333,1774438650.8312306,161.49779109589042,153.5662633405213
2026-03-25 11:45:00,936.8966666666666,1774439550.9115422,161.9569351535836,153.9628735608801
2026-03-25 12:00:00,937.3366666666667,1774440450.8796887,160.6300205479452,152.8291661646934
2026-03-25 12:15:00,937.4633333333333,1774441350.9164274,162.5865494880546,154.72791138339065
2026-03-25 12:30:00,937.6999999999999,1774442250.9916506,161.33818493150685,153.60894395427064
2026-03-25 12:45:00,938.0100000000001,1774443150.9158514,162.08566211604096,154.4115333052463
2026-03-25 13:00:00,938.1433333333334,1774444050.8944592,161.57738356164384,153.9663196340857
2026-03-25 13:15:00,938.5233333333332,1774444950.9073691,162.6610204778157,155.11086171651766
2026-03-25 13:30:00,938.8133333333334,1774445850.9089708,161.3860993150685,153.9799375350302
2026-03-25 13:45:00,938.9266666666666,1774446750.9161203,162.37448122866894,154.9563253311838
2026-03-25 14:00:00,939.3033333333333,1774447651.1866922,160.974301369863,153.73009350376924
2026-03-25 14:15:00,939.4066666666666,1774448550.9729352,160.53687030716725,153.34245110818685
2026-03-25 14:30:00,939.4866666666667,1774449450.977634,160.75233561643836,153.5716015036326
2026-03-25 14:45:00,939.62,1774450351.163001,160.57170989761093,153.43791026798752
2026-03-25 15:00:00,939.7333333333332,1774451250.9544833,161.11925684931506,153.99428761081919
2026-03-25 15:15:00,940.0033333333334,1774452149.517455,161.99733219178083,154.9129829387003
2026-03-25 15:30:00,940.1833333333334,1774453049.4855702,161.4377781569966,154.43070518389746
2026-03-25 15:45:00,940.3766666666667,1774453951.010307,161.9856928327645,155.01176861002327
2026-03-25 16:00:00,940.4233333333333,1774454851.04257,161.32231506849317,154.39063975754613
2026-03-25 16:15:00,940.79,1774455751.0840647,160.0748976109215,153.30358546776532
2026-03-25 16:30:00,941.07,1774456651.0915344,161.28496575342464,154.54466253390527
2026-03-25 16:45:00,941.1233333333333,1774457551.1116104,159.91026279863482,153.24293798960525
2026-03-25 17:00:00,941.1700000000001,1774458451.1880488,160.36158561643836,153.68906977298496
2026-03-25 17:15:00,941.5933333333334,1774459351.115986,159.7520648464164,153.22810759129737
2026-03-25 17:30:00,941.5666666666666,1774460251.115722,160.21798630136988,153.66721573594253
2026-03-25 17:45:00,941.7366666666667,1774461151.1260564,159.15380204778157,152.69585516729674
2026-03-25 18:00:00,941.98,1774462051.1389089,160.29627739726027,153.86309215425467
2026-03-25 18:15:00,942.2933333333334,1774462951.3671286,159.86680546075087,153.54223786278774
2026-03-25 18:30:00,942.5133333333333,1774463851.1687376,160.5833116438356,154.29487978219137
2026-03-25 18:45:00,942.57,1774464751.2206018,162.0680034129693,155.7381980298755
2026-03-25 19:00:00,942.8466666666667,1774465651.251777,159.00397945205478,152.87418379768036
2026-03-25 19:15:00,942.9433333333333,1774466551.2529707,161.15933105802048,154.97490510374982
2026-03-25 19:30:00,943.0033333333334,1774467451.2219965,158.97058561643837,152.88758009848104
2026-03-25 19:45:00,943.14,1774468351.223036,159.19139931740614,153.13970448284073
2026-03-25 20:00:00,943.15,1774469251.2482138,160.4803287671233,154.38256824687318
2026-03-25 20:15:00,943.1166666666667,1774470151.236063,159.5374709897611,153.46581636510624
2026-03-25 20:30:00,943.1466666666666,1774471051.2418962,159.4230993150685,153.36453896110226
2026-03-25 20:45:00,943.2133333333333,1774471951.4477684,160.11327645051196,154.04799878696343
2026-03-25 21:00:00,943.2733333333332,1774472851.1915927,159.17389383561644,153.16166051528157
2026-03-25 21:15:00,943.2033333333334,1774473751.2032397,159.49538907849828,153.45060212014974
2026-03-25 21:30:00,943.2199999999999,1774474651.2162533,160.32676027397258,154.25534948290866
2026-03-25 21:45:00,943.25,1774475551.2079434,160.18660750853243,154.1292892787743
2026-03-25 22:00:00,943.34,1774476451.3462365,160.7813904109589,154.72803721167614
2026-03-25 22:15:00,943.6700000000001,1774477351.2430165,159.54531058020478,153.63479410105973
2026-03-25 22:30:00,943.6700000000001,1774478251.235896,158.5823698630137,152.70752649113012
2026-03-25 22:45:00,943.65,1774479149.874582,160.24379794520547,154.3015417291887
2026-03-25 23:00:00,943.7233333333334,1774480049.724183,161.10296587030717,155.15046560176265
2026-03-25 23:15:00,943.9566666666666,1774480951.2461936,159.23404778156996,153.41860159157255
2026-03-25 23:30:00,943.9433333333333,1774481851.2460582,158.86614383561644,153.06025642756126
2026-03-25 23:45:00,943.8299999999999,1774482751.2283885,159.7050989761092,153.8354218356758
2026-03-26 00:00:00,944.1333333333333,1774483651.3308992,158.9914417808219,153.23628357603653
2026-03-26 00:15:00,944.3633333333333,1774484549.867913,159.22838356164385,153.5317272661977
2026-03-26 00:30:00,944.39,1774485449.8690028,159.8717133105802,154.15985140729487
2026-03-26 00:45:00,944.4733333333334,1774486349.8757536,158.51015410958902,152.87114037929877
2026-03-26 01:00:00,944.6433333333334,1774487249.8825195,160.25923890784983,154.6079316181028
2026-03-26 01:15:00,944.44,1774488149.8948534,159.86047602739725,154.16366045943076
2026-03-26 01:30:00,944.4499999999999,1774489049.8441982,158.33556655290104,152.69599411899307
2026-03-26 01:45:00,944.5466666666666,1774489949.8153255,157.70634589041094,152.1171212226139
2026-03-26 02:00:00,944.62,1774490849.8415775,160.40723890784983,154.74385215206286
2026-03-26 02:15:00,944.5566666666667,1774491749.8356552,160.27843150684933,154.60098769278133
2026-03-26 02:30:00,944.4666666666667,1774492649.983497,160.5476518771331,154.83419272545038
2026-03-26 02:45:00,944.4233333333333,1774493549.8691275,159.82165753424658,154.12134472228965
2026-03-26 03:00:00,944.3533333333334,1774494449.8791854,159.43463481228667,153.72767868679173
2026-03-26 03:15:00,944.16,1774495349.8797176,160.2310308219178,154.43882678454193
2026-03-26 03:30:00,944.0433333333334,1774496249.8733282,158.0573037542662,152.30991217352664
2026-03-26 03:45:00,943.9966666666666,1774497149.8833966,158.72375684931507,152.9385700748813
2026-03-26 04:00:00,944.07,1774498049.8812056,159.258638225256,153.47533875679943
2026-03-26 04:15:00,943.8433333333332,1774498949.9635177,159.1894280821918,153.3425881388871
2026-03-26 04:30:00,943.8299999999999,1774499849.8934271,159.6919795221843,153.82278456396858
2026-03-26 04:45:00,943.69,1774500749.8843749,159.6256301369863,153.71797931131675
2026-03-26 05:00:00,943.54,1774501649.884288,159.45872354948807,153.51349225814752
2026-03-26 05:15:00,943.9399999999999,1774502549.9250405,159.23239726027398,153.41215322114329
2026-03-26 05:30:00,943.8766666666667,1774503449.974836,159.2230819112628,153.38471996049054
2026-03-26 05:45:00,943.9766666666668,1774504349.9373195,158.45476369863013,152.67357951976047
2026-03-26 06:00:00,944.0633333333334,1774505249.9501305,158.16199317406142,152.4165865227656
2026-03-26 06:15:00,944.06,1774506149.9306378,159.30055479452056,153.5128164014739
2026-03-26 06:30:00,944.0066666666667,1774507049.91598,160.48647440273035,154.63997797198806
2026-03-26 06:45:00,943.8366666666667,1774507950.0813422,159.31976712328768,153.46619606326558
2026-03-26 07:00:00,943.7666666666668,1774508849.8796518,158.72291126279865,152.8709361104147
2026-03-26 07:15:00,943.87,1774509749.8629982,159.22173630136987,153.38148084677212
2026-03-26 07:30:00,943.6766666666666,1774510649.885699,158.65780204778156,152.7820994424237
2026-03-26 07:45:00,943.9900000000001,1774511549.8936918,159.24633561643836,153.44015822679134
2026-03-26 08:00:00,944.12,1774512450.1185515,159.72062798634812,153.93517502302853
2026-03-26 08:15:00,944.2066666666666,1774513349.9423048,160.5571815068493,154.7669094805319
2026-03-26 08:30:00,944.4399999999999,1774514249.9602246,159.0518737201365,153.383873643821
2026-03-26 08:45:00,944.4133333333333,1774515149.9679942,159.51127397260274,153.81910893048962
2026-03-26 09:00:00,944.62,1774516049.9583566,160.1276518771331,154.4741363060734
2026-03-26 09:15:00,944.8633333333333,1774516950.0581634,161.4631678082192,155.83453095130355
2026-03-26 09:30:00,944.9499999999999,1774517849.9283836,160.16321160409555,154.60534771995023
2026-03-26 09:45:00,944.9266666666666,1774518749.897011,159.58372260273973,154.0391384923088
2026-03-26 10:00:00,944.93,1774519649.9189966,158.108,152.61565502549763
2026-03-26 10:15:00,944.9666666666667,1774520549.914929,158.57841780821917,153.08039572124525
2026-03-26 10:30:00,945.0533333333333,1774521449.931653,160.63278498293516,155.08907248054845
2026-03-26 10:45:00,945.1999999999999,1774522349.9157572,159.7164006849315,154.2472917641775
2026-03-26 11:00:00,945.3000000000001,1774523250.061765,158.50594539249147,153.10737327670674
2026-03-26 11:15:00,945.2599999999999,1774524149.914904,161.9299794520548,156.40290069661657
2026-03-26 11:30:00,945.5966666666667,1774525049.896383,160.18060409556315,154.81223249373951
2026-03-26 11:45:00,945.7633333333333,1774525949.8907259,160.8955993150685,155.55251550972977
2026-03-26 12:00:00,945.6933333333333,1774526849.903529,160.30401023890784,154.95996110887629
2026-03-26 12:15:00,945.2366666666667,1774527749.93858,160.00712328767125,154.53882509146075
2026-03-26 12:30:00,945.4566666666666,1774528649.9018502,158.90584300341297,153.53934747340676
2026-03-26 12:45:00,945.7366666666667,1774529549.87348,160.626301369863,155.28429257889476
2026-03-26 13:00:00,945.8366666666666,1774530449.861418,160.8674505119454,155.54697285144798
2026-03-26 13:15:00,945.6433333333333,1774531350.055117,158.21591095890412,152.92694397107078
2026-03-26 13:30:00,945.2933333333334,1774532249.8928907,158.9112423208191,153.49692184395843
2026-03-26 13:45:00,945.1266666666667,1774533149.8907843,159.9524589041096,154.4537446756954
2026-03-26 14:00:00,945.3066666666667,1774534049.922524,158.7369146757679,153.3324181490871
2026-03-26 14:15:00,945.4,1774534949.9366872,160.92197945205479,155.47065597458268
2026-03-26 14:30:00,945.3166666666666,1774535850.0280137,160.362795221843,154.90588572081106
2026-03-26 14:45:00,945.54,1774536749.941072,158.24646575342467,152.92644984842286
2026-03-26 15:00:00,945.4699999999999,1774537649.9590743,158.60835836177472,153.25579177805372
2026-03-26 15:15:00,945.7166666666667,1774538549.9494874,158.08613356164383,152.8227967019103
2026-03-26 15:30:00,946.3633333333333,1774539450.144096,159.36114334470992,154.24475518235732
2026-03-26 15:45:00,946.98,1774540349.9551253,159.84012328767122,154.8897300364062
2026-03-26 16:00:00,947.5633333333334,1774541249.985947,158.44986689419795,153.712801787662
2026-03-26 16:15:00,947.4,1774542150.0011063,158.2673390410959,153.4880909797818
2026-03-26 16:30:00,947.2366666666667,1774543049.9968305,158.3534914675768,153.52399082935918
2026-03-26 16:45:00,947.1766666666666,1774543950.0906596,157.84189726027398,153.01055514044282
2026-03-26 17:00:00,947.3133333333334,1774544849.9689212,158.66142662116042,153.84494295480627
2026-03-26 17:15:00,947.7833333333333,1774545750.0604832,157.94685273972604,153.28888726148762
2026-03-26 17:30:00,947.9,1774546649.9472523,158.08162798634814,153.45369969016042
2026-03-26 17:45:00,947.9933333333333,1774547549.953888,158.98210616438357,154.35518575737157
2026-03-26 18:00:00,948.2333333333332,1774548449.9860961,158.15189078498292,153.61916684229448
2026-03-26 18:15:00,948.2033333333334,1774549350.159939,157.99485273972604,153.45788224894306
2026-03-26 18:30:00,948.4033333333333,1774550250.009213,157.5588771331058,153.09259022347453
2026-03-26 18:45:00,948.5333333333333,1774551150.0952349,157.9029691780822,153.46482949867578
2026-03-26 19:00:00,948.6866666666666,1774552049.9968588,158.8473890784983,154.4276882029266
2026-03-26 19:15:00,948.7599999999999,1774552950.0051131,158.68671917808217,154.29298537047754
2026-03-26 19:30:00,948.64,1774553850.030033,158.181204778157,153.7664049666622
2026-03-26 19:45:00,948.7199999999999,1774554750.0144808,159.1961815068493,154.7765781882039
2026-03-26 20:00:00,948.6666666666666,1774555650.0383053,158.80312969283278,154.37879376559044
2026-03-26 20:15:00,948.69,1774556550.0448189,158.63606849315067,154.2232240539072
2026-03-26 20:30:00,948.79,1774557450.0762708,158.79780887372013,154.40980031125665
2026-03-26 20:45:00,948.9499999999999,1774558350.0849397,158.3747397260274,154.04524433355093
2026-03-26 21:00:00,948.8833333333333,1774559250.0751257,158.19254607508532,153.84854260002717
2026-03-26 21:15:00,948.83,1774560150.1956253,157.77265753424658,153.42463647692605
2026-03-26 21:30:00,949.1333333333333,1774561050.1052964,159.19249488054606,154.89459004171079
2026-03-26 21:45:00,949.2199999999999,1774561950.0842547,158.87431506849316,154.61045759257317
2026-03-26 22:00:00,949.6033333333334,1774562850.0803025,159.45632764505118,155.2899117981482
2026-03-26 22:15:00,949.6633333333333,1774563750.0527744,159.01255479452053,154.87538902484354
2026-03-26 22:30:00,949.6733333333333,1774564650.0634522,159.97321843003414,155.81401869035304
2026-03-26 22:45:00,949.6866666666666,1774565550.2504666,159.5557602739726,155.41135121280843
2026-03-26 23:00:00,949.5766666666667,1774566450.1103942,158.42841979522186,154.28104492871614
2026-03-26 23:15:00,949.69,1774567350.0964124,158.54955821917807,154.43226299754872
2026-03-26 23:30:00,950.0500000000001,1774568250.1127787,157.32193856655292,153.3413724298414
2026-03-26 23:45:00,950.25,1774569150.115204,156.28320205479451,152.38681406027968
2026-03-27 00:00:00,950.1433333333333,1774570050.2292783,158.00539249146757,154.03484666651624
2026-03-27 00:15:00,950.09,1774570950.1726418,159.71039726027396,155.6812295676653
2026-03-27 00:30:00,950.0366666666665,1774571850.152577,158.03886348122867,154.03625537971428
2026-03-27 00:45:00,950.0866666666666,1774572750.1490643,158.29421575342465,154.29979819766038
2026-03-27 01:00:00,950.1266666666667,1774573650.346876,157.56008191126278,153.59586242969905
2026-03-27 01:15:00,950.2233333333334,1774574550.1401405,158.13825,154.187800339471
2026-03-27 01:30:00,950.2566666666667,1774575450.145913,158.34076450511944,154.39503387475565
2026-03-27 01:45:00,950.3766666666667,1774576350.1945984,157.52626027397258,153.6358514466184
2026-03-27 02:00:00,950.6033333333334,1774577250.1464634,158.2358361774744,154.3943812291273
2026-03-27 02:15:00,950.5300000000001,1774578150.1440547,159.40474657534247,155.51324457013868
2026-03-27 02:30:00,950.5966666666667,1774579050.1367757,157.91675767918088,154.08109721978445
2026-03-27 02:45:00,950.6833333333334,1774579950.1066096,158.51645890410958,154.6917026943655
2026-03-27 03:00:00,950.86,1774580850.140221,157.40760068259388,153.66116977826402
2026-03-27 03:15:00,950.7633333333333,1774581750.1011767,156.84287671232877,153.08176810469425
2026-03-27 03:30:00,950.7166666666667,1774582650.1213498,159.3377576791809,155.50303301782805
2026-03-27 03:45:00,950.94,1774583550.2834167,158.11658219178082,154.3767404232359
2026-03-27 04:00:00,950.9533333333334,1774584450.1877499,159.25054266211603,155.48781894507692
2026-03-27 04:15:00,951.1566666666666,1774585350.1271865,157.98445205479453,154.31124720842095
2026-03-27 04:30:00,951.4066666666668,1774586250.2412925,157.1295767918089,153.5491666889076
2026-03-27 04:45:00,951.5333333333333,1774587150.122786,159.0168698630137,155.4308577582665
2026-03-27 05:00:00,951.5233333333332,1774588050.0976224,157.31117064846418,153.76070252879913
2026-03-27 05:15:00,951.5966666666667,1774588950.0663981,158.78165753424656,155.2196267075886
2026-03-27 05:30:00,951.7433333333333,1774589850.0889475,158.54191126279864,155.0284540316213
2026-03-27 05:45:00,951.9233333333333,1774590750.099225,157.2545993150685,153.82226850565996
2026-03-27 06:00:00,951.9533333333334,1774591650.1242378,157.55636860068262,154.1262361435309
2026-03-27 06:15:00,951.93,1774592550.1222389,158.76010616438356,155.29688236380775
2026-03-27 06:30:00,952.0300000000001,1774593450.1332834,157.1944129692833,153.79456169516217
2026-03-27 06:45:00,952.2166666666667,1774594350.2929869,156.81614041095892,153.47889473348167
2026-03-27 07:00:00,952.3299999999999,1774595250.1238577,156.72862457337885,153.4262755780695
2026-03-27 07:15:00,952.5500000000001,1774596150.116277,156.87205479452055,153.63088794562861
2026-03-27 07:30:00,952.6866666666666,1774597050.1577842,157.7368225255973,154.51790646774984
2026-03-27 07:45:00,952.65,1774597950.128352,155.61974999999998,152.43341688445744
2026-03-27 08:00:00,952.7266666666666,1774598850.139766,157.26711262798636,154.06949071896221
2026-03-27 08:15:00,952.81,1774599750.116885,156.57787328767122,153.41855463463256
2026-03-27 08:30:00,952.8733333333333,1774600650.2806325,156.32011262798633,153.18442697268478
2026-03-27 08:45:00,952.9499999999999,1774601550.1376293,156.98212328767124,153.85556809978223
2026-03-27 09:00:00,953.0733333333333,1774602450.1471682,157.4307337883959,154.3314045456949
2026-03-27 09:15:00,953.1333333333333,1774603350.2154539,156.64642808219176,153.58004654541674
2026-03-27 09:30:00,953.15,1774604250.175562,155.55025938566553,152.51016495710232
2026-03-27 09:45:00,953.1866666666666,1774605150.1181154,155.6325102739726,152.60143918667265
2026-03-27 10:00:00,953.4133333333333,1774606050.116944,156.63906484641637,153.6545499267378
2026-03-27 10:15:00,953.4900000000001,1774606950.1357741,157.69197260273972,154.70993059414783
2026-03-27 10:30:00,953.6233333333333,1774607850.132891,155.9138737201365,153.0042126981232
2026-03-27 10:45:00,953.7933333333334,1774608750.3666892,156.80676369863014,153.9301509949129
2026-03-27 11:00:00,953.89,1774609650.130767,154.7851604095563,151.97354383415797
2026-03-27 11:15:00,954.06,1774610550.1400986,157.80574657534245,154.98931560727235
2026-03-27 11:30:00,954.25,1774611450.2493682,155.79355631399318,153.06828549941673
2026-03-27 11:45:00,954.4433333333333,1774612350.1396267,155.95081164383564,153.27908416480267
2026-03-27 12:00:00,954.5233333333332,1774613250.146602,155.68125938566553,153.03740975667884
2026-03-27 12:15:00,954.6,1774614150.363412,156.3267979452055,153.69437200447504
2026-03-27 12:30:00,954.6966666666667,1774615050.15033,154.94724232081913,152.36602905223964
2026-03-27 12:45:00,954.6933333333333,1774615950.1442325,155.71397260273974,153.11901687902522
2026-03-27 13:00:00,954.9066666666666,1774616850.3012085,156.42799658703072,153.88350320831336
2026-03-27 13:15:00,955.0466666666666,1774617750.1669347,156.34851712328768,153.84623423162463
2026-03-27 13:30:00,955.2466666666666,1774618650.2054222,154.8857542662116,152.4648078116273
2026-03-27 13:45:00,955.4266666666666,1774619550.2292006,156.20088013698629,153.81197226811403
2026-03-27 14:00:00,955.5366666666667,1774620450.269384,155.4110614334471,153.0662204055198
2026-03-27 14:15:00,955.5300000000001,1774621350.4210315,155.02529452054793,152.68433992726617
2026-03-27 14:30:00,955.7333333333332,1774622250.253057,155.7863686006826,153.4932095222043
2026-03-27 14:45:00,955.8033333333333,1774623150.2269166,156.68426712328767,154.39842469728424
2026-03-27 15:00:00,956.0133333333333,1774624050.2237253,155.4289419795222,153.2225368942293
2026-03-27 15:15:00,956.1866666666666,1774624950.2534256,156.3506506849315,154.18193029206122
2026-03-27 15:30:00,956.2233333333334,1774625850.2087588,156.4501228668942,154.29077125710188
2026-03-27 15:45:00,956.2666666666668,1774626750.2073953,156.71944863013698,154.5691054054543
2026-03-27 16:00:00,956.4033333333333,1774627650.2441883,155.57867918088738,153.48383788485802
2026-03-27 16:15:00,956.6199999999999,1774628550.2475536,156.86840753424656,154.81992134244837
2026-03-27 16:30:00,956.73,1774629450.2450013,156.0483515358362,154.04276572422737
2026-03-27 16:45:00,956.8866666666667,1774630350.3836372,156.47635273972602,154.51125211772168
2026-03-27 17:00:00,956.9666666666667,1774631250.2125995,156.78760068259385,154.84212548295116
2026-03-27 17:15:00,957.1066666666667,1774632150.2091908,155.9171404109589,154.02343096985715
2026-03-27 17:30:00,957.27,1774633050.197392,155.6954266211604,153.85214807243742
2026-03-27 17:45:00,957.3933333333334,1774633950.3691688,155.46072602739727,153.65622865738052
2026-03-27 18:00:00,957.5066666666667,1774634850.1552193,155.91001706484641,154.13349109191094
2026-03-27 18:15:00,957.7066666666666,1774635750.1383488,156.18087671232877,154.45994804267244
2026-03-27 18:30:00,957.8699999999999,1774636650.1405916,155.14647440273038,153.48456761140002
2026-03-27 18:45:00,958.0666666666666,1774637550.106248,156.0870787671233,154.47280691261335
2026-03-27 19:00:00,958.2933333333334,1774638450.2118604,155.76058361774744,154.2160898463066
2026-03-27 19:15:00,958.4833333333332,1774639350.08969,157.09419178082192,155.59263299531133
2026-03-27 19:30:00,958.6433333333334,1774640250.109449,155.29917064846416,153.86153607288077
2026-03-27 19:45:00,958.85,1774641150.0642567,155.4182397260274,154.03997739539645
2026-03-27 20:00:00,959.0233333333334,1774642050.071984,156.09215017064847,154.7588704071417
2026-03-27 20:15:00,959.32,1774642950.2147737,155.74598287671233,154.50272343794637
2026-03-27 20:30:00,959.4566666666666,1774643850.0571628,154.52123549488056,153.32756162489056
2026-03-27 20:45:00,959.6,1774644750.0718915,155.26984589041095,154.11235323454866
2026-03-27 21:00:00,959.9166666666666,1774645650.0753052,155.66052218430036,154.59310268831874
2026-03-27 21:15:00,960.2033333333333,1774646550.1067863,155.06746575342464,154.08801681068738
2026-03-27 21:30:00,960.4066666666668,1774647450.2043233,155.2160784982935,154.29528877657512
2026-03-27 21:45:00,960.6700000000001,1774648350.134753,155.28522945205478,154.44128229941055
2026-03-27 22:00:00,960.8966666666666,1774649250.1275256,156.09166552901024,155.31020807075052
2026-03-27 22:15:00,961.0533333333333,1774650150.239546,155.65995890410957,154.92677241522034
2026-03-27 22:30:00,961.2566666666667,1774651050.1580908,155.48475085324233,154.81218718255823
2026-03-27 22:45:00,961.4899999999999,1774651950.1488054,155.63046232876712,155.0259813221749
2026-03-27 23:00:00,961.6266666666667,1774652850.1286247,154.7128225255973,154.15192862540346
2026-03-27 23:15:00,961.7533333333334,1774653750.1094143,153.60770205479452,153.0876533064404
2026-03-27 23:30:00,961.9699999999999,1774654650.151764,155.21256655290102,154.75077705822744
2026-03-27 23:45:00,962.2533333333334,1774655550.106445,153.04925,152.67606531575868
2026-03-28 00:00:00,962.5433333333334,1774656450.118073,155.354204778157,155.0608148269107
2026-03-28 00:15:00,962.6933333333333,1774657350.2922642,155.64629452054794,155.3966346816137
2026-03-28 00:30:00,962.8299999999999,1774658250.124328,153.7076723549488,153.50097601778992
2026-03-28 00:45:00,963.0533333333333,1774659150.1171012,154.53638698630138,154.3940769014828
2026-03-28 01:00:00,963.1333333333333,1774660050.1156394,153.81298293515357,153.69469884037733
2026-03-28 01:15:00,963.3833333333333,1774660950.0932796,155.29376712328767,155.24806960898832
2026-03-28 01:30:00,963.5566666666667,1774661850.1947746,154.6028566552901,154.60827172570035
2026-03-28 01:45:00,963.7666666666668,1774662750.0934992,153.68467465753426,153.75139213639662
2026-03-28 02:00:00,963.9933333333333,1774663650.1024344,154.04816040955632,154.18142218749057
2026-03-28 02:15:00,964.2800000000001,1774664550.1383607,154.08224315068492,154.29955335258668
2026-03-28 02:30:00,964.5333333333333,1774665450.0876894,154.10012627986347,154.39175772064607
2026-03-28 02:45:00,964.4966666666666,1774666350.1040645,153.5131506849315,153.79295667014193
2026-03-28 03:00:00,964.6533333333333,1774667250.3265343,153.0878225255973,153.4125122671509
2026-03-28 03:15:00,964.9166666666666,1774668150.112002,153.6625,154.06547340790914
2026-03-28 03:30:00,965.1466666666666,1774669050.1213756,153.78509215017064,154.25578210069628
2026-03-28 03:45:00,965.2733333333334,1774669950.1310709,154.12451369863012,154.63345315637673
2026-03-28 04:00:00,965.39,1774670850.133579,153.10184982935152,153.64146573339303
2026-03-28 04:15:00,965.5366666666667,1774671750.2280996,152.74558904109588,153.32667036375744
2026-03-28 04:30:00,965.6999999999999,1774672650.1115165,154.3431194539249,154.97836566116604
2026-03-28 04:45:00,965.9866666666667,1774673550.105608,152.9283493150685,153.64143318571578
2026-03-28 05:00:00,966.2166666666667,1774674450.0925558,153.38656655290103,154.16914422494648
2026-03-28 05:15:00,966.4633333333335,1774675350.0882893,154.90526712328767,155.76857963629524
2026-03-28 05:30:00,966.5933333333332,1774676250.0879707,153.64243003412972,154.536870441804
2026-03-28 05:45:00,966.8333333333334,1774677150.204698,152.74365753424658,153.70293823553524
2026-03-28 06:00:00,967.0300000000001,1774678050.095784,153.09910580204777,154.11819691078944
2026-03-28 06:15:00,967.0633333333334,1774678950.0920088,153.19141780821917,154.2208903977043
2026-03-28 06:30:00,967.2400000000001,1774679850.089368,153.06400682593858,154.14435563090726
2026-03-28 06:45:00,967.4766666666666,1774680750.0850568,152.86162328767122,154.0097811360102
2026-03-28 07:00:00,967.71,1774681650.132227,153.31660068259387,154.53667198189243
2026-03-28 07:15:00,967.86,1774682550.0970716,153.06270205479453,154.324729146481
2026-03-28 07:30:00,968.1,1774683450.1067243,151.88361774744027,153.20576900014586
2026-03-28 07:45:00,968.2599999999999,1774684350.1048353,151.50689726027397,152.8722352466345
2026-03-28 08:00:00,968.4699999999999,1774685250.1030734,151.1037337883959,152.52628442569986
2026-03-28 08:15:00,968.6866666666666,1774686150.3297055,152.44590753424657,153.94445468678035
2026-03-28 08:30:00,968.9133333333333,1774687050.1193328,153.11199658703072,154.68369418004758
2026-03-28 08:45:00,969.1333333333333,1774687950.1281161,151.91081164383561,153.53434299445584
2026-03-28 09:00:00,969.3933333333333,1774688850.1457808,152.3064129692833,154.0102345357718
2026-03-28 09:15:00,969.5466666666667,1774689750.1451933,152.99385273972604,154.75044195377396
2026-03-28 09:30:00,969.7466666666666,1774690650.2744608,152.61269965870306,154.42358250121208
2026-03-28 09:45:00,969.9833333333332,1774691550.1098652,150.73119520547945,152.58835082666818
2026-03-28 10:00:00,970.07,1774692450.134063,152.0483242320819,153.94705603152067
2026-03-28 10:15:00,970.2766666666666,1774693350.1142738,152.79487671232877,154.76368983755304
2026-03-28 10:30:00,970.61,1774694250.1110187,151.10015699658703,153.14409364296117
2026-03-28 10:45:00,970.79,1774695150.146139,153.19645547945206,155.32185981587114
2026-03-28 11:00:00,970.96,1774696050.1092443,151.3706109215017,153.52026304394863
2026-03-28 11:15:00,971.16,1774696950.31656,152.2716883561644,154.49283302950525
2026-03-28 11:30:00,971.4233333333333,1774697850.1152644,150.47544027303752,152.74678877063675
2026-03-28 11:45:00,971.6966666666667,1774698750.0822306,152.2468493150685,154.6252174921838
2026-03-28 12:00:00,971.9533333333334,1774699650.0872777,150.62125597269625,153.04884809899343
2026-03-28 12:15:00,972.1866666666666,1774700550.245854,151.5977226027397,154.10935930547424
2026-03-28 12:30:00,972.3533333333334,1774701450.0760832,152.42594539249149,155.00037958546756
2026-03-28 12:45:00,972.54,1774702350.1703367,151.4828219178082,154.09597001637852
2026-03-28 13:00:00,972.7766666666666,1774703250.09821,150.9734266211604,153.64686175821384
2026-03-28 13:15:00,972.89,1774704150.1171098,151.861948630137,154.5844012921298
2026-03-28 13:30:00,972.9933333333333,1774705050.1472569,151.0442457337884,153.7822289232755
2026-03-28 13:45:00,973.2033333333333,1774705950.373982,150.94054452054795,153.73797713217874
2026-03-28 14:00:00,973.36,1774706850.1632056,151.57736177474402,154.43255932187938
2026-03-28 14:15:00,973.5666666666666,1774707750.1657283,151.4897191780822,154.403883195481
2026-03-28 14:30:00,973.77,1774708650.1550786,151.3612252559727,154.33252975768244
2026-03-28 14:45:00,973.9033333333333,1774709550.1315646,151.45054794520547,154.4627315031977
2026-03-28 15:00:00,974.0866666666667,1774710450.1317308,150.7568566552901,153.80881086787653
2026-03-28 15:15:00,974.3666666666667,1774711350.1016536,149.68608219178083,152.7976261341956
2026-03-28 15:30:00,974.5633333333334,1774712250.0836504,151.63388737201365,154.84376973899893
2026-03-28 15:45:00,974.73,1774713150.1374924,150.74508219178082,153.9849039330318
2026-03-28 16:00:00,975.0033333333334,1774714050.0690718,150.54084982935152,153.85616408733145
2026-03-28 16:15:00,975.1033333333334,1774714950.051735,151.45296232876711,154.8177763395141
2026-03-28 16:30:00,975.1766666666666,1774715850.0636246,150.77272696245734,154.14390414575874
2026-03-28 16:45:00,975.2966666666666,1774716750.2292762,151.2643801369863,154.68181378930757
2026-03-28 17:00:00,975.3866666666667,1774717650.0561156,152.79430034129695,156.27301904808965
2026-03-28 17:15:00,975.8299999999999,1774718550.0536482,151.84371575342465,155.43166232877468
2026-03-28 17:30:00,976.0600000000001,1774719450.27022,151.6579010238908,155.30931228654958
2026-03-28 17:45:00,976.1966666666667,1774720350.0890002,151.17926712328767,154.8593610880361
2026-03-28 18:00:00,976.2266666666666,1774721250.0745676,149.16076109215018,152.800428781093
2026-03-28 18:15:00,976.1999999999999,1774722150.0987735,150.27812671232877,153.93725952408113
2026-03-28 18:30:00,976.0766666666667,1774723050.2450745,149.67482252559725,153.2833418354116
2026-03-28 18:45:00,976.2733333333332,1774723950.135872,151.16745205479452,154.86981613713877
2026-03-28 19:00:00,976.6966666666667,1774724850.120578,150.5506313993174,154.36199700969425
2026-03-28 19:15:00,976.9666666666667,1774725750.1464074,149.51177397260275,153.37550114385522
2026-03-28 19:30:00,977.0,1774726650.1024742,150.7529624573379,154.65855951785508
2026-03-28 19:45:00,976.9233333333333,1774727550.0929656,150.1287020547945,153.99569256207167
2026-03-28 20:00:00,977.1133333333333,1774728450.085147,150.34730375426622,154.2756084114684
2026-03-28 20:15:00,977.0833333333334,1774729350.2047517,149.5284006849315,153.42656331432104
2026-03-28 20:30:00,977.3266666666667,1774730250.0668356,149.43681911262797,153.40350139613756
2026-03-28 20:45:00,977.5799999999999,1774731150.0614035,150.31504794520546,154.37933215710441
2026-03-28 21:00:00,977.6033333333334,1774732050.02273,150.00086348122866,154.06348263208366
2026-03-28 21:15:00,977.8633333333333,1774732950.0276124,148.7230684931507,152.8265575555423
2026-03-28 21:30:00,977.7033333333334,1774733850.0159388,150.01458361774743,154.1068518847981
2026-03-28 21:45:00,977.7966666666666,1774734750.1100311,149.68706506849315,153.79766994777944
2026-03-28 22:00:00,977.8333333333334,1774735650.0405304,148.7204061433447,152.81511103799193
2026-03-28 22:15:00,977.9766666666668,1774736550.0410056,148.38437671232876,152.51135801186786
2026-03-28 22:30:00,978.0233333333332,1774737450.1272783,148.83647781569968,152.98959777785663
2026-03-28 22:45:00,978.13,1774738350.016146,150.27937328767123,154.50406532902477
2026-03-28 23:00:00,978.1566666666668,1774739250.0131829,148.99947781569966,153.19595084090076
2026-03-28 23:15:00,978.15,1774740150.0041385,149.5078287671233,153.71667207483978
2026-03-28 23:30:00,977.93,1774741050.205254,148.1358566552901,152.2424264954237
2026-03-28 23:45:00,977.9133333333333,1774741950.031018,149.67971232876712,153.82420921291742
2026-03-29 00:00:00,977.7199999999999,1774742850.0416317,148.59056313993176,152.64881916107308
2026-03-29 00:15:00,977.6033333333334,1774743750.032231,148.26080479452054,152.27629624503987
2026-03-29 00:30:00,977.7400000000001,1774744650.07326,149.3415494880546,153.42614628125267
2026-03-29 00:45:00,977.8866666666667,1774745549.9998963,148.3046917808219,152.40339361263258
2026-03-29 01:00:00,977.7333333333332,1774746449.9879448,148.90548464163822,152.9762170424633
2026-03-29 01:15:00,977.6966666666667,1774747349.9767854,148.56048287671234,152.61115144468903
2026-03-29 01:30:00,977.6899999999999,1774748249.99621,147.07825255972696,151.0865926762532
2026-03-29 01:45:00,977.7166666666667,1774749150.1829724,148.31151712328767,152.36118697522727
2026-03-29 02:00:00,977.7766666666666,1774750049.358705,148.53417666666667,152.6073225164467
2026-03-29 02:15:00,977.7833333333333,1774750950.7490494,147.89175333333333,151.94920714806307
2026-03-29 02:30:00,977.6,1774751850.6331067,149.55877926421402,153.60845216200772
2026-03-29 02:45:00,977.4666666666667,1774752750.4970431,149.64061666666666,153.653575010693
2026-03-29 03:00:00,977.32,1774753651.1259274,149.4488595890411,153.41391822221172
2026-03-29 03:15:00,977.0666666666666,1774754551.0017755,149.40368259385667,153.2937394796799
2026-03-29 03:30:00,976.8533333333334,1774755450.9685056,148.6212397260274,152.4291268435652
2026-03-29 03:45:00,976.56,1774756349.630776,148.7520205479452,152.47825355662613
2026-03-29 04:00:00,976.3566666666667,1774757249.4421465,148.6764266211604,152.3418998803423
2026-03-29 04:15:00,975.8633333333333,1774758150.963557,147.88955972696246,151.3936606930206
2026-03-29 04:30:00,975.4,1774759050.9558196,149.2291301369863,152.6305460182814
2026-03-29 04:45:00,975.0799999999999,1774759951.106784,149.62421501706484,152.94161938536223
2026-03-29 05:00:00,974.63,1774760850.9435027,149.12888698630138,152.3050326642775
2026-03-29 05:15:00,974.4133333333333,1774761750.9604325,148.66150511945395,151.76520696426863
2026-03-29 05:30:00,974.0833333333334,1774762651.0211685,149.27564383561642,152.29664750899357
2026-03-29 05:45:00,974.16,1774763550.9313362,148.87850170648463,151.91359525078423
2026-03-29 06:00:00,973.9566666666666,1774764450.92635,149.37068835616438,152.3569438666446
2026-03-29 06:15:00,973.73,1774765350.922793,149.31838225255973,152.23801408838796
2026-03-29 06:30:00,973.3666666666667,1774766250.900079,150.0234178082192,152.85128048540363
2026-03-29 06:45:00,973.0933333333332,1774767150.9140995,150.2503890784983,153.00304982453534
2026-03-29 07:00:00,972.7966666666666,1774768050.9278166,148.90800684931506,151.55062637891973
2026-03-29 07:15:00,972.4699999999999,1774768950.9317906,149.98440273037542,152.55141172421736
2026-03-29 07:30:00,972.09,1774769851.112534,149.11683219178082,151.55952707496573
2026-03-29 07:45:00,971.7666666666668,1774770750.9311166,150.41684300341296,152.78694251989506
2026-03-29 08:00:00,971.3633333333333,1774771651.0401344,149.1700821917808,151.40446589518038
2026-03-29 08:15:00,970.91,1774772550.9690807,149.93669283276452,152.0515359416674
2026-03-29 08:30:00,970.5266666666666,1774773450.953482,150.9460890410959,152.96372043212466
2026-03-29 08:45:00,969.8233333333334,1774774349.4045868,150.32676712328765,152.1326844287662
2026-03-29 09:00:00,969.1666666666666,1774775249.412453,151.0543447098976,152.67839198255487
2026-03-29 09:15:00,968.4133333333333,1774776150.9521832,149.94716723549487,151.3425340719637
2026-03-29 09:30:00,967.8133333333334,1774777050.9355075,151.1278595890411,152.36042369731393
2026-03-29 09:45:00,967.2666666666668,1774777950.9921386,151.71140273037543,152.78994581313762
2026-03-29 10:00:00,966.9433333333333,1774778850.9480133,150.15092123287673,151.12550062164473
2026-03-29 10:15:00,966.7133333333335,1774779750.9342606,151.16892150170648,152.08363331808832
2026-03-29 10:30:00,966.3233333333334,1774780651.1567698,150.63454452054793,151.43376885416512
2026-03-29 10:45:00,965.87,1774781550.918246,151.6948395904437,152.36839303734706
2026-03-29 11:00:00,965.2833333333333,1774782450.9253886,151.93186301369863,152.43645831508695
2026-03-29 11:15:00,964.6066666666666,1774783351.0939565,151.6835290102389,151.9917631321884
2026-03-29 11:30:00,964.0866666666667,1774784250.9205232,152.3646609589041,152.52351150386366
2026-03-29 11:45:00,963.7266666666668,1774785150.8961413,153.05651877133104,153.11132665259598
2026-03-29 12:00:00,962.6999999999999,1774786050.8895493,153.70304452054793,153.4584454890131
2026-03-29 12:15:00,962.0566666666667,1774786950.895738,152.8481638225256,152.4185050959679
2026-03-29 12:30:00,961.6733333333333,1774787850.9378986,152.02886643835615,151.4911345368963
2026-03-29 12:45:00,961.2833333333333,1774788750.847983,152.4912627986348,151.83934073577322
2026-03-29 13:00:00,960.8033333333333,1774789650.840237,152.89317465753425,152.10075520129485
2026-03-29 13:15:00,960.8000000000001,1774790550.8929667,152.4376279863481,151.64660911986573
2026-03-29 13:30:00,960.7333333333332,1774791450.9260232,152.520198630137,151.70953353572904
2026-03-29 13:45:00,960.43,1774792351.1071224,154.01611262798633,153.1092291664946
2026-03-29 14:00:00,960.1166666666667,1774793250.9208252,153.6231917808219,152.6277305024033
2026-03-29 14:15:00,959.5933333333332,1774794150.924086,153.14903754266211,152.00542949712332
2026-03-29 14:30:00,959.6433333333333,1774795050.914475,152.45303424657536,151.32899903049696
2026-03-29 14:45:00,959.6166666666667,1774795949.4954152,152.56013356164385,151.42763617508652
2026-03-29 15:00:00,959.6700000000001,1774796849.374039,153.3657576791809,152.24270639430193
2026-03-29 15:15:00,959.7033333333334,1774797750.881476,155.13176791808874,154.00553804696384
2026-03-29 15:30:00,960.43,1774798650.8582468,154.63493493150685,153.72440769727544
2026-03-29 15:45:00,960.2400000000001,1774799550.9212177,153.72877133105803,152.76842044794137
2026-03-29 16:00:00,960.5500000000001,1774800450.8653312,153.18879109589042,152.32150444430403
2026-03-29 16:15:00,960.5466666666666,1774801350.8994577,154.13675085324232,153.26312660651865
2026-03-29 16:30:00,960.5733333333334,1774802251.079925,153.49726027397259,152.63499387546565
2026-03-29 16:45:00,960.7566666666667,1774803150.9073334,152.53791126279864,151.73387874291194
2026-03-29 17:00:00,960.8533333333334,1774804050.9097738,153.1344383561644,152.35524153145866
2026-03-29 17:15:00,961.0966666666667,1774804950.9178479,152.46923208191126,151.76356917814766
2026-03-29 17:30:00,960.9233333333333,1774805851.036166,153.57074657534247,152.80965200762265
2026-03-29 17:45:00,960.93,1774806750.9217803,153.85368941979522,153.09313175850704
2026-03-29 18:00:00,961.0066666666667,1774807650.9263399,153.48817808219178,152.75167649033276
2026-03-29 18:15:00,961.0866666666667,1774808550.9389148,153.5460204778157,152.83247010355345
2026-03-29 18:30:00,961.17,1774809450.945276,153.78019520547946,153.08979388620776
2026-03-29 18:45:00,961.3766666666667,1774810350.9552007,153.1179180887372,152.49035621007337
2026-03-29 19:00:00,961.6266666666667,1774811250.9527104,153.28497945205478,152.72926203599013
2026-03-29 19:15:00,961.7266666666668,1774812150.9596367,154.40410580204778,153.87356431951815
2026-03-29 19:30:00,961.7999999999998,1774813050.9120986,153.78245205479453,153.27540149552522
2026-03-29 19:45:00,962.0666666666666,1774813951.0984468,153.60809556313993,153.17921103320154
2026-03-29 20:00:00,962.2733333333332,1774814850.908321,152.48303424657536,152.11701052015863
2026-03-29 20:15:00,962.4466666666667,1774815750.907839,152.52235153583618,152.20635180322415
2026-03-29 20:30:00,962.52,1774816650.916247,155.41168150684933,155.11130625581524
2026-03-29 20:45:00,962.8266666666667,1774817550.9122872,152.62698976109215,152.4207813227295
2026-03-29 21:00:00,962.9433333333333,1774818451.021198,153.8550719178082,153.68126650372028
2026-03-29 21:15:00,963.3000000000001,1774819350.9184852,153.0587747440273,152.98950965286232
2026-03-29 21:30:00,963.4933333333333,1774820250.8910573,151.89206849315067,151.8791113969628
2026-03-29 21:45:00,963.6466666666666,1774821150.891053,153.8316552901024,153.86335173237455
2026-03-29 22:00:00,963.7833333333333,1774822051.0417552,152.07189726027397,152.14273237829912
2026-03-29 22:15:00,963.8933333333333,1774822950.8973126,152.8117098976109,152.91484548370215
2026-03-29 22:30:00,963.8633333333333,1774823850.8905473,153.38692123287672,153.48169633422492
2026-03-29 22:45:00,964.0100000000001,1774824749.5436902,152.09922602739726,152.23562256745475
2026-03-29 23:00:00,964.0733333333334,1774825649.343478,153.14650511945393,153.3022870831123
2026-03-29 23:15:00,963.9266666666666,1774826550.8649487,152.0765529010239,152.1888306361267
2026-03-29 23:30:00,963.8866666666667,1774827450.8561497,152.6083390410959,152.70940303689676
2026-03-29 23:45:00,963.8666666666667,1774828350.9222198,152.84852559726963,152.9439366752169
2026-03-30 00:00:00,963.9766666666668,1774829250.882005,151.49985273972604,151.6261084946715
2026-03-30 00:15:00,963.93,1774830150.8852487,152.9704675767918,153.0843748181468
2026-03-30 00:30:00,963.9733333333334,1774831050.9501052,151.72450684931505,151.84998810509748
2026-03-30 00:45:00,964.2333333333332,1774831950.882986,152.16036518771332,152.36145488389317
2026-03-30 01:00:00,963.9466666666667,1774832850.8429744,151.39052739726029,151.50805583819997
2026-03-30 01:15:00,963.5500000000001,1774833750.8496373,151.46004436860068,151.4634308109278
2026-03-30 01:30:00,963.41,1774834650.9933665,153.28366780821918,153.24632607954055
2026-03-30 01:45:00,963.0799999999999,1774835550.844755,151.52727986348123,151.39541132375882
2026-03-30 02:00:00,963.0766666666667,1774836450.8322685,152.64588356164384,152.51207562997567
2026-03-30 02:15:00,962.8066666666667,1774837350.8166356,152.54330375426622,152.33141967690688
2026-03-30 02:30:00,962.6199999999999,1774838250.826804,151.9505787671233,151.68571058368502
2026-03-30 02:45:00,962.5566666666667,1774839150.8548977,152.7807576791809,152.49609092671665
2026-03-30 03:00:00,962.2566666666667,1774840050.9099336,152.6923493150685,152.3209995693316
2026-03-30 03:15:00,962.1833333333334,1774840950.8029432,153.4591638225256,153.06462068443707
2026-03-30 03:30:00,962.0666666666666,1774841850.7962337,152.51123630136988,152.08541427908884
2026-03-30 03:45:00,961.84,1774842749.3158505,152.29520547945205,151.8045953713319
2026-03-30 04:00:00,961.54,1774843649.30576,152.7364709897611,152.15768476754553
2026-03-30 04:15:00,961.2366666666667,1774844550.8511922,154.0167576791809,153.34471673879432
2026-03-30 04:30:00,960.9166666666666,1774845451.0407703,151.89016095890412,151.1354809561569
2026-03-30 04:45:00,960.6566666666668,1774846350.7954626,152.938023890785,152.10298005178112
2026-03-30 05:00:00,960.4900000000001,1774847250.9234934,153.78915753424658,152.90104016333106
2026-03-30 05:15:00,960.41,1774848150.8225868,150.61075426621161,149.71823296283063
2026-03-30 05:30:00,960.0533333333333,1774849050.7781582,152.84323287671234,151.83455378835262
2026-03-30 05:45:00,959.7333333333332,1774849950.7833436,153.7265324232082,152.61920336600585
2026-03-30 06:00:00,959.5966666666667,1774850850.817044,154.51560958904108,153.36276825024396
2026-03-30 06:15:00,959.6199999999999,1774851749.3440542,154.596448630137,153.44980694170246
2026-03-30 06:30:00,959.1833333333334,1774852649.3024485,153.90061774744026,152.6324504329582
2026-03-30 06:45:00,958.36,1774853550.820109,154.3784061433447,152.86697971819953
2026-03-30 07:00:00,958.2533333333334,1774854450.8205812,154.61124657534245,153.0665159248316
2026-03-30 07:15:00,958.4066666666668,1774855351.0760393,155.1982491467577,153.69242292096197
2026-03-30 07:30:00,958.56,1774856250.8391664,152.94498630136988,151.5051546520475
2026-03-30 07:45:00,958.54,1774857150.8497062,154.22204778156996,152.7643886553801
2026-03-30 08:00:00,958.6966666666667,1774858050.8546019,154.09301712328767,152.68201913913612
2026-03-30 08:15:00,958.89,1774858950.8629715,154.55225938566554,153.19331889307432
2026-03-30 08:30:00,958.71,1774859851.0067298,154.03656164383563,152.62994718722032
2026-03-30 08:45:00,958.2666666666668,1774860750.860633,154.86835153583618,153.32493631607827
2026-03-30 09:00:00,958.2800000000001,1774861650.8719692,155.3573082191781,153.81291661039577
2026-03-30 09:15:00,957.7766666666666,1774862550.8770158,154.40991126279863,152.72880812000454
2026-03-30 09:30:00,957.48,1774863450.8847759,154.8322191780822,153.06021898978366
2026-03-30 09:45:00,957.2833333333333,1774864350.8864534,155.62682252559728,153.78825210063948
2026-03-30 10:00:00,957.0233333333332,1774865250.910606,153.43390753424657,151.54636174143678
2026-03-30 10:15:00,956.7066666666666,1774866150.9581106,154.30400341296928,152.31408380841648
2026-03-30 10:30:00,956.3299999999999,1774867050.9332278,155.20765410958904,153.0964756766109
2026-03-30 10:45:00,956.44,1774867950.9359417,155.3173481228669,153.23670072479663
2026-03-30 11:00:00,956.5933333333334,1774868851.0212846,155.30464383561645,153.26881243580434
2026-03-30 11:15:00,956.4066666666666,1774869750.9235277,156.63403412969282,154.52596131438565
2026-03-30 11:30:00,956.16,1774870650.893291,155.7678116438356,153.59939317226633
2026-03-30 11:45:00,956.27,1774871550.8811646,156.01508532423207,153.8753811900038
2026-03-30 12:00:00,956.4900000000001,1774872450.9088392,153.64398287671233,151.60015338454158
2026-03-30 12:15:00,956.6,1774873350.8482525,155.06219453924913,153.03147970447057
2026-03-30 12:30:00,956.6999999999999,1774874250.8479793,156.06265410958903,154.0481034843453
2026-03-30 12:45:00,957.1999999999999,1774875149.4471512,156.3102979452055,154.43919815397274
2026-03-30 13:00:00,956.9433333333333,1774876049.3485613,156.0388361774744,154.09582017600613
2026-03-30 13:15:00,957.0166666666668,1774876950.86789,156.47676450511946,154.54982780537043
2026-03-30 13:30:00,957.3433333333332,1774877850.8785353,155.93335273972602,154.10872837005755
2026-03-30 13:45:00,957.2433333333333,1774878750.9811409,155.13479863481228,153.29039045235834
2026-03-30 14:00:00,957.3133333333334,1774879650.9093423,155.67140753424658,153.84107907498512
2026-03-30 14:15:00,957.0666666666666,1774880550.9289443,155.59093515358362,153.68950682931597
2026-03-30 14:30:00,956.9866666666667,1774881450.913196,156.5054589041096,154.5693581420103
2026-03-30 14:45:00,957.0500000000001,1774882350.908396,156.8001399317406,154.87902971249846
2026-03-30 15:00:00,957.0766666666667,1774883250.9105117,156.3069794520548,154.3997341406704
2026-03-30 15:15:00,956.9200000000001,1774884150.9216514,155.00017406143346,153.06330565954266
2026-03-30 15:30:00,956.8866666666667,1774885051.0470262,154.5575308219178,152.61652763111107
2026-03-30 15:45:00,956.6933333333333,1774885950.9185169,156.52730034129695,154.50479470983927
2026-03-30 16:00:00,956.5933333333332,1774886850.8982894,156.31019178082192,154.2611790231939
2026-03-30 16:15:00,956.6533333333333,1774887750.923606,157.6708361774744,155.62172709907685
2026-03-30 16:30:00,956.86,1774888650.942204,155.90786301369863,153.9421018113565
2026-03-30 16:45:00,957.1666666666666,1774889550.9286413,156.85635153583618,154.9689002463986
2026-03-30 17:00:00,957.1866666666666,1774890451.0733168,155.52325684931506,153.65768555925052
2026-03-30 17:15:00,957.1166666666667,1774891350.9390364,155.96534129692833,154.0739738041516
2026-03-30 17:30:00,956.9133333333333,1774892250.9194036,155.23804109589042,153.2962585637674
2026-03-30 17:45:00,957.1766666666666,1774893151.12749,156.0146518771331,154.1402573903789
2026-03-30 18:00:00,957.42,1774894050.925207,155.83460616438356,154.0335731819597
2026-03-30 18:15:00,957.66,1774894950.944152,155.9920170648464,154.25949112401577
2026-03-30 18:30:00,957.7333333333332,1774895851.0675273,156.27291438356164,154.55880234848607
2026-03-30 18:45:00,957.7633333333333,1774896750.9227247,156.42143686006827,154.71451420123154
2026-03-30 19:00:00,957.8533333333334,1774897650.9206917,154.8801575342466,153.21625156624313
2026-03-30 19:15:00,957.8800000000001,1774898550.9210198,156.4726587030717,154.79948717795892
2026-03-30 19:30:00,958.0533333333333,1774899450.9206662,156.2236609589041,154.6040598686964
2026-03-30 19:45:00,958.2333333333332,1774900350.948322,157.50664163822523,155.92705757348384
2026-03-30 20:00:00,958.4499999999999,1774901250.9075716,156.82682534246575,155.31798501750296
2026-03-30 20:15:00,958.6999999999999,1774902149.528341,155.80636986301369,154.38066080220295
2026-03-30 20:30:00,958.9533333333334,1774903049.4487462,155.7889419795222,154.43771052354785
2026-03-30 20:45:00,959.1233333333333,1774903950.9672117,156.9058327645051,155.59516310651208
2026-03-30 21:00:00,959.1899999999999,1774904850.9636652,156.57595205479453,155.28770649490832
2026-03-30 21:15:00,959.3366666666667,1774905751.025451,154.6231467576792,153.39370787224067
2026-03-30 21:30:00,959.5033333333332,1774906650.9319978,156.51879452054794,155.32346094465112
2026-03-30 21:45:00,959.6533333333333,1774907550.925,155.83235494880546,154.68634303607297
2026-03-30 22:00:00,959.8233333333334,1774908451.1254644,155.02305136986303,153.9327034177865
2026-03-30 22:15:00,960.0500000000001,1774909350.9256153,155.39129351535834,154.3648210176784
2026-03-30 22:30:00,960.1266666666667,1774910250.8978827,155.33173287671232,154.32813264777246
2026-03-30 22:45:00,960.1866666666666,1774911150.8800833,156.1197337883959,155.12872594268188
2026-03-30 23:00:00,960.36,1774912051.0002537,153.73762328767123,152.81205428275157
2026-03-30 23:15:00,960.59,1774912950.861374,154.06458020477814,153.2039782855463
2026-03-30 23:30:00,960.5633333333334,1774913850.871104,153.17632876712327,152.31297121808305
2026-03-30 23:45:00,960.6733333333333,1774914749.507469,156.21044178082192,155.3624502254815
2026-03-31 00:00:00,960.7266666666666,1774915649.3256328,155.9737576791809,155.14277130594093
2026-03-31 00:15:00,960.7633333333333,1774916550.8492084,154.6389180887372,153.82575953767147
2026-03-31 00:30:00,960.8033333333333,1774917450.8355274,153.13346917808218,152.33980431599824
2026-03-31 00:45:00,960.7733333333334,1774918350.8664694,155.37076791808875,154.5566975323227
2026-03-31 01:00:00,960.8666666666667,1774919250.8822873,154.82743835616438,154.04352939456476
2026-03-31 01:15:00,960.9933333333333,1774920150.884717,155.01373037542663,154.2660004129873
2026-03-31 01:30:00,961.1466666666666,1774921050.9896805,154.64514383561644,153.94403429712574
2026-03-31 01:45:00,961.21,1774921950.937135,155.48540955631398,154.79911690613372
2026-03-31 02:00:00,961.3666666666667,1774922850.9685018,154.69136986301368,154.05443204708945
2026-03-31 02:15:00,961.31,1774923750.9774935,153.74614675767918,153.0966165842899
2026-03-31 02:30:00,961.6166666666667,1774924651.1517658,153.43297602739725,152.87381743630436
2026-03-31 02:45:00,961.6266666666667,1774925550.9668107,154.62370307167237,154.06313226401397
2026-03-31 03:00:00,961.6999999999999,1774926450.9605196,153.55933561643835,153.02394340381954
2026-03-31 03:15:00,961.5,1774927350.9519792,154.6845255972696,154.08664630211516
2026-03-31 03:30:00,961.4899999999999,1774928250.927188,154.52991438356165,153.92970799210434
2026-03-31 03:45:00,961.6333333333333,1774929151.0258706,155.36684982935154,154.80554568471072
2026-03-31 04:00:00,961.7566666666667,1774930050.8974905,155.0882910958904,154.56420862172834
2026-03-31 04:15:00,961.7766666666666,1774930950.917312,155.00465870307167,154.48672922804332
2026-03-31 04:30:00,961.9900000000001,1774931850.9478464,154.14300684931507,153.69023963416515
2026-03-31 04:45:00,962.1433333333333,1774932750.9116309,153.92596587030715,153.5185547317532
2026-03-31 05:00:00,961.9866666666667,1774933650.9204402,154.71606506849315,154.26063761129538
2026-03-31 05:15:00,962.2366666666667,1774934550.94686,154.77204778156997,154.38977325971848
2026-03-31 05:30:00,962.2633333333333,1774935450.9408622,154.5791267123288,154.20514155259463
2026-03-31 05:45:00,962.2233333333334,1774936350.9391935,153.72733447098975,153.34375554939047
2026-03-31 06:00:00,962.1766666666666,1774937251.1330013,155.73016095890412,155.32781159461018
2026-03-31 06:15:00,961.9966666666666,1774938150.9472525,154.64168259385664,154.18940366227287
2026-03-31 06:30:00,962.11,1774939050.9336648,154.1339897260274,153.71629231660486
2026-03-31 06:45:00,962.0566666666667,1774939950.9172797,154.16285665529008,153.72950230534892
2026-03-31 07:00:00,962.1166666666667,1774940850.9031599,152.53962671232878,152.12817691238777
2026-03-31 07:15:00,962.11,1774941751.0168433,155.29815699658704,154.87730473693378
2026-03-31 07:30:00,962.2233333333334,1774942650.8737252,154.03220890410958,153.64786926284594
2026-03-31 07:45:00,962.3000000000001,1774943550.8672183,153.76536177474404,153.40403219437223
2026-03-31 08:00:00,962.2166666666667,1774944450.9418352,154.51076712328768,154.12328114770582
2026-03-31 08:15:00,962.41,1774945350.8757014,154.30351535836178,153.97309819854294
2026-03-31 08:30:00,962.4466666666667,1774946250.8748903,152.9660993150685,152.64918021438896
2026-03-31 08:45:00,962.5933333333332,1774947150.8774953,154.69541296928327,154.41793616850777
2026-03-31 09:00:00,962.6066666666667,1774948051.0302913,154.17649315068493,153.90384598322152
2026-03-31 09:15:00,962.62,1774948950.9019623,154.76832081911263,154.49854097146905
2026-03-31 09:30:00,962.7400000000001,1774949850.9016237,154.03705136986304,153.8036094386502
2026-03-31 09:45:00,962.81,1774950750.8995988,154.81184300341297,154.59778702001077
2026-03-31 10:00:00,962.9966666666666,1774951650.898422,153.72202054794522,153.56392579403513
2026-03-31 10:15:00,963.0333333333333,1774952550.956473,153.50833447098978,153.3611432691022
2026-03-31 10:30:00,963.0666666666666,1774953450.8861816,153.91496232876713,153.777120141666
2026-03-31 10:45:00,963.1033333333334,1774954349.534947,154.22542808219177,154.09804297318695
2026-03-31 11:00:00,963.1466666666666,1774955249.3459792,155.45733447098976,155.3417211232086
2026-03-31 11:15:00,963.2366666666667,1774956150.878407,154.5564709897611,154.46793937193831
2026-03-31 11:30:00,963.35,1774957050.8878853,154.9154315068493,154.8600372105217
2026-03-31 11:45:00,963.3633333333333,1774957950.883681,153.88812969283276,153.83699989130923
2026-03-31 12:00:00,963.6566666666668,1774958850.849545,154.93647945205478,154.97134796688883
2026-03-31 12:15:00,963.8666666666667,1774959750.8401802,154.06136518771333,154.157533344162
2026-03-31 12:30:00,964.0566666666667,1774960650.934291,154.2217808219178,154.37376798536468
2026-03-31 12:45:00,964.2866666666665,1774961550.8521516,155.31626621160407,155.53728694690517
2026-03-31 13:00:00,964.5333333333333,1774962450.8433897,154.56923287671233,154.86175209245022
2026-03-31 13:15:00,964.4499999999999,1774963351.0676327,154.5415699658703,154.80952338163104
2026-03-31 13:30:00,964.6633333333333,1774964250.8419619,154.9474691780822,155.27905338840566
2026-03-31 13:45:00,964.73,1774965150.831891,153.23739590443685,153.58477343445122
2026-03-31 14:00:00,964.56,1774966050.8169653,153.98967808219177,154.2889176090688
2026-03-31 14:15:00,964.4033333333333,1774966949.4547732,155.98850684931506,156.24511470306874
2026-03-31 14:30:00,964.4666666666667,1774967849.317855,155.11715358361775,155.39102561857624
2026-03-31 14:45:00,964.6233333333333,1774968750.8745832,154.45428327645052,154.77304888097194
2026-03-31 15:00:00,964.6533333333333,1774969650.8930604,154.8459383561644,155.1743569519484
2026-03-31 15:15:00,964.3233333333334,1774970550.9877567,154.62556313993176,154.85638893210904
2026-03-31 15:30:00,964.2533333333334,1774971450.8811882,155.7632123287671,155.9749903558835
2026-03-31 15:45:00,964.5166666666668,1774972350.8847477,156.11692150170649,156.40741670760207
2026-03-31 16:00:00,964.4733333333334,1774973250.9294267,154.4187705479452,154.69336896740415
2026-03-31 16:15:00,964.1866666666666,1774974150.8861642,156.11444027303756,156.30689570755877
2026-03-31 16:30:00,964.2166666666667,1774975050.8639278,156.3225308219178,156.52416441030812
2026-03-31 16:45:00,964.0366666666667,1774975950.867614,154.64963822525596,154.7961646805863
2026-03-31 17:00:00,963.9033333333333,1774976850.8730078,154.73229109589042,154.8396648451569
2026-03-31 17:15:00,964.1999999999999,1774977749.5157244,156.5142397260274,156.7111579927625
2026-03-31 17:30:00,964.6066666666666,1774978649.3659668,154.6945733788396,155.00892620479843
2026-03-31 17:45:00,964.3466666666667,1774979550.8956614,154.727819112628,154.96566754532688
2026-03-31 18:00:00,963.8966666666666,1774980450.9965742,154.29742465753424,154.40254086098776
2026-03-31 18:15:00,963.7733333333332,1774981350.892943,156.62245733788396,156.6924349230928
2026-03-31 18:30:00,963.7800000000001,1774982250.8869157,154.63257191780824,154.70362000586903
2026-03-31 18:45:00,963.91,1774983149.5341585,154.8406575342466,154.95006917094094
2026-03-31 19:00:00,964.0866666666667,1774984049.3743021,153.8459351535836,154.0063300278619
2026-03-31 19:15:00,964.2333333333332,1774984950.9301136,155.01441979522184,155.2192813078875
2026-03-31 19:30:00,963.5799999999999,1774985850.9512,155.72019178082192,155.73254997666567
2026-03-31 19:45:00,963.6933333333333,1774986751.1706834,155.3790614334471,155.42485710607534
2026-03-31 20:00:00,963.6933333333333,1774987650.954941,155.1003082191781,155.14602173343292
2026-03-31 20:15:00,963.3933333333333,1774988550.955033,155.9470409556314,155.9041133557466
2026-03-31 20:30:00,963.2733333333334,1774989450.9576056,154.80901712328767,154.731120070193
2026-03-31 20:45:00,962.86,1774990350.955453,154.56205119453924,154.36300438335172
2026-03-31 21:00:00,962.9633333333333,1774991251.0903468,155.0476883561644,154.8784209475886
2026-03-31 21:15:00,963.2133333333333,1774992150.9545047,154.99153924914677,154.8958912161214
2026-03-31 21:30:00,962.8566666666667,1774993050.9337366,154.0701712328767,153.87078335239025
2026-03-31 21:45:00,962.3433333333334,1774993950.9312935,155.4771843003413,155.1246035487049
2026-03-31 22:00:00,961.3933333333334,1774994851.1403556,156.1196506849315,155.48470965111318
2026-03-31 22:15:00,960.6433333333333,1774995750.9213586,155.36266894197954,154.5104721907884
2026-03-31 22:30:00,960.3633333333333,1774996651.0771275,155.9122294520548,154.9745498512929
2026-03-31 22:45:00,959.69,1774997550.931466,153.75325938566553,152.63317049269563
2026-03-31 23:00:00,960.4699999999999,1774998450.9356973,155.28860616438357,154.38596284595812
2026-03-31 23:15:00,959.6766666666666,1774999349.497161,155.26455479452054,154.12955148513586
2026-03-31 23:30:00,959.1999999999999,1775000249.3950558,155.1854300341297,153.9115494360402
2026-03-31 23:45:00,959.0733333333334,1775001150.9309564,155.6946723549488,154.37945304715268
2026-04-01 00:00:00,959.0266666666666,1775002050.9077644,156.07561986301369,154.74346133392427
2026-04-01 00:15:00,957.7966666666666,1775002950.9343488,155.5770409556314,153.88907862497229
2026-04-01 00:30:00,957.7066666666666,1775003850.8690004,156.27406506849314,154.5521095732921
2026-04-01 00:45:00,957.1266666666667,1775004749.4605167,156.40323630136987,154.50949417632296
2026-04-01 01:00:00,956.8333333333334,1775005649.3260834,155.90490443686008,153.93138115011433
2026-04-01 01:15:00,956.3533333333334,1775006550.8424234,157.45584641638226,155.32097317928
2026-04-01 01:30:00,955.6833333333334,1775007450.8068514,157.13231506849314,154.8046366594927
2026-04-01 01:45:00,955.9266666666667,1775008350.9385502,155.55583617747442,153.32238059041276
2026-04-01 02:00:00,956.0500000000001,1775009250.8140595,156.03822260273972,153.83388514198032
2026-04-01 02:15:00,955.62,1775010150.8259382,156.2850204778157,153.95136686527837
2026-04-01 02:30:00,956.1233333333333,1775011050.8766615,156.31720890410958,154.13040423674664
2026-04-01 02:45:00,956.6700000000001,1775011950.7956657,155.58769624573378,153.5705228930425
2026-04-01 03:00:00,955.6066666666667,1775012850.7693882,156.20104794520546,153.86475025720017
2026-04-01 03:15:00,954.52,1775013750.7593293,156.05024914675766,153.39916163549395
2026-04-01 03:30:00,953.5633333333334,1775014650.949996,156.96477054794522,154.0179386683437
2026-04-01 03:45:00,953.3299999999999,1775015550.7331157,156.71544709897609,153.70513826006268
2026-04-01 04:00:00,952.89,1775016450.73786,157.4022773972603,154.24976867858402
2026-04-01 04:15:00,952.65,1775017350.7932758,157.13133447098977,153.91405148143153
2026-04-01 04:30:00,952.21,1775018250.8205924,158.56231506849315,155.18594288614707
2026-04-01 04:45:00,952.25,1775019150.733834,157.2331774744027,153.89680320999122
2026-04-01 05:00:00,951.8233333333334,1775020050.723438,156.33053082191782,152.88931754145452
2026-04-01 05:15:00,951.5666666666666,1775020950.6919453,156.33812969283275,152.8222046727377
2026-04-01 05:30:00,951.46,1775021850.7032685,158.90458561643837,155.29946574997257
2026-04-01 05:45:00,950.63,1775022750.6566622,157.3094880546075,153.49829889639685
2026-04-01 06:00:00,950.2166666666667,1775023650.6734836,158.188948630137,154.23527880851975
2026-04-01 06:15:00,950.1700000000001,1775024549.2856543,158.23957191780823,154.27095755325453
2026-04-01 06:30:00,949.7466666666666,1775025449.1423533,157.2379351535836,153.1711913678101
2026-04-01 06:45:00,949.7133333333333,1775026350.6564293,158.99684982935153,154.8748050768303
2026-04-01 07:00:00,949.07,1775027250.651558,158.6766883561644,154.37413187408015
2026-04-01 07:15:00,949.0733333333334,1775028150.633577,157.6079829351536,153.3353757779864
2026-04-01 07:30:00,948.8100000000001,1775029050.6302,157.82541780821916,153.47011076740102
2026-04-01 07:45:00,948.0966666666667,1775029950.7602642,157.5817918088737,153.02566640581182
2026-04-01 08:00:00,948.1766666666666,1775030850.6381397,158.69365068493153,154.1288041646779
2026-04-01 08:15:00,947.7866666666667,1775031750.6310725,157.24627986348125,152.6099413062149
2026-04-01 08:30:00,947.48,1775032650.6391587,158.7618287671233,153.99105330704435
2026-04-01 08:45:00,947.1300000000001,1775033550.7220352,158.43526962457338,153.57214778821466
2026-04-01 09:00:00,946.75,1775034450.65112,159.25764383561642,154.25786508162275
2026-04-01 09:15:00,946.8633333333333,1775035350.665999,159.60246075085325,154.62514908290498
2026-04-01 09:30:00,946.4433333333333,1775036250.7914717,159.4820479452055,154.3852428393495
2026-04-01 09:45:00,946.5,1775037150.652479,158.34476791808873,153.3008130612949
2026-04-01 10:00:00,946.85,1775038050.6428485,159.27447602739724,154.3034837157989
2026-04-01 10:15:00,946.2333333333332,1775038950.6323922,159.53454607508533,154.37445551071158
2026-04-01 10:30:00,945.87,1775039850.6059825,159.45383561643834,154.18987644416404
2026-04-01 10:45:00,945.3933333333333,1775040750.6039045,159.43255972696244,154.02974013312027
2026-04-01 11:00:00,945.5500000000001,1775041650.6127512,159.09109246575343,153.74560257844666
2026-04-01 11:15:00,945.0266666666666,1775042550.6085844,158.6543242320819,153.171130931191
2026-04-01 11:30:00,945.3866666666667,1775043450.6081476,158.87261301369864,153.48682460647612
2026-04-01 11:45:00,945.07,1775044350.6412725,159.62365870307167,154.1196532552016
2026-04-01 12:00:00,944.91,1775045250.622251,160.59718150684932,155.01247692803875
2026-04-01 12:15:00,944.6433333333334,1775046150.7810116,160.90209897610922,155.22812216780713
2026-04-01 12:30:00,944.2033333333334,1775047050.6327517,159.32900684931508,153.58205454887363
2026-04-01 12:45:00,944.3266666666667,1775047950.7283812,159.8929351535836,154.16176312587967
2026-04-01 13:00:00,944.3299999999999,1775048850.554618,159.89075342465753,154.16063594603378
2026-04-01 13:15:00,944.35,1775049750.6154237,159.71258703071672,153.9947063142223
2026-04-01 13:30:00,944.0866666666667,1775050650.5677292,160.84407534246577,155.0081110093585
2026-04-01 13:45:00,943.8633333333333,1775051550.556413,160.49913310580206,154.61006431248074
2026-04-01 14:00:00,943.6433333333333,1775052450.5444944,159.73314383561643,153.8078757548319
2026-04-01 14:15:00,943.5500000000001,1775053350.5681555,161.0098566552901,155.00973834429288
2026-04-01 14:30:00,943.1966666666667,1775054250.5561905,160.94048287671234,154.83896635733916
2026-04-01 14:45:00,943.5066666666667,1775055150.5527203,159.6196723549488,153.65870824999556
2026-04-01 15:00:00,943.3533333333334,1775056050.726782,160.09361301369862,154.0700574091351
2026-04-01 15:15:00,943.0099999999999,1775056950.5608115,160.51103071672355,154.37103545925441
2026-04-01 15:30:00,942.9533333333334,1775057850.568688,159.98069178082193,153.84441866150578
2026-04-01 15:45:00,942.6566666666666,1775058750.5892396,160.38713310580204,154.14835760306238
2026-04-01 16:00:00,942.7566666666667,1775059650.600133,162.00813013698632,155.73588772761994
2026-04-01 16:15:00,942.5933333333332,1775060550.704846,161.673976109215,155.36644780461626
2026-04-01 16:30:00,942.5766666666667,1775061450.6087253,161.84550684931506,155.526361386429
2026-04-01 16:45:00,942.5233333333334,1775062350.610905,160.76110921501706,154.4686496887091
2026-04-01 17:00:00,942.2733333333334,1775063250.5772357,159.20985616438355,152.90546793539195
2026-04-01 17:15:00,942.4233333333333,1775064150.594373,160.03121843003413,153.7381150365948
2026-04-01 17:30:00,942.4066666666666,1775065050.6157784,162.30655821917807,155.91904134094665
2026-04-01 17:45:00,942.4499999999999,1775065950.83682,161.7567576791809,155.40367238132788
2026-04-01 18:00:00,942.3966666666666,1775066850.6111643,161.75643493150685,155.38761556688
2026-04-01 18:15:00,942.23,1775067750.6193476,162.11018771331058,155.6781341948516
2026-04-01 18:30:00,942.2066666666666,1775068650.6269832,160.90763698630136,154.5164467484315
2026-04-01 18:45:00,942.2666666666668,1775069550.6387622,161.41983959044367,155.02597681367786
2026-04-01 19:00:00,942.2733333333332,1775070450.6428154,160.17508904109587,153.83247954281356
2026-04-01 19:15:00,942.3933333333333,1775071350.6496522,161.33039931740615,154.97737268243392
2026-04-01 19:30:00,942.3666666666667,1775072250.769119,162.30576369863016,155.90642874961821
2026-04-01 19:45:00,942.4,1775073150.696359,160.36410580204776,154.05108212184004
2026-04-01 20:00:00,942.6033333333334,1775074050.6994963,161.15268150684932,154.8684333970184
2026-04-01 20:15:00,942.6966666666667,1775074949.3143404,161.77687671232877,155.4958598802102
2026-04-01 20:30:00,942.8833333333333,1775075849.161797,161.41024914675768,155.19850067190924
2026-04-01 20:45:00,942.9200000000001,1775076750.6782787,160.80478498293516,154.62710930773548
2026-04-01 21:00:00,942.9966666666666,1775077650.6797707,162.3353116438356,156.1215774153416
2026-04-01 21:15:00,943.0233333333332,1775078550.6967554,160.1331194539249,154.0114819326122
2026-04-01 21:30:00,943.1633333333333,1775079450.6706827,159.693448630137,153.62947904031577
2026-04-01 21:45:00,943.3000000000001,1775080349.2381423,159.3996404109589,153.38665170216666
2026-04-01 22:00:00,943.4433333333333,1775081249.147063,160.81613993174062,154.79186624720185
2026-04-01 22:15:00,943.6,1775082150.6674166,159.4919180887372,153.5629543569561
2026-04-01 22:30:00,943.7666666666668,1775083050.6296885,160.48285616438355,154.5659933801404
2026-04-01 22:45:00,943.9699999999999,1775083950.6653366,160.10059726962456,154.25741130672793
