2026  18  0  0   704.6   2.79  190406.  2.77   0.62
2026  18  0  1   686.7   2.73  172343.  2.57   0.57
2026  18  0  2   668.0   2.67  153483.  2.38   0.52
2026  18  0  3   666.2   2.91  161085.  2.58   0.58
2026  18  0  4   666.2   2.91  161085.  2.58   0.59
2026  18  0  5   666.2   2.91  161085.  2.58   0.59
2026  18  0  6 99999.9 999.99 9999999. 99.99 999.99
2026  18  0  7 99999.9 999.99 9999999. 99.99 999.99
2026  18  0  8 99999.9 999.99 9999999. 99.99 999.99
2026  18  0  9   661.6   2.79  180360.  2.44   0.60
2026  18  0 10   661.6   2.79  180360.  2.44   0.60
2026  18  0 11   667.1   2.95  169304.  2.63   0.62
2026  18  0 12   667.1   2.95  169304.  2.63   0.62
2026  18  0 13   664.4   2.87  188351.  2.53   0.65
2026  18  0 14   664.1   2.86  190406.  2.52   0.64
2026  18  0 15   653.9   2.74  143487.  2.34   0.53
2026  18  0 16   653.9   2.74  143487.  2.34   0.53
2026  18  0 17   675.3   3.09  160752.  2.82   0.61
2026  18  0 18   674.4   3.07  161770.  2.79   0.62
2026  18  0 19   673.5   3.06  162649.  2.78   0.62
2026  18  0 20   700.9   2.62  143487.  2.57   0.50
2026  18  0 21   700.9   2.62  143487.  2.57   0.50
2026  18  0 22 99999.9 999.99 9999999. 99.99 999.99
2026  18  0 23 99999.9 999.99 9999999. 99.99 999.99
2026  18  0 24 99999.9 999.99 9999999. 99.99 999.99
2026  18  0 25 99999.9 999.99 9999999. 99.99 999.99
2026  18  0 26 99999.9 999.99 9999999. 99.99 999.99
2026  18  0 27 99999.9 999.99 9999999. 99.99 999.99
2026  18  0 28 99999.9 999.99 9999999. 99.99 999.99
2026  18  0 29   683.1   2.82  137655.  2.63   0.49
2026  18  0 30   683.1   2.81  137068.  2.62   0.48
2026  18  0 31   683.6   2.52  119805.  2.36   0.40
2026  18  0 32   683.1   2.55  118586.  2.38   0.40
2026  18  0 33   682.2   2.60  116596.  2.42   0.40
2026  18  0 34   683.8   2.79  140332.  2.61   0.48
2026  18  0 35   684.0   2.81  143487.  2.63   0.49
2026  18  0 36 99999.9 999.99 9999999. 99.99 999.99
2026  18  0 37 99999.9 999.99 9999999. 99.99 999.99
2026  18  0 38   676.1   2.79  140251.  2.55   0.48
2026  18  0 39   672.4   2.85  147444.  2.58 999.99
2026  18  0 40 99999.9 999.99 9999999. 99.99 999.99
2026  18  0 41 99999.9 999.99 9999999. 99.99 999.99
2026  18  0 42 99999.9 999.99 9999999. 99.99 999.99
2026  18  0 43   690.3   2.32  112385.  2.21   0.37
2026  18  0 44   687.9   2.43  117963.  2.30   0.39
2026  18  0 45   683.9   2.63  127462.  2.46   0.45
2026  18  0 46   703.3   2.63  130763.  2.60   0.45
2026  18  0 47   704.0   2.66  132102.  2.64   0.46
2026  18  0 48   706.5   2.80  139382.  2.80   0.51
2026  18  0 49   710.7   2.70  136617.  2.73   0.48
2026  18  0 50   710.6   2.70  136569.  2.73   0.49
2026  18  0 51   687.6   2.66  141725.  2.52   0.49
2026  18  0 52   687.6   2.66  141725.  2.52   0.48
2026  18  0 53   665.6   2.93  196564.  2.60   0.66
2026  18  0 54   665.6   2.93  196564.  2.60   0.65
2026  18  0 55   668.8   2.78  163141.  2.49   0.54
2026  18  0 56   673.1   2.58  117128.  2.34   0.42
2026  18  0 57   678.9   2.52  119542.  2.32   0.41
2026  18  0 58   682.2   2.49  120884.  2.32   0.41
2026  18  0 59   672.1   2.45  108722.  2.21   0.38
2026  18  1  0   671.3   2.45  107741.  2.21   0.38
2026  18  1  1   665.0   2.36  109793.  2.09   0.37
2026  18  1  2   665.0   2.36  109793.  2.09   0.37
2026  18  1  3   656.9   2.49  121426.  2.15   0.42
2026  18  1  4   656.9   2.49  121426.  2.15   0.42
2026  18  1  5   683.1   2.62  119805.  2.45   0.44
2026  18  1  6   683.1   2.62  119805.  2.45   0.45
2026  18  1  7   683.1   2.62  119805.  2.45   0.44
2026  18  1  8   683.9   2.64  118195.  2.47   0.44
2026  18  1  9   684.0   2.64  118414.  2.47   0.44
2026  18  1 10   688.5   2.61  129534.  2.47   0.45
2026  18  1 11   689.2   2.60  131379.  2.47   0.46
2026  18  1 12 99999.9 999.99 9999999. 99.99 999.99
2026  18  1 13   685.0   2.96  153680.  2.78   0.57
2026  18  1 14   685.2   2.96  153524.  2.78   0.56
2026  18  1 15   719.9   2.63  119805.  2.73   0.44
2026  18  1 16   710.4   2.64  139549.  2.66   0.47
2026  18  1 17   705.9   2.64  148840.  2.63   0.49
2026  18  1 18 99999.9 999.99 9999999. 99.99 999.99
2026  18  1 19 99999.9 999.99 9999999. 99.99 999.99
2026  18  1 20 99999.9 999.99 9999999. 99.99 999.99
2026  18  1 21 99999.9 999.99 9999999. 99.99 999.99
2026  18  1 22 99999.9 999.99 9999999. 99.99 999.99
2026  18  1 23   666.1   2.44  124151.  2.17   0.41
2026  18  1 24   666.1   2.44  124151.  2.17   0.41
2026  18  1 25   656.6   2.68  146449.  2.31   0.49
2026  18  1 26   666.0   2.67  129743.  2.37   0.46
2026  18  1 27   675.8   2.66  112385.  2.43   0.42
2026  18  1 28 99999.9 999.99 9999999. 99.99 999.99
2026  18  1 29 99999.9 999.99 9999999. 99.99 999.99
2026  18  1 30   722.6   2.38  131944.  2.49   0.41
2026  18  1 31   722.6   2.38  131944.  2.49   0.41
2026  18  1 32 99999.9 999.99 9999999. 99.99 999.99
2026  18  1 33 99999.9 999.99 9999999. 99.99 999.99
2026  18  1 34   693.5   2.64  148840.  2.54   0.50
2026  18  1 35   693.5   2.64  148840.  2.54   0.49
2026  18  1 36 99999.9 999.99 9999999. 99.99 999.99
2026  18  1 37 99999.9 999.99 9999999. 99.99 999.99
2026  18  1 38   677.8   2.25   91549.  2.07   0.33
2026  18  1 39   677.8   2.25   91549.  2.07   0.33
2026  18  1 40   677.8   2.25   91549.  2.07   0.32
2026  18  1 41 99999.9 999.99 9999999. 99.99 999.99
2026  18  1 42 99999.9 999.99 9999999. 99.99 999.99
2026  18  1 43 99999.9 999.99 9999999. 99.99 999.99
2026  18  1 44 99999.9 999.99 9999999. 99.99 999.99
2026  18  1 45 99999.9 999.99 9999999. 99.99 999.99
2026  18  1 46 99999.9 999.99 9999999. 99.99 999.99
2026  18  1 47 99999.9 999.99 9999999. 99.99 999.99
2026  18  1 48 99999.9 999.99 9999999. 99.99 999.99
2026  18  1 49 99999.9 999.99 9999999. 99.99 999.99
2026  18  1 50 99999.9 999.99 9999999. 99.99 999.99
2026  18  1 51 99999.9 999.99 9999999. 99.99 999.99
2026  18  1 52 99999.9 999.99 9999999. 99.99 999.99
2026  18  1 53 99999.9 999.99 9999999. 99.99 999.99
2026  18  1 54 99999.9 999.99 9999999. 99.99 999.99
2026  18  1 55 99999.9 999.99 9999999. 99.99 999.99
2026  18  1 56 99999.9 999.99 9999999. 99.99 999.99
2026  18  1 57   667.4   2.53  141140.  2.25   0.45
2026  18  1 58   667.4   2.53  141140.  2.25   0.45
2026  18  1 59   667.4   2.53  141140.  2.25   0.46
2026  18  2  0 99999.9 999.99 9999999. 99.99 999.99
2026  18  2  1   661.2   2.44  134214.  2.13   0.44
2026  18  2  2   661.2   2.44  134214.  2.13   0.44
2026  18  2  3   661.2   2.44  134214.  2.13   0.43
2026  18  2  4 99999.9 999.99 9999999. 99.99 999.99
2026  18  2  5 99999.9 999.99 9999999. 99.99 999.99
2026  18  2  6   664.6   2.78  144077.  2.46   0.50
2026  18  2  7   664.6   2.78  144077.  2.46   0.50
2026  18  2  8 99999.9 999.99 9999999. 99.99 999.99
2026  18  2  9 99999.9 999.99 9999999. 99.99 999.99
2026  18  2 10 99999.9 999.99 9999999. 99.99 999.99
2026  18  2 11 99999.9 999.99 9999999. 99.99 999.99
2026  18  2 12 99999.9 999.99 9999999. 99.99 999.99
2026  18  2 13 99999.9 999.99 9999999. 99.99 999.99
2026  18  2 14 99999.9 999.99 9999999. 99.99 999.99
2026  18  2 15 99999.9 999.99 9999999. 99.99 999.99
2026  18  2 16 99999.9 999.99 9999999. 99.99 999.99
2026  18  2 17 99999.9 999.99 9999999. 99.99 999.99
2026  18  2 18 99999.9 999.99 9999999. 99.99 999.99
2026  18  2 19 99999.9 999.99 9999999. 99.99 999.99
2026  18  2 20 99999.9 999.99 9999999. 99.99 999.99
2026  18  2 21 99999.9 999.99 9999999. 99.99 999.99
2026  18  2 22 99999.9 999.99 9999999. 99.99 999.99
2026  18  2 23 99999.9 999.99 9999999. 99.99 999.99
2026  18  2 24 99999.9 999.99 9999999. 99.99 999.99
2026  18  2 25 99999.9 999.99 9999999. 99.99 999.99
2026  18  2 26 99999.9 999.99 9999999. 99.99 999.99
2026  18  2 27   683.2   2.25  266742.  2.10   0.60
2026  18  2 28   683.2   2.25  266742.  2.10   0.59
2026  18  2 29   686.3   2.60  127462.  2.45   0.44
2026  18  2 30   686.3   2.60  127462.  2.45   0.44
2026  18  2 31   686.3   2.60  127462.  2.45   0.44
2026  18  2 32   683.2   2.69  142311.  2.51   0.49
2026  18  2 33   685.2   2.55  124210.  2.39   0.43
2026  18  2 34   678.1   2.52  119588.  2.32   0.42
2026  18  2 35   673.1   2.48  130437.  2.25   0.42
2026  18  2 36   690.2   2.86  143333.  2.72   0.52
2026  18  2 37   690.4   2.87  143487.  2.74   0.53
2026  18  2 38 99999.9 999.99 9999999. 99.99 999.99
2026  18  2 39   632.2   2.42  155515.  1.93   0.46
2026  18  2 40   632.2   2.42  155515.  1.93   0.47
2026  18  2 41 99999.9 999.99 9999999. 99.99 999.99
2026  18  2 42 99999.9 999.99 9999999. 99.99 999.99
2026  18  2 43 99999.9 999.99 9999999. 99.99 999.99
2026  18  2 44 99999.9 999.99 9999999. 99.99 999.99
2026  18  2 45 99999.9 999.99 9999999. 99.99 999.99
2026  18  2 46 99999.9 999.99 9999999. 99.99 999.99
2026  18  2 47 99999.9 999.99 9999999. 99.99 999.99
2026  18  2 48 99999.9 999.99 9999999. 99.99 999.99
2026  18  2 49 99999.9 999.99 9999999. 99.99 999.99
2026  18  2 50 99999.9 999.99 9999999. 99.99 999.99
2026  18  2 51 99999.9 999.99 9999999. 99.99 999.99
2026  18  2 52 99999.9 999.99 9999999. 99.99 999.99
2026  18  2 53 99999.9 999.99 9999999. 99.99 999.99
2026  18  2 54 99999.9 999.99 9999999. 99.99 999.99
2026  18  2 55 99999.9 999.99 9999999. 99.99 999.99
2026  18  2 56   666.9   2.81  141140.  2.50   0.50
2026  18  2 57   666.9   2.81  141140.  2.50   0.50
2026  18  2 58   669.6   2.77  129616.  2.48   0.47
2026  18  2 59   671.8   2.74  120344.  2.47   0.44
2026  18  3  0 99999.9 999.99 9999999. 99.99 999.99
2026  18  3  1   678.6   2.77  140556.  2.55   0.49
2026  18  3  2   676.0   2.81  143139.  2.57   0.51
2026  18  3  3   663.4   3.00  153162.  2.64   0.57
2026  18  3  4   675.9   2.81  135123.  2.57   0.51
2026  18  3  5   651.4   2.62  134214.  2.22   0.47
2026  18  3  6   651.8   2.62  134332.  2.23   0.46
2026  18  3  7   685.5   2.79  143482.  2.62   0.51
2026  18  3  8   687.7   2.80  144077.  2.65   0.51
2026  18  3  9 99999.9 999.99 9999999. 99.99 999.99
2026  18  3 10 99999.9 999.99 9999999. 99.99 999.99
2026  18  3 11 99999.9 999.99 9999999. 99.99 999.99
2026  18  3 12 99999.9 999.99 9999999. 99.99 999.99
2026  18  3 13 99999.9 999.99 9999999. 99.99 999.99
2026  18  3 14   694.5   2.88  148240.  2.78   0.54
2026  18  3 15   694.5   2.88  148232.  2.78   0.54
2026  18  3 16   677.7   2.76  130862.  2.54   0.48
2026  18  3 17   686.2   2.83  137228.  2.67   0.50
2026  18  3 18   684.1   2.72  122528.  2.55 999.99
2026  18  3 19   684.0   2.72  121969.  2.55   0.46
2026  18  3 20 99999.9 999.99 9999999. 99.99 999.99
2026  18  3 21 99999.9 999.99 9999999. 99.99 999.99
2026  18  3 22 99999.9 999.99 9999999. 99.99 999.99
2026  18  3 23   667.7   2.69  110826.  2.40   0.42
2026  18  3 24   667.7   2.69  110826.  2.40   0.42
2026  18  3 25 99999.9 999.99 9999999. 99.99 999.99
2026  18  3 26 99999.9 999.99 9999999. 99.99 999.99
2026  18  3 27 99999.9 999.99 9999999. 99.99 999.99
2026  18  3 28 99999.9 999.99 9999999. 99.99 999.99
2026  18  3 29 99999.9 999.99 9999999. 99.99 999.99
2026  18  3 30 99999.9 999.99 9999999. 99.99 999.99
2026  18  3 31 99999.9 999.99 9999999. 99.99 999.99
2026  18  3 32 99999.9 999.99 9999999. 99.99 999.99
2026  18  3 33 99999.9 999.99 9999999. 99.99 999.99
2026  18  3 34 99999.9 999.99 9999999. 99.99 999.99
2026  18  3 35 99999.9 999.99 9999999. 99.99 999.99
2026  18  3 36 99999.9 999.99 9999999. 99.99 999.99
2026  18  3 37 99999.9 999.99 9999999. 99.99 999.99
2026  18  3 38 99999.9 999.99 9999999. 99.99 999.99
2026  18  3 39 99999.9 999.99 9999999. 99.99 999.99
2026  18  3 40 99999.9 999.99 9999999. 99.99 999.99
2026  18  3 41 99999.9 999.99 9999999. 99.99 999.99
2026  18  3 42 99999.9 999.99 9999999. 99.99 999.99
2026  18  3 43 99999.9 999.99 9999999. 99.99 999.99
2026  18  3 44 99999.9 999.99 9999999. 99.99 999.99
2026  18  3 45 99999.9 999.99 9999999. 99.99 999.99
2026  18  3 46 99999.9 999.99 9999999. 99.99 999.99
2026  18  3 47 99999.9 999.99 9999999. 99.99 999.99
2026  18  3 48 99999.9 999.99 9999999. 99.99 999.99
2026  18  3 49 99999.9 999.99 9999999. 99.99 999.99
2026  18  3 50 99999.9 999.99 9999999. 99.99 999.99
2026  18  3 51 99999.9 999.99 9999999. 99.99 999.99
2026  18  3 52 99999.9 999.99 9999999. 99.99 999.99
2026  18  3 53 99999.9 999.99 9999999. 99.99 999.99
2026  18  3 54 99999.9 999.99 9999999. 99.99 999.99
2026  18  3 55   686.4   2.35  162963.  2.21   0.51
2026  18  3 56   686.1   2.43  157838.  2.29   0.50
2026  18  3 57   685.3   2.64  145260.  2.48   0.51
2026  18  3 58   685.3   2.64  145260.  2.48   0.52
2026  18  3 59   673.6   2.85  170586.  2.59   0.61
2026  18  4  0   673.6   2.82  166947.  2.56   0.62
2026  18  4  1   661.5   2.84  161075.  2.49   0.59
2026  18  4  2   623.4   3.06  167389.  2.38   0.67
2026  18  4  3   702.6   3.29  209887.  3.25   0.84
2026  18  4  4   702.6   3.29  209887.  3.25   0.88
2026  18  4  5   702.6   3.29  209887.  3.25   0.87
2026  18  4  6 99999.9 999.99 9999999. 99.99 999.99
2026  18  4  7 99999.9 999.99 9999999. 99.99 999.99
2026  18  4  8 99999.9 999.99 9999999. 99.99 999.99
2026  18  4  9   671.7   2.99  143487.  2.70   0.57
2026  18  4 10   671.7   2.99  143487.  2.70   0.57
2026  18  4 11   671.7   2.99  143487.  2.70   0.57
2026  18  4 12 99999.9 999.99 9999999. 99.99 999.99
2026  18  4 13 99999.9 999.99 9999999. 99.99 999.99
2026  18  4 14 99999.9 999.99 9999999. 99.99 999.99
2026  18  4 15   683.8   2.95  133644.  2.76   0.54
2026  18  4 16   683.8   2.95  133644.  2.76   0.53
2026  18  4 17   683.5   2.95  133732.  2.76   0.54
2026  18  4 18   669.5   2.95  137655.  2.64   0.54
2026  18  4 19   669.5   2.95  137655.  2.64   0.54
2026  18  4 20 99999.9 999.99 9999999. 99.99 999.99
2026  18  4 21 99999.9 999.99 9999999. 99.99 999.99
2026  18  4 22   679.5   2.68  125754.  2.47   0.46
2026  18  4 23   687.1   2.79  135765.  2.63   0.49
2026  18  4 24   698.5   2.96  150589.  2.89   0.55
2026  18  4 25   671.9   2.58  115536.  2.33   0.42
2026  18  4 26   671.9   2.58  115536.  2.33   0.42
2026  18  4 27 99999.9 999.99 9999999. 99.99 999.99
2026  18  4 28   663.1   2.84  135356.  2.50   0.52
2026  18  4 29   663.1   2.84  135356.  2.50   0.51
2026  18  4 30   663.1   2.84  135356.  2.50   0.49
2026  18  4 31 99999.9 999.99 9999999. 99.99 999.99
2026  18  4 32   674.7   2.87  193131.  2.61   0.61
2026  18  4 33   674.7   2.87  193131.  2.61   0.64
2026  18  4 34   674.7   2.87  193131.  2.61   0.64
2026  18  4 35 99999.9 999.99 9999999. 99.99 999.99
2026  18  4 36 99999.9 999.99 9999999. 99.99 999.99
2026  18  4 37   696.4   3.01  165485.  2.92   0.61
2026  18  4 38   695.0   3.00  169494.  2.90   0.63
2026  18  4 39   682.4   2.94  207046.  2.74   0.68
2026  18  4 40   682.4   2.94  207046.  2.74   0.68
2026  18  4 41 99999.9 999.99 9999999. 99.99 999.99
2026  18  4 42 99999.9 999.99 9999999. 99.99 999.99
2026  18  4 43 99999.9 999.99 9999999. 99.99 999.99
2026  18  4 44   621.7   2.54  197835.  1.96   0.59
2026  18  4 45   623.8   2.56  203205.  1.99   0.60
2026  18  4 46   628.7   2.65  213626.  2.09   0.65
2026  18  4 47   630.9   2.67  171874.  2.13   0.57
2026  18  4 48   617.3   2.56  134784.  1.95   0.47
2026  18  4 49   617.3   2.56  134784.  1.95   0.47
2026  18  4 50 99999.9 999.99 9999999. 99.99 999.99
2026  18  4 51   604.4   2.48  268351.  1.81   0.70
2026  18  4 52   617.1   2.67  198899.  2.03   0.62
2026  18  4 53   628.0   2.88  172252.  2.27   0.61
2026  18  4 54   622.5   2.60  142684.  2.02   0.49
2026  18  4 55   623.6   2.62  149245.  2.04   0.51
2026  18  4 56   627.3   2.70  170055.  2.12   0.56
2026  18  4 57 99999.9 999.99 9999999. 99.99 999.99
2026  18  4 58   663.4   3.23  176481.  2.84   0.70
2026  18  4 59   665.6   3.23  164936.  2.86   0.66
2026  18  5  0   666.1   2.86  161085.  2.54   0.58
2026  18  5  1   666.1   2.77  161085.  2.46   0.56
2026  18  5  2 99999.9 999.99 9999999. 99.99 999.99
2026  18  5  3   625.7   2.78  126354.  2.18   0.48
2026  18  5  4   632.6   2.86  133826.  2.29   0.51
2026  18  5  5   642.3   2.96  144431.  2.44   0.54
2026  18  5  6   645.7   3.07  147642.  2.56   0.57
2026  18  5  7   645.7   3.07  147642.  2.56   0.57
2026  18  5  8 99999.9 999.99 9999999. 99.99 999.99
2026  18  5  9 99999.9 999.99 9999999. 99.99 999.99
2026  18  5 10 99999.9 999.99 9999999. 99.99 999.99
2026  18  5 11   643.1   2.81  145854.  2.32   0.52
2026  18  5 12   643.1   2.81  145854.  2.32   0.52
2026  18  5 13   643.1   2.81  145854.  2.32   0.51
2026  18  5 14   639.4   3.08  159217.  2.52   0.60
2026  18  5 15   639.4   3.08  159217.  2.52   0.61
2026  18  5 16   634.4   3.13  176418.  2.52   0.64
2026  18  5 17   634.4   3.13  176418.  2.52   0.66
2026  18  5 18   640.3   3.21  182374.  2.63   0.69
2026  18  5 19   647.6   3.31  189728.  2.78   0.75
2026  18  5 20   647.6   3.31  189728.  2.78   0.71
2026  18  5 21   630.5   3.00  171874.  2.39   0.61
2026  18  5 22   632.0   3.03  172472.  2.42   0.62
2026  18  5 23   642.1   3.21  176418.  2.65   0.69
2026  18  5 24   638.4   2.83  151418.  2.31   0.54
2026  18  5 25   638.0   2.79  148840.  2.27   0.53
2026  18  5 26   642.1   3.07  166753.  2.53   0.63
2026  18  5 27   642.1   3.07  166753.  2.53   0.62
2026  18  5 28 99999.9 999.99 9999999. 99.99 999.99
2026  18  5 29   657.4   3.00  167389.  2.59   0.62
2026  18  5 30   657.4   3.00  167389.  2.59   0.62
2026  18  5 31 99999.9 999.99 9999999. 99.99 999.99
2026  18  5 32 99999.9 999.99 9999999. 99.99 999.99
2026  18  5 33 99999.9 999.99 9999999. 99.99 999.99
2026  18  5 34 99999.9 999.99 9999999. 99.99 999.99
2026  18  5 35 99999.9 999.99 9999999. 99.99 999.99
2026  18  5 36 99999.9 999.99 9999999. 99.99 999.99
2026  18  5 37 99999.9 999.99 9999999. 99.99 999.99
2026  18  5 38 99999.9 999.99 9999999. 99.99 999.99
2026  18  5 39 99999.9 999.99 9999999. 99.99 999.99
2026  18  5 40   655.6   3.18  123058.  2.73   0.51
2026  18  5 41   655.6   3.18  123058.  2.73   0.51
2026  18  5 42 99999.9 999.99 9999999. 99.99 999.99
2026  18  5 43 99999.9 999.99 9999999. 99.99 999.99
2026  18  5 44 99999.9 999.99 9999999. 99.99 999.99
2026  18  5 45 99999.9 999.99 9999999. 99.99 999.99
2026  18  5 46 99999.9 999.99 9999999. 99.99 999.99
2026  18  5 47 99999.9 999.99 9999999. 99.99 999.99
2026  18  5 48 99999.9 999.99 9999999. 99.99 999.99
2026  18  5 49 99999.9 999.99 9999999. 99.99 999.99
2026  18  5 50 99999.9 999.99 9999999. 99.99 999.99
2026  18  5 51 99999.9 999.99 9999999. 99.99 999.99
2026  18  5 52 99999.9 999.99 9999999. 99.99 999.99
2026  18  5 53 99999.9 999.99 9999999. 99.99 999.99
2026  18  5 54 99999.9 999.99 9999999. 99.99 999.99
2026  18  5 55 99999.9 999.99 9999999. 99.99 999.99
2026  18  5 56 99999.9 999.99 9999999. 99.99 999.99
2026  18  5 57 99999.9 999.99 9999999. 99.99 999.99
2026  18  5 58 99999.9 999.99 9999999. 99.99 999.99
2026  18  5 59 99999.9 999.99 9999999. 99.99 999.99
2026  18  6  0 99999.9 999.99 9999999. 99.99 999.99
2026  18  6  1 99999.9 999.99 9999999. 99.99 999.99
2026  18  6  2 99999.9 999.99 9999999. 99.99 999.99
2026  18  6  3 99999.9 999.99 9999999. 99.99 999.99
2026  18  6  4 99999.9 999.99 9999999. 99.99 999.99
2026  18  6  5 99999.9 999.99 9999999. 99.99 999.99
2026  18  6  6 99999.9 999.99 9999999. 99.99 999.99
2026  18  6  7 99999.9 999.99 9999999. 99.99 999.99
2026  18  6  8 99999.9 999.99 9999999. 99.99 999.99
2026  18  6  9 99999.9 999.99 9999999. 99.99 999.99
2026  18  6 10 99999.9 999.99 9999999. 99.99 999.99
2026  18  6 11 99999.9 999.99 9999999. 99.99 999.99
2026  18  6 12 99999.9 999.99 9999999. 99.99 999.99
2026  18  6 13 99999.9 999.99 9999999. 99.99 999.99
2026  18  6 14 99999.9 999.99 9999999. 99.99 999.99
2026  18  6 15 99999.9 999.99 9999999. 99.99 999.99
2026  18  6 16 99999.9 999.99 9999999. 99.99 999.99
2026  18  6 17 99999.9 999.99 9999999. 99.99 999.99
2026  18  6 18 99999.9 999.99 9999999. 99.99 999.99
2026  18  6 19 99999.9 999.99 9999999. 99.99 999.99
2026  18  6 20 99999.9 999.99 9999999. 99.99 999.99
2026  18  6 21   626.4   2.20   87822.  1.73   0.29
2026  18  6 22   626.4   2.20   87822.  1.73   0.29
2026  18  6 23   626.4   2.20   87822.  1.73   0.29
2026  18  6 24 99999.9 999.99 9999999. 99.99 999.99
2026  18  6 25   611.0   2.99  150646.  2.23   0.50
2026  18  6 26   611.0   2.99  150646.  2.23   0.51
2026  18  6 27   612.1   2.92  144598.  2.19   0.48
2026  18  6 28   618.6   2.53  109278.  1.94   0.37
2026  18  6 29   622.7   2.41  113603.  1.87   0.36
2026  18  6 30   623.5   2.39  114481.  1.86   0.36
2026  18  6 31 99999.9 999.99 9999999. 99.99 999.99
2026  18  6 32   625.2   2.58  126907.  2.02   0.41
2026  18  6 33   625.2   2.58  126907.  2.02   0.41
2026  18  6 34   626.2   2.42  117261.  1.90   0.37
2026  18  6 35   626.8   2.35  113034.  1.85   0.35
2026  18  6 36   635.0   2.53  118731.  2.04   0.38
2026  18  6 37   635.0   2.53  118731.  2.04   0.38
2026  18  6 38 99999.9 999.99 9999999. 99.99 999.99
2026  18  6 39 99999.9 999.99 9999999. 99.99 999.99
2026  18  6 40 99999.9 999.99 9999999. 99.99 999.99
2026  18  6 41 99999.9 999.99 9999999. 99.99 999.99
2026  18  6 42 99999.9 999.99 9999999. 99.99 999.99
2026  18  6 43 99999.9 999.99 9999999. 99.99 999.99
2026  18  6 44   623.0   2.51   95353.  1.95   0.33
2026  18  6 45   623.0   2.51   95353.  1.95   0.33
2026  18  6 46   627.2   2.66  103590.  2.09   0.37
2026  18  6 47   628.6   2.71  106214.  2.14   0.37
2026  18  6 48 99999.9 999.99 9999999. 99.99 999.99
2026  18  6 49 99999.9 999.99 9999999. 99.99 999.99
2026  18  6 50 99999.9 999.99 9999999. 99.99 999.99
2026  18  6 51 99999.9 999.99 9999999. 99.99 999.99
2026  18  6 52   636.4   2.73  102518.  2.21   0.37
2026  18  6 53   636.9   2.47   90252.  2.00   0.32
2026  18  6 54   644.2   2.01   75232.  1.67   0.24
2026  18  6 55   649.2   2.69  104699.  2.27   0.37
2026  18  6 56   649.2   2.69  104699.  2.27   0.37
2026  18  6 57 99999.9 999.99 9999999. 99.99 999.99
2026  18  6 58 99999.9 999.99 9999999. 99.99 999.99
2026  18  6 59 99999.9 999.99 9999999. 99.99 999.99
2026  18  7  0 99999.9 999.99 9999999. 99.99 999.99
2026  18  7  1   628.9   2.49   87362.  1.97   0.31
2026  18  7  2   628.9   2.49   87362.  1.97   0.31
2026  18  7  3   628.9   2.49   87362.  1.97   0.31
2026  18  7  4 99999.9 999.99 9999999. 99.99 999.99
2026  18  7  5 99999.9 999.99 9999999. 99.99 999.99
2026  18  7  6   609.6   2.58   82377.  1.92   0.31
2026  18  7  7   609.6   2.58   82377.  1.92   0.31
2026  18  7  8   609.6   2.58   82377.  1.92   0.31
2026  18  7  9 99999.9 999.99 9999999. 99.99 999.99
2026  18  7 10   594.8   2.37   75816.  1.68   0.28
2026  18  7 11   594.9   2.37   75897.  1.68   0.28
2026  18  7 12   605.4   2.55   92202.  1.87   0.32
2026  18  7 13   605.6   2.55   92493.  1.87   0.33
2026  18  7 14   615.5   2.50   91079.  1.89   0.32
2026  18  7 15   615.5   2.50   91079.  1.89   0.32
2026  18  7 16   619.3   2.78  116541.  2.13   0.39
2026  18  7 17   617.1   2.73  109537.  2.08   0.38
2026  18  7 18   621.9   2.71  108596.  2.10   0.37
2026  18  7 19   615.3   2.56   96317.  1.94   0.33
2026  18  7 20   615.3   2.56   96321.  1.94   0.33
2026  18  7 21   614.1   2.62   98257.  1.98   0.34
2026  18  7 22   614.1   2.62   98257.  1.98   0.35
2026  18  7 23 99999.9 999.99 9999999. 99.99 999.99
2026  18  7 24 99999.9 999.99 9999999. 99.99 999.99
2026  18  7 25 99999.9 999.99 9999999. 99.99 999.99
2026  18  7 26 99999.9 999.99 9999999. 99.99 999.99
2026  18  7 27 99999.9 999.99 9999999. 99.99 999.99
2026  18  7 28 99999.9 999.99 9999999. 99.99 999.99
2026  18  7 29 99999.9 999.99 9999999. 99.99 999.99
2026  18  7 30 99999.9 999.99 9999999. 99.99 999.99
2026  18  7 31 99999.9 999.99 9999999. 99.99 999.99
2026  18  7 32 99999.9 999.99 9999999. 99.99 999.99
2026  18  7 33 99999.9 999.99 9999999. 99.99 999.99
2026  18  7 34 99999.9 999.99 9999999. 99.99 999.99
2026  18  7 35 99999.9 999.99 9999999. 99.99 999.99
2026  18  7 36   585.7   2.65   99235.  1.82   0.35
2026  18  7 37   591.4   2.61   95441.  1.83   0.34
2026  18  7 38   595.1   2.59   92967.  1.83   0.33
2026  18  7 39 99999.9 999.99 9999999. 99.99 999.99
2026  18  7 40 99999.9 999.99 9999999. 99.99 999.99
2026  18  7 41 99999.9 999.99 9999999. 99.99 999.99
2026  18  7 42 99999.9 999.99 9999999. 99.99 999.99
2026  18  7 43 99999.9 999.99 9999999. 99.99 999.99
2026  18  7 44 99999.9 999.99 9999999. 99.99 999.99
2026  18  7 45 99999.9 999.99 9999999. 99.99 999.99
2026  18  7 46 99999.9 999.99 9999999. 99.99 999.99
2026  18  7 47 99999.9 999.99 9999999. 99.99 999.99
2026  18  7 48   608.3   2.53  104699.  1.87   0.34
2026  18  7 49   608.3   2.53  104699.  1.87   0.34
2026  18  7 50   608.7   2.40   92020.  1.78   0.30
2026  18  7 51   608.7   2.40   92020.  1.78   0.30
2026  18  7 52 99999.9 999.99 9999999. 99.99 999.99
2026  18  7 53   600.1   2.63   97285.  1.89   0.34
2026  18  7 54   600.1   2.63   97285.  1.89   0.34
2026  18  7 55 99999.9 999.99 9999999. 99.99 999.99
2026  18  7 56 99999.9 999.99 9999999. 99.99 999.99
2026  18  7 57 99999.9 999.99 9999999. 99.99 999.99
2026  18  7 58 99999.9 999.99 9999999. 99.99 999.99
2026  18  7 59 99999.9 999.99 9999999. 99.99 999.99
2026  18  8  0 99999.9 999.99 9999999. 99.99 999.99
2026  18  8  1 99999.9 999.99 9999999. 99.99 999.99
2026  18  8  2 99999.9 999.99 9999999. 99.99 999.99
2026  18  8  3 99999.9 999.99 9999999. 99.99 999.99
2026  18  8  4 99999.9 999.99 9999999. 99.99 999.99
2026  18  8  5   620.7   2.81  105203.  2.17   0.37
2026  18  8  6   620.7   2.81  105203.  2.17   0.37
2026  18  8  7   636.5   2.60   91283.  2.11   0.32
2026  18  8  8   638.7   2.58   91658.  2.10   0.32
2026  18  8  9   638.0   2.63  102197.  2.14   0.34
2026  18  8 10   638.0   2.63  102197.  2.14   0.34
2026  18  8 11 99999.9 999.99 9999999. 99.99 999.99
2026  18  8 12 99999.9 999.99 9999999. 99.99 999.99
2026  18  8 13 99999.9 999.99 9999999. 99.99 999.99
2026  18  8 14   609.4   2.54   90143.  1.89   0.31
2026  18  8 15   609.4   2.54   90223.  1.89   0.32
2026  18  8 16   612.0   2.71  102695.  2.03   0.36
2026  18  8 17   610.8   2.81  105973.  2.10   0.38
2026  18  8 18   609.5   2.92  109793.  2.17   0.40
2026  18  8 19   609.5   2.92  109793.  2.17   0.40
2026  18  8 20 99999.9 999.99 9999999. 99.99 999.99
2026  18  8 21   610.8   2.61   93442.  1.95   0.33
2026  18  8 22   610.8   2.61   93442.  1.95   0.33
2026  18  8 23   610.8   2.61   93442.  1.95   0.33
2026  18  8 24 99999.9 999.99 9999999. 99.99 999.99
2026  18  8 25 99999.9 999.99 9999999. 99.99 999.99
2026  18  8 26 99999.9 999.99 9999999. 99.99 999.99
2026  18  8 27   606.6   2.69   99235.  1.98   0.35
2026  18  8 28   603.1   2.66   98614.  1.94   0.35
2026  18  8 29   595.5   2.61   97285.  1.85   0.34
2026  18  8 30   595.5   2.61   97285.  1.85   0.34
2026  18  8 31 99999.9 999.99 9999999. 99.99 999.99
2026  18  8 32 99999.9 999.99 9999999. 99.99 999.99
2026  18  8 33 99999.9 999.99 9999999. 99.99 999.99
2026  18  8 34   592.3   2.56   95353.  1.80   0.33
2026  18  8 35   592.3   2.56   95353.  1.80   0.33
2026  18  8 36 99999.9 999.99 9999999. 99.99 999.99
2026  18  8 37 99999.9 999.99 9999999. 99.99 999.99
2026  18  8 38 99999.9 999.99 9999999. 99.99 999.99
2026  18  8 39 99999.9 999.99 9999999. 99.99 999.99
2026  18  8 40 99999.9 999.99 9999999. 99.99 999.99
2026  18  8 41 99999.9 999.99 9999999. 99.99 999.99
2026  18  8 42   576.1   2.39  100711.  1.59   0.31
2026  18  8 43   576.1   2.39  100711.  1.59   0.31
2026  18  8 44 99999.9 999.99 9999999. 99.99 999.99
2026  18  8 45 99999.9 999.99 9999999. 99.99 999.99
2026  18  8 46 99999.9 999.99 9999999. 99.99 999.99
2026  18  8 47 99999.9 999.99 9999999. 99.99 999.99
2026  18  8 48 99999.9 999.99 9999999. 99.99 999.99
2026  18  8 49   570.7   2.43   86903.  1.58   0.30
2026  18  8 50   571.2   2.43   87955.  1.59   0.30
2026  18  8 51   573.2   2.44   92493.  1.60   0.31
2026  18  8 52   572.7   2.38   89721.  1.56   0.30
2026  18  8 53   574.7   2.44   93163.  1.61   0.31
2026  18  8 54   587.4   2.57  114597.  1.77   0.36
2026  18  8 55   587.5   2.37   81189.  1.64   0.28
2026  18  8 56   587.3   2.36   78844.  1.63   0.28
2026  18  8 57   593.9   2.73  108252.  1.93   0.37
2026  18  8 58   593.1   2.69  105243.  1.89   0.36
2026  18  8 59   591.8   2.43   84914.  1.70   0.30
2026  18  9  0   602.5   2.55   99592.  1.85   0.34
2026  18  9  1 99999.9 999.99 9999999. 99.99 999.99
2026  18  9  2 99999.9 999.99 9999999. 99.99 999.99
2026  18  9  3 99999.9 999.99 9999999. 99.99 999.99
2026  18  9  4 99999.9 999.99 9999999. 99.99 999.99
2026  18  9  5   577.8   2.37   85532.  1.58   0.29
2026  18  9  6   577.8   2.37   85532.  1.58   0.29
2026  18  9  7   578.5   2.52  109278.  1.69   0.34
2026  18  9  8   578.5   2.52  109278.  1.69   0.35
2026  18  9  9   574.1   2.42   94395.  1.60   0.31
2026  18  9 10   574.1   2.42   94395.  1.60   0.31
2026  18  9 11   571.9   2.47   98257.  1.62   0.32
2026  18  9 12   571.9   2.47   98258.  1.62   0.32
2026  18  9 13   573.8   2.46  110286.  1.62   0.34
2026  18  9 14   573.8   2.46  110309.  1.62   0.34
2026  18  9 15   565.2   2.40  119267.  1.53   0.34
2026  18  9 16   565.2   2.40  119267.  1.53   0.34
2026  18  9 17   565.3   2.40  109026.  1.53   0.33
2026  18  9 18   565.5   2.41   91079.  1.54   0.30
2026  18  9 19   565.7   2.40   96975.  1.54   0.31
2026  18  9 20   565.7   2.40   97285.  1.54   0.31
2026  18  9 21 99999.9 999.99 9999999. 99.99 999.99
2026  18  9 22 99999.9 999.99 9999999. 99.99 999.99
2026  18  9 23 99999.9 999.99 9999999. 99.99 999.99
2026  18  9 24 99999.9 999.99 9999999. 99.99 999.99
2026  18  9 25   563.3   2.39  104699.  1.52   0.32
2026  18  9 26   563.3   2.39  105076.  1.52   0.32
2026  18  9 27   563.9   2.44  111345.  1.55   0.34
2026  18  9 28   563.8   2.43  107703.  1.54   0.33
2026  18  9 29   563.4   2.42   96800.  1.54   0.31
2026  18  9 30   563.4   2.42   96800.  1.54   0.31
2026  18  9 31   564.2   2.46  106722.  1.57   0.34
2026  18  9 32   564.2   2.46  106722.  1.57   0.33
2026  18  9 33 99999.9 999.99 9999999. 99.99 999.99
2026  18  9 34 99999.9 999.99 9999999. 99.99 999.99
2026  18  9 35   567.3   2.42   85543.  1.56   0.30
2026  18  9 36   564.6   2.42   97475.  1.54   0.32
2026  18  9 37   566.6   2.45   97196.  1.57   0.32
2026  18  9 38   567.3   2.46   95834.  1.58   0.32
2026  18  9 39 99999.9 999.99 9999999. 99.99 999.99
2026  18  9 40 99999.9 999.99 9999999. 99.99 999.99
2026  18  9 41 99999.9 999.99 9999999. 99.99 999.99
2026  18  9 42 99999.9 999.99 9999999. 99.99 999.99
2026  18  9 43 99999.9 999.99 9999999. 99.99 999.99
2026  18  9 44 99999.9 999.99 9999999. 99.99 999.99
2026  18  9 45 99999.9 999.99 9999999. 99.99 999.99
2026  18  9 46 99999.9 999.99 9999999. 99.99 999.99
2026  18  9 47 99999.9 999.99 9999999. 99.99 999.99
2026  18  9 48 99999.9 999.99 9999999. 99.99 999.99
2026  18  9 49 99999.9 999.99 9999999. 99.99 999.99
2026  18  9 50 99999.9 999.99 9999999. 99.99 999.99
2026  18  9 51 99999.9 999.99 9999999. 99.99 999.99
2026  18  9 52 99999.9 999.99 9999999. 99.99 999.99
2026  18  9 53 99999.9 999.99 9999999. 99.99 999.99
2026  18  9 54 99999.9 999.99 9999999. 99.99 999.99
2026  18  9 55   584.4   2.53  112385.  1.73   0.35
2026  18  9 56   584.4   2.53  112385.  1.73   0.35
2026  18  9 57   584.4   2.53  112385.  1.73   0.35
2026  18  9 58 99999.9 999.99 9999999. 99.99 999.99
2026  18  9 59 99999.9 999.99 9999999. 99.99 999.99
2026  18 10  0 99999.9 999.99 9999999. 99.99 999.99
2026  18 10  1 99999.9 999.99 9999999. 99.99 999.99
2026  18 10  2 99999.9 999.99 9999999. 99.99 999.99
2026  18 10  3 99999.9 999.99 9999999. 99.99 999.99
2026  18 10  4 99999.9 999.99 9999999. 99.99 999.99
2026  18 10  5   561.0   2.48  127462.  1.56   0.37
2026  18 10  6   561.0   2.48  127247.  1.56   0.37
2026  18 10  7   560.0   2.37  112396.  1.49   0.34
2026  18 10  8   560.4   2.37  119294.  1.49   0.35
2026  18 10  9   560.5   2.37  120884.  1.49   0.35
2026  18 10 10 99999.9 999.99 9999999. 99.99 999.99
2026  18 10 11 99999.9 999.99 9999999. 99.99 999.99
2026  18 10 12 99999.9 999.99 9999999. 99.99 999.99
2026  18 10 13 99999.9 999.99 9999999. 99.99 999.99
2026  18 10 14 99999.9 999.99 9999999. 99.99 999.99
2026  18 10 15 99999.9 999.99 9999999. 99.99 999.99
2026  18 10 16 99999.9 999.99 9999999. 99.99 999.99
2026  18 10 17 99999.9 999.99 9999999. 99.99 999.99
2026  18 10 18 99999.9 999.99 9999999. 99.99 999.99
2026  18 10 19 99999.9 999.99 9999999. 99.99 999.99
2026  18 10 20 99999.9 999.99 9999999. 99.99 999.99
2026  18 10 21 99999.9 999.99 9999999. 99.99 999.99
2026  18 10 22 99999.9 999.99 9999999. 99.99 999.99
2026  18 10 23 99999.9 999.99 9999999. 99.99 999.99
2026  18 10 24   565.6   2.72  115008.  1.74   0.38
2026  18 10 25   565.6   2.72  115008.  1.74   0.38
2026  18 10 26 99999.9 999.99 9999999. 99.99 999.99
2026  18 10 27 99999.9 999.99 9999999. 99.99 999.99
2026  18 10 28 99999.9 999.99 9999999. 99.99 999.99
2026  18 10 29 99999.9 999.99 9999999. 99.99 999.99
2026  18 10 30 99999.9 999.99 9999999. 99.99 999.99
2026  18 10 31 99999.9 999.99 9999999. 99.99 999.99
2026  18 10 32 99999.9 999.99 9999999. 99.99 999.99
2026  18 10 33 99999.9 999.99 9999999. 99.99 999.99
2026  18 10 34 99999.9 999.99 9999999. 99.99 999.99
2026  18 10 35 99999.9 999.99 9999999. 99.99 999.99
2026  18 10 36 99999.9 999.99 9999999. 99.99 999.99
2026  18 10 37 99999.9 999.99 9999999. 99.99 999.99
2026  18 10 38 99999.9 999.99 9999999. 99.99 999.99
2026  18 10 39 99999.9 999.99 9999999. 99.99 999.99
2026  18 10 40 99999.9 999.99 9999999. 99.99 999.99
2026  18 10 41 99999.9 999.99 9999999. 99.99 999.99
2026  18 10 42 99999.9 999.99 9999999. 99.99 999.99
2026  18 10 43 99999.9 999.99 9999999. 99.99 999.99
2026  18 10 44   560.6   2.40   92493.  1.51   0.30
2026  18 10 45   560.5   2.39   91330.  1.50   0.30
2026  18 10 46   559.4   2.31   80549.  1.45   0.27
2026  18 10 47   559.2   2.29   78408.  1.43   0.27
2026  18 10 48   566.7   2.58   97770.  1.66   0.33
2026  18 10 49   566.7   2.58   97770.  1.66   0.34
2026  18 10 50 99999.9 999.99 9999999. 99.99 999.99
2026  18 10 51 99999.9 999.99 9999999. 99.99 999.99
2026  18 10 52 99999.9 999.99 9999999. 99.99 999.99
2026  18 10 53 99999.9 999.99 9999999. 99.99 999.99
2026  18 10 54 99999.9 999.99 9999999. 99.99 999.99
2026  18 10 55 99999.9 999.99 9999999. 99.99 999.99
2026  18 10 56 99999.9 999.99 9999999. 99.99 999.99
2026  18 10 57 99999.9 999.99 9999999. 99.99 999.99
2026  18 10 58 99999.9 999.99 9999999. 99.99 999.99
2026  18 10 59 99999.9 999.99 9999999. 99.99 999.99
2026  18 11  0 99999.9 999.99 9999999. 99.99 999.99
2026  18 11  1 99999.9 999.99 9999999. 99.99 999.99
2026  18 11  2 99999.9 999.99 9999999. 99.99 999.99
2026  18 11  3 99999.9 999.99 9999999. 99.99 999.99
2026  18 11  4 99999.9 999.99 9999999. 99.99 999.99
2026  18 11  5 99999.9 999.99 9999999. 99.99 999.99
2026  18 11  6 99999.9 999.99 9999999. 99.99 999.99
2026  18 11  7 99999.9 999.99 9999999. 99.99 999.99
2026  18 11  8 99999.9 999.99 9999999. 99.99 999.99
2026  18 11  9 99999.9 999.99 9999999. 99.99 999.99
2026  18 11 10 99999.9 999.99 9999999. 99.99 999.99
2026  18 11 11 99999.9 999.99 9999999. 99.99 999.99
2026  18 11 12 99999.9 999.99 9999999. 99.99 999.99
2026  18 11 13 99999.9 999.99 9999999. 99.99 999.99
2026  18 11 14 99999.9 999.99 9999999. 99.99 999.99
2026  18 11 15 99999.9 999.99 9999999. 99.99 999.99
2026  18 11 16 99999.9 999.99 9999999. 99.99 999.99
2026  18 11 17 99999.9 999.99 9999999. 99.99 999.99
2026  18 11 18 99999.9 999.99 9999999. 99.99 999.99
2026  18 11 19   555.8   2.45   66686.  1.51   0.27
2026  18 11 20   555.8   2.45   66686.  1.51   0.27
2026  18 11 21   556.7   2.55   70763.  1.58   0.28
2026  18 11 22   556.7   2.55   70763.  1.58   0.28
2026  18 11 23   556.3   2.56   77539.  1.58   0.29
2026  18 11 24   556.3   2.56   77539.  1.58   0.29
2026  18 11 25   556.3   2.56   77539.  1.58   0.29
2026  18 11 26 99999.9 999.99 9999999. 99.99 999.99
2026  18 11 27   550.4   2.56   80460.  1.55   0.30
2026  18 11 28   556.0   2.49   73840.  1.54   0.28
2026  18 11 29   558.9   2.46   70350.  1.54   0.27
2026  18 11 30 99999.9 999.99 9999999. 99.99 999.99
2026  18 11 31 99999.9 999.99 9999999. 99.99 999.99
2026  18 11 32 99999.9 999.99 9999999. 99.99 999.99
2026  18 11 33 99999.9 999.99 9999999. 99.99 999.99
2026  18 11 34 99999.9 999.99 9999999. 99.99 999.99
2026  18 11 35   554.2   2.32   74112.  1.43   0.26
2026  18 11 36   554.2   2.32   74112.  1.43   0.26
2026  18 11 37   554.2   2.32   74112.  1.43   0.26
2026  18 11 38   551.0   2.37   74112.  1.44   0.27
2026  18 11 39   551.0   2.37   74112.  1.44   0.27
2026  18 11 40 99999.9 999.99 9999999. 99.99 999.99
2026  18 11 41 99999.9 999.99 9999999. 99.99 999.99
2026  18 11 42 99999.9 999.99 9999999. 99.99 999.99
2026  18 11 43 99999.9 999.99 9999999. 99.99 999.99
2026  18 11 44   554.8   2.27   81932.  1.40   0.27
2026  18 11 45   554.8   2.27   81932.  1.40   0.27
2026  18 11 46   554.8   2.27   81932.  1.40   0.27
2026  18 11 47 99999.9 999.99 9999999. 99.99 999.99
2026  18 11 48 99999.9 999.99 9999999. 99.99 999.99
2026  18 11 49 99999.9 999.99 9999999. 99.99 999.99
2026  18 11 50 99999.9 999.99 9999999. 99.99 999.99
2026  18 11 51 99999.9 999.99 9999999. 99.99 999.99
2026  18 11 52 99999.9 999.99 9999999. 99.99 999.99
2026  18 11 53 99999.9 999.99 9999999. 99.99 999.99
2026  18 11 54 99999.9 999.99 9999999. 99.99 999.99
2026  18 11 55 99999.9 999.99 9999999. 99.99 999.99
2026  18 11 56 99999.9 999.99 9999999. 99.99 999.99
2026  18 11 57 99999.9 999.99 9999999. 99.99 999.99
2026  18 11 58 99999.9 999.99 9999999. 99.99 999.99
2026  18 11 59 99999.9 999.99 9999999. 99.99 999.99
2026  18 12  0 99999.9 999.99 9999999. 99.99 999.99
2026  18 12  1 99999.9 999.99 9999999. 99.99 999.99
2026  18 12  2 99999.9 999.99 9999999. 99.99 999.99
2026  18 12  3 99999.9 999.99 9999999. 99.99 999.99
2026  18 12  4 99999.9 999.99 9999999. 99.99 999.99
2026  18 12  5   557.2   2.56   80160.  1.59   0.30
2026  18 12  6   557.2   2.56   80160.  1.59   0.30
2026  18 12  7   557.2   2.56   80160.  1.59   0.30
2026  18 12  8 99999.9 999.99 9999999. 99.99 999.99
2026  18 12  9   555.2   2.54   89784.  1.57   0.31
2026  18 12 10   551.3   2.41   80504.  1.46   0.28
2026  18 12 11   574.2   2.24   73268.  1.48   0.25
2026  18 12 12   574.2   2.24   73268.  1.48   0.25
2026  18 12 13   574.2   2.24   73268.  1.48   0.26
2026  18 12 14 99999.9 999.99 9999999. 99.99 999.99
2026  18 12 15   561.8   2.24   72428.  1.41   0.25
2026  18 12 16   561.8   2.24   72428.  1.41   0.25
2026  18 12 17 99999.9 999.99 9999999. 99.99 999.99
2026  18 12 18   557.5   2.13   72428.  1.32   0.24
2026  18 12 19   557.4   2.19   72765.  1.36   0.25
2026  18 12 20   557.0   2.35   73772.  1.46   0.27
2026  18 12 21   556.9   2.41   74112.  1.49   0.28
2026  18 12 22   557.0   2.39   72428.  1.48   0.27
2026  18 12 23   557.0   2.39   72428.  1.48   0.27
2026  18 12 24   553.6   2.42   74530.  1.48   0.28
2026  18 12 25   552.9   2.43   74957.  1.49   0.28
2026  18 12 26   549.9   2.35   72739.  1.42   0.27
2026  18 12 27   547.0   2.37   77235.  1.42   0.28
2026  18 12 28   547.7   2.33   77973.  1.40   0.28
2026  18 12 29 99999.9 999.99 9999999. 99.99 999.99
2026  18 12 30 99999.9 999.99 9999999. 99.99 999.99
2026  18 12 31 99999.9 999.99 9999999. 99.99 999.99
2026  18 12 32 99999.9 999.99 9999999. 99.99 999.99
2026  18 12 33 99999.9 999.99 9999999. 99.99 999.99
2026  18 12 34 99999.9 999.99 9999999. 99.99 999.99
2026  18 12 35   550.7   2.61   97770.  1.58   0.34
2026  18 12 36   550.7   2.61   97770.  1.58   0.34
2026  18 12 37   550.1   2.20   64808.  1.33   0.25
2026  18 12 38   546.3   2.27   65346.  1.35   0.25
2026  18 12 39   542.7   2.34   66686.  1.38   0.27
2026  18 12 40   554.2   2.00   64692.  1.23   0.23
2026  18 12 41   554.2   2.00   64692.  1.23   0.23
2026  18 12 42   554.2   2.00   64692.  1.23   0.23
2026  18 12 43 99999.9 999.99 9999999. 99.99 999.99
2026  18 12 44 99999.9 999.99 9999999. 99.99 999.99
2026  18 12 45   525.6   2.32   65884.  1.28   0.27
2026  18 12 46   533.2   2.24   65224.  1.27   0.26
2026  18 12 47   553.9   2.01   63425.  1.23   0.23
2026  18 12 48 99999.9 999.99 9999999. 99.99 999.99
2026  18 12 49 99999.9 999.99 9999999. 99.99 999.99
2026  18 12 50 99999.9 999.99 9999999. 99.99 999.99
2026  18 12 51 99999.9 999.99 9999999. 99.99 999.99
2026  18 12 52 99999.9 999.99 9999999. 99.99 999.99
2026  18 12 53 99999.9 999.99 9999999. 99.99 999.99
2026  18 12 54 99999.9 999.99 9999999. 99.99 999.99
2026  18 12 55 99999.9 999.99 9999999. 99.99 999.99
2026  18 12 56 99999.9 999.99 9999999. 99.99 999.99
2026  18 12 57 99999.9 999.99 9999999. 99.99 999.99
2026  18 12 58 99999.9 999.99 9999999. 99.99 999.99
2026  18 12 59 99999.9 999.99 9999999. 99.99 999.99
2026  18 13  0 99999.9 999.99 9999999. 99.99 999.99
2026  18 13  1 99999.9 999.99 9999999. 99.99 999.99
2026  18 13  2 99999.9 999.99 9999999. 99.99 999.99
2026  18 13  3 99999.9 999.99 9999999. 99.99 999.99
2026  18 13  4 99999.9 999.99 9999999. 99.99 999.99
2026  18 13  5 99999.9 999.99 9999999. 99.99 999.99
2026  18 13  6 99999.9 999.99 9999999. 99.99 999.99
2026  18 13  7   529.2   1.83   77248.  1.02   0.22
2026  18 13  8   528.6   1.89   78191.  1.06   0.23
2026  18 13  9   528.5   1.91   79054.  1.07   0.23
2026  18 13 10 99999.9 999.99 9999999. 99.99 999.99
2026  18 13 11 99999.9 999.99 9999999. 99.99 999.99
2026  18 13 12 99999.9 999.99 9999999. 99.99 999.99
2026  18 13 13 99999.9 999.99 9999999. 99.99 999.99
2026  18 13 14 99999.9 999.99 9999999. 99.99 999.99
2026  18 13 15 99999.9 999.99 9999999. 99.99 999.99
2026  18 13 16 99999.9 999.99 9999999. 99.99 999.99
2026  18 13 17   535.5   1.80   88747.  1.03   0.23
2026  18 13 18   535.5   1.80   88747.  1.03   0.24
2026  18 13 19   535.5   1.80   88747.  1.03   0.23
2026  18 13 20 99999.9 999.99 9999999. 99.99 999.99
2026  18 13 21 99999.9 999.99 9999999. 99.99 999.99
2026  18 13 22 99999.9 999.99 9999999. 99.99 999.99
2026  18 13 23 99999.9 999.99 9999999. 99.99 999.99
2026  18 13 24 99999.9 999.99 9999999. 99.99 999.99
2026  18 13 25 99999.9 999.99 9999999. 99.99 999.99
2026  18 13 26 99999.9 999.99 9999999. 99.99 999.99
2026  18 13 27 99999.9 999.99 9999999. 99.99 999.99
2026  18 13 28 99999.9 999.99 9999999. 99.99 999.99
2026  18 13 29 99999.9 999.99 9999999. 99.99 999.99
2026  18 13 30   549.5   2.16  101700.  1.30   0.29
2026  18 13 31   546.4   2.14  102224.  1.28   0.29
2026  18 13 32   529.0   2.03  105203.  1.14   0.28
2026  18 13 33   529.0   2.03  105203.  1.14   0.28
2026  18 13 34 99999.9 999.99 9999999. 99.99 999.99
2026  18 13 35   537.0   2.23   95957.  1.29   0.29
2026  18 13 36   535.6   2.12   89376.  1.22   0.26
2026  18 13 37   531.9   1.98   81711.  1.12   0.24
2026  18 13 38   529.2   2.05   85988.  1.15   0.25
2026  18 13 39   547.7   2.10   68198.  1.26   0.24
2026  18 13 40   540.9   2.01   81244.  1.18   0.24
2026  18 13 41   532.6   2.08   96701.  1.18   0.27
2026  18 13 42   530.8   1.98   86435.  1.12   0.24
2026  18 13 43   530.9   1.97   75388.  1.11   0.23
2026  18 13 44 99999.9 999.99 9999999. 99.99 999.99
2026  18 13 45 99999.9 999.99 9999999. 99.99 999.99
2026  18 13 46 99999.9 999.99 9999999. 99.99 999.99
2026  18 13 47 99999.9 999.99 9999999. 99.99 999.99
2026  18 13 48 99999.9 999.99 9999999. 99.99 999.99
2026  18 13 49   540.8   2.01   85988.  1.18   0.25
2026  18 13 50   540.8   2.01   85988.  1.18 999.99
2026  18 13 51 99999.9 999.99 9999999. 99.99 999.99
2026  18 13 52 99999.9 999.99 9999999. 99.99 999.99
2026  18 13 53 99999.9 999.99 9999999. 99.99 999.99
2026  18 13 54 99999.9 999.99 9999999. 99.99 999.99
2026  18 13 55 99999.9 999.99 9999999. 99.99 999.99
2026  18 13 56 99999.9 999.99 9999999. 99.99 999.99
2026  18 13 57 99999.9 999.99 9999999. 99.99 999.99
2026  18 13 58 99999.9 999.99 9999999. 99.99 999.99
2026  18 13 59 99999.9 999.99 9999999. 99.99 999.99
2026  18 14  0 99999.9 999.99 9999999. 99.99 999.99
2026  18 14  1 99999.9 999.99 9999999. 99.99 999.99
2026  18 14  2 99999.9 999.99 9999999. 99.99 999.99
2026  18 14  3 99999.9 999.99 9999999. 99.99 999.99
2026  18 14  4 99999.9 999.99 9999999. 99.99 999.99
2026  18 14  5 99999.9 999.99 9999999. 99.99 999.99
2026  18 14  6 99999.9 999.99 9999999. 99.99 999.99
2026  18 14  7 99999.9 999.99 9999999. 99.99 999.99
2026  18 14  8 99999.9 999.99 9999999. 99.99 999.99
2026  18 14  9 99999.9 999.99 9999999. 99.99 999.99
2026  18 14 10 99999.9 999.99 9999999. 99.99 999.99
2026  18 14 11 99999.9 999.99 9999999. 99.99 999.99
2026  18 14 12 99999.9 999.99 9999999. 99.99 999.99
2026  18 14 13 99999.9 999.99 9999999. 99.99 999.99
2026  18 14 14 99999.9 999.99 9999999. 99.99 999.99
2026  18 14 15 99999.9 999.99 9999999. 99.99 999.99
2026  18 14 16 99999.9 999.99 9999999. 99.99 999.99
2026  18 14 17 99999.9 999.99 9999999. 99.99 999.99
2026  18 14 18 99999.9 999.99 9999999. 99.99 999.99
2026  18 14 19 99999.9 999.99 9999999. 99.99 999.99
2026  18 14 20 99999.9 999.99 9999999. 99.99 999.99
2026  18 14 21 99999.9 999.99 9999999. 99.99 999.99
2026  18 14 22 99999.9 999.99 9999999. 99.99 999.99
2026  18 14 23 99999.9 999.99 9999999. 99.99 999.99
2026  18 14 24 99999.9 999.99 9999999. 99.99 999.99
2026  18 14 25 99999.9 999.99 9999999. 99.99 999.99
2026  18 14 26 99999.9 999.99 9999999. 99.99 999.99
2026  18 14 27 99999.9 999.99 9999999. 99.99 999.99
2026  18 14 28 99999.9 999.99 9999999. 99.99 999.99
2026  18 14 29 99999.9 999.99 9999999. 99.99 999.99
2026  18 14 30 99999.9 999.99 9999999. 99.99 999.99
2026  18 14 31 99999.9 999.99 9999999. 99.99 999.99
2026  18 14 32 99999.9 999.99 9999999. 99.99 999.99
2026  18 14 33 99999.9 999.99 9999999. 99.99 999.99
2026  18 14 34 99999.9 999.99 9999999. 99.99 999.99
2026  18 14 35 99999.9 999.99 9999999. 99.99 999.99
2026  18 14 36 99999.9 999.99 9999999. 99.99 999.99
2026  18 14 37 99999.9 999.99 9999999. 99.99 999.99
2026  18 14 38 99999.9 999.99 9999999. 99.99 999.99
2026  18 14 39 99999.9 999.99 9999999. 99.99 999.99
2026  18 14 40 99999.9 999.99 9999999. 99.99 999.99
2026  18 14 41 99999.9 999.99 9999999. 99.99 999.99
2026  18 14 42 99999.9 999.99 9999999. 99.99 999.99
2026  18 14 43 99999.9 999.99 9999999. 99.99 999.99
2026  18 14 44   522.3   1.94   73268.  1.06   0.23
2026  18 14 45   522.3   1.94   73268.  1.06   0.23
2026  18 14 46   521.3   1.95   76675.  1.06   0.24
2026  18 14 47   521.3   1.95   76675.  1.06   0.24
2026  18 14 48 99999.9 999.99 9999999. 99.99 999.99
2026  18 14 49 99999.9 999.99 9999999. 99.99 999.99
2026  18 14 50 99999.9 999.99 9999999. 99.99 999.99
2026  18 14 51 99999.9 999.99 9999999. 99.99 999.99
2026  18 14 52 99999.9 999.99 9999999. 99.99 999.99
2026  18 14 53 99999.9 999.99 9999999. 99.99 999.99
2026  18 14 54 99999.9 999.99 9999999. 99.99 999.99
2026  18 14 55 99999.9 999.99 9999999. 99.99 999.99
2026  18 14 56 99999.9 999.99 9999999. 99.99 999.99
2026  18 14 57 99999.9 999.99 9999999. 99.99 999.99
2026  18 14 58 99999.9 999.99 9999999. 99.99 999.99
2026  18 14 59 99999.9 999.99 9999999. 99.99 999.99
2026  18 15  0 99999.9 999.99 9999999. 99.99 999.99
2026  18 15  1 99999.9 999.99 9999999. 99.99 999.99
2026  18 15  2 99999.9 999.99 9999999. 99.99 999.99
2026  18 15  3 99999.9 999.99 9999999. 99.99 999.99
2026  18 15  4 99999.9 999.99 9999999. 99.99 999.99
2026  18 15  5 99999.9 999.99 9999999. 99.99 999.99
2026  18 15  6 99999.9 999.99 9999999. 99.99 999.99
2026  18 15  7 99999.9 999.99 9999999. 99.99 999.99
2026  18 15  8 99999.9 999.99 9999999. 99.99 999.99
2026  18 15  9 99999.9 999.99 9999999. 99.99 999.99
2026  18 15 10 99999.9 999.99 9999999. 99.99 999.99
2026  18 15 11 99999.9 999.99 9999999. 99.99 999.99
2026  18 15 12 99999.9 999.99 9999999. 99.99 999.99
2026  18 15 13 99999.9 999.99 9999999. 99.99 999.99
2026  18 15 14 99999.9 999.99 9999999. 99.99 999.99
2026  18 15 15 99999.9 999.99 9999999. 99.99 999.99
2026  18 15 16 99999.9 999.99 9999999. 99.99 999.99
2026  18 15 17 99999.9 999.99 9999999. 99.99 999.99
2026  18 15 18 99999.9 999.99 9999999. 99.99 999.99
2026  18 15 19 99999.9 999.99 9999999. 99.99 999.99
2026  18 15 20 99999.9 999.99 9999999. 99.99 999.99
2026  18 15 21 99999.9 999.99 9999999. 99.99 999.99
2026  18 15 22 99999.9 999.99 9999999. 99.99 999.99
2026  18 15 23 99999.9 999.99 9999999. 99.99 999.99
2026  18 15 24 99999.9 999.99 9999999. 99.99 999.99
2026  18 15 25   522.4   2.13   62340.  1.16   0.22
2026  18 15 26   522.8   2.17   71779.  1.19   0.24
2026  18 15 27   523.3   2.23   85034.  1.22   0.27
2026  18 15 28 99999.9 999.99 9999999. 99.99 999.99
2026  18 15 29 99999.9 999.99 9999999. 99.99 999.99
2026  18 15 30   533.9   2.40   95628.  1.37   0.30
2026  18 15 31   532.9   2.39   94184.  1.36   0.30
2026  18 15 32   531.2   2.37   91573.  1.34   0.29
2026  18 15 33 99999.9 999.99 9999999. 99.99 999.99
2026  18 15 34   540.6   2.79  121969.  1.63   0.39
2026  18 15 35   540.6   2.79  121969.  1.63   0.39
2026  18 15 36   540.6   2.79  121969.  1.63   0.39
2026  18 15 37 99999.9 999.99 9999999. 99.99 999.99
2026  18 15 38   538.4   2.69  109278.  1.56   0.36
2026  18 15 39   538.4   2.69  109278.  1.56   0.35
2026  18 15 40   537.6   2.70  110565.  1.56   0.36
2026  18 15 41   535.4   2.74  113955.  1.57   0.37
2026  18 15 42   535.4   2.74  113955.  1.57   0.37
2026  18 15 43 99999.9 999.99 9999999. 99.99 999.99
2026  18 15 44 99999.9 999.99 9999999. 99.99 999.99
2026  18 15 45 99999.9 999.99 9999999. 99.99 999.99
2026  18 15 46   514.4   2.27   99680.  1.20   0.35
2026  18 15 47   529.5   2.46  111391.  1.38   0.39
2026  18 15 48   513.7   2.08   86751.  1.10   0.30
2026  18 15 49   510.2   2.12   85962.  1.10   0.30
2026  18 15 50   512.2   2.36   97347.  1.24   0.35
2026  18 15 51   519.3   2.57  141725.  1.39   0.46
2026  18 15 52   520.3   2.50  133738.  1.35   0.42
2026  18 15 53   524.2   2.21  103164.  1.21   0.32
2026  18 15 54   535.5   2.56   95784.  1.47   0.36
2026  18 15 55   523.7   2.00   66848.  1.10   0.25
2026  18 15 56   511.8   2.23   72189.  1.17   0.29
2026  18 15 57   519.7   1.81   80032.  0.98   0.24
2026  18 15 58   520.0   1.80   80160.  0.97   0.24
2026  18 15 59   521.2   1.94   71593.  1.05   0.25
2026  18 16  0   518.0   1.99   72244.  1.07   0.26
2026  18 16  1   511.1   2.09   72205.  1.09   0.28
2026  18 16  2   532.2   2.06   87460.  1.17   0.28
2026  18 16  3   536.4   2.15   96758.  1.24   0.30
2026  18 16  4   529.7   2.24   78861.  1.26   0.28
2026  18 16  5   548.0   2.87  115465.  1.72   0.42
2026  18 16  6   534.6   2.60  104461.  1.49   0.37
2026  18 16  7   529.2   2.53  106043.  1.42   0.36
2026  18 16  8   529.1   2.43   96749.  1.36   0.33
2026  18 16  9   537.1   2.81  111761.  1.62   0.40
2026  18 16 10   534.0   2.69  105234.  1.53   0.37
2026  18 16 11   533.7   2.77  115981.  1.58   0.40
2026  18 16 12   539.2   2.72  106827.  1.58   0.38
2026  18 16 13   530.5   2.38   88579.  1.34   0.31
2026  18 16 14   530.0   2.29   81210.  1.29   0.30
2026  18 16 15   505.8   1.91   62729.  0.98   0.22
2026  18 16 16   540.3   2.88  114433.  1.68   0.41
2026  18 16 17   515.9   2.07   76483.  1.10   0.26
2026  18 16 18   527.3   2.51  103050.  1.40   0.34
2026  18 16 19   538.1   2.81  117231.  1.63   0.40
2026  18 16 20   527.9   2.57  105466.  1.43   0.36
2026  18 16 21   537.5   2.89  123604.  1.67   0.47
2026  18 16 22   501.9   1.79   61180.  0.90   0.22
2026  18 16 23   501.9   1.79   61180.  0.90   0.22
2026  18 16 24 99999.9 999.99 9999999. 99.99 999.99
2026  18 16 25   504.4   1.85   76675.  0.94   0.25
2026  18 16 26   504.4   1.85   76675.  0.94   0.25
2026  18 16 27   504.4   1.85   76675.  0.94   0.25
2026  18 16 28 99999.9 999.99 9999999. 99.99 999.99
2026  18 16 29   496.7   1.56   55178.  0.77   0.19
2026  18 16 30   496.7   1.56   55178.  0.77   0.19
2026  18 16 31 99999.9 999.99 9999999. 99.99 999.99
2026  18 16 32   498.8   1.75   70763.  0.87   0.23
2026  18 16 33   498.8   1.75   70763.  0.87   0.23
2026  18 16 34 99999.9 999.99 9999999. 99.99 999.99
2026  18 16 35 99999.9 999.99 9999999. 99.99 999.99
2026  18 16 36 99999.9 999.99 9999999. 99.99 999.99
2026  18 16 37 99999.9 999.99 9999999. 99.99 999.99
2026  18 16 38 99999.9 999.99 9999999. 99.99 999.99
2026  18 16 39 99999.9 999.99 9999999. 99.99 999.99
2026  18 16 40 99999.9 999.99 9999999. 99.99 999.99
2026  18 16 41 99999.9 999.99 9999999. 99.99 999.99
2026  18 16 42 99999.9 999.99 9999999. 99.99 999.99
2026  18 16 43   509.0   1.96  162963.  1.02   0.39
2026  18 16 44   509.0   1.96  162963.  1.02   0.39
2026  18 16 45   509.0   1.96  162963.  1.02   0.40
2026  18 16 46 99999.9 999.99 9999999. 99.99 999.99
2026  18 16 47 99999.9 999.99 9999999. 99.99 999.99
2026  18 16 48 99999.9 999.99 9999999. 99.99 999.99
2026  18 16 49 99999.9 999.99 9999999. 99.99 999.99
2026  18 16 50 99999.9 999.99 9999999. 99.99 999.99
2026  18 16 51 99999.9 999.99 9999999. 99.99 999.99
2026  18 16 52   500.8   1.79   95353.  0.90   0.29
2026  18 16 53   500.8   1.79   95353.  0.90   0.29
2026  18 16 54   500.8   1.79   95353.  0.90   0.29
2026  18 16 55 99999.9 999.99 9999999. 99.99 999.99
2026  18 16 56 99999.9 999.99 9999999. 99.99 999.99
2026  18 16 57 99999.9 999.99 9999999. 99.99 999.99
2026  18 16 58 99999.9 999.99 9999999. 99.99 999.99
2026  18 16 59 99999.9 999.99 9999999. 99.99 999.99
2026  18 17  0 99999.9 999.99 9999999. 99.99 999.99
2026  18 17  1   501.6   1.86  102695.  0.94   0.30
2026  18 17  2   501.6   1.86  102695.  0.94   0.30
2026  18 17  3 99999.9 999.99 9999999. 99.99 999.99
2026  18 17  4 99999.9 999.99 9999999. 99.99 999.99
2026  18 17  5 99999.9 999.99 9999999. 99.99 999.99
2026  18 17  6 99999.9 999.99 9999999. 99.99 999.99
2026  18 17  7 99999.9 999.99 9999999. 99.99 999.99
2026  18 17  8 99999.9 999.99 9999999. 99.99 999.99
2026  18 17  9 99999.9 999.99 9999999. 99.99 999.99
2026  18 17 10 99999.9 999.99 9999999. 99.99 999.99
2026  18 17 11   497.9   2.11  101205.  1.05 999.99
2026  18 17 12   497.9   2.11  101205.  1.05   0.36
2026  18 17 13   497.9   2.11  101205.  1.05   0.35
2026  18 17 14 99999.9 999.99 9999999. 99.99 999.99
2026  18 17 15 99999.9 999.99 9999999. 99.99 999.99
2026  18 17 16 99999.9 999.99 9999999. 99.99 999.99
2026  18 17 17 99999.9 999.99 9999999. 99.99 999.99
2026  18 17 18 99999.9 999.99 9999999. 99.99 999.99
2026  18 17 19 99999.9 999.99 9999999. 99.99 999.99
2026  18 17 20 99999.9 999.99 9999999. 99.99 999.99
2026  18 17 21 99999.9 999.99 9999999. 99.99 999.99
2026  18 17 22 99999.9 999.99 9999999. 99.99 999.99
2026  18 17 23 99999.9 999.99 9999999. 99.99 999.99
2026  18 17 24 99999.9 999.99 9999999. 99.99 999.99
2026  18 17 25 99999.9 999.99 9999999. 99.99 999.99
2026  18 17 26 99999.9 999.99 9999999. 99.99 999.99
2026  18 17 27 99999.9 999.99 9999999. 99.99 999.99
2026  18 17 28 99999.9 999.99 9999999. 99.99 999.99
2026  18 17 29 99999.9 999.99 9999999. 99.99 999.99
2026  18 17 30   494.7   1.76   87106.  0.86   0.25
2026  18 17 31   494.6   1.65   76125.  0.81   0.23
2026  18 17 32   495.2   1.70   50058.  0.83   0.20
2026  18 17 33   495.3   1.72   48454.  0.84   0.20
2026  18 17 34   490.9   1.88   60796.  0.91   0.23
2026  18 17 35   490.9   1.88   60796.  0.91   0.23
2026  18 17 36   490.9   1.88   60796.  0.91   0.23
2026  18 17 37   495.4   1.69  105719.  0.83   0.26
2026  18 17 38   495.2   1.74   71032.  0.85   0.23
2026  18 17 39   492.4   1.76   46003.  0.85   0.20
2026  18 17 40 99999.9 999.99 9999999. 99.99 999.99
2026  18 17 41   496.5   1.89   48454.  0.93   0.22
2026  18 17 42   501.6   1.95   52622.  0.98   0.23
2026  18 17 43   510.6   2.06   60031.  1.07   0.26
2026  18 17 44   497.9   1.78   86903.  0.88   0.25
2026  18 17 45   499.4   1.84   81913.  0.92   0.26
2026  18 17 46   504.6   2.06   65004.  1.05   0.26
2026  18 17 47   489.6   1.56   48816.  0.75   0.18
2026  18 17 48   489.6   1.56   48797.  0.75   0.18
2026  18 17 49 99999.9 999.99 9999999. 99.99 999.99
2026  18 17 50   499.6   1.79   81087.  0.89   0.25
2026  18 17 51   499.7   1.85   81754.  0.92   0.26
2026  18 17 52   499.9   2.12   84625.  1.06   0.30
2026  18 17 53 99999.9 999.99 9999999. 99.99 999.99
2026  18 17 54   491.8   1.84   75437.  0.89   0.25
2026  18 17 55   492.1   1.81   65787.  0.88   0.23
2026  18 17 56   497.7   1.82   64233.  0.90   0.24
2026  18 17 57   497.5   1.81   64970.  0.90   0.23
2026  18 17 58   498.0   1.69   73630.  0.84   0.23
2026  18 17 59   496.5   1.74   64244.  0.86   0.23
2026  18 18  0   497.3   1.72   52381.  0.85   0.20
2026  18 18  1 99999.9 999.99 9999999. 99.99 999.99
2026  18 18  2 99999.9 999.99 9999999. 99.99 999.99
2026  18 18  3 99999.9 999.99 9999999. 99.99 999.99
2026  18 18  4   499.1   1.79   48797.  0.89   0.22
2026  18 18  5   499.1   1.79   48797.  0.89   0.22
2026  18 18  6   495.1   1.74   47971.  0.85   0.21
2026  18 18  7   496.2   1.88   51703.  0.93   0.23
2026  18 18  8   499.2   1.91   49804.  0.95   0.22
2026  18 18  9   499.4   1.91   48934.  0.95   0.22
2026  18 18 10   501.7   1.88   42279.  0.95   0.21
2026  18 18 11   508.9   1.73   42166.  0.90   0.20
2026  18 18 12   508.9   1.73   42166.  0.90   0.21
2026  18 18 13   499.5   1.69   60454.  0.84   0.21
2026  18 18 14   496.7   1.68   65884.  0.83   0.21
2026  18 18 15   496.7   1.68   65884.  0.83   0.21
2026  18 18 16   498.6   1.67   51585.  0.83   0.20
2026  18 18 17   495.6   1.74   55176.  0.85   0.21
2026  18 18 18   490.7   1.81   69298.  0.87   0.24
2026  18 18 19   492.8   1.99   54818.  0.97   0.24
2026  18 18 20   493.9   2.10   44104.  1.02   0.24
2026  18 18 21 99999.9 999.99 9999999. 99.99 999.99
2026  18 18 22 99999.9 999.99 9999999. 99.99 999.99
2026  18 18 23 99999.9 999.99 9999999. 99.99 999.99
2026  18 18 24 99999.9 999.99 9999999. 99.99 999.99
2026  18 18 25   491.6   1.71   58516.  0.83   0.21
2026  18 18 26   495.1   1.78   54689.  0.87   0.22
2026  18 18 27   505.2   1.99   43503.  1.02   0.22
2026  18 18 28 99999.9 999.99 9999999. 99.99 999.99
2026  18 18 29 99999.9 999.99 9999999. 99.99 999.99
2026  18 18 30 99999.9 999.99 9999999. 99.99 999.99
2026  18 18 31 99999.9 999.99 9999999. 99.99 999.99
2026  18 18 32 99999.9 999.99 9999999. 99.99 999.99
2026  18 18 33 99999.9 999.99 9999999. 99.99 999.99
2026  18 18 34   503.6   1.90   41530.  0.96   0.20
2026  18 18 35   503.6   1.90   41530.  0.96   0.20
2026  18 18 36 99999.9 999.99 9999999. 99.99 999.99
2026  18 18 37   501.7   1.67   45753.  0.84   0.19
2026  18 18 38   501.5   1.71   47688.  0.86   0.19
2026  18 18 39   499.4   1.96   53909.  0.98   0.23
2026  18 18 40   497.2   1.94   41367.  0.96   0.21
2026  18 18 41   494.4   1.93   52453.  0.94   0.22
2026  18 18 42   492.1   1.92   53463.  0.93   0.22
2026  18 18 43   491.6   1.80   51708.  0.87 999.99
2026  18 18 44 99999.9 999.99 9999999. 99.99 999.99
2026  18 18 45 99999.9 999.99 9999999. 99.99 999.99
2026  18 18 46   502.3   1.94   55122.  0.98   0.23
2026  18 18 47   498.8   1.89   58841.  0.94   0.23
2026  18 18 48   499.7   2.00   63096.  1.00   0.25
2026  18 18 49   499.8   2.00   63119.  1.00   0.24
2026  18 18 50 99999.9 999.99 9999999. 99.99 999.99
2026  18 18 51 99999.9 999.99 9999999. 99.99 999.99
2026  18 18 52 99999.9 999.99 9999999. 99.99 999.99
2026  18 18 53 99999.9 999.99 9999999. 99.99 999.99
2026  18 18 54 99999.9 999.99 9999999. 99.99 999.99
2026  18 18 55   497.8   1.63   55178.  0.81   0.19
2026  18 18 56   497.8   1.63   55178.  0.81   0.19
2026  18 18 57 99999.9 999.99 9999999. 99.99 999.99
2026  18 18 58 99999.9 999.99 9999999. 99.99 999.99
2026  18 18 59 99999.9 999.99 9999999. 99.99 999.99
2026  18 19  0 99999.9 999.99 9999999. 99.99 999.99
2026  18 19  1 99999.9 999.99 9999999. 99.99 999.99
2026  18 19  2 99999.9 999.99 9999999. 99.99 999.99
2026  18 19  3 99999.9 999.99 9999999. 99.99 999.99
2026  18 19  4 99999.9 999.99 9999999. 99.99 999.99
2026  18 19  5 99999.9 999.99 9999999. 99.99 999.99
2026  18 19  6   516.7   2.79   77107.  1.49   0.38
2026  18 19  7   511.6   2.44   71528.  1.28   0.31
2026  18 19  8   505.7   2.02   62679.  1.03   0.25
2026  18 19  9   506.8   2.07   61283.  1.06   0.25
2026  18 19 10   511.3   2.34   61442.  1.22   0.28
2026  18 19 11   505.8   2.05   52642.  1.05   0.23
2026  18 19 12   495.0   1.43   30694.  0.70   0.15
2026  18 19 13 99999.9 999.99 9999999. 99.99 999.99
2026  18 19 14 99999.9 999.99 9999999. 99.99 999.99
2026  18 19 15 99999.9 999.99 9999999. 99.99 999.99
2026  18 19 16 99999.9 999.99 9999999. 99.99 999.99
2026  18 19 17   496.7   1.55   38116.  0.76   0.16
2026  18 19 18   496.7   1.55   38116.  0.76   0.16
2026  18 19 19   496.7   1.55   38116.  0.76   0.15
2026  18 19 20   500.0   1.75   53726.  0.87   0.19
2026  18 19 21   500.0   1.75   53726.  0.87   0.19
2026  18 19 22   500.0   1.75   53726.  0.87   0.20
2026  18 19 23 99999.9 999.99 9999999. 99.99 999.99
2026  18 19 24   504.8   1.87   55544.  0.95   0.21
2026  18 19 25   504.8   1.87   55544.  0.95   0.21
2026  18 19 26   504.8   1.87   55544.  0.95   0.21
2026  18 19 27 99999.9 999.99 9999999. 99.99 999.99
2026  18 19 28 99999.9 999.99 9999999. 99.99 999.99
2026  18 19 29   509.1   1.90   54814.  0.98   0.21
2026  18 19 30   509.1   1.90   54814.  0.98   0.21
2026  18 19 31 99999.9 999.99 9999999. 99.99 999.99
2026  18 19 32   510.3   2.56   78844.  1.33   0.34
2026  18 19 33   510.3   2.56   78844.  1.33   0.34
2026  18 19 34   510.3   2.56   78844.  1.33   0.34
2026  18 19 35 99999.9 999.99 9999999. 99.99 999.99
2026  18 19 36 99999.9 999.99 9999999. 99.99 999.99
2026  18 19 37   513.5   2.60   50530.  1.37   0.30
2026  18 19 38   513.5   2.60   50530.  1.37   0.30
2026  18 19 39 99999.9 999.99 9999999. 99.99 999.99
2026  18 19 40 99999.9 999.99 9999999. 99.99 999.99
2026  18 19 41   512.5   2.88   59271.  1.51   0.34
2026  18 19 42   512.5   2.88   59271.  1.51   0.34
2026  18 19 43   512.5   2.88   59271.  1.51   0.34
2026  18 19 44 99999.9 999.99 9999999. 99.99 999.99
2026  18 19 45   514.4   2.48   68302.  1.31   0.30
2026  18 19 46   514.4   2.48   68302.  1.31   0.30
2026  18 19 47 99999.9 999.99 9999999. 99.99 999.99
2026  18 19 48 99999.9 999.99 9999999. 99.99 999.99
2026  18 19 49 99999.9 999.99 9999999. 99.99 999.99
2026  18 19 50 99999.9 999.99 9999999. 99.99 999.99
2026  18 19 51 99999.9 999.99 9999999. 99.99 999.99
2026  18 19 52 99999.9 999.99 9999999. 99.99 999.99
2026  18 19 53 99999.9 999.99 9999999. 99.99 999.99
2026  18 19 54   494.6   2.02   58893.  0.99   0.23
2026  18 19 55   494.6   2.02   58893.  0.99   0.23
2026  18 19 56   493.9   1.76   45090.  0.86   0.19
2026  18 19 57   494.4   1.81   51001.  0.88   0.21
2026  18 19 58   493.3   1.81   59207.  0.88   0.22
2026  18 19 59   493.0   1.81   61557.  0.88   0.22
2026  18 20  0   495.3   1.91   59651.  0.94   0.23
2026  18 20  1 99999.9 999.99 9999999. 99.99 999.99
2026  18 20  2 99999.9 999.99 9999999. 99.99 999.99
2026  18 20  3 99999.9 999.99 9999999. 99.99 999.99
2026  18 20  4 99999.9 999.99 9999999. 99.99 999.99
2026  18 20  5   489.9   1.94   58708.  0.93   0.24
2026  18 20  6   488.0   2.00   60341.  0.95   0.25
2026  18 20  7   487.5   2.15   57795.  1.02   0.27
2026  18 20  8   489.5   1.91   48924.  0.92   0.23
2026  18 20  9   489.6   1.88   48112.  0.90   0.23
2026  18 20 10 99999.9 999.99 9999999. 99.99 999.99
2026  18 20 11 99999.9 999.99 9999999. 99.99 999.99
2026  18 20 12   479.8   2.05   56280.  0.94   0.25
2026  18 20 13   482.0   2.14   56267.  0.99   0.26
2026  18 20 14   485.3   1.96   49451.  0.92   0.23
2026  18 20 15   485.1   1.93   48413.  0.91   0.22
2026  18 20 16   485.0   1.91   45403.  0.90   0.22
2026  18 20 17   483.3   1.96   51015.  0.92   0.24
2026  18 20 18   482.7   1.99   53237.  0.93   0.25
2026  18 20 19   485.8   2.27   62340.  1.07   0.29
2026  18 20 20   486.6   2.19   53020.  1.04   0.27
2026  18 20 21   492.1   2.30   53118.  1.11   0.29
2026  18 20 22   498.9   2.47   56280.  1.23   0.32
2026  18 20 23   498.6   2.43   50181.  1.21   0.30
2026  18 20 24   498.6   2.43   50181.  1.21   0.30
2026  18 20 25   482.3   2.23   53008.  1.04   0.28
2026  18 20 26   485.1   2.23   50099.  1.05   0.27
2026  18 20 27   489.7   2.23   45421.  1.07   0.26
2026  18 20 28   489.7   2.23   45421.  1.07   0.26
2026  18 20 29 99999.9 999.99 9999999. 99.99 999.99
2026  18 20 30 99999.9 999.99 9999999. 99.99 999.99
2026  18 20 31 99999.9 999.99 9999999. 99.99 999.99
2026  18 20 32   482.8   2.07   40271.  0.97   0.24
2026  18 20 33   482.8   2.07   40271.  0.97   0.24
2026  18 20 34 99999.9 999.99 9999999. 99.99 999.99
2026  18 20 35 99999.9 999.99 9999999. 99.99 999.99
2026  18 20 36 99999.9 999.99 9999999. 99.99 999.99
2026  18 20 37   483.1   2.17   47771.  1.01   0.26
2026  18 20 38   483.1   2.17   47771.  1.01   0.26
2026  18 20 39   486.0   2.17   39960.  1.03   0.25
2026  18 20 40   486.1   2.18   40440.  1.03   0.25
2026  18 20 41   487.7   2.41   53611.  1.15   0.31
2026  18 20 42   488.8   2.44   49934.  1.17   0.30
2026  18 20 43   488.9   2.44   49487.  1.17   0.31
2026  18 20 44   486.3   2.54   60413.  1.20   0.34
2026  18 20 45   486.4   2.53   59573.  1.20   0.34
2026  18 20 46   487.1   2.40   48113.  1.14   0.30
2026  18 20 47   486.7   2.42   50350.  1.15   0.31
2026  18 20 48   486.7   2.42   50530.  1.15   0.31
2026  18 20 49   488.2   2.30   45753.  1.10   0.29
2026  18 20 50   488.2   2.30   45753.  1.10   0.29
2026  18 20 51 99999.9 999.99 9999999. 99.99 999.99
2026  18 20 52 99999.9 999.99 9999999. 99.99 999.99
2026  18 20 53 99999.9 999.99 9999999. 99.99 999.99
2026  18 20 54   490.5   2.50   50880.  1.20   0.32
2026  18 20 55   485.6   2.52   55809.  1.19   0.33
2026  18 20 56   487.4   2.47   56379.  1.17   0.33
2026  18 20 57   483.2   2.41   53407.  1.13   0.31
2026  18 20 58   477.1   2.40   54450.  1.09   0.31
2026  18 20 59   489.7   2.09   33127.  1.00   0.24
2026  18 21  0   489.2   2.21   38834.  1.06   0.26
2026  18 21  1   488.4   2.40   47771.  1.14   0.29
2026  18 21  2 99999.9 999.99 9999999. 99.99 999.99
2026  18 21  3   484.8   2.61   49833.  1.23   0.33
2026  18 21  4   485.8   2.56   50224.  1.21   0.32
2026  18 21  5   490.9   2.46   51595.  1.19   0.31
2026  18 21  6   495.5   2.53   52292.  1.24   0.32
2026  18 21  7 99999.9 999.99 9999999. 99.99 999.99
2026  18 21  8   497.5   2.27   54088.  1.12   0.29
2026  18 21  9   497.5   2.27   54088.  1.12   0.29
2026  18 21 10   500.5   2.81   60748.  1.41   0.38
2026  18 21 11   500.9   2.88   61565.  1.45   0.40
2026  18 21 12 99999.9 999.99 9999999. 99.99 999.99
2026  18 21 13   481.6   2.12   43778.  0.98   0.26
2026  18 21 14   481.5   2.13   44034.  0.99   0.26
2026  18 21 15   480.6   2.25   48797.  1.04   0.28
2026  18 21 16   483.5   2.31   47238.  1.08   0.29
2026  18 21 17   484.4   2.33   46757.  1.09   0.29
2026  18 21 18 99999.9 999.99 9999999. 99.99 999.99
2026  18 21 19 99999.9 999.99 9999999. 99.99 999.99
2026  18 21 20 99999.9 999.99 9999999. 99.99 999.99
2026  18 21 21   482.8   2.31   45090.  1.08   0.29
2026  18 21 22   482.8   2.31   45090.  1.08   0.29
2026  18 21 23   482.8   2.31   45090.  1.08   0.29
2026  18 21 24 99999.9 999.99 9999999. 99.99 999.99
2026  18 21 25 99999.9 999.99 9999999. 99.99 999.99
2026  18 21 26 99999.9 999.99 9999999. 99.99 999.99
2026  18 21 27   476.2   2.29   49833.  1.04   0.29
2026  18 21 28   476.2   2.29   49833.  1.04   0.29
2026  18 21 29   476.2   2.29   49833.  1.04   0.29
2026  18 21 30   480.6   2.28   53366.  1.05   0.29
2026  18 21 31   480.6   2.28   53366.  1.05   0.29
2026  18 21 32 99999.9 999.99 9999999. 99.99 999.99
2026  18 21 33 99999.9 999.99 9999999. 99.99 999.99
2026  18 21 34 99999.9 999.99 9999999. 99.99 999.99
2026  18 21 35   479.8   2.36   47432.  1.09   0.30
2026  18 21 36   479.8   2.36   47432.  1.09   0.30
2026  18 21 37 99999.9 999.99 9999999. 99.99 999.99
2026  18 21 38   479.5   2.41   53008.  1.11   0.31
2026  18 21 39   479.5   2.41   53008.  1.11   0.31
2026  18 21 40   479.5   2.41   53008.  1.11   0.31
2026  18 21 41 99999.9 999.99 9999999. 99.99 999.99
2026  18 21 42 99999.9 999.99 9999999. 99.99 999.99
2026  18 21 43 99999.9 999.99 9999999. 99.99 999.99
2026  18 21 44 99999.9 999.99 9999999. 99.99 999.99
2026  18 21 45   483.4   2.22   46757.  1.04   0.28
2026  18 21 46   483.4   2.22   46757.  1.04   0.28
2026  18 21 47 99999.9 999.99 9999999. 99.99 999.99
2026  18 21 48 99999.9 999.99 9999999. 99.99 999.99
2026  18 21 49   484.2   2.26   44104.  1.06   0.28
2026  18 21 50   484.2   2.26   44104.  1.06   0.28
2026  18 21 51 99999.9 999.99 9999999. 99.99 999.99
2026  18 21 52 99999.9 999.99 9999999. 99.99 999.99
2026  18 21 53 99999.9 999.99 9999999. 99.99 999.99
2026  18 21 54 99999.9 999.99 9999999. 99.99 999.99
2026  18 21 55 99999.9 999.99 9999999. 99.99 999.99
2026  18 21 56 99999.9 999.99 9999999. 99.99 999.99
2026  18 21 57 99999.9 999.99 9999999. 99.99 999.99
2026  18 21 58 99999.9 999.99 9999999. 99.99 999.99
2026  18 21 59   477.9   2.42   60031.  1.11   0.36
2026  18 22  0   477.9   2.42   60031.  1.11 999.99
2026  18 22  1   487.1   2.60   54238.  1.23   0.39
2026  18 22  2   487.9   2.70   62558.  1.29   0.44
2026  18 22  3   485.6   2.26   55716.  1.07   0.35
2026  18 22  4   485.9   2.27   53936.  1.07   0.32
2026  18 22  5   477.3   2.33   48433.  1.06   0.31
2026  18 22  6   477.0   2.31   46825.  1.05   0.31
2026  18 22  7   479.8   2.32   47984.  1.07   0.32
2026  18 22  8   476.2   2.23   41271.  1.01   0.29
2026  18 22  9   476.6   2.15   42322.  0.98   0.28
2026  18 22 10   477.1   2.22   44796.  1.01   0.30
2026  18 22 11   483.7   2.30   47014.  1.08   0.32
2026  18 22 12   479.5   2.27   50765.  1.04   0.33
2026  18 22 13   477.1   2.35   62030.  1.07   0.37
2026  18 22 14   479.1   2.57   69938.  1.18   0.41
2026  18 22 15 99999.9 999.99 9999999. 99.99 999.99
2026  18 22 16 99999.9 999.99 9999999. 99.99 999.99
2026  18 22 17 99999.9 999.99 9999999. 99.99 999.99
2026  18 22 18   485.3   2.34   46421.  1.10   0.33
2026  18 22 19   482.6   2.41   49151.  1.12   0.34
2026  18 22 20   482.6   2.44   53263.  1.14   0.35
2026  18 22 21   481.6   2.42   56133.  1.12   0.36
2026  18 22 22   481.3   2.42   56280.  1.12   0.35
2026  18 22 23 99999.9 999.99 9999999. 99.99 999.99
2026  18 22 24 99999.9 999.99 9999999. 99.99 999.99
2026  18 22 25 99999.9 999.99 9999999. 99.99 999.99
2026  18 22 26 99999.9 999.99 9999999. 99.99 999.99
2026  18 22 27   477.8   2.09   48112.  0.95   0.30
2026  18 22 28   477.8   2.09   48112.  0.95   0.30
2026  18 22 29 99999.9 999.99 9999999. 99.99 999.99
2026  18 22 30   479.5   2.22   48112.  1.02   0.31
2026  18 22 31   479.5   2.23   48300.  1.03   0.32
2026  18 22 32   480.5   2.48   56342.  1.15   0.36
2026  18 22 33   481.5   2.50   57383.  1.16   0.37
2026  18 22 34   494.2   2.62   66284.  1.28   0.41
2026  18 22 35   479.5   2.50   55183.  1.15   0.37
2026  18 22 36   473.8   2.46   50880.  1.10   0.36
2026  18 22 37   503.3   2.74   69118.  1.39   0.44
2026  18 22 38   497.7   2.73   66604.  1.35   0.43
2026  18 22 39   479.5   2.68   58516.  1.23   0.41
2026  18 22 40   492.7   2.49   58247.  1.21   0.38
2026  18 22 41   498.0   2.42   58140.  1.20   0.37
2026  18 22 42   498.0   2.42   58140.  1.20   0.37
2026  18 22 43 99999.9 999.99 9999999. 99.99 999.99
2026  18 22 44   471.8   2.33   45421.  1.04   0.33
2026  18 22 45   471.8   2.33   45421.  1.04   0.33
2026  18 22 46   479.2   2.03   40616.  0.93   0.28
2026  18 22 47   483.0   1.88   38116.  0.88   0.26
2026  18 22 48   471.3   2.08   54814.  0.92   0.31
2026  18 22 49   471.3   2.08   54814.  0.92   0.31
2026  18 22 50 99999.9 999.99 9999999. 99.99 999.99
2026  18 22 51   487.2   2.52   93442.  1.20   0.46
2026  18 22 52   487.2   2.52   93442.  1.20   0.50
2026  18 22 53   504.2   2.40   74537.  1.22   0.42
2026  18 22 54   504.2   2.40   74537.  1.22   0.41
2026  18 22 55   496.3   2.40   58516.  1.18   0.38
2026  18 22 56   496.3   2.40   58516.  1.18   0.38
2026  18 22 57   496.3   2.40   58516.  1.18   0.39
2026  18 22 58 99999.9 999.99 9999999. 99.99 999.99
2026  18 22 59 99999.9 999.99 9999999. 99.99 999.99
2026  18 23  0 99999.9 999.99 9999999. 99.99 999.99
2026  18 23  1 99999.9 999.99 9999999. 99.99 999.99
2026  18 23  2   479.0   2.60   68709.  1.19   0.45
2026  18 23  3   479.1   2.59   68247.  1.19   0.44
2026  18 23  4   482.5   2.38   54814.  1.11   0.38
2026  18 23  5   482.5   2.38   54814.  1.11   0.38
2026  18 23  6 99999.9 999.99 9999999. 99.99 999.99
2026  18 23  7 99999.9 999.99 9999999. 99.99 999.99
2026  18 23  8 99999.9 999.99 9999999. 99.99 999.99
2026  18 23  9 99999.9 999.99 9999999. 99.99 999.99
2026  18 23 10 99999.9 999.99 9999999. 99.99 999.99
2026  18 23 11 99999.9 999.99 9999999. 99.99 999.99
2026  18 23 12   471.0   1.68   36910.  0.75   0.24
2026  18 23 13   471.0   1.68   36910.  0.75 999.99
2026  18 23 14   471.0   1.68   36910.  0.75   0.24
2026  18 23 15 99999.9 999.99 9999999. 99.99 999.99
2026  18 23 16 99999.9 999.99 9999999. 99.99 999.99
2026  18 23 17 99999.9 999.99 9999999. 99.99 999.99
2026  18 23 18 99999.9 999.99 9999999. 99.99 999.99
2026  18 23 19 99999.9 999.99 9999999. 99.99 999.99
2026  18 23 20 99999.9 999.99 9999999. 99.99 999.99
2026  18 23 21 99999.9 999.99 9999999. 99.99 999.99
2026  18 23 22   473.0   2.39   44432.  1.07   0.35
2026  18 23 23   472.3   2.48   48574.  1.11   0.36
2026  18 23 24   471.9   2.35   49509.  1.05   0.36
2026  18 23 25   470.9   2.21   53333.  0.98   0.34
2026  18 23 26   478.3   2.21   51820.  1.01   0.34
2026  18 23 27   474.0   2.40   51979.  1.08   0.37
2026  18 23 28   473.9   2.38   47975.  1.07   0.35
2026  18 23 29   468.3   2.19   45363.  0.96   0.32
2026  18 23 30   467.2   2.10   43961.  0.92   0.31
2026  18 23 31   464.8   2.14   48426.  0.92   0.32
2026  18 23 32   467.0   2.38   56519.  1.04   0.37
2026  18 23 33   472.2   2.30   51099.  1.03   0.35
2026  18 23 34   474.5   2.40   53214.  1.08   0.36
2026  18 23 35   467.2   2.43   56253.  1.06   0.38
2026  18 23 36   467.6   2.48   51537.  1.08   0.37
2026  18 23 37   469.7   2.31   45345.  1.02   0.33
2026  18 23 38   468.4   2.31   47236.  1.01   0.34
2026  18 23 39   469.7   2.36   49304.  1.04   0.35
2026  18 23 40   463.0   2.61   62316.  1.12   0.41
2026  18 23 41   463.0   2.53   56459.  1.08   0.38
2026  18 23 42   463.2   2.44   49987.  1.05   0.36
2026  18 23 43   463.7   2.46   50530.  1.06   0.36
2026  18 23 44   464.8   2.48   51243.  1.07   0.36
2026  18 23 45   467.5   2.53   53008.  1.11   0.36
2026  18 23 46   467.7   2.15   40227.  0.94   0.29
2026  18 23 47   467.7   2.12   39340.  0.93   0.28
2026  18 23 48 99999.9 999.99 9999999. 99.99 999.99
2026  18 23 49   463.3   2.49   51939.  1.07   0.35
2026  18 23 50   463.3   2.49   51939.  1.07   0.35
2026  18 23 51   463.1   2.36   51643.  1.01   0.33
2026  18 23 52   461.2   2.39   51585.  1.02   0.34
2026  18 23 53   460.3   2.35   49096.  1.00   0.33
2026  18 23 54   463.1   2.33   46373.  1.00   0.32
2026  18 23 55   466.7   2.50   50803.  1.09   0.36
2026  18 23 56   462.0   2.39   54633.  1.02   0.35
2026  18 23 57   459.0   2.32   46838.  0.98   0.32
2026  18 23 58   458.0   2.26   46234.  0.95   0.33
2026  18 23 59   463.6   2.38   53793.  1.02   0.35
2026  19  0  0   468.0   2.60   56184.  1.14   0.39
2026  19  0  1   468.4   2.65   56650.  1.16   0.40
2026  19  0  2   466.6   2.26   45619.  0.98   0.32
2026  19  0  3   465.5   2.28   46754.  0.99   0.33
2026  19  0  4   465.6   2.50   51656.  1.08   0.38
2026  19  0  5   465.8   2.57   53008.  1.12   0.39
2026  19  0  6 99999.9 999.99 9999999. 99.99 999.99
2026  19  0  7 99999.9 999.99 9999999. 99.99 999.99
2026  19  0  8 99999.9 999.99 9999999. 99.99 999.99
2026  19  0  9 99999.9 999.99 9999999. 99.99 999.99
2026  19  0 10 99999.9 999.99 9999999. 99.99 999.99
2026  19  0 11 99999.9 999.99 9999999. 99.99 999.99
2026  19  0 12 99999.9 999.99 9999999. 99.99 999.99
2026  19  0 13 99999.9 999.99 9999999. 99.99 999.99
2026  19  0 14 99999.9 999.99 9999999. 99.99 999.99
2026  19  0 15 99999.9 999.99 9999999. 99.99 999.99
2026  19  0 16 99999.9 999.99 9999999. 99.99 999.99
2026  19  0 17 99999.9 999.99 9999999. 99.99 999.99
2026  19  0 18 99999.9 999.99 9999999. 99.99 999.99
2026  19  0 19 99999.9 999.99 9999999. 99.99 999.99
2026  19  0 20 99999.9 999.99 9999999. 99.99 999.99
2026  19  0 21 99999.9 999.99 9999999. 99.99 999.99
2026  19  0 22 99999.9 999.99 9999999. 99.99 999.99
2026  19  0 23 99999.9 999.99 9999999. 99.99 999.99
2026  19  0 24 99999.9 999.99 9999999. 99.99 999.99
2026  19  0 25 99999.9 999.99 9999999. 99.99 999.99
2026  19  0 26 99999.9 999.99 9999999. 99.99 999.99
2026  19  0 27 99999.9 999.99 9999999. 99.99 999.99
2026  19  0 28   475.7   2.42   43130.  1.10   0.34
2026  19  0 29   475.7   2.42   43130.  1.10   0.35
2026  19  0 30   471.6   2.43   43275.  1.08   0.35
2026  19  0 31   457.3   2.45   43778.  1.02   0.35
2026  19  0 32   472.2   2.29   41790.  1.02   0.33
2026  19  0 33   473.8   2.31   43012.  1.04   0.34
2026  19  0 34   470.7   2.65   54450.  1.17   0.41
2026  19  0 35   470.7   2.65   54450.  1.17   0.41
2026  19  0 36 99999.9 999.99 9999999. 99.99 999.99
2026  19  0 37 99999.9 999.99 9999999. 99.99 999.99
2026  19  0 38   451.0   2.34   47432.  0.95   0.35
2026  19  0 39   451.0   2.34   47432.  0.95   0.35
2026  19  0 40   451.0   2.34   47432.  0.95   0.35
2026  19  0 41   461.5   2.53   54450.  1.08   0.40
2026  19  0 42   458.5   2.52   51590.  1.06   0.40
2026  19  0 43   453.7   2.51   46923.  1.03   0.39
2026  19  0 44   462.1   2.46   53087.  1.05   0.39
2026  19  0 45   469.8   2.54   47186.  1.12   0.38
2026  19  0 46   470.4   2.55   46757.  1.13   0.38
2026  19  0 47   456.5   2.79   74537.  1.16   0.48
2026  19  0 48   456.5   2.79   74537.  1.16   0.48
2026  19  0 49   456.5   2.79   74537.  1.16   0.48
2026  19  0 50 99999.9 999.99 9999999. 99.99 999.99
2026  19  0 51   455.9   2.54   47313.  1.06   0.38
2026  19  0 52   455.8   2.54   47167.  1.06   0.38
2026  19  0 53   467.0   2.44   46602.  1.06   0.36
2026  19  0 54   478.7   2.33   45733.  1.07   0.34
2026  19  0 55   454.8   2.41   41049.  1.00   0.34
2026  19  0 56   454.5   2.42   41125.  1.00   0.35
2026  19  0 57   466.6   2.70   45605.  1.18   0.39
2026  19  0 58   457.1   2.58   37942.  1.08   0.35
2026  19  0 59   472.4   2.83   47932.  1.26   0.41
2026  19  1  0   461.0   2.57   39743.  1.09   0.35
2026  19  1  1   464.5   2.48   38155.  1.07   0.33
2026  19  1  2   477.4   2.77   46792.  1.26   0.39
2026  19  1  3 99999.9 999.99 9999999. 99.99 999.99
2026  19  1  4 99999.9 999.99 9999999. 99.99 999.99
2026  19  1  5   455.8   2.36   48797.  0.98   0.33
2026  19  1  6   455.8   2.36   48797.  0.98   0.34
2026  19  1  7   467.4   2.52   48648.  1.10   0.36
2026  19  1  8   466.5   2.51   48779.  1.09   0.35
2026  19  1  9   468.0   2.52   50634.  1.10   0.37
2026  19  1 10 99999.9 999.99 9999999. 99.99 999.99
2026  19  1 11   470.4   2.47   44432.  1.09   0.34
2026  19  1 12   470.4   2.47   44432.  1.09   0.34
2026  19  1 13   470.4   2.47   44432.  1.09   0.34
2026  19  1 14 99999.9 999.99 9999999. 99.99 999.99
2026  19  1 15 99999.9 999.99 9999999. 99.99 999.99
2026  19  1 16 99999.9 999.99 9999999. 99.99 999.99
2026  19  1 17 99999.9 999.99 9999999. 99.99 999.99
2026  19  1 18 99999.9 999.99 9999999. 99.99 999.99
2026  19  1 19   448.8   2.32   31175.  0.93   0.30
2026  19  1 20   448.8   2.32   31175.  0.93   0.30
2026  19  1 21   450.2   2.39   37937.  0.97   0.32
2026  19  1 22   451.4   2.52   46402.  1.03   0.36
2026  19  1 23   455.4   2.56   41402.  1.06   0.35
2026  19  1 24   457.1   2.66   44891.  1.11   0.38
2026  19  1 25   453.9   2.39   36940.  0.98   0.32
2026  19  1 26   452.3   2.50   33560.  1.02   0.32
2026  19  1 27   451.9   2.53   32845.  1.03   0.32
2026  19  1 28 99999.9 999.99 9999999. 99.99 999.99
2026  19  1 29   464.3   2.59   45753.  1.12   0.36
2026  19  1 30   463.9   2.59   45805.  1.11   0.36
2026  19  1 31   459.7   2.58   46421.  1.09   0.35
2026  19  1 32   459.7   2.58   46421.  1.09   0.35
2026  19  1 33 99999.9 999.99 9999999. 99.99 999.99
2026  19  1 34 99999.9 999.99 9999999. 99.99 999.99
2026  19  1 35 99999.9 999.99 9999999. 99.99 999.99
2026  19  1 36   480.3   2.60   55544.  1.20   0.35
2026  19  1 37   480.3   2.60   55544.  1.20   0.35
2026  19  1 38   465.6   2.33   30628.  1.01   0.27
2026  19  1 39   465.6   2.33   30628.  1.01   0.27
2026  19  1 40 99999.9 999.99 9999999. 99.99 999.99
2026  19  1 41 99999.9 999.99 9999999. 99.99 999.99
2026  19  1 42 99999.9 999.99 9999999. 99.99 999.99
2026  19  1 43   468.9   2.63   46757.  1.16   0.35
2026  19  1 44   468.9   2.63   46757.  1.16   0.35
2026  19  1 45 99999.9 999.99 9999999. 99.99 999.99
2026  19  1 46 99999.9 999.99 9999999. 99.99 999.99
2026  19  1 47   480.5   2.25   39649.  1.04   0.28
2026  19  1 48   480.5   2.25   39649.  1.04   0.28
2026  19  1 49   481.0   2.48   39960.  1.15   0.31
2026  19  1 50   485.2   2.59   44223.  1.22   0.34
2026  19  1 51   490.0   2.71   49139.  1.30   0.36
2026  19  1 52   466.5   2.59   40271.  1.13   0.32
2026  19  1 53   466.2   2.61   40765.  1.13   0.32
2026  19  1 54   464.6   2.72   43454.  1.17   0.34
2026  19  1 55   464.6   2.72   43454.  1.17   0.34
2026  19  1 56   469.8   2.88   45221.  1.27   0.37
2026  19  1 57   475.8   3.09   44674.  1.40   0.39
2026  19  1 58   466.0   2.83   36019.  1.23   0.34
2026  19  1 59   466.0   2.83   36019.  1.23   0.34
2026  19  2  0   466.0   2.83   36019.  1.23   0.34
2026  19  2  1   488.3   3.67   81487.  1.75   0.57
2026  19  2  2   488.3   3.67   81487.  1.75   0.57
2026  19  2  3   487.5   3.28   51074.  1.56   0.44
2026  19  2  4   487.3   3.21   45421.  1.52   0.42
2026  19  2  5   478.5   3.13   42807.  1.43   0.40
2026  19  2  6   478.5   3.13   42807.  1.43   0.40
2026  19  2  7   481.7   3.14   42335.  1.46   0.40
2026  19  2  8   481.1   3.17   43582.  1.47   0.41
2026  19  2  9   460.5   3.48   60255.  1.48   0.49
2026  19  2 10   460.3   3.48   60413.  1.47   0.50
2026  19  2 11 99999.9 999.99 9999999. 99.99 999.99
2026  19  2 12 99999.9 999.99 9999999. 99.99 999.99
2026  19  2 13   472.6   3.36   46656.  1.50   0.44
2026  19  2 14   468.7   3.30   46525.  1.45   0.43
2026  19  2 15   467.3   3.14   44760.  1.37   0.41
2026  19  2 16   467.3   3.14   44760.  1.37   0.40
2026  19  2 17   488.9   3.34   47432.  1.60   0.42
2026  19  2 18   485.2   3.34   46907.  1.57   0.42
2026  19  2 19   479.4   3.34   46093.  1.54   0.41
2026  19  2 20   473.6   2.63   30628.  1.18   0.29
2026  19  2 21   473.6   2.63   30628.  1.18   0.29
2026  19  2 22   463.9   3.16   40429.  1.36   0.37
2026  19  2 23   468.0   3.05   38931.  1.34   0.35
2026  19  2 24   485.0   2.01   26935.  0.95   0.21
2026  19  2 25   485.0   2.01   26935.  0.95   0.21
2026  19  2 26 99999.9 999.99 9999999. 99.99 999.99
2026  19  2 27   472.7   3.42   45090.  1.53   0.41
2026  19  2 28   474.9   3.29   46544.  1.48   0.40
2026  19  2 29   474.0   3.29   44634.  1.48   0.39
2026  19  2 30   470.6   3.42   40898.  1.51   0.39
2026  19  2 31   470.3   3.42   41213.  1.51   0.39
2026  19  2 32   470.3   3.42   41213.  1.51   0.39
2026  19  2 33   464.8   3.38   37888.  1.46   0.39
2026  19  2 34   464.3   2.97   45465.  1.28   0.36
2026  19  2 35   466.6   2.96   52065.  1.29   0.37
2026  19  2 36   458.0   2.85   43951.  1.20   0.34
2026  19  2 37   466.7   2.70   40174.  1.18   0.32
2026  19  2 38   469.1   2.83   43698.  1.25   0.34
2026  19  2 39   469.3   2.85   44245.  1.26   0.34
2026  19  2 40   471.8   3.15   50530.  1.40   0.39
2026  19  2 41   476.0   3.38   44196.  1.53   0.40
2026  19  2 42   477.8   3.47   41530.  1.58   0.40
2026  19  2 43 99999.9 999.99 9999999. 99.99 999.99
2026  19  2 44   470.6   3.26   37210.  1.44   0.36
2026  19  2 45   476.3   3.01   33555.  1.37   0.32
2026  19  2 46   478.7   2.90   32004.  1.33   0.31
2026  19  2 47   482.1   3.31   39340.  1.54   0.37
2026  19  2 48   482.1   3.31   39340.  1.54   0.37
2026  19  2 49   481.3   3.29   35051.  1.52   0.35
2026  19  2 50   481.2   3.29   34270.  1.52   0.35
2026  19  2 51   481.9   2.95   34556.  1.37   0.32
2026  19  2 52   481.9   2.95   34558.  1.37   0.32
2026  19  2 53   478.9   3.05   39948.  1.40   0.34
2026  19  2 54   478.5   3.06   40584.  1.40   0.34
2026  19  2 55   478.5   3.06   40584.  1.40   0.35
2026  19  2 56   476.0   3.02   41847.  1.37   0.35
2026  19  2 57   475.9   3.02   41724.  1.37   0.35
2026  19  2 58   474.6   2.96   40271.  1.33   0.34
2026  19  2 59   474.6   2.96   40271.  1.33   0.34
2026  19  3  0 99999.9 999.99 9999999. 99.99 999.99
2026  19  3  1 99999.9 999.99 9999999. 99.99 999.99
2026  19  3  2 99999.9 999.99 9999999. 99.99 999.99
2026  19  3  3   482.5   3.03   44104.  1.41   0.36
2026  19  3  4   482.5   3.03   44104.  1.41   0.36
2026  19  3  5 99999.9 999.99 9999999. 99.99 999.99
2026  19  3  6 99999.9 999.99 9999999. 99.99 999.99
2026  19  3  7 99999.9 999.99 9999999. 99.99 999.99
2026  19  3  8 99999.9 999.99 9999999. 99.99 999.99
2026  19  3  9 99999.9 999.99 9999999. 99.99 999.99
2026  19  3 10   460.2   3.16   37511.  1.34   0.36
2026  19  3 11   459.1   3.26   40990.  1.37   0.38
2026  19  3 12   459.0   3.23   38801.  1.36   0.37
2026  19  3 13   455.4   2.97   36315.  1.23   0.33
2026  19  3 14   450.9   2.82   37592.  1.15   0.32
2026  19  3 15   451.9   2.99   39103.  1.22   0.34
2026  19  3 16   458.0   3.15   36911.  1.32   0.35
2026  19  3 17 99999.9 999.99 9999999. 99.99 999.99
2026  19  3 18   458.1   3.01   37511.  1.26   0.34
2026  19  3 19   458.1   3.01   37511.  1.26   0.34
2026  19  3 20   458.1   3.01   37511.  1.26   0.35
2026  19  3 21   450.5   3.02   32845.  1.23   0.34
2026  19  3 22   450.5   3.02   32845.  1.23   0.33
2026  19  3 23   450.5   3.02   32158.  1.23   0.33
2026  19  3 24   449.0   3.01   31727.  1.21   0.32
2026  19  3 25   446.4   3.00   31727.  1.20   0.32
2026  19  3 26 99999.9 999.99 9999999. 99.99 999.99
2026  19  3 27 99999.9 999.99 9999999. 99.99 999.99
2026  19  3 28   443.0   2.72   30726.  1.07   0.29
2026  19  3 29   444.6   2.89   36285.  1.14   0.33
2026  19  3 30   448.3   2.89   35468.  1.16   0.33
2026  19  3 31   450.7   2.92   30901.  1.19   0.32
2026  19  3 32   450.7   2.92   30901.  1.19   0.32
2026  19  3 33 99999.9 999.99 9999999. 99.99 999.99
2026  19  3 34 99999.9 999.99 9999999. 99.99 999.99
2026  19  3 35 99999.9 999.99 9999999. 99.99 999.99
2026  19  3 36 99999.9 999.99 9999999. 99.99 999.99
2026  19  3 37 99999.9 999.99 9999999. 99.99 999.99
2026  19  3 38 99999.9 999.99 9999999. 99.99 999.99
2026  19  3 39   443.5   3.37   35139.  1.33   0.36
2026  19  3 40   443.5   3.37   35139.  1.33   0.36
2026  19  3 41   441.8   3.20   30628.  1.25   0.34
2026  19  3 42   443.6   3.19   33224.  1.26   0.35
2026  19  3 43   445.1   3.20   35114.  1.27   0.36
2026  19  3 44   441.8   3.12   34388.  1.22   0.35
2026  19  3 45   443.4   3.03   29554.  1.19   0.33
2026  19  3 46   443.5   3.04   32956.  1.20   0.34
2026  19  3 47   443.0   3.07   34495.  1.20   0.34
2026  19  3 48   441.5   3.08   32900.  1.20   0.34
2026  19  3 49   449.6   2.95   33405.  1.19   0.33
2026  19  3 50   441.9   3.09   34624.  1.21   0.35
2026  19  3 51   445.7   3.16   36225.  1.26   0.35
2026  19  3 52   447.5   3.17   36536.  1.27   0.36
2026  19  3 53   444.4   3.16   36649.  1.25   0.36
2026  19  3 54   446.0   3.14   32408.  1.25   0.35
2026  19  3 55   441.7   3.11   33810.  1.21   0.35
2026  19  3 56 99999.9 999.99 9999999. 99.99 999.99
2026  19  3 57 99999.9 999.99 9999999. 99.99 999.99
2026  19  3 58   441.9   3.14   35725.  1.23   0.37
2026  19  3 59   441.9   3.14   35725.  1.23   0.36
2026  19  4  0   443.3   3.09   34558.  1.21   0.35
2026  19  4  1   443.3   3.09   34558.  1.21   0.35
2026  19  4  2   440.2   3.10   31175.  1.20   0.35
2026  19  4  3   440.2   3.10   31175.  1.20   0.35
2026  19  4  4   440.4   3.04   30901.  1.18   0.34
2026  19  4  5   440.4   3.04   30901.  1.18   0.34
2026  19  4  6 99999.9 999.99 9999999. 99.99 999.99
2026  19  4  7 99999.9 999.99 9999999. 99.99 999.99
2026  19  4  8 99999.9 999.99 9999999. 99.99 999.99
2026  19  4  9   438.7   3.03   30628.  1.17   0.34
2026  19  4 10   438.7   3.03   30628.  1.17   0.34
2026  19  4 11   443.4   2.96   32004.  1.16   0.34
2026  19  4 12   443.4   2.96   32004.  1.16   0.34
2026  19  4 13 99999.9 999.99 9999999. 99.99 999.99
2026  19  4 14   447.9   2.95   30356.  1.18   0.34
2026  19  4 15   447.9   2.95   30356.  1.18   0.34
2026  19  4 16   447.9   2.95   30356.  1.18   0.33
2026  19  4 17 99999.9 999.99 9999999. 99.99 999.99
2026  19  4 18 99999.9 999.99 9999999. 99.99 999.99
2026  19  4 19 99999.9 999.99 9999999. 99.99 999.99
2026  19  4 20   442.0   2.97   29016.  1.16   0.34
2026  19  4 21   442.0   2.97   30055.  1.16   0.34
2026  19  4 22   442.2   3.01   32516.  1.18   0.35
2026  19  4 23   441.1   3.14   37862.  1.22   0.38
2026  19  4 24   434.2   3.09   37129.  1.17   0.38
2026  19  4 25   429.6   3.00   34323.  1.11   0.36
2026  19  4 26   435.8   2.97   30901.  1.13   0.35
2026  19  4 27   436.0   2.96   31549.  1.13   0.35
2026  19  4 28   436.1   2.96   31727.  1.13   0.35
2026  19  4 29   436.1   2.96   31727.  1.13   0.35
2026  19  4 30   435.4   3.00   33982.  1.14   0.36
2026  19  4 31   435.4   3.00   33982.  1.14   0.36
2026  19  4 32   438.5   3.03   38116.  1.17   0.37
2026  19  4 33   438.5   3.03   38116.  1.17   0.38
2026  19  4 34   435.4   2.91   32004.  1.10   0.36
2026  19  4 35   435.4   2.91   32004.  1.10   0.36
2026  19  4 36   435.4   2.91   32004.  1.10   0.36
2026  19  4 37   433.5   2.83   19820.  1.06   0.32
2026  19  4 38   433.5   2.83   19820.  1.06   0.32
2026  19  4 39 99999.9 999.99 9999999. 99.99 999.99
2026  19  4 40   432.1   2.98   40584.  1.11   0.39
2026  19  4 41   432.1   2.98   40584.  1.11   0.39
2026  19  4 42   431.8   2.94   33127.  1.10   0.36
2026  19  4 43   431.8   2.94   33127.  1.10   0.36
2026  19  4 44   431.7   2.97   35475.  1.11   0.37
2026  19  4 45   431.6   3.03   39649.  1.13   0.39
2026  19  4 46   431.6   3.03   39649.  1.13   0.38
2026  19  4 47   431.7   3.07   37511.  1.14   0.39
2026  19  4 48   431.7   3.07   37511.  1.14   0.39
2026  19  4 49 99999.9 999.99 9999999. 99.99 999.99
2026  19  4 50   430.9   2.94   36019.  1.09   0.37
2026  19  4 51   430.9   2.94   36077.  1.09   0.36
2026  19  4 52   430.8   2.89   39032.  1.07   0.36
2026  19  4 53   430.8   2.89   39032.  1.07   0.37
2026  19  4 54 99999.9 999.99 9999999. 99.99 999.99
2026  19  4 55 99999.9 999.99 9999999. 99.99 999.99
2026  19  4 56 99999.9 999.99 9999999. 99.99 999.99
2026  19  4 57 99999.9 999.99 9999999. 99.99 999.99
2026  19  4 58 99999.9 999.99 9999999. 99.99 999.99
2026  19  4 59   430.4   2.82   30901.  1.04   0.34
2026  19  5  0   430.4   2.82   30901.  1.04   0.35
2026  19  5  1   430.7   2.87   41530.  1.06   0.38
2026  19  5  2   430.7   2.87   41530.  1.06   0.38
2026  19  5  3   431.0   2.99   43454.  1.11   0.40
2026  19  5  4   431.0   2.99   43454.  1.11   0.40
2026  19  5  5   431.0   2.99   43454.  1.11   0.40
2026  19  5  6   430.4   2.85   37812.  1.06   0.38
2026  19  5  7   430.4   2.85   37812.  1.06   0.38
2026  19  5  8   430.4   2.85   37812.  1.06   0.37
2026  19  5  9   431.0   2.93   34617.  1.09   0.37
2026  19  5 10   431.0   2.93   35053.  1.09   0.36
2026  19  5 11   431.6   2.95   31223.  1.10   0.35
2026  19  5 12   431.8   2.95   29282.  1.10   0.34
2026  19  5 13   431.8   2.95   29282.  1.10   0.35
2026  19  5 14   431.2   2.94   30901.  1.09   0.35
2026  19  5 15   432.9   3.01   34704.  1.13   0.36
2026  19  5 16   435.9   3.14   41530.  1.19   0.40
2026  19  5 17   435.9   3.14   41530.  1.19   0.40
2026  19  5 18   434.0   2.94   30628.  1.11   0.35
2026  19  5 19   434.0   2.94   30628.  1.11   0.35
2026  19  5 20   434.0   2.94   30628.  1.11   0.36
2026  19  5 21   431.2   2.94   37210.  1.09   0.37
2026  19  5 22   431.5   2.94   35906.  1.09   0.37
2026  19  5 23   432.2   2.93   32283.  1.09   0.35
2026  19  5 24   432.2   2.93   32283.  1.09   0.36
2026  19  5 25   432.9   2.89   29282.  1.08   0.35
2026  19  5 26   432.9   2.89   29243.  1.08   0.35
2026  19  5 27   432.2   2.89   28489.  1.08   0.34
2026  19  5 28   432.2   2.89   28489.  1.08   0.34
2026  19  5 29   434.1   2.85   26680.  1.07   0.33
2026  19  5 30   434.1   2.85   26680.  1.07   0.33
2026  19  5 31 99999.9 999.99 9999999. 99.99 999.99
2026  19  5 32 99999.9 999.99 9999999. 99.99 999.99
2026  19  5 33   431.7   2.78   32004.  1.04   0.34
2026  19  5 34   431.7   2.78   32004.  1.04   0.34
2026  19  5 35   431.7   2.78   32004.  1.04   0.34
2026  19  5 36 99999.9 999.99 9999999. 99.99 999.99
2026  19  5 37   433.3   3.01   41213.  1.13   0.39
2026  19  5 38   433.3   3.01   41213.  1.13   0.39
2026  19  5 39   433.4   3.00   40805.  1.13   0.38
2026  19  5 40   436.6   2.69   20483.  1.03   0.29
2026  19  5 41   432.7   2.93   30908.  1.10   0.35
2026  19  5 42   431.2   3.02   34848.  1.12   0.37
2026  19  5 43 99999.9 999.99 9999999. 99.99 999.99
2026  19  5 44   430.7   3.20   46086.  1.19   0.42
2026  19  5 45   430.7   3.20   46086.  1.19   0.42
2026  19  5 46 99999.9 999.99 9999999. 99.99 999.99
2026  19  5 47 99999.9 999.99 9999999. 99.99 999.99
2026  19  5 48 99999.9 999.99 9999999. 99.99 999.99
2026  19  5 49 99999.9 999.99 9999999. 99.99 999.99
2026  19  5 50   432.3   2.98   29016.  1.11   0.35
2026  19  5 51   430.8   3.02   30247.  1.12   0.36
2026  19  5 52   429.8   3.02   32776.  1.12   0.37
2026  19  5 53   429.2   2.94   38733.  1.08   0.38
2026  19  5 54   428.3   2.94   39920.  1.08   0.37
2026  19  5 55   428.3   2.94   39960.  1.08   0.38
2026  19  5 56   429.2   2.97   30628.  1.09   0.36
2026  19  5 57   429.1   2.97   30298.  1.09   0.36
2026  19  5 58   428.4   2.94   25425.  1.08   0.35
2026  19  5 59   428.4   2.94   25425.  1.08   0.35
2026  19  6  0   428.1   2.96   32845.  1.08   0.37
2026  19  6  1   428.1   2.96   33078.  1.08   0.37
2026  19  6  2   428.6   2.97   40271.  1.09   0.39
2026  19  6  3   428.6   2.97   40271.  1.09   0.39
2026  19  6  4   427.8   2.91   35139.  1.07   0.37
2026  19  6  5   427.8   2.91   35138.  1.07   0.37
2026  19  6  6   428.2   2.89   33411.  1.06   0.36
2026  19  6  7   428.2   2.89   33411.  1.06   0.36
2026  19  6  8   428.2   2.92   31175.  1.07   0.36
2026  19  6  9   428.2   2.92   31176.  1.07   0.36
2026  19  6 10   428.2   2.98   36315.  1.09   0.38
2026  19  6 11   428.4   2.98   36471.  1.09   0.37
2026  19  6 12   429.6   3.01   37210.  1.11   0.38
2026  19  6 13   430.7   3.05   37812.  1.13   0.39
2026  19  6 14   430.1   2.91   29016.  1.08   0.35
2026  19  6 15   430.2   2.92   29508.  1.08   0.35
2026  19  6 16   430.9   2.95   32564.  1.10   0.36
2026  19  6 17   430.9   2.95   32564.  1.10   0.37
2026  19  6 18   430.3   2.97   40584.  1.10   0.38
2026  19  6 19   430.3   2.97   40584.  1.10   0.38
2026  19  6 20   429.1   2.90   29282.  1.07   0.35
2026  19  6 21   429.1   2.90   29282.  1.07   0.35
2026  19  6 22   429.1   2.90   29282.  1.07   0.35
2026  19  6 23   428.3   2.83   24686.  1.04   0.34
2026  19  6 24   428.3   2.83   24686.  1.04   0.33
2026  19  6 25   428.3   2.83   24686.  1.04   0.32
2026  19  6 26 99999.9 999.99 9999999. 99.99 999.99
2026  19  6 27   427.9   2.88   27448.  1.05   0.34
2026  19  6 28   427.8   2.91   33141.  1.07   0.36
2026  19  6 29   428.9   2.89   32098.  1.06   0.34
2026  19  6 30   429.2   2.83   21415.  1.04   0.31
2026  19  6 31   427.3   2.84   20483.  1.04   0.31
2026  19  6 32   428.9   2.86   32564.  1.05   0.34
2026  19  6 33   428.9   2.86   32564.  1.05   0.34
2026  19  6 34   429.0   2.91   33805.  1.07   0.35
2026  19  6 35   429.2   3.00   35725.  1.11   0.37
2026  19  6 36   431.1   2.95   32110.  1.10   0.36
2026  19  6 37   431.8   2.95   31727.  1.10   0.36
2026  19  6 38   434.8   2.98   31727.  1.13   0.37
2026  19  6 39   434.8   2.98   31727.  1.13   0.37
2026  19  6 40   432.7   2.98   30086.  1.12   0.36
2026  19  6 41   432.7   2.98   30086.  1.12   0.37
2026  19  6 42   431.6   2.91   34270.  1.08   0.37
2026  19  6 43   431.6   2.91   34270.  1.08   0.38
2026  19  6 44   431.1   2.91   32612.  1.08   0.37
2026  19  6 45   430.5   2.90   30356.  1.07   0.35
2026  19  6 46   430.5   2.90   30356.  1.07   0.34
2026  19  6 47   428.1   2.86   21156.  1.05   0.31
2026  19  6 48   428.9   2.86   22572.  1.05   0.31
2026  19  6 49   432.3   2.87   29297.  1.07   0.32
2026  19  6 50   432.2   2.87   29217.  1.07   0.32
2026  19  6 51   437.9   2.49   45090.  0.95   0.33
2026  19  6 52   437.8   2.50   44886.  0.96   0.33
2026  19  6 53   432.4   2.93   28227.  1.10   0.33
2026  19  6 54   432.4   2.93   28227.  1.10   0.32
2026  19  6 55   430.0   2.93   30628.  1.08   0.33
2026  19  6 56   430.0   2.93   30628.  1.08   0.34
2026  19  6 57   429.5   2.66   24855.  0.98   0.29
2026  19  6 58   430.1   2.68   25223.  0.99   0.30
2026  19  6 59   433.8   2.89   28646.  1.09   0.33
2026  19  7  0   433.9   2.90   28752.  1.09   0.32
2026  19  7  1 99999.9 999.99 9999999. 99.99 999.99
2026  19  7  2 99999.9 999.99 9999999. 99.99 999.99
2026  19  7  3   431.5   2.85   25178.  1.06   0.30
2026  19  7  4   431.5   2.85   25178.  1.06   0.29
2026  19  7  5   430.2   2.83   26175.  1.05   0.29
2026  19  7  6   430.4   2.84   26562.  1.05   0.29
2026  19  7  7   431.9   2.92   30086.  1.09   0.31
2026  19  7  8   432.0   2.92   29851.  1.09   0.31
2026  19  7  9   433.4   2.94   26427.  1.10   0.31
2026  19  7 10   433.4   2.94   26427.  1.10   0.31
2026  19  7 11   431.4   2.87   27191.  1.07   0.31
2026  19  7 12   431.7   2.81   25989.  1.05   0.31
2026  19  7 13   432.5   2.64   22743.  0.99   0.28
2026  19  7 14   430.7   2.86   26172.  1.06   0.32
2026  19  7 15   425.1   2.85   26379.  1.03   0.31
2026  19  7 16   427.8   2.92   28590.  1.07   0.32
2026  19  7 17   432.6   2.83   26937.  1.06   0.31
2026  19  7 18   424.1   2.81   26722.  1.01   0.31
2026  19  7 19   421.9   2.81   26680.  1.00   0.30
2026  19  7 20   437.1   3.04   29549.  1.16   0.34
2026  19  7 21   437.1   3.04   29549.  1.16   0.34
2026  19  7 22   437.1   3.04   29549.  1.16   0.33
2026  19  7 23 99999.9 999.99 9999999. 99.99 999.99
2026  19  7 24 99999.9 999.99 9999999. 99.99 999.99
2026  19  7 25   430.3   2.85   34848.  1.06   0.33
2026  19  7 26   428.3   2.88   32784.  1.06   0.33
2026  19  7 27   428.5   2.96   30528.  1.09   0.33
2026  19  7 28   432.3   3.02   32399.  1.13   0.35
2026  19  7 29   435.3   3.10   36315.  1.17   0.37
2026  19  7 30   435.3   3.10   36315.  1.17   0.37
2026  19  7 31   426.4   2.80   27948.  1.02   0.31
2026  19  7 32   429.6   2.83   30652.  1.04   0.32
2026  19  7 33   431.9   2.85   32564.  1.06   0.33
2026  19  7 34 99999.9 999.99 9999999. 99.99 999.99
2026  19  7 35   427.3   2.83   25924.  1.03   0.32
2026  19  7 36   427.7   2.84   26483.  1.04   0.31
2026  19  7 37   431.5   2.90   31854.  1.08   0.33
2026  19  7 38   432.4   2.92   33127.  1.09   0.33
2026  19  7 39 99999.9 999.99 9999999. 99.99 999.99
2026  19  7 40 99999.9 999.99 9999999. 99.99 999.99
2026  19  7 41 99999.9 999.99 9999999. 99.99 999.99
2026  19  7 42   434.2   3.20   36910.  1.21   0.38
2026  19  7 43   434.2   3.20   36910.  1.21   0.38
2026  19  7 44   429.2   2.93   26891.  1.08   0.33
2026  19  7 45   427.3   2.82   23005.  1.03   0.31
2026  19  7 46 99999.9 999.99 9999999. 99.99 999.99
2026  19  7 47   431.1   3.00   31090.  1.12   0.35
2026  19  7 48   430.1   2.93   32042.  1.08   0.34
2026  19  7 49   429.3   2.87   32845.  1.06   0.33
2026  19  7 50 99999.9 999.99 9999999. 99.99 999.99
2026  19  7 51 99999.9 999.99 9999999. 99.99 999.99
2026  19  7 52 99999.9 999.99 9999999. 99.99 999.99
2026  19  7 53 99999.9 999.99 9999999. 99.99 999.99
2026  19  7 54   427.1   2.79   27191.  1.02   0.31
2026  19  7 55   425.4   2.80   27917.  1.01   0.31
2026  19  7 56   424.2   2.82   27348.  1.01   0.31
2026  19  7 57   424.8   2.82   25674.  1.02 999.99
2026  19  7 58 99999.9 999.99 9999999. 99.99 999.99
2026  19  7 59 99999.9 999.99 9999999. 99.99 999.99
2026  19  8  0 99999.9 999.99 9999999. 99.99 999.99
2026  19  8  1 99999.9 999.99 9999999. 99.99 999.99
2026  19  8  2 99999.9 999.99 9999999. 99.99 999.99
2026  19  8  3   424.0   3.00   30356.  1.08   0.33
2026  19  8  4   424.0   3.00   30356.  1.08   0.33
2026  19  8  5   424.0   3.00   30356.  1.08   0.34
2026  19  8  6 99999.9 999.99 9999999. 99.99 999.99
2026  19  8  7 99999.9 999.99 9999999. 99.99 999.99
2026  19  8  8 99999.9 999.99 9999999. 99.99 999.99
2026  19  8  9 99999.9 999.99 9999999. 99.99 999.99
2026  19  8 10 99999.9 999.99 9999999. 99.99 999.99
2026  19  8 11 99999.9 999.99 9999999. 99.99 999.99
2026  19  8 12 99999.9 999.99 9999999. 99.99 999.99
2026  19  8 13 99999.9 999.99 9999999. 99.99 999.99
2026  19  8 14 99999.9 999.99 9999999. 99.99 999.99
2026  19  8 15 99999.9 999.99 9999999. 99.99 999.99
2026  19  8 16 99999.9 999.99 9999999. 99.99 999.99
2026  19  8 17 99999.9 999.99 9999999. 99.99 999.99
2026  19  8 18 99999.9 999.99 9999999. 99.99 999.99
2026  19  8 19 99999.9 999.99 9999999. 99.99 999.99
2026  19  8 20 99999.9 999.99 9999999. 99.99 999.99
2026  19  8 21 99999.9 999.99 9999999. 99.99 999.99
2026  19  8 22 99999.9 999.99 9999999. 99.99 999.99
2026  19  8 23 99999.9 999.99 9999999. 99.99 999.99
2026  19  8 24 99999.9 999.99 9999999. 99.99 999.99
2026  19  8 25 99999.9 999.99 9999999. 99.99 999.99
2026  19  8 26 99999.9 999.99 9999999. 99.99 999.99
2026  19  8 27 99999.9 999.99 9999999. 99.99 999.99
2026  19  8 28 99999.9 999.99 9999999. 99.99 999.99
2026  19  8 29 99999.9 999.99 9999999. 99.99 999.99
2026  19  8 30 99999.9 999.99 9999999. 99.99 999.99
2026  19  8 31 99999.9 999.99 9999999. 99.99 999.99
2026  19  8 32 99999.9 999.99 9999999. 99.99 999.99
2026  19  8 33 99999.9 999.99 9999999. 99.99 999.99
2026  19  8 34 99999.9 999.99 9999999. 99.99 999.99
2026  19  8 35 99999.9 999.99 9999999. 99.99 999.99
2026  19  8 36 99999.9 999.99 9999999. 99.99 999.99
2026  19  8 37 99999.9 999.99 9999999. 99.99 999.99
2026  19  8 38 99999.9 999.99 9999999. 99.99 999.99
2026  19  8 39 99999.9 999.99 9999999. 99.99 999.99
2026  19  8 40 99999.9 999.99 9999999. 99.99 999.99
2026  19  8 41 99999.9 999.99 9999999. 99.99 999.99
2026  19  8 42 99999.9 999.99 9999999. 99.99 999.99
2026  19  8 43 99999.9 999.99 9999999. 99.99 999.99
2026  19  8 44 99999.9 999.99 9999999. 99.99 999.99
2026  19  8 45 99999.9 999.99 9999999. 99.99 999.99
2026  19  8 46 99999.9 999.99 9999999. 99.99 999.99
2026  19  8 47 99999.9 999.99 9999999. 99.99 999.99
2026  19  8 48 99999.9 999.99 9999999. 99.99 999.99
2026  19  8 49 99999.9 999.99 9999999. 99.99 999.99
2026  19  8 50 99999.9 999.99 9999999. 99.99 999.99
2026  19  8 51 99999.9 999.99 9999999. 99.99 999.99
2026  19  8 52 99999.9 999.99 9999999. 99.99 999.99
2026  19  8 53 99999.9 999.99 9999999. 99.99 999.99
2026  19  8 54 99999.9 999.99 9999999. 99.99 999.99
2026  19  8 55 99999.9 999.99 9999999. 99.99 999.99
2026  19  8 56 99999.9 999.99 9999999. 99.99 999.99
2026  19  8 57 99999.9 999.99 9999999. 99.99 999.99
2026  19  8 58 99999.9 999.99 9999999. 99.99 999.99
2026  19  8 59 99999.9 999.99 9999999. 99.99 999.99
2026  19  9  0 99999.9 999.99 9999999. 99.99 999.99
2026  19  9  1 99999.9 999.99 9999999. 99.99 999.99
2026  19  9  2 99999.9 999.99 9999999. 99.99 999.99
2026  19  9  3 99999.9 999.99 9999999. 99.99 999.99
2026  19  9  4 99999.9 999.99 9999999. 99.99 999.99
2026  19  9  5 99999.9 999.99 9999999. 99.99 999.99
2026  19  9  6 99999.9 999.99 9999999. 99.99 999.99
2026  19  9  7 99999.9 999.99 9999999. 99.99 999.99
2026  19  9  8 99999.9 999.99 9999999. 99.99 999.99
2026  19  9  9 99999.9 999.99 9999999. 99.99 999.99
2026  19  9 10 99999.9 999.99 9999999. 99.99 999.99
2026  19  9 11 99999.9 999.99 9999999. 99.99 999.99
2026  19  9 12 99999.9 999.99 9999999. 99.99 999.99
2026  19  9 13 99999.9 999.99 9999999. 99.99 999.99
2026  19  9 14 99999.9 999.99 9999999. 99.99 999.99
2026  19  9 15 99999.9 999.99 9999999. 99.99 999.99
2026  19  9 16 99999.9 999.99 9999999. 99.99 999.99
2026  19  9 17 99999.9 999.99 9999999. 99.99 999.99
2026  19  9 18 99999.9 999.99 9999999. 99.99 999.99
2026  19  9 19 99999.9 999.99 9999999. 99.99 999.99
2026  19  9 20 99999.9 999.99 9999999. 99.99 999.99
2026  19  9 21 99999.9 999.99 9999999. 99.99 999.99
2026  19  9 22 99999.9 999.99 9999999. 99.99 999.99
2026  19  9 23 99999.9 999.99 9999999. 99.99 999.99
2026  19  9 24 99999.9 999.99 9999999. 99.99 999.99
2026  19  9 25 99999.9 999.99 9999999. 99.99 999.99
2026  19  9 26 99999.9 999.99 9999999. 99.99 999.99
2026  19  9 27 99999.9 999.99 9999999. 99.99 999.99
2026  19  9 28 99999.9 999.99 9999999. 99.99 999.99
2026  19  9 29 99999.9 999.99 9999999. 99.99 999.99
2026  19  9 30 99999.9 999.99 9999999. 99.99 999.99
2026  19  9 31 99999.9 999.99 9999999. 99.99 999.99
2026  19  9 32 99999.9 999.99 9999999. 99.99 999.99
2026  19  9 33 99999.9 999.99 9999999. 99.99 999.99
2026  19  9 34 99999.9 999.99 9999999. 99.99 999.99
2026  19  9 35 99999.9 999.99 9999999. 99.99 999.99
2026  19  9 36 99999.9 999.99 9999999. 99.99 999.99
2026  19  9 37 99999.9 999.99 9999999. 99.99 999.99
2026  19  9 38 99999.9 999.99 9999999. 99.99 999.99
2026  19  9 39 99999.9 999.99 9999999. 99.99 999.99
2026  19  9 40 99999.9 999.99 9999999. 99.99 999.99
2026  19  9 41 99999.9 999.99 9999999. 99.99 999.99
2026  19  9 42 99999.9 999.99 9999999. 99.99 999.99
2026  19  9 43 99999.9 999.99 9999999. 99.99 999.99
2026  19  9 44 99999.9 999.99 9999999. 99.99 999.99
2026  19  9 45 99999.9 999.99 9999999. 99.99 999.99
2026  19  9 46 99999.9 999.99 9999999. 99.99 999.99
2026  19  9 47 99999.9 999.99 9999999. 99.99 999.99
2026  19  9 48 99999.9 999.99 9999999. 99.99 999.99
2026  19  9 49 99999.9 999.99 9999999. 99.99 999.99
2026  19  9 50 99999.9 999.99 9999999. 99.99 999.99
2026  19  9 51 99999.9 999.99 9999999. 99.99 999.99
2026  19  9 52 99999.9 999.99 9999999. 99.99 999.99
2026  19  9 53 99999.9 999.99 9999999. 99.99 999.99
2026  19  9 54 99999.9 999.99 9999999. 99.99 999.99
2026  19  9 55 99999.9 999.99 9999999. 99.99 999.99
2026  19  9 56 99999.9 999.99 9999999. 99.99 999.99
2026  19  9 57 99999.9 999.99 9999999. 99.99 999.99
2026  19  9 58 99999.9 999.99 9999999. 99.99 999.99
2026  19  9 59 99999.9 999.99 9999999. 99.99 999.99
2026  19 10  0 99999.9 999.99 9999999. 99.99 999.99
2026  19 10  1 99999.9 999.99 9999999. 99.99 999.99
2026  19 10  2 99999.9 999.99 9999999. 99.99 999.99
2026  19 10  3 99999.9 999.99 9999999. 99.99 999.99
2026  19 10  4 99999.9 999.99 9999999. 99.99 999.99
2026  19 10  5 99999.9 999.99 9999999. 99.99 999.99
2026  19 10  6 99999.9 999.99 9999999. 99.99 999.99
2026  19 10  7 99999.9 999.99 9999999. 99.99 999.99
2026  19 10  8 99999.9 999.99 9999999. 99.99 999.99
2026  19 10  9 99999.9 999.99 9999999. 99.99 999.99
2026  19 10 10 99999.9 999.99 9999999. 99.99 999.99
2026  19 10 11 99999.9 999.99 9999999. 99.99 999.99
2026  19 10 12 99999.9 999.99 9999999. 99.99 999.99
2026  19 10 13 99999.9 999.99 9999999. 99.99 999.99
2026  19 10 14 99999.9 999.99 9999999. 99.99 999.99
2026  19 10 15 99999.9 999.99 9999999. 99.99 999.99
2026  19 10 16 99999.9 999.99 9999999. 99.99 999.99
2026  19 10 17 99999.9 999.99 9999999. 99.99 999.99
2026  19 10 18 99999.9 999.99 9999999. 99.99 999.99
2026  19 10 19 99999.9 999.99 9999999. 99.99 999.99
2026  19 10 20 99999.9 999.99 9999999. 99.99 999.99
2026  19 10 21 99999.9 999.99 9999999. 99.99 999.99
2026  19 10 22 99999.9 999.99 9999999. 99.99 999.99
2026  19 10 23 99999.9 999.99 9999999. 99.99 999.99
2026  19 10 24 99999.9 999.99 9999999. 99.99 999.99
2026  19 10 25 99999.9 999.99 9999999. 99.99 999.99
2026  19 10 26 99999.9 999.99 9999999. 99.99 999.99
2026  19 10 27 99999.9 999.99 9999999. 99.99 999.99
2026  19 10 28 99999.9 999.99 9999999. 99.99 999.99
2026  19 10 29 99999.9 999.99 9999999. 99.99 999.99
2026  19 10 30 99999.9 999.99 9999999. 99.99 999.99
2026  19 10 31 99999.9 999.99 9999999. 99.99 999.99
2026  19 10 32 99999.9 999.99 9999999. 99.99 999.99
2026  19 10 33 99999.9 999.99 9999999. 99.99 999.99
2026  19 10 34 99999.9 999.99 9999999. 99.99 999.99
2026  19 10 35 99999.9 999.99 9999999. 99.99 999.99
2026  19 10 36 99999.9 999.99 9999999. 99.99 999.99
2026  19 10 37 99999.9 999.99 9999999. 99.99 999.99
2026  19 10 38 99999.9 999.99 9999999. 99.99 999.99
2026  19 10 39 99999.9 999.99 9999999. 99.99 999.99
2026  19 10 40 99999.9 999.99 9999999. 99.99 999.99
2026  19 10 41 99999.9 999.99 9999999. 99.99 999.99
2026  19 10 42 99999.9 999.99 9999999. 99.99 999.99
2026  19 10 43 99999.9 999.99 9999999. 99.99 999.99
2026  19 10 44 99999.9 999.99 9999999. 99.99 999.99
2026  19 10 45 99999.9 999.99 9999999. 99.99 999.99
2026  19 10 46 99999.9 999.99 9999999. 99.99 999.99
2026  19 10 47 99999.9 999.99 9999999. 99.99 999.99
2026  19 10 48 99999.9 999.99 9999999. 99.99 999.99
2026  19 10 49 99999.9 999.99 9999999. 99.99 999.99
2026  19 10 50 99999.9 999.99 9999999. 99.99 999.99
2026  19 10 51 99999.9 999.99 9999999. 99.99 999.99
2026  19 10 52 99999.9 999.99 9999999. 99.99 999.99
2026  19 10 53 99999.9 999.99 9999999. 99.99 999.99
2026  19 10 54 99999.9 999.99 9999999. 99.99 999.99
2026  19 10 55 99999.9 999.99 9999999. 99.99 999.99
2026  19 10 56 99999.9 999.99 9999999. 99.99 999.99
2026  19 10 57 99999.9 999.99 9999999. 99.99 999.99
2026  19 10 58 99999.9 999.99 9999999. 99.99 999.99
2026  19 10 59 99999.9 999.99 9999999. 99.99 999.99
2026  19 11  0 99999.9 999.99 9999999. 99.99 999.99
2026  19 11  1   424.9   2.60   26680.  0.94   0.25
2026  19 11  2   424.9   2.60   26680.  0.94   0.25
2026  19 11  3 99999.9 999.99 9999999. 99.99 999.99
2026  19 11  4   421.9   2.67   25178.  0.95   0.25
2026  19 11  5   421.9   2.67   25178.  0.95   0.25
2026  19 11  6 99999.9 999.99 9999999. 99.99 999.99
2026  19 11  7 99999.9 999.99 9999999. 99.99 999.99
2026  19 11  8   447.6   2.65   26680.  1.06   0.26
2026  19 11  9   447.6   2.65   26680.  1.06   0.26
2026  19 11 10   447.6   2.65   26680.  1.06   0.26
2026  19 11 11   450.0   2.69   28269.  1.09   0.27
2026  19 11 12   456.2   2.78   29701.  1.16   0.28
2026  19 11 13   462.6   2.88   31129.  1.23   0.30
2026  19 11 14   446.1   2.53   23242.  1.01   0.25
2026  19 11 15   446.1   2.53   23242.  1.01   0.26
2026  19 11 16 99999.9 999.99 9999999. 99.99 999.99
2026  19 11 17 99999.9 999.99 9999999. 99.99 999.99
2026  19 11 18 99999.9 999.99 9999999. 99.99 999.99
2026  19 11 19 99999.9 999.99 9999999. 99.99 999.99
2026  19 11 20 99999.9 999.99 9999999. 99.99 999.99
2026  19 11 21 99999.9 999.99 9999999. 99.99 999.99
2026  19 11 22 99999.9 999.99 9999999. 99.99 999.99
2026  19 11 23 99999.9 999.99 9999999. 99.99 999.99
2026  19 11 24 99999.9 999.99 9999999. 99.99 999.99
2026  19 11 25   448.5   2.85   26680.  1.15   0.29
2026  19 11 26   448.5   2.85   26680.  1.15   0.29
2026  19 11 27 99999.9 999.99 9999999. 99.99 999.99
2026  19 11 28 99999.9 999.99 9999999. 99.99 999.99
2026  19 11 29   447.8   2.90   25674.  1.16   0.28
2026  19 11 30   447.8   2.90   25674.  1.16   0.28
2026  19 11 31 99999.9 999.99 9999999. 99.99 999.99
2026  19 11 32   444.8   2.88   25425.  1.14   0.29
2026  19 11 33   444.8   2.88   25425.  1.14   0.29
2026  19 11 34   440.6   2.73   23708.  1.06   0.27
2026  19 11 35   442.1   2.76   23660.  1.08   0.27
2026  19 11 36   443.7   2.84   24917.  1.12   0.28
2026  19 11 37   445.6   2.86   25430.  1.14   0.29
2026  19 11 38   449.2   2.89   26505.  1.17   0.28
2026  19 11 39   441.7   2.96   28026.  1.15   0.30
2026  19 11 40   440.6   2.98   29376.  1.16   0.33
2026  19 11 41   437.9   2.66   33607.  1.02   0.30
2026  19 11 42   437.5   2.67   24383.  1.02   0.28
2026  19 11 43   437.5   2.67   23005.  1.02   0.28
2026  19 11 44 99999.9 999.99 9999999. 99.99 999.99
2026  19 11 45 99999.9 999.99 9999999. 99.99 999.99
2026  19 11 46 99999.9 999.99 9999999. 99.99 999.99
2026  19 11 47   432.0   2.98   38072.  1.11   0.36
2026  19 11 48   431.4   2.73   31009.  1.02   0.32
2026  19 11 49   430.7   2.46   23718.  0.91   0.27
2026  19 11 50 99999.9 999.99 9999999. 99.99 999.99
2026  19 11 51 99999.9 999.99 9999999. 99.99 999.99
2026  19 11 52 99999.9 999.99 9999999. 99.99 999.99
2026  19 11 53 99999.9 999.99 9999999. 99.99 999.99
2026  19 11 54   418.2   2.57   29282.  0.90   0.30
2026  19 11 55   418.2   2.57   29282.  0.90   0.31
2026  19 11 56 99999.9 999.99 9999999. 99.99 999.99
2026  19 11 57 99999.9 999.99 9999999. 99.99 999.99
2026  19 11 58 99999.9 999.99 9999999. 99.99 999.99
2026  19 11 59 99999.9 999.99 9999999. 99.99 999.99
2026  19 12  0 99999.9 999.99 9999999. 99.99 999.99
2026  19 12  1 99999.9 999.99 9999999. 99.99 999.99
2026  19 12  2 99999.9 999.99 9999999. 99.99 999.99
2026  19 12  3 99999.9 999.99 9999999. 99.99 999.99
2026  19 12  4 99999.9 999.99 9999999. 99.99 999.99
2026  19 12  5 99999.9 999.99 9999999. 99.99 999.99
2026  19 12  6 99999.9 999.99 9999999. 99.99 999.99
2026  19 12  7 99999.9 999.99 9999999. 99.99 999.99
2026  19 12  8 99999.9 999.99 9999999. 99.99 999.99
2026  19 12  9 99999.9 999.99 9999999. 99.99 999.99
2026  19 12 10 99999.9 999.99 9999999. 99.99 999.99
2026  19 12 11 99999.9 999.99 9999999. 99.99 999.99
2026  19 12 12   414.8   2.20   23242.  0.76   0.27
2026  19 12 13   414.8   2.20   23242.  0.76   0.27
2026  19 12 14 99999.9 999.99 9999999. 99.99 999.99
2026  19 12 15   408.9   2.34   22536.  0.78   0.27
2026  19 12 16   408.9   2.34   22536.  0.78   0.26
2026  19 12 17 99999.9 999.99 9999999. 99.99 999.99
2026  19 12 18 99999.9 999.99 9999999. 99.99 999.99
2026  19 12 19 99999.9 999.99 9999999. 99.99 999.99
2026  19 12 20 99999.9 999.99 9999999. 99.99 999.99
2026  19 12 21 99999.9 999.99 9999999. 99.99 999.99
2026  19 12 22   391.8   2.23   74112.  0.68   0.32
2026  19 12 23   391.8   2.23   74112.  0.68   0.30
2026  19 12 24   408.1   2.30   19602.  0.77   0.23
2026  19 12 25   416.8   2.49   23043.  0.87   0.25
2026  19 12 26   421.0   2.54   22993.  0.90   0.25
2026  19 12 27   428.2   2.68   31727.  0.98   0.27
2026  19 12 28   428.2   2.68   31727.  0.98   0.27
2026  19 12 29 99999.9 999.99 9999999. 99.99 999.99
2026  19 12 30   425.5   2.25   23718.  0.81   0.23
2026  19 12 31   425.5   2.25   23718.  0.81   0.23
2026  19 12 32   425.6   2.26   23718.  0.82   0.23
2026  19 12 33   426.6   2.48   23718.  0.90   0.25
2026  19 12 34   426.6   2.48   23718.  0.90   0.25
2026  19 12 35   432.1   2.48   26175.  0.93   0.26
2026  19 12 36   432.1   2.48   26175.  0.93   0.25
2026  19 12 37   435.1   2.50   23729.  0.95   0.25
2026  19 12 38   439.7   2.53   20040.  0.98   0.25
2026  19 12 39   439.7   2.53   20040.  0.98   0.25
2026  19 12 40 99999.9 999.99 9999999. 99.99 999.99
2026  19 12 41   431.6   2.30   33696.  0.86   0.25
2026  19 12 42   431.6   2.30   33696.  0.86   0.24
2026  19 12 43 99999.9 999.99 9999999. 99.99 999.99
2026  19 12 44   422.7   2.24   25425.  0.80   0.24
2026  19 12 45   427.6   2.35   24890.  0.86   0.24
2026  19 12 46   433.9   2.50   24200.  0.94   0.23
2026  19 12 47   433.9   2.50   24200.  0.94   0.22
2026  19 12 48   436.5   2.85   30086.  1.09   0.27
2026  19 12 49   436.5   2.85   30086.  1.09   0.28
2026  19 12 50   436.1   2.22   16471.  0.84   0.21
2026  19 12 51   436.1   2.22   16471.  0.84   0.20
2026  19 12 52 99999.9 999.99 9999999. 99.99 999.99
2026  19 12 53 99999.9 999.99 9999999. 99.99 999.99
2026  19 12 54 99999.9 999.99 9999999. 99.99 999.99
2026  19 12 55 99999.9 999.99 9999999. 99.99 999.99
2026  19 12 56 99999.9 999.99 9999999. 99.99 999.99
2026  19 12 57 99999.9 999.99 9999999. 99.99 999.99
2026  19 12 58   431.3   2.59   29549.  0.96   0.26
2026  19 12 59   431.3   2.59   29549.  0.96   0.25
2026  19 13  0   432.3   2.62   35424.  0.98   0.27
2026  19 13  1   432.3   2.62   35431.  0.98   0.30
2026  19 13  2 99999.9 999.99 9999999. 99.99 999.99
2026  19 13  3 99999.9 999.99 9999999. 99.99 999.99
2026  19 13  4   427.3   2.44   64297.  0.89   0.34
2026  19 13  5   427.3   2.44   64297.  0.89   0.34
2026  19 13  6   427.1   2.33   48510.  0.85   0.29
2026  19 13  7   426.6   2.36   42440.  0.86   0.27
2026  19 13  8   426.3   2.38   39960.  0.87   0.27
2026  19 13  9 99999.9 999.99 9999999. 99.99 999.99
2026  19 13 10   417.4   2.34   21862.  0.82   0.23
2026  19 13 11   419.9   2.40   23119.  0.85   0.24
2026  19 13 12   422.4   2.12   19135.  0.76   0.21
2026  19 13 13   422.4   2.10   18740.  0.75   0.21
2026  19 13 14   420.7   2.41   23854.  0.85   0.25
2026  19 13 15   423.8   2.34   22833.  0.84   0.24
2026  19 13 16   424.1   2.30   22303.  0.83   0.24
2026  19 13 17   424.1   2.30   22303.  0.83   0.24
2026  19 13 18   421.5   2.34   22770.  0.83   0.24
2026  19 13 19   421.5   2.34   22770.  0.83   0.23
2026  19 13 20   418.5   2.13   17691.  0.75   0.21
2026  19 13 21   418.5   2.13   17691.  0.75   0.21
2026  19 13 22   417.2   2.27   25924.  0.79   0.24
2026  19 13 23   417.2   2.27   25924.  0.79   0.23
2026  19 13 24 99999.9 999.99 9999999. 99.99 999.99
2026  19 13 25 99999.9 999.99 9999999. 99.99 999.99
2026  19 13 26   420.9   2.46   20931.  0.87   0.23
2026  19 13 27   420.9   2.46   20931.  0.87   0.24
2026  19 13 28   425.9   2.26   19302.  0.82   0.22
2026  19 13 29   428.4   2.23   18612.  0.82   0.21
2026  19 13 30   431.1   2.21   17898.  0.82   0.20
2026  19 13 31   431.1   2.21   17898.  0.82   0.20
2026  19 13 32   423.5   2.44   23718.  0.88   0.23
2026  19 13 33   423.5   2.44   23718.  0.88   0.23
2026  19 13 34   414.8   2.15   15488.  0.74   0.19
2026  19 13 35   414.8   2.15   15488.  0.74   0.19
2026  19 13 36   417.1   2.36   24973.  0.82   0.24
2026  19 13 37   425.1   2.30   23066.  0.83   0.22
2026  19 13 38   435.0   2.16   18317.  0.82   0.20
2026  19 13 39   433.9   2.59   27191.  0.98   0.25
2026  19 13 40   433.9   2.59   27191.  0.98   0.26
2026  19 13 41   427.2   2.32   21603.  0.85   0.23
2026  19 13 42   426.7   2.30   21156.  0.84   0.22
2026  19 13 43   426.2   2.31   21310.  0.84   0.23
2026  19 13 44   422.6   2.35   22303.  0.84   0.23
2026  19 13 45   422.6   2.35   22303.  0.84   0.23
2026  19 13 46   417.4   2.42   22787.  0.84   0.24
2026  19 13 47   420.1   2.40   23501.  0.85   0.22
2026  19 13 48   424.4   2.36   24688.  0.85   0.22
2026  19 13 49 99999.9 999.99 9999999. 99.99 999.99
2026  19 13 50   427.0   2.47   22536.  0.90   0.23
2026  19 13 51   427.0   2.47   22536.  0.90   0.23
2026  19 13 52   418.1   2.46   23242.  0.86   0.23
2026  19 13 53   418.1   2.46   23242.  0.86   0.24
2026  19 13 54 99999.9 999.99 9999999. 99.99 999.99
2026  19 13 55 99999.9 999.99 9999999. 99.99 999.99
2026  19 13 56   423.3   2.58   33411.  0.92   0.24
2026  19 13 57   423.2   2.56   32651.  0.92   0.23
2026  19 13 58   422.1   2.30   20485.  0.82   0.20
2026  19 13 59   422.1   2.30   20483.  0.82   0.20
2026  19 14  0 99999.9 999.99 9999999. 99.99 999.99
2026  19 14  1   413.5   2.35   22305.  0.80   0.22
2026  19 14  2   413.7   2.35   22380.  0.80   0.22
2026  19 14  3   415.6   2.57   24686.  0.89   0.24
2026  19 14  4   415.0   2.33   20529.  0.80   0.21
2026  19 14  5   417.7   2.36   21875.  0.82   0.22
2026  19 14  6   420.8   2.49   24946.  0.88   0.24
2026  19 14  7   420.5   2.42   23479.  0.86   0.23
2026  19 14  8   420.5   2.42   23488.  0.86   0.23
2026  19 14  9   413.8   2.46   25160.  0.84   0.23
2026  19 14 10   417.9   2.48   22968.  0.87   0.23
2026  19 14 11   422.5   2.64   29663.  0.94   0.25
2026  19 14 12   425.6   2.67   30950.  0.97   0.26
2026  19 14 13   426.2   2.56   28708.  0.93   0.23
2026  19 14 14   426.4   2.07   18528.  0.75   0.18
2026  19 14 15   426.4   2.07   18528.  0.75   0.18
2026  19 14 16   417.8   2.44   27462.  0.85   0.23
2026  19 14 17   417.6   2.44   27644.  0.85   0.23
2026  19 14 18   422.2   2.26   24723.  0.81   0.20
2026  19 14 19   423.7   2.20   23718.  0.79   0.19
2026  19 14 20   420.9   2.15   23242.  0.76   0.18
2026  19 14 21   422.4   2.48   26571.  0.88   0.22
2026  19 14 22   422.3   2.63   28692.  0.94   0.24
2026  19 14 23   422.6   2.67   31335.  0.95   0.25
2026  19 14 24   426.9   2.52   31711.  0.92   0.24
2026  19 14 25 99999.9 999.99 9999999. 99.99 999.99
2026  19 14 26   421.6   2.47   34198.  0.88   0.27
2026  19 14 27   424.0   2.35   30906.  0.84   0.26
2026  19 14 28   426.9   2.21   26935.  0.81   0.21
2026  19 14 29   426.8   2.47   25425.  0.90   0.19
2026  19 14 30   426.8   2.47   25425.  0.90   0.20
2026  19 14 31   423.8   2.48   22710.  0.89   0.21
2026  19 14 32   421.5   2.48   20706.  0.88   0.22
2026  19 14 33   424.2   2.72   25879.  0.98   0.27
2026  19 14 34   424.5   2.72   25970.  0.98   0.27
2026  19 14 35   424.4   2.66   24931.  0.96   0.27
2026  19 14 36   423.8   2.54   26160.  0.91   0.28
2026  19 14 37   423.8   2.54   26175.  0.91   0.28
2026  19 14 38   417.2   2.46   38420.  0.86   0.28
2026  19 14 39   417.2   2.46   38420.  0.86 999.99
2026  19 14 40 99999.9 999.99 9999999. 99.99 999.99
2026  19 14 41 99999.9 999.99 9999999. 99.99 999.99
2026  19 14 42 99999.9 999.99 9999999. 99.99 999.99
2026  19 14 43   421.3   2.51   33982.  0.89   0.27
2026  19 14 44   421.3   2.46   28535.  0.87   0.25
2026  19 14 45   421.2   2.38   20706.  0.84   0.22
2026  19 14 46   424.7   2.56   24686.  0.92   0.24
2026  19 14 47   424.7   2.56   24713.  0.92   0.25
2026  19 14 48   422.6   2.50   26607.  0.89   0.24
2026  19 14 49   417.0   2.53   26935.  0.88   0.24
2026  19 14 50   415.8   2.54   26935.  0.88   0.24
2026  19 14 51 99999.9 999.99 9999999. 99.99 999.99
2026  19 14 52 99999.9 999.99 9999999. 99.99 999.99
2026  19 14 53 99999.9 999.99 9999999. 99.99 999.99
2026  19 14 54   446.2   2.38   22536.  0.95   0.20
2026  19 14 55   446.2   2.38   22536.  0.95   0.20
2026  19 14 56   446.2   2.38   22536.  0.95   0.20
2026  19 14 57 99999.9 999.99 9999999. 99.99 999.99
2026  19 14 58   442.4   2.10   25178.  0.82   0.19
2026  19 14 59   442.4   2.10   25178.  0.82   0.18
2026  19 15  0 99999.9 999.99 9999999. 99.99 999.99
2026  19 15  1 99999.9 999.99 9999999. 99.99 999.99
2026  19 15  2 99999.9 999.99 9999999. 99.99 999.99
2026  19 15  3 99999.9 999.99 9999999. 99.99 999.99
2026  19 15  4 99999.9 999.99 9999999. 99.99 999.99
2026  19 15  5   427.3   2.21   83352.  0.81   0.30
2026  19 15  6   421.5   2.23   78923.  0.79   0.30
2026  19 15  7   440.3   1.92   66686.  0.74   0.23
2026  19 15  8   436.7   2.04   55408.  0.78   0.23
2026  19 15  9   425.6   2.43   36982.  0.88   0.24
2026  19 15 10   427.9   2.64   42797.  0.97   0.28
2026  19 15 11   434.7   2.19   94205.  0.83   0.30
2026  19 15 12   424.5   2.35   31564.  0.85   0.23
2026  19 15 13   413.9   2.14   19610.  0.73   0.19
2026  19 15 14   412.0   1.97   13795.  0.67   0.18
2026  19 15 15   414.2   2.13   31450.  0.73   0.21
2026  19 15 16   417.3   2.25   27956.  0.78   0.22
2026  19 15 17   417.2   2.37   25129.  0.83   0.23
2026  19 15 18   413.0   2.43   24367.  0.83   0.23
2026  19 15 19   409.5   2.42   24686.  0.81   0.25
2026  19 15 20   413.2   2.27   24686.  0.78   0.22
2026  19 15 21   413.2   2.27   24686.  0.78 999.99
2026  19 15 22   423.7   2.24   23485.  0.80   0.21
2026  19 15 23   423.8   2.24   23479.  0.80   0.21
2026  19 15 24 99999.9 999.99 9999999. 99.99 999.99
2026  19 15 25 99999.9 999.99 9999999. 99.99 999.99
2026  19 15 26 99999.9 999.99 9999999. 99.99 999.99
2026  19 15 27 99999.9 999.99 9999999. 99.99 999.99
2026  19 15 28   419.5   2.38   31450.  0.84   0.22
2026  19 15 29   416.0   2.47   34307.  0.85   0.22
2026  19 15 30   404.7   2.77   43495.  0.91   0.27
2026  19 15 31 99999.9 999.99 9999999. 99.99 999.99
2026  19 15 32 99999.9 999.99 9999999. 99.99 999.99
2026  19 15 33   422.8   2.41   36612.  0.86   0.23
2026  19 15 34   422.8   2.41   36612.  0.86   0.21
2026  19 15 35 99999.9 999.99 9999999. 99.99 999.99
2026  19 15 36   411.2   2.21   54088.  0.75   0.22
2026  19 15 37   414.9   2.38   42848.  0.82   0.22
2026  19 15 38   418.7   2.56   31175.  0.90   0.24
2026  19 15 39 99999.9 999.99 9999999. 99.99 999.99
2026  19 15 40   411.1   2.71   40584.  0.92   0.27
2026  19 15 41   411.1   2.71   40584.  0.92   0.25
2026  19 15 42   411.4   2.07   25288.  0.70   0.19
2026  19 15 43   418.8   2.25   29902.  0.79   0.21
2026  19 15 44   421.0   2.49   31414.  0.88   0.24
2026  19 15 45   410.9   2.44   29287.  0.82   0.24
2026  19 15 46   414.0   2.39   29151.  0.82   0.26
2026  19 15 47   414.8   2.20   24691.  0.76   0.24
2026  19 15 48   413.0   2.27   24889.  0.77   0.24
2026  19 15 49   420.5   2.79   44432.  0.99   0.35
2026  19 15 50   420.5   2.79   44432.  0.99   0.33
2026  19 15 51 99999.9 999.99 9999999. 99.99 999.99
2026  19 15 52 99999.9 999.99 9999999. 99.99 999.99
2026  19 15 53 99999.9 999.99 9999999. 99.99 999.99
2026  19 15 54   413.7   2.20   29678.  0.75   0.28
2026  19 15 55   413.6   2.19   29685.  0.75   0.29
2026  19 15 56   411.4   2.14   29817.  0.72   0.27
2026  19 15 57   421.4   2.71   40271.  0.96   0.35
2026  19 15 58   420.9   2.69   39744.  0.95   0.34
2026  19 15 59   406.5   2.13   24200.  0.70   0.25
2026  19 16  0   410.7   2.14   29224.  0.72   0.29
2026  19 16  1   412.1   2.14   30901.  0.73   0.30
2026  19 16  2 99999.9 999.99 9999999. 99.99 999.99
2026  19 16  3 99999.9 999.99 9999999. 99.99 999.99
2026  19 16  4 99999.9 999.99 9999999. 99.99 999.99
2026  19 16  5 99999.9 999.99 9999999. 99.99 999.99
2026  19 16  6 99999.9 999.99 9999999. 99.99 999.99
2026  19 16  7   416.8   2.38   29549.  0.83   0.27
2026  19 16  8   416.8   2.38   29549.  0.83   0.27
2026  19 16  9   416.8   2.38   29549.  0.83   0.27
2026  19 16 10 99999.9 999.99 9999999. 99.99 999.99
2026  19 16 11 99999.9 999.99 9999999. 99.99 999.99
2026  19 16 12 99999.9 999.99 9999999. 99.99 999.99
2026  19 16 13 99999.9 999.99 9999999. 99.99 999.99
2026  19 16 14 99999.9 999.99 9999999. 99.99 999.99
2026  19 16 15   411.6   2.51   35139.  0.85   0.31
2026  19 16 16   411.6   2.51   35139.  0.85   0.29
2026  19 16 17   411.6   2.51   35139.  0.85   0.35
2026  19 16 18 99999.9 999.99 9999999. 99.99 999.99
2026  19 16 19   426.6   2.43   40584.  0.88   0.34
2026  19 16 20   426.6   2.43   40584.  0.88   0.34
2026  19 16 21   426.6   2.43   40584.  0.88   0.35
2026  19 16 22 99999.9 999.99 9999999. 99.99 999.99
2026  19 16 23   427.2   1.96   23718.  0.72   0.25
2026  19 16 24   427.2   1.96   23718.  0.72   0.26
2026  19 16 25   427.2   1.96   23718.  0.72   0.25
2026  19 16 26 99999.9 999.99 9999999. 99.99 999.99
2026  19 16 27   417.0   2.24   29282.  0.78   0.29
2026  19 16 28   417.0   2.24   29282.  0.78   0.29
2026  19 16 29   419.0   2.44   34553.  0.86   0.32
2026  19 16 30   419.2   2.46   35139.  0.86   0.32
2026  19 16 31   419.2   2.46   35139.  0.86   0.33
2026  19 16 32   443.4   2.94   58140.  1.16   0.45
2026  19 16 33   443.4   2.94   58140.  1.16   0.45
2026  19 16 34   443.4   2.94   58140.  1.16   0.47
2026  19 16 35   438.5   2.94   49487.  1.13   0.44
2026  19 16 36   438.5   2.94   49487.  1.13   0.42
2026  19 16 37 99999.9 999.99 9999999. 99.99 999.99
2026  19 16 38 99999.9 999.99 9999999. 99.99 999.99
2026  19 16 39   423.4   2.88   58516.  1.03   0.38
2026  19 16 40   423.4   2.88   58516.  1.03   0.38
2026  19 16 41   422.0   2.92   49833.  1.04   0.36
2026  19 16 42   424.1   2.89   54497.  1.04   0.40
2026  19 16 43   431.7   2.99   64568.  1.11   0.45
2026  19 16 44   435.0   3.31   60031.  1.25   0.48
2026  19 16 45   438.8   3.41   61565.  1.31   0.48
2026  19 16 46   438.8   3.41   61565.  1.31   0.47
2026  19 16 47   434.0   3.36   37210.  1.27   0.39
2026  19 16 48   434.0   3.36   37222.  1.27   0.40
2026  19 16 49   432.7   3.18   44760.  1.19   0.41
2026  19 16 50   432.7   3.18   44760.  1.19   0.41
2026  19 16 51   435.8   3.19   48454.  1.21   0.41
2026  19 16 52   435.8   3.19   48454.  1.21   0.37
2026  19 16 53   450.8   3.89   49141.  1.58   0.39
2026  19 16 54   450.8   3.89   49141.  1.58   0.38
2026  19 16 55   450.8   3.89   49141.  1.58   0.38
2026  19 16 56   436.7   4.03   50741.  1.54   0.37
2026  19 16 57   437.7   4.07   51418.  1.56   0.41
2026  19 16 58   440.1   4.17   54088.  1.62   0.45
2026  19 16 59   430.5   3.92   50530.  1.45   0.40
2026  19 17  0   430.5   3.92   50530.  1.45   0.41
2026  19 17  1 99999.9 999.99 9999999. 99.99 999.99
2026  19 17  2   439.7   4.37   53726.  1.69   0.48
2026  19 17  3   439.7   4.37   53726.  1.69   0.47
2026  19 17  4   439.7   4.37   53726.  1.69   0.44
2026  19 17  5 99999.9 999.99 9999999. 99.99 999.99
2026  19 17  6 99999.9 999.99 9999999. 99.99 999.99
2026  19 17  7 99999.9 999.99 9999999. 99.99 999.99
2026  19 17  8   448.4   4.33   54814.  1.74   0.42
2026  19 17  9   448.4   4.33   54814.  1.74 999.99
2026  19 17 10   448.4   4.33   54814.  1.74   0.42
2026  19 17 11 99999.9 999.99 9999999. 99.99 999.99
2026  19 17 12 99999.9 999.99 9999999. 99.99 999.99
2026  19 17 13 99999.9 999.99 9999999. 99.99 999.99
2026  19 17 14 99999.9 999.99 9999999. 99.99 999.99
2026  19 17 15 99999.9 999.99 9999999. 99.99 999.99
2026  19 17 16 99999.9 999.99 9999999. 99.99 999.99
2026  19 17 17 99999.9 999.99 9999999. 99.99 999.99
2026  19 17 18 99999.9 999.99 9999999. 99.99 999.99
2026  19 17 19 99999.9 999.99 9999999. 99.99 999.99
2026  19 17 20   443.4   3.88   45753.  1.53   0.38
2026  19 17 21   443.4   3.88   45753.  1.53   0.39
2026  19 17 22   443.4   3.88   45753.  1.53   0.41
2026  19 17 23 99999.9 999.99 9999999. 99.99 999.99
2026  19 17 24 99999.9 999.99 9999999. 99.99 999.99
2026  19 17 25   435.7   3.74   55912.  1.42   0.45
2026  19 17 26   435.7   3.74   55912.  1.42   0.44
2026  19 17 27 99999.9 999.99 9999999. 99.99 999.99
2026  19 17 28 99999.9 999.99 9999999. 99.99 999.99
2026  19 17 29 99999.9 999.99 9999999. 99.99 999.99
2026  19 17 30 99999.9 999.99 9999999. 99.99 999.99
2026  19 17 31   436.8   3.59   70763.  1.37   0.43
2026  19 17 32   435.1   3.54   66655.  1.34   0.48
2026  19 17 33   425.0   3.22   43695.  1.16   0.37
2026  19 17 34   412.2   2.63   50311.  0.89   0.31
2026  19 17 35   412.0   2.62   50530.  0.89   0.30
2026  19 17 36   428.5   2.93   44371.  1.08   0.28
2026  19 17 37   443.1   3.24   46489.  1.27   0.34
2026  19 17 38   461.3   3.62   49141.  1.54   0.31
2026  19 17 39   416.5   2.91   44104.  1.01   0.28
2026  19 17 40   416.5   2.91   44135.  1.01   0.30
2026  19 17 41   417.9   3.12   54969.  1.09   0.33
2026  19 17 42   419.4   3.01   56466.  1.06   0.32
2026  19 17 43   429.2   3.09   76929.  1.14   0.50
2026  19 17 44   444.2   3.03   83627.  1.20   0.62
2026  19 17 45   446.6   2.77   79841.  1.10   0.51
2026  19 17 46   441.0   2.54   78114.  0.99   0.51
2026  19 17 47   422.2   2.33   45942.  0.83   0.36
2026  19 17 48   437.4   3.01   48979.  1.15   0.48
2026  19 17 49   437.9   3.06   50020.  1.17   0.53
2026  19 17 50   412.9   2.89   48134.  0.99   0.44
2026  19 17 51   412.7   2.99   67042.  1.02   0.58
2026  19 17 52   419.7   2.84   77133.  1.00   0.56
2026  19 17 53   429.7   2.61   69770.  0.96   0.40
2026  19 17 54   431.2   3.31   54179.  1.23   0.45
2026  19 17 55   429.1   3.06   56055.  1.13   0.46
2026  19 17 56   442.2   3.13   63082.  1.22   0.48
2026  19 17 57   452.8   3.35   75817.  1.37   0.54
2026  19 17 58   423.0   1.84   60796.  0.66   0.31
2026  19 17 59   425.1   2.36   62843.  0.85   0.42
2026  19 18  0   428.9   3.34   66686.  1.23   0.47
2026  19 18  1   428.9   3.34   66686.  1.23   0.56
2026  19 18  2   431.4   3.36   68709.  1.25   0.74
2026  19 18  3   428.8   2.95   69192.  1.08   0.49
2026  19 18  4   426.7   2.75   68604.  1.00   0.34
2026  19 18  5   410.2   2.85   52784.  0.96   0.36
2026  19 18  6   410.2   2.77   48954.  0.93   0.33
2026  19 18  7   410.3   2.61   42166.  0.88   0.42
2026  19 18  8   432.6   3.18  109712.  1.19   0.78
2026  19 18  9   432.8   3.18  110309.  1.19   0.81
2026  19 18 10 99999.9 999.99 9999999. 99.99 999.99
2026  19 18 11 99999.9 999.99 9999999. 99.99 999.99
2026  19 18 12 99999.9 999.99 9999999. 99.99 999.99
2026  19 18 13 99999.9 999.99 9999999. 99.99 999.99
2026  19 18 14 99999.9 999.99 9999999. 99.99 999.99
2026  19 18 15 99999.9 999.99 9999999. 99.99 999.99
2026  19 18 16 99999.9 999.99 9999999. 99.99 999.99
2026  19 18 17 99999.9 999.99 9999999. 99.99 999.99
2026  19 18 18 99999.9 999.99 9999999. 99.99 999.99
2026  19 18 19 99999.9 999.99 9999999. 99.99 999.99
2026  19 18 20 99999.9 999.99 9999999. 99.99 999.99
2026  19 18 21 99999.9 999.99 9999999. 99.99 999.99
2026  19 18 22 99999.9 999.99 9999999. 99.99 999.99
2026  19 18 23 99999.9 999.99 9999999. 99.99 999.99
2026  19 18 24   428.6   3.46   64197.  1.27 999.99
2026  19 18 25   429.7   3.48   79335.  1.29   0.47
2026  19 18 26   429.7   3.48   80072.  1.29   0.50
2026  19 18 27 99999.9 999.99 9999999. 99.99 999.99
2026  19 18 28 99999.9 999.99 9999999. 99.99 999.99
2026  19 18 29 99999.9 999.99 9999999. 99.99 999.99
2026  19 18 30 99999.9 999.99 9999999. 99.99 999.99
2026  19 18 31 99999.9 999.99 9999999. 99.99 999.99
2026  19 18 32   447.0   3.73   81043.  1.49   0.45
2026  19 18 33   447.0   3.73   81043.  1.49   0.47
2026  19 18 34   447.0   3.73   81043.  1.49   0.52
2026  19 18 35 99999.9 999.99 9999999. 99.99 999.99
2026  19 18 36 99999.9 999.99 9999999. 99.99 999.99
2026  19 18 37 99999.9 999.99 9999999. 99.99 999.99
2026  19 18 38   433.5   3.42   70763.  1.29   0.46
2026  19 18 39   433.5   3.42   70763.  1.29   0.45
2026  19 18 40 99999.9 999.99 9999999. 99.99 999.99
2026  19 18 41   460.0   3.48   90610.  1.47   0.52
2026  19 18 42   453.4   3.84  101634.  1.58   0.59
2026  19 18 43   445.8   3.97   99104.  1.58   0.58
2026  19 18 44   446.0   3.70   84625.  1.47   0.53
2026  19 18 45 99999.9 999.99 9999999. 99.99 999.99
2026  19 18 46 99999.9 999.99 9999999. 99.99 999.99
2026  19 18 47   445.5   2.56   55178.  1.02   0.31
2026  19 18 48   444.5   2.80   62632.  1.11   0.36
2026  19 18 49   443.5   3.03   70028.  1.19   0.41
2026  19 18 50 99999.9 999.99 9999999. 99.99 999.99
2026  19 18 51 99999.9 999.99 9999999. 99.99 999.99
2026  19 18 52 99999.9 999.99 9999999. 99.99 999.99
2026  19 18 53 99999.9 999.99 9999999. 99.99 999.99
2026  19 18 54   473.3   3.83   89921.  1.72   0.52
2026  19 18 55   462.8   3.85   85653.  1.65   0.66
2026  19 18 56   440.9   3.54   84311.  1.38   0.52
2026  19 18 57 99999.9 999.99 9999999. 99.99 999.99
2026  19 18 58   459.4   3.77   88062.  1.59   0.59
2026  19 18 59   453.8   3.56   78213.  1.47   0.57
2026  19 19  0   462.2   3.40   59987.  1.45   0.56
2026  19 19  1   447.6   3.15   57021.  1.26   0.43
2026  19 19  2   447.6   3.15   57021.  1.26   0.44
2026  19 19  3   470.6   2.89   92020.  1.28   0.48
2026  19 19  4   470.6   2.89   92020.  1.28   0.47
2026  19 19  5   473.2   4.32  112385.  1.93   0.71
2026  19 19  6   473.2   4.32  112385.  1.93   0.81
2026  19 19  7 99999.9 999.99 9999999. 99.99 999.99
2026  19 19  8 99999.9 999.99 9999999. 99.99 999.99
2026  19 19  9 99999.9 999.99 9999999. 99.99 999.99
2026  19 19 10 99999.9 999.99 9999999. 99.99 999.99
2026  19 19 11 99999.9 999.99 9999999. 99.99 999.99
2026  19 19 12 99999.9 999.99 9999999. 99.99 999.99
2026  19 19 13 99999.9 999.99 9999999. 99.99 999.99
2026  19 19 14 99999.9 999.99 9999999. 99.99 999.99
2026  19 19 15   434.1   2.69   71593.  1.01   0.41
2026  19 19 16   434.1   2.69   71593.  1.01   0.46
2026  19 19 17 99999.9 999.99 9999999. 99.99 999.99
2026  19 19 18 99999.9 999.99 9999999. 99.99 999.99
2026  19 19 19 99999.9 999.99 9999999. 99.99 999.99
2026  19 19 20 99999.9 999.99 9999999. 99.99 999.99
2026  19 19 21 99999.9 999.99 9999999. 99.99 999.99
2026  19 19 22 99999.9 999.99 9999999. 99.99 999.99
2026  19 19 23 99999.9 999.99 9999999. 99.99 999.99
2026  19 19 24 99999.9 999.99 9999999. 99.99 999.99
2026  19 19 25 99999.9 999.99 9999999. 99.99 999.99
2026  19 19 26   526.5   5.93  134214.  3.29   0.99
2026  19 19 27   526.5   5.93  134214.  3.29   0.70
2026  19 19 28 99999.9 999.99 9999999. 99.99 999.99
2026  19 19 29 99999.9 999.99 9999999. 99.99 999.99
2026  19 19 30   978.9  12.38 2594870. 23.73   0.74
2026  19 19 31   978.9  12.38 2594870. 23.73   0.76
2026  19 19 32   930.3   9.00 1891997. 15.58   0.79
2026  19 19 33  1111.9  12.88 4284447. 31.85   3.85
2026  19 19 34  1231.5  15.44 5859149. 46.83   8.79
2026  19 19 35   444.1   3.69  155515.  1.46   0.07
2026  19 19 36   444.1   3.69  155515.  1.46   0.06
2026  19 19 37 99999.9 999.99 9999999. 99.99 999.99
2026  19 19 38  1126.9  18.36 6805836. 46.63  11.40
2026  19 19 39  1022.1  15.79 5756400. 32.99  10.26
2026  19 19 40   451.8   1.80   42807.  0.73   0.08
2026  19 19 41   437.6   2.52   50286.  0.97   0.10
2026  19 19 42   454.5   3.17   81477.  1.31   0.08
2026  19 19 43   492.4   4.20  139973.  2.04   0.37
2026  19 19 44 99999.9 999.99 9999999. 99.99 999.99
2026  19 19 45 99999.9 999.99 9999999. 99.99 999.99
2026  19 19 46   735.4  10.50 2084081. 11.36   1.92
2026  19 19 47   750.2  10.95 2190784. 12.33   1.42
2026  19 19 48 99999.9 999.99 9999999. 99.99 999.99
2026  19 19 49  1064.1  16.27 4679046. 36.85   2.34
2026  19 19 50  1064.1  16.27 4679046. 36.85   3.92
2026  19 19 51 99999.9 999.99 9999999. 99.99 999.99
2026  19 19 52   668.6   8.14 2572351.  7.28   1.55
2026  19 19 53   920.8  14.58 5544726. 24.72  17.63
2026  19 19 54  1184.5  21.31 8653632. 59.80  89.05
2026  19 19 55 99999.9 999.99 9999999. 99.99 999.99
2026  19 19 56 99999.9 999.99 9999999. 99.99 999.99
2026  19 19 57 99999.9 999.99 9999999. 99.99 999.99
2026  19 19 58 99999.9 999.99 9999999. 99.99 999.99
2026  19 19 59 99999.9 999.99 9999999. 99.99 999.99
2026  19 20  0 99999.9 999.99 9999999. 99.99 999.99
2026  19 20  1 99999.9 999.99 9999999. 99.99 999.99
2026  19 20  2 99999.9 999.99 9999999. 99.99 999.99
2026  19 20  3  1139.2  20.74 6830208. 53.83   8.77
2026  19 20  4  1139.2  20.74 6830208. 53.83   8.64
2026  19 20  5  1098.0  19.63 5739825. 47.33   5.43
2026  19 20  6  1112.6  20.52 6242313. 50.80   7.45
2026  19 20  7  1130.3  21.60 6855314. 55.19 999.99
2026  19 20  8 99999.9 999.99 9999999. 99.99 999.99
2026  19 20  9 99999.9 999.99 9999999. 99.99 999.99
2026  19 20 10 99999.9 999.99 9999999. 99.99 999.99
2026  19 20 11 99999.9 999.99 9999999. 99.99 999.99
2026  19 20 12  1091.4  19.57 7560216. 46.62  46.28
2026  19 20 13  1098.9  19.87 7803070. 47.99  53.11
2026  19 20 14  1123.6  20.88 8608506. 52.72  30.75
2026  19 20 15  1139.6  22.20 8208092. 57.66  36.07
2026  19 20 16  1139.6  22.20 8206516. 57.66  22.04
2026  19 20 17 99999.9 999.99 9999999. 99.99 999.99
2026  19 20 18 99999.9 999.99 9999999. 99.99 999.99
2026  19 20 19 99999.9 999.99 9999999. 99.99 999.99
2026  19 20 20  1113.3  20.81 7314165. 51.59   8.96
2026  19 20 21  1113.4  20.85 7297449. 51.69  22.05
2026  19 20 22  1114.2  21.40 7034060. 53.13  14.32
2026  19 20 23  1119.4  23.88 6963247. 59.85  12.48
2026  19 20 24  1120.2  23.86 7229943. 59.88   9.56
2026  19 20 25  1120.1  23.71 7358004. 59.49   9.46
2026  19 20 26  1105.9  25.76 5923338. 63.01   6.75
2026  19 20 27  1105.9  25.76 5923338. 63.01   5.23
2026  19 20 28  1162.8  32.18 7797553. 87.02  11.14
2026  19 20 29  1161.8  31.98 7951068. 86.33  17.43
2026  19 20 30 99999.9 999.99 9999999. 99.99 999.99
2026  19 20 31 99999.9 999.99 9999999. 99.99 999.99
2026  19 20 32  1075.8  21.04 3315570. 48.70   6.21
2026  19 20 33  1075.8  21.04 3315570. 48.70   3.17
2026  19 20 34  1096.6  21.07 4743200. 50.67   2.53
2026  19 20 35  1096.6  21.07 4743200. 50.67   2.53
2026  19 20 36  1116.6  27.25 5405143. 67.95   3.46
2026  19 20 37  1116.6  27.25 5405143. 67.95   3.21
2026  19 20 38 99999.9 999.99 9999999. 99.99 999.99
2026  19 20 39  1114.5  27.52 4955582. 68.37   2.82
2026  19 20 40  1114.5  27.52 4955582. 68.37   4.33
2026  19 20 41  1080.5  26.52 4051161. 61.92   3.86
2026  19 20 42  1079.9  25.97 4157989. 60.57   4.22
2026  19 20 43  1092.3  25.36 4711244. 60.52   6.23
2026  19 20 44  1212.3  25.34 7418001. 74.48   8.06
2026  19 20 45  1223.3  25.97 7717145. 77.73   8.30
2026  19 20 46  1238.3  27.32 7908713. 83.78  12.69
2026  19 20 47  1163.5  25.11 5036156. 67.98   3.98
2026  19 20 48  1234.9  30.50 7160065. 93.02   5.63
2026  19 20 49  1303.0  37.13 8106028. 99.99   5.93
2026  19 20 50 99999.9 999.99 9999999. 99.99 999.99
2026  19 20 51 99999.9 999.99 9999999. 99.99 999.99
2026  19 20 52  1135.6  20.97 3418328. 54.09   1.24
2026  19 20 53  1135.6  20.97 3418328. 54.09   2.38
2026  19 20 54  1135.6  20.97 3418328. 54.09   1.82
2026  19 20 55  1306.6  38.79 6718458. 99.99   5.42
2026  19 20 56  1218.2  30.19 4900495. 89.60   3.04
2026  19 20 57  1139.2  22.51 3276032. 58.43   1.22
2026  19 20 58  1203.8  29.12 4033368. 84.40   1.68
2026  19 20 59  1203.8  29.12 4033368. 84.40   1.77
2026  19 21  0  1203.8  29.12 4033368. 84.40   1.91
2026  19 21  1 99999.9 999.99 9999999. 99.99 999.99
2026  19 21  2 99999.9 999.99 9999999. 99.99 999.99
2026  19 21  3  1217.8  30.14 4505702. 89.40   4.40
2026  19 21  4  1217.8  30.14 4505702. 89.40   4.00
2026  19 21  5  1185.5  27.86 4416986. 78.31   3.01
2026  19 21  6  1185.5  27.86 4416986. 78.31   4.02
2026  19 21  7  1200.3  27.74 4517606. 79.93   4.93
2026  19 21  8  1216.5  27.52 4594150. 81.45   3.64
2026  19 21  9  1111.6  26.90 3415444. 66.48   1.63
2026  19 21 10  1085.3  26.75 3120252. 63.02   2.51
2026  19 21 11 99999.9 999.99 9999999. 99.99 999.99
2026  19 21 12 99999.9 999.99 9999999. 99.99 999.99
2026  19 21 13 99999.9 999.99 9999999. 99.99 999.99
2026  19 21 14 99999.9 999.99 9999999. 99.99 999.99
2026  19 21 15 99999.9 999.99 9999999. 99.99 999.99
2026  19 21 16 99999.9 999.99 9999999. 99.99 999.99
2026  19 21 17 99999.9 999.99 9999999. 99.99 999.99
2026  19 21 18 99999.9 999.99 9999999. 99.99 999.99
2026  19 21 19  1152.8  23.61 3060080. 62.75   1.28
2026  19 21 20  1159.7  23.25 3252285. 62.54   1.06
2026  19 21 21  1167.9  22.14 3469605. 60.40   1.00
2026  19 21 22  1155.8  20.94 3748048. 55.95   1.24
2026  19 21 23  1155.8  20.94 3748048. 55.95   1.06
2026  19 21 24  1126.8  18.99 3455820. 48.22   0.96
2026  19 21 25  1134.3  18.47 3391468. 47.53   0.78
2026  19 21 26  1149.2  17.44 3264779. 46.06   0.65
2026  19 21 27  1149.2  17.44 3264779. 46.06   0.58
2026  19 21 28 99999.9 999.99 9999999. 99.99 999.99
2026  19 21 29 99999.9 999.99 9999999. 99.99 999.99
2026  19 21 30 99999.9 999.99 9999999. 99.99 999.99
2026  19 21 31 99999.9 999.99 9999999. 99.99 999.99
2026  19 21 32 99999.9 999.99 9999999. 99.99 999.99
2026  19 21 33 99999.9 999.99 9999999. 99.99 999.99
2026  19 21 34 99999.9 999.99 9999999. 99.99 999.99
2026  19 21 35 99999.9 999.99 9999999. 99.99 999.99
2026  19 21 36 99999.9 999.99 9999999. 99.99 999.99
2026  19 21 37 99999.9 999.99 9999999. 99.99 999.99
2026  19 21 38 99999.9 999.99 9999999. 99.99 999.99
2026  19 21 39 99999.9 999.99 9999999. 99.99 999.99
2026  19 21 40 99999.9 999.99 9999999. 99.99 999.99
2026  19 21 41 99999.9 999.99 9999999. 99.99 999.99
2026  19 21 42 99999.9 999.99 9999999. 99.99 999.99
2026  19 21 43 99999.9 999.99 9999999. 99.99 999.99
2026  19 21 44 99999.9 999.99 9999999. 99.99 999.99
2026  19 21 45 99999.9 999.99 9999999. 99.99 999.99
2026  19 21 46 99999.9 999.99 9999999. 99.99 999.99
2026  19 21 47 99999.9 999.99 9999999. 99.99 999.99
2026  19 21 48 99999.9 999.99 9999999. 99.99 999.99
2026  19 21 49 99999.9 999.99 9999999. 99.99 999.99
2026  19 21 50 99999.9 999.99 9999999. 99.99 999.99
2026  19 21 51 99999.9 999.99 9999999. 99.99 999.99
2026  19 21 52 99999.9 999.99 9999999. 99.99 999.99
2026  19 21 53 99999.9 999.99 9999999. 99.99 999.99
2026  19 21 54 99999.9 999.99 9999999. 99.99 999.99
2026  19 21 55 99999.9 999.99 9999999. 99.99 999.99
2026  19 21 56 99999.9 999.99 9999999. 99.99 999.99
2026  19 21 57 99999.9 999.99 9999999. 99.99 999.99
2026  19 21 58 99999.9 999.99 9999999. 99.99 999.99
2026  19 21 59 99999.9 999.99 9999999. 99.99 999.99
2026  19 22  0 99999.9 999.99 9999999. 99.99 999.99
2026  19 22  1 99999.9 999.99 9999999. 99.99 999.99
2026  19 22  2 99999.9 999.99 9999999. 99.99 999.99
2026  19 22  3 99999.9 999.99 9999999. 99.99 999.99
2026  19 22  4 99999.9 999.99 9999999. 99.99 999.99
2026  19 22  5 99999.9 999.99 9999999. 99.99 999.99
2026  19 22  6 99999.9 999.99 9999999. 99.99 999.99
2026  19 22  7 99999.9 999.99 9999999. 99.99 999.99
2026  19 22  8 99999.9 999.99 9999999. 99.99 999.99
2026  19 22  9 99999.9 999.99 9999999. 99.99 999.99
2026  19 22 10 99999.9 999.99 9999999. 99.99 999.99
2026  19 22 11 99999.9 999.99 9999999. 99.99 999.99
2026  19 22 12 99999.9 999.99 9999999. 99.99 999.99
2026  19 22 13 99999.9 999.99 9999999. 99.99 999.99
2026  19 22 14 99999.9 999.99 9999999. 99.99 999.99
2026  19 22 15 99999.9 999.99 9999999. 99.99 999.99
2026  19 22 16 99999.9 999.99 9999999. 99.99 999.99
2026  19 22 17 99999.9 999.99 9999999. 99.99 999.99
2026  19 22 18 99999.9 999.99 9999999. 99.99 999.99
2026  19 22 19 99999.9 999.99 9999999. 99.99 999.99
2026  19 22 20 99999.9 999.99 9999999. 99.99 999.99
2026  19 22 21 99999.9 999.99 9999999. 99.99 999.99
2026  19 22 22 99999.9 999.99 9999999. 99.99 999.99
2026  19 22 23 99999.9 999.99 9999999. 99.99 999.99
2026  19 22 24 99999.9 999.99 9999999. 99.99 999.99
2026  19 22 25  1092.9  11.84  505415. 28.28   0.06
2026  19 22 26  1092.9  11.84  505415. 28.28   0.07
2026  19 22 27  1100.9  10.08  467448. 24.43   0.05
2026  19 22 28  1100.9  10.08  467448. 24.43   0.05
2026  19 22 29  1078.7  14.01  464262. 32.60   0.07
2026  19 22 30  1078.7  14.01  464262. 32.60   0.07
2026  19 22 31 99999.9 999.99 9999999. 99.99 999.99
2026  19 22 32  1080.0  14.76  377158. 34.43   0.07
2026  19 22 33  1079.4  13.63  367640. 31.76   0.06
2026  19 22 34  1079.2  13.38  355202. 31.17   0.06
2026  19 22 35  1079.9  15.23  338500. 35.52   0.07
2026  19 22 36  1082.1  16.18  308031. 37.89   0.07
2026  19 22 37  1086.3  18.03  248583. 42.55   0.06
2026  19 22 38  1079.7  16.20  428819. 37.77   0.09
2026  19 22 39  1078.3  14.57  378307. 33.88   0.07
2026  19 22 40  1086.9  16.38  236748. 38.70   0.06
2026  19 22 41  1081.1  16.19  319415. 37.85   0.07
2026  19 22 42  1073.4  15.72  440849. 36.22   0.09
2026  19 22 43  1082.2  17.20  457437. 40.29   0.10
2026  19 22 44  1085.3  17.32  438823. 40.80   0.10
2026  19 22 45  1093.3  19.30  403831. 46.14   0.10
2026  19 22 46 99999.9 999.99 9999999. 99.99 999.99
2026  19 22 47 99999.9 999.99 9999999. 99.99 999.99
2026  19 22 48 99999.9 999.99 9999999. 99.99 999.99
2026  19 22 49 99999.9 999.99 9999999. 99.99 999.99
2026  19 22 50 99999.9 999.99 9999999. 99.99 999.99
2026  19 22 51 99999.9 999.99 9999999. 99.99 999.99
2026  19 22 52 99999.9 999.99 9999999. 99.99 999.99
2026  19 22 53 99999.9 999.99 9999999. 99.99 999.99
2026  19 22 54 99999.9 999.99 9999999. 99.99 999.99
2026  19 22 55  1065.3  27.78  521016. 63.05   0.20
2026  19 22 56  1065.3  27.78  521016. 63.05   0.21
2026  19 22 57  1079.9  19.06  543424. 44.45   0.15
2026  19 22 58  1080.8  18.50  544864. 43.22   0.14
2026  19 22 59  1083.3  11.04  282226. 25.91   0.05
2026  19 23  0  1083.3  11.04  282226. 25.91   0.05
2026  19 23  1 99999.9 999.99 9999999. 99.99 999.99
2026  19 23  2 99999.9 999.99 9999999. 99.99 999.99
2026  19 23  3 99999.9 999.99 9999999. 99.99 999.99
2026  19 23  4  1077.2  10.21  278930. 23.69   0.04
2026  19 23  5  1077.2  10.21  278930. 23.69   0.04
2026  19 23  6  1076.2  10.61  280575. 24.58   0.05
2026  19 23  7  1076.2  10.61  280575. 24.58   0.05
2026  19 23  8  1076.2  10.61  280575. 24.58   0.05
2026  19 23  9 99999.9 999.99 9999999. 99.99 999.99
2026  19 23 10 99999.9 999.99 9999999. 99.99 999.99
2026  19 23 11 99999.9 999.99 9999999. 99.99 999.99
2026  19 23 12 99999.9 999.99 9999999. 99.99 999.99
2026  19 23 13  1084.0  12.73  250137. 29.92   0.05
2026  19 23 14  1084.0  12.73  250137. 29.92   0.05
2026  19 23 15  1085.7  12.91  408789. 30.44   0.08
2026  19 23 16  1085.7  12.91  408789. 30.44   0.08
2026  19 23 17 99999.9 999.99 9999999. 99.99 999.99
2026  19 23 18 99999.9 999.99 9999999. 99.99 999.99
2026  19 23 19 99999.9 999.99 9999999. 99.99 999.99
2026  19 23 20 99999.9 999.99 9999999. 99.99 999.99
2026  19 23 21  1092.6  10.13  514301. 24.19   0.07
2026  19 23 22  1092.6  10.13  514301. 24.19   0.07
2026  19 23 23  1092.6  10.13  514301. 24.19   0.07
2026  19 23 24  1082.5  21.32  456872. 49.97   0.15
2026  19 23 25  1082.5  21.33  458007. 49.99   0.16
2026  19 23 26  1083.1  21.77  534777. 51.08   0.18
2026  19 23 27  1085.3  15.07  448101. 35.50   0.10
2026  19 23 28  1085.7  13.85  431985. 32.65   0.09
2026  19 23 29  1087.0  24.99  470644. 59.05   0.18
2026  19 23 30  1087.0  24.99  470644. 59.05   0.18
2026  19 23 31  1081.2  17.32  487874. 40.49   0.12
2026  19 23 32  1081.2  17.32  487874. 40.49   0.12
2026  19 23 33  1075.4  16.61  478144. 38.42   0.11
2026  19 23 34  1075.4  16.61  478144. 38.42   0.11
2026  19 23 35  1068.5  17.62  328393. 40.23   0.08
2026  19 23 36  1065.0  18.13  253258. 41.13   0.07
2026  19 23 37  1065.2  17.67  257253. 40.10   0.07
2026  19 23 38  1065.9  16.40  268351. 37.27   0.06
2026  19 23 39  1066.0  16.41  270293. 37.30   0.07
2026  19 23 40  1067.0  16.51  293914. 37.59   0.07
2026  19 23 41  1067.0  16.51  293914. 37.59   0.07
2026  19 23 42 99999.9 999.99 9999999. 99.99 999.99
2026  19 23 43 99999.9 999.99 9999999. 99.99 999.99
2026  19 23 44  1055.9   5.24  446418. 11.68   0.03
2026  19 23 45  1058.1   4.96  713002. 11.11   0.04
2026  19 23 46  1062.8   4.38 1274919.  9.89   0.06
2026  19 23 47 99999.9 999.99 9999999. 99.99 999.99
2026  19 23 48 99999.9 999.99 9999999. 99.99 999.99
2026  19 23 49 99999.9 999.99 9999999. 99.99 999.99
2026  19 23 50  1067.8  10.43  419803. 23.78   0.06
2026  19 23 51  1067.8  10.43  419803. 23.78   0.06
2026  19 23 52 99999.9 999.99 9999999. 99.99 999.99
2026  19 23 53  1066.6   8.83  207046. 20.09   0.03
2026  19 23 54  1066.6   8.83  207046. 20.09   0.03
2026  19 23 55  1066.6   8.83  207046. 20.09   0.03
2026  19 23 56  1052.5  11.39   99726. 25.23   0.03
2026  19 23 57  1052.6  11.45  102600. 25.37   0.03
2026  19 23 58  1061.5  13.81  279102. 31.12   0.06
2026  19 23 59  1072.7  14.05  358343. 32.33   0.07
2026  20  0  0  1072.3  15.06  325808. 34.63   0.08
2026  20  0  1  1068.6  16.79  313632. 38.35   0.08
2026  20  0  2  1068.6  16.79  313632. 38.35   0.09
2026  20  0  3 99999.9 999.99 9999999. 99.99 999.99
2026  20  0  4  1073.5  31.88  320640. 73.48   0.18
2026  20  0  5  1081.3  31.38  328228. 73.38   0.19
2026  20  0  6  1091.0  30.76  337595. 73.23   0.19
2026  20  0  7  1091.0  30.76  337595. 73.23   0.18
2026  20  0  8 99999.9 999.99 9999999. 99.99 999.99
2026  20  0  9 99999.9 999.99 9999999. 99.99 999.99
2026  20  0 10 99999.9 999.99 9999999. 99.99 999.99
2026  20  0 11 99999.9 999.99 9999999. 99.99 999.99
2026  20  0 12 99999.9 999.99 9999999. 99.99 999.99
2026  20  0 13 99999.9 999.99 9999999. 99.99 999.99
2026  20  0 14 99999.9 999.99 9999999. 99.99 999.99
2026  20  0 15  1024.7   3.56   87822.  7.48   0.01
2026  20  0 16  1024.7   3.56   87822.  7.48   0.01
2026  20  0 17  1024.7   3.56   87822.  7.48   0.01
2026  20  0 18 99999.9 999.99 9999999. 99.99 999.99
2026  20  0 19  1091.7  21.90  818304. 52.20   0.25
2026  20  0 20  1091.7  21.90  818304. 52.20   0.26
2026  20  0 21  1091.7  21.90  818304. 52.20   0.26
2026  20  0 22  1055.3  14.98  636869. 33.37   0.14
2026  20  0 23  1055.4  15.01  633399. 33.44   0.14
2026  20  0 24  1066.8  18.29  238602. 41.63   0.08
2026  20  0 25  1064.5  15.15  246604. 34.33   0.06
2026  20  0 26  1062.6  12.54  253258. 28.32   0.05
2026  20  0 27  1065.9  11.82  311891. 26.86   0.06
2026  20  0 28  1060.4  10.24  288834. 23.03   0.05
2026  20  0 29  1061.9   9.60  242027. 21.65   0.04
2026  20  0 30  1066.7   9.70  200724. 22.07   0.04
2026  20  0 31 99999.9 999.99 9999999. 99.99 999.99
2026  20  0 32  1062.5  11.36  213466. 25.65   0.04
2026  20  0 33  1062.5  11.36  213466. 25.65   0.04
2026  20  0 34  1054.9  15.46  181021. 34.41   0.05
2026  20  0 35  1054.9  15.46  181021. 34.41   0.05
2026  20  0 36  1055.9  17.26  201005. 38.49   0.06
2026  20  0 37  1056.3  18.06  209887. 40.30   0.07
2026  20  0 38  1049.4  17.82  170427. 39.25   0.06
2026  20  0 39  1049.0  17.81  168026. 39.20   0.06
2026  20  0 40  1047.8  17.96  180992. 39.44   0.06
2026  20  0 41  1047.7  17.74  179326. 38.95   0.06
2026  20  0 42  1044.8   8.78  111345. 19.17   0.02
2026  20  0 43  1046.5   9.09  101129. 19.91   0.02
2026  20  0 44  1050.9   9.90   74537. 21.87   0.02
2026  20  0 45  1047.5   8.90   51963. 19.53   0.02
2026  20  0 46  1046.7   8.67   46757. 19.00   0.02
2026  20  0 47  1049.6  12.40   24686. 27.32   0.02
2026  20  0 48  1049.6  12.40   24686. 27.32   0.02
2026  20  0 49 99999.9 999.99 9999999. 99.99 999.99
2026  20  0 50  1054.9  10.70   36910. 23.81   0.02
2026  20  0 51  1054.4  10.62   32378. 23.61   0.02
2026  20  0 52  1052.3  10.32   15103. 22.86   0.02
2026  20  0 53  1052.0   9.55   16392. 21.14   0.02
2026  20  0 54  1052.0   9.50   16471. 21.03   0.02
2026  20  0 55  1051.9  11.19   13795. 24.76   0.02
2026  20  0 56  1051.2  11.29   14764. 24.95   0.02
2026  20  0 57  1048.1  11.66   19439. 25.62   0.02
2026  20  0 58  1050.6   8.30   21797. 18.32   0.02
2026  20  0 59  1051.1   7.58   18114. 16.75   0.01
2026  20  1  0  1051.2   7.43   17279. 16.42   0.01
2026  20  1  1  1028.0   7.04   20261. 14.88   0.01
2026  20  1  2  1028.0   7.04   20261. 14.88   0.01
2026  20  1  3  1028.0   7.04   20261. 14.88   0.01
2026  20  1  4 99999.9 999.99 9999999. 99.99 999.99
2026  20  1  5  1035.2   9.76   37511. 20.92   0.02
2026  20  1  6  1035.6   9.96   36404. 21.36   0.02
2026  20  1  7  1039.7  12.14   24200. 26.25   0.02
2026  20  1  8  1039.7  12.14   24200. 26.25   0.02
2026  20  1  9  1047.8   7.06   13612. 15.50   0.01
2026  20  1 10  1047.8   7.06   13612. 15.50   0.01
2026  20  1 11  1041.7   7.44   13081. 16.15   0.01
2026  20  1 12  1046.5   7.15   14254. 15.66   0.01
2026  20  1 13  1057.0   6.75   14792. 15.08   0.01
2026  20  1 14  1061.2   6.58   13821. 14.82   0.01
2026  20  1 15  1059.4   6.89   16671. 15.47   0.01
2026  20  1 16  1059.4   6.89   16671. 15.47   0.01
2026  20  1 17  1059.4   6.89   16671. 15.47   0.01
2026  20  1 18  1053.0   5.88   17279. 13.04   0.01
2026  20  1 19  1053.0   5.88   17279. 13.04   0.01
2026  20  1 20  1048.8   6.18   13073. 13.60   0.01
2026  20  1 21  1048.8   6.18   13073. 13.60   0.01
2026  20  1 22  1048.8   6.18   13073. 13.60   0.01
2026  20  1 23 99999.9 999.99 9999999. 99.99 999.99
2026  20  1 24 99999.9 999.99 9999999. 99.99 999.99
2026  20  1 25 99999.9 999.99 9999999. 99.99 999.99
2026  20  1 26  1047.9   5.35    9912. 11.75   0.01
2026  20  1 27  1047.9   5.35    9912. 11.75   0.01
2026  20  1 28  1044.1   5.28    9186. 11.51   0.01
2026  20  1 29  1042.4   5.25    8858. 11.41   0.01
2026  20  1 30 99999.9 999.99 9999999. 99.99 999.99
2026  20  1 31 99999.9 999.99 9999999. 99.99 999.99
2026  20  1 32  1047.8   4.72   11689. 10.36   0.01
2026  20  1 33  1047.8   4.72   11689. 10.36   0.01
2026  20  1 34  1038.9   4.51    8154.  9.74   0.01
2026  20  1 35  1038.2   4.49    7863.  9.68   0.01
2026  20  1 36  1029.9   6.42   10697. 13.62   0.01
2026  20  1 37  1029.9   6.42   10702. 13.62   0.01
2026  20  1 38 99999.9 999.99 9999999. 99.99 999.99
2026  20  1 39 99999.9 999.99 9999999. 99.99 999.99
2026  20  1 40 99999.9 999.99 9999999. 99.99 999.99
2026  20  1 41 99999.9 999.99 9999999. 99.99 999.99
2026  20  1 42 99999.9 999.99 9999999. 99.99 999.99
2026  20  1 43 99999.9 999.99 9999999. 99.99 999.99
2026  20  1 44  1021.1   6.47   14535. 13.49   0.01
2026  20  1 45  1021.1   6.47   14535. 13.49   0.01
2026  20  1 46 99999.9 999.99 9999999. 99.99 999.99
2026  20  1 47  1012.5   6.51   20706. 13.35   0.01
2026  20  1 48  1012.5   6.51   20706. 13.35   0.01
2026  20  1 49  1017.7   7.00   21383. 14.50   0.01
2026  20  1 50  1017.7   7.00   21383. 14.50   0.01
2026  20  1 51 99999.9 999.99 9999999. 99.99 999.99
2026  20  1 52  1008.7   8.55   23005. 17.40   0.02
2026  20  1 53  1008.7   8.55   23005. 17.40   0.02
2026  20  1 54  1012.6   7.09   22204. 14.54   0.01
2026  20  1 55  1014.4   6.43   21840. 13.23   0.01
2026  20  1 56  1002.7   8.42   19449. 16.93   0.02
2026  20  1 57  1002.4   8.47   19385. 17.02   0.02
2026  20  1 58 99999.9 999.99 9999999. 99.99 999.99
2026  20  1 59  1010.8   7.68   21611. 15.69   0.02
2026  20  2  0  1010.8   7.68   21611. 15.69   0.02
2026  20  2  1   997.0   6.02   15103. 11.97   0.01
2026  20  2  2   997.0   6.02   15103. 11.97   0.01
2026  20  2  3 99999.9 999.99 9999999. 99.99 999.99
2026  20  2  4   991.8   6.46   13612. 12.71   0.01
2026  20  2  5   991.8   6.46   13612. 12.71   0.01
2026  20  2  6 99999.9 999.99 9999999. 99.99 999.99
2026  20  2  7 99999.9 999.99 9999999. 99.99 999.99
2026  20  2  8   984.1   6.18   17898. 11.97   0.01
2026  20  2  9   984.1   6.18   17898. 11.97   0.01
2026  20  2 10 99999.9 999.99 9999999. 99.99 999.99
2026  20  2 11   996.4   7.30   13612. 14.50   0.02
2026  20  2 12   996.3   7.31   13591. 14.51   0.02
2026  20  2 13   993.6   7.45   13073. 14.71   0.02
2026  20  2 14   993.6   7.45   13073. 14.71   0.02
2026  20  2 15 99999.9 999.99 9999999. 99.99 999.99
2026  20  2 16 99999.9 999.99 9999999. 99.99 999.99
2026  20  2 17 99999.9 999.99 9999999. 99.99 999.99
2026  20  2 18 99999.9 999.99 9999999. 99.99 999.99
2026  20  2 19 99999.9 999.99 9999999. 99.99 999.99
2026  20  2 20   980.1   8.11   15488. 15.58   0.02
2026  20  2 21   980.1   8.11   15488. 15.58   0.02
2026  20  2 22   978.9   7.16   13073. 13.72   0.02
2026  20  2 23   978.9   7.16   13073. 13.72   0.02
2026  20  2 24   978.0   6.87   13612. 13.14   0.02
2026  20  2 25   977.9   6.88   13578. 13.16   0.02
2026  20  2 26   972.0   7.31   11689. 13.81   0.02
2026  20  2 27   971.4   7.41   11819. 13.98   0.02
2026  20  2 28   970.5   7.58   12028. 14.28   0.02
2026  20  2 29   969.2   7.61   14039. 14.30   0.02
2026  20  2 30   969.1   7.61   14162. 14.29   0.02
2026  20  2 31 99999.9 999.99 9999999. 99.99 999.99
2026  20  2 32   967.1   5.78   11355. 10.81   0.01
2026  20  2 33   967.1   5.78   11355. 10.81   0.01
2026  20  2 34   966.0   5.98   10725. 11.16   0.01
2026  20  2 35   966.0   5.99   10702. 11.18   0.01
2026  20  2 36   958.1   5.99   12028. 11.00   0.01
2026  20  2 37   958.1   5.99   12028. 11.00   0.01
2026  20  2 38   959.8   5.79   11689. 10.67   0.01
2026  20  2 39   959.8   5.81   11742. 10.70   0.01
2026  20  2 40   959.8   5.89   12028. 10.85   0.01
2026  20  2 41   958.1   5.78   12819. 10.61   0.01
2026  20  2 42   957.5   5.74   13073. 10.52   0.01
2026  20  2 43   956.5   5.23   12546.  9.57   0.01
2026  20  2 44   956.6   5.25   12562.  9.61   0.01
2026  20  2 45   958.8   6.08   13252. 11.18   0.01
2026  20  2 46   954.4   6.02   12155. 10.97   0.01
2026  20  2 47   949.3   5.95   10863. 10.72   0.01
2026  20  2 48   948.7   5.65   18054. 10.17   0.01
2026  20  2 49   948.7   5.64   18317. 10.15   0.01
2026  20  2 50   943.2   6.11   11689. 10.87   0.02
2026  20  2 51   943.2   6.02   11570. 10.71   0.01
2026  20  2 52   943.1   5.72   11190. 10.18   0.01
2026  20  2 53   943.1   5.72   11190. 10.18   0.01
2026  20  2 54   949.0   4.78   18740.  8.61   0.01
2026  20  2 55   949.0   4.78   18740.  8.61   0.01
2026  20  2 56   946.9   5.39   14021.  9.67   0.01
2026  20  2 57   945.7   5.73   11355. 10.25   0.01
2026  20  2 58   945.7   5.45   10383.  9.75   0.01
2026  20  2 59   945.3   5.32   10669.  9.51   0.01
2026  20  3  0   943.4   4.69   12028.  8.35   0.01
2026  20  3  1   941.5   4.40   10129.  7.80   0.01
2026  20  3  2   941.5   4.38   10006.  7.77   0.01
2026  20  3  3   944.3   4.59   11522.  8.19   0.01
2026  20  3  4   944.3   4.59   11522.  8.19   0.01
2026  20  3  5   944.4   5.01   10863.  8.94   0.01
2026  20  3  6   944.4   5.01   10863.  8.94   0.01
2026  20  3  7   943.1   5.05   11382.  8.98   0.01
2026  20  3  8   939.0   5.18   13073.  9.13   0.01
2026  20  3  9   939.5   4.47   13073.  7.89   0.01
2026  20  3 10   939.5   4.39   13073.  7.75   0.01
2026  20  3 11   928.4   4.31   12545.  7.43   0.01
2026  20  3 12   928.4   4.31   12545.  7.43   0.01
2026  20  3 13   928.4   4.31   12545.  7.43   0.01
2026  20  3 14   919.9   4.67    9912.  7.90   0.01
2026  20  3 15   921.2   4.63   12556.  7.86   0.01
2026  20  3 16   933.2   4.29   36019.  7.47   0.01
2026  20  3 17   927.1   4.68   11869.  8.05   0.01
2026  20  3 18   926.8   4.70   10569.  8.07   0.01
2026  20  3 19   924.9   4.83   11858.  8.26   0.01
2026  20  3 20   923.8   4.84   14933.  8.26   0.01
2026  20  3 21   922.6   4.85   18528.  8.26   0.01
2026  20  3 22   923.9   4.54   13364.  7.75   0.01
2026  20  3 23   924.0   4.52   13073.  7.72   0.01
2026  20  3 24   927.8   5.33   10383.  9.18   0.01
2026  20  3 25   927.5   5.32   10345.  9.15   0.01
2026  20  3 26   920.4   5.05    9605.  8.56   0.01
2026  20  3 27   918.1   4.81    9841.  8.11   0.01
2026  20  3 28   915.8   4.58   10068.  7.68   0.01
2026  20  3 29   919.2   4.83   11139.  8.16   0.01
2026  20  3 30   919.4   4.84   11190.  8.18   0.01
2026  20  3 31   918.8   4.30    9605.  7.26   0.01
2026  20  3 32   918.8   4.30    9605.  7.26   0.01
2026  20  3 33 99999.9 999.99 9999999. 99.99 999.99
2026  20  3 34   922.2   4.62   10863.  7.86   0.01
2026  20  3 35   922.2   4.62   10863.  7.86   0.01
2026  20  3 36   919.5   4.52   10863.  7.64   0.01
2026  20  3 37   919.1   4.50   10863.  7.60   0.01
2026  20  3 38 99999.9 999.99 9999999. 99.99 999.99
2026  20  3 39   913.3   4.62   10863.  7.71   0.01
2026  20  3 40   913.3   4.62   10863.  7.71   0.01
2026  20  3 41   913.2   4.55   10664.  7.59   0.01
2026  20  3 42   912.6   4.13    9453.  6.88   0.01
2026  20  3 43   913.6   3.91    9564.  6.53   0.01
2026  20  3 44   913.9   3.83    9605.  6.40   0.01
2026  20  3 45   915.6   4.55   11026.  7.63   0.01
2026  20  3 46   915.6   4.55   11026.  7.63   0.01
2026  20  3 47   911.9   3.94   10863.  6.55   0.01
2026  20  3 48   914.7   4.08   10707.  6.83   0.01
2026  20  3 49   917.6   4.22   10542.  7.11   0.01
2026  20  3 50   918.1   3.71   10070.  6.25   0.01
2026  20  3 51   918.1   3.71   10068.  6.25   0.01
2026  20  3 52   914.4   3.55   11355.  5.94   0.01
2026  20  3 53   914.5   3.58   11245.  5.99   0.01
2026  20  3 54   914.9   3.84   10382.  6.43   0.01
2026  20  3 55   914.9   3.84   10382.  6.43   0.01
2026  20  3 56 99999.9 999.99 9999999. 99.99 999.99
2026  20  3 57   908.3   4.37   10702.  7.21   0.01
2026  20  3 58   908.4   4.34   10735.  7.16   0.01
2026  20  3 59   913.0   2.93   12199.  4.88   0.01
2026  20  4  0   913.2   2.74   11686.  4.57   0.01
2026  20  4  1   913.3   2.55   11190.  4.25   0.01
2026  20  4  2   909.1   3.02    9507.  4.99   0.01
2026  20  4  3   909.7   2.97    9750.  4.92   0.01
2026  20  4  4   914.6   2.54   11689.  4.25   0.01
2026  20  4  5   913.3   2.68    9555.  4.47   0.01
2026  20  4  6   913.1   2.70    9302.  4.50   0.01
2026  20  4  7 99999.9 999.99 9999999. 99.99 999.99
2026  20  4  8   913.3   2.82    9005.  4.70   0.01
2026  20  4  9   914.0   2.82    9156.  4.71   0.01
2026  20  4 10   917.9   2.84   10145.  4.79   0.01
2026  20  4 11   916.4   2.90   16324.  4.87   0.01
2026  20  4 12   916.4   2.90   16471.  4.87   0.01
2026  20  4 13   913.6   2.66    6544.  4.44   0.01
2026  20  4 14   913.6   2.66    6544.  4.44   0.01
2026  20  4 15   916.8   2.74   10382.  4.61   0.01
2026  20  4 16   916.8   2.74   10382.  4.61   0.01
2026  20  4 17   916.8   2.74   10382.  4.61   0.01
2026  20  4 18   918.3   2.59   11355.  4.37   0.01
2026  20  4 19   918.3   2.59   11355.  4.37   0.01
2026  20  4 20   918.3   2.59   11355.  4.37   0.01
2026  20  4 21   923.3   2.41   12372.  4.11   0.01
2026  20  4 22   923.3   2.41   12372.  4.11   0.01
2026  20  4 23   913.8   2.42   15873.  4.04   0.01
2026  20  4 24   913.2   2.38   15252.  3.97   0.01
2026  20  4 25   915.1   2.21   11355.  3.70   0.01
2026  20  4 26   919.4   2.50   19030.  4.23   0.01
2026  20  4 27   919.6   2.51   19385.  4.25   0.01
2026  20  4 28   917.8   1.99   14348.  3.35   0.01
2026  20  4 29   917.9   1.98   14455.  3.34   0.01
2026  20  4 30   919.6   1.89   16471.  3.20   0.01
2026  20  4 31   919.6   1.89   16471.  3.20   0.01
2026  20  4 32   924.7   1.88   22770.  3.22   0.01
2026  20  4 33   924.4   1.90   22430.  3.25   0.01
2026  20  4 34   917.6   2.24   14908.  3.77   0.01
2026  20  4 35   914.7   2.21   20391.  3.70   0.01
2026  20  4 36   918.1   2.01   19017.  3.39   0.01
2026  20  4 37   917.3   1.89   18150.  3.18   0.01
2026  20  4 38   912.5   1.77   16906.  2.95   0.01
2026  20  4 39   910.8   1.46   12028.  2.42   0.01
2026  20  4 40   900.4   1.74   16818.  2.82   0.01
2026  20  4 41   904.6   1.75   14450.  2.86   0.01
2026  20  4 42   907.2   1.75   13007.  2.88   0.01
2026  20  4 43   906.6   1.74   13073.  2.86   0.01
2026  20  4 44   906.4   1.65   15532.  2.71   0.01
2026  20  4 45   905.6   1.31   24443.  2.15   0.01
2026  20  4 46   905.3   1.35   25863.  2.21   0.01
2026  20  4 47   905.3   1.35   25819.  2.21   0.01
2026  20  4 48   908.2   1.45   15488.  2.39   0.01
2026  20  4 49   912.3   1.37   20181.  2.28   0.01
2026  20  4 50   914.4   1.33   22536.  2.22   0.01
2026  20  4 51   922.7   1.21   20307.  2.06   0.01
2026  20  4 52   919.3   1.20   19622.  2.03   0.01
2026  20  4 53   935.6   1.38   13073.  2.42   0.01
2026  20  4 54   936.5   1.33   13758.  2.33   0.01
2026  20  4 55   936.5   1.33   13795.  2.33   0.01
2026  20  4 56 99999.9 999.99 9999999. 99.99 999.99
2026  20  4 57 99999.9 999.99 9999999. 99.99 999.99
2026  20  4 58 99999.9 999.99 9999999. 99.99 999.99
2026  20  4 59   937.8   1.33   15682.  2.34   0.01
2026  20  5  0   937.8   1.33   15677.  2.34   0.01
2026  20  5  1   929.8   1.27   12896.  2.20   0.01
2026  20  5  2   934.5   1.38   11043.  2.41   0.01
2026  20  5  3   938.1   1.46    9605.  2.57   0.01
2026  20  5  4   940.8   1.37   24443.  2.43   0.01
2026  20  5  5   940.4   1.32   23436.  2.33   0.01
2026  20  5  6   937.8   1.00   17484.  1.76   0.00
2026  20  5  7   926.6   1.16   15675.  1.99   0.00
2026  20  5  8   924.2   1.19   15295.  2.03   0.01
2026  20  5  9   919.4   1.32   14348.  2.23   0.01
2026  20  5 10   919.4   1.32   14349.  2.23   0.01
2026  20  5 11   919.5   1.46   16873.  2.47   0.01
2026  20  5 12   921.2   1.22   18270.  2.07   0.01
2026  20  5 13   922.3   1.06   19169.  1.80   0.00
2026  20  5 14   916.8   1.69   15878.  2.84   0.01
2026  20  5 15   916.8   1.69   15880.  2.84   0.01
2026  20  5 16   915.1   1.71   19385.  2.86   0.01
2026  20  5 17   915.1   1.71   19385.  2.86   0.01
2026  20  5 18 99999.9 999.99 9999999. 99.99 999.99
2026  20  5 19 99999.9 999.99 9999999. 99.99 999.99
2026  20  5 20   907.3   1.53   36019.  2.52   0.01
2026  20  5 21   907.3   1.53   36019.  2.52   0.01
2026  20  5 22   907.3   1.53   36019.  2.52   0.01
2026  20  5 23   914.6   1.61   11689.  2.69   0.01
2026  20  5 24   914.6   1.61   11689.  2.69   0.01
2026  20  5 25 99999.9 999.99 9999999. 99.99 999.99
2026  20  5 26   912.9   1.62   13612.  2.70   0.01
2026  20  5 27   912.9   1.62   13612.  2.70   0.01
2026  20  5 28 99999.9 999.99 9999999. 99.99 999.99
2026  20  5 29   906.8   1.29   24200.  2.12   0.01
2026  20  5 30   906.8   1.29   24200.  2.12   0.01
2026  20  5 31   889.5   1.18   24443.  1.87   0.01
2026  20  5 32   889.5   1.18   24443.  1.87   0.01
2026  20  5 33   889.5   1.18   24443.  1.87   0.01
2026  20  5 34 99999.9 999.99 9999999. 99.99 999.99
2026  20  5 35 99999.9 999.99 9999999. 99.99 999.99
2026  20  5 36   905.0   1.00   20706.  1.64   0.00
2026  20  5 37   905.0   1.00   20706.  1.64   0.00
2026  20  5 38   885.9   0.82   29282.  1.29   0.00
2026  20  5 39   890.4   0.88   23345.  1.40   0.00
2026  20  5 40   894.3   0.93   18324.  1.49   0.00
2026  20  5 41   892.2   0.75   31079.  1.19   0.00
2026  20  5 42   903.6   0.79   41661.  1.29   0.00
2026  20  5 43   905.2   0.66   16484.  1.08   0.00
2026  20  5 44   895.2   0.90   24243.  1.44   0.00
2026  20  5 45   894.2   0.93   25178.  1.49   0.00
2026  20  5 46   855.2   0.56   27966.  0.82   0.00
2026  20  5 47   855.5   0.56   28258.  0.82   0.00
2026  20  5 48   863.7   0.53   35431.  0.79   0.00
2026  20  5 49   863.7   0.53   35431.  0.79   0.00
2026  20  5 50 99999.9 999.99 9999999. 99.99 999.99
2026  20  5 51 99999.9 999.99 9999999. 99.99 999.99
2026  20  5 52 99999.9 999.99 9999999. 99.99 999.99
2026  20  5 53 99999.9 999.99 9999999. 99.99 999.99
2026  20  5 54 99999.9 999.99 9999999. 99.99 999.99
2026  20  5 55 99999.9 999.99 9999999. 99.99 999.99
2026  20  5 56 99999.9 999.99 9999999. 99.99 999.99
2026  20  5 57 99999.9 999.99 9999999. 99.99 999.99
2026  20  5 58 99999.9 999.99 9999999. 99.99 999.99
2026  20  5 59 99999.9 999.99 9999999. 99.99 999.99
2026  20  6  0   906.0   0.34   35139.  0.56   0.00
2026  20  6  1   906.0   0.34   35139.  0.56   0.00
2026  20  6  2 99999.9 999.99 9999999. 99.99 999.99
2026  20  6  3 99999.9 999.99 9999999. 99.99 999.99
2026  20  6  4 99999.9 999.99 9999999. 99.99 999.99
2026  20  6  5 99999.9 999.99 9999999. 99.99 999.99
2026  20  6  6 99999.9 999.99 9999999. 99.99 999.99
2026  20  6  7 99999.9 999.99 9999999. 99.99 999.99
2026  20  6  8 99999.9 999.99 9999999. 99.99 999.99
2026  20  6  9 99999.9 999.99 9999999. 99.99 999.99
2026  20  6 10 99999.9 999.99 9999999. 99.99 999.99
2026  20  6 11 99999.9 999.99 9999999. 99.99 999.99
2026  20  6 12 99999.9 999.99 9999999. 99.99 999.99
2026  20  6 13 99999.9 999.99 9999999. 99.99 999.99
2026  20  6 14 99999.9 999.99 9999999. 99.99 999.99
2026  20  6 15 99999.9 999.99 9999999. 99.99 999.99
2026  20  6 16   820.5   1.33   57766.  1.79   0.01
2026  20  6 17   820.5   1.33   57766.  1.79   0.01
2026  20  6 18   828.2   1.15   44892.  1.58   0.01
2026  20  6 19   873.7   1.03  134234.  1.57   0.01
2026  20  6 20   893.5   0.97  173166.  1.55   0.01
2026  20  6 21 99999.9 999.99 9999999. 99.99 999.99
2026  20  6 22 99999.9 999.99 9999999. 99.99 999.99
2026  20  6 23 99999.9 999.99 9999999. 99.99 999.99
2026  20  6 24 99999.9 999.99 9999999. 99.99 999.99
2026  20  6 25 99999.9 999.99 9999999. 99.99 999.99
2026  20  6 26 99999.9 999.99 9999999. 99.99 999.99
2026  20  6 27 99999.9 999.99 9999999. 99.99 999.99
2026  20  6 28 99999.9 999.99 9999999. 99.99 999.99
2026  20  6 29 99999.9 999.99 9999999. 99.99 999.99
2026  20  6 30 99999.9 999.99 9999999. 99.99 999.99
2026  20  6 31 99999.9 999.99 9999999. 99.99 999.99
2026  20  6 32 99999.9 999.99 9999999. 99.99 999.99
2026  20  6 33 99999.9 999.99 9999999. 99.99 999.99
2026  20  6 34 99999.9 999.99 9999999. 99.99 999.99
2026  20  6 35 99999.9 999.99 9999999. 99.99 999.99
2026  20  6 36 99999.9 999.99 9999999. 99.99 999.99
2026  20  6 37 99999.9 999.99 9999999. 99.99 999.99
2026  20  6 38 99999.9 999.99 9999999. 99.99 999.99
2026  20  6 39 99999.9 999.99 9999999. 99.99 999.99
2026  20  6 40 99999.9 999.99 9999999. 99.99 999.99
2026  20  6 41 99999.9 999.99 9999999. 99.99 999.99
2026  20  6 42 99999.9 999.99 9999999. 99.99 999.99
2026  20  6 43 99999.9 999.99 9999999. 99.99 999.99
2026  20  6 44 99999.9 999.99 9999999. 99.99 999.99
2026  20  6 45 99999.9 999.99 9999999. 99.99 999.99
2026  20  6 46 99999.9 999.99 9999999. 99.99 999.99
2026  20  6 47 99999.9 999.99 9999999. 99.99 999.99
2026  20  6 48 99999.9 999.99 9999999. 99.99 999.99
2026  20  6 49 99999.9 999.99 9999999. 99.99 999.99
2026  20  6 50 99999.9 999.99 9999999. 99.99 999.99
2026  20  6 51 99999.9 999.99 9999999. 99.99 999.99
2026  20  6 52 99999.9 999.99 9999999. 99.99 999.99
2026  20  6 53 99999.9 999.99 9999999. 99.99 999.99
2026  20  6 54 99999.9 999.99 9999999. 99.99 999.99
2026  20  6 55 99999.9 999.99 9999999. 99.99 999.99
2026  20  6 56 99999.9 999.99 9999999. 99.99 999.99
2026  20  6 57 99999.9 999.99 9999999. 99.99 999.99
2026  20  6 58 99999.9 999.99 9999999. 99.99 999.99
2026  20  6 59 99999.9 999.99 9999999. 99.99 999.99
2026  20  7  0 99999.9 999.99 9999999. 99.99 999.99
2026  20  7  1 99999.9 999.99 9999999. 99.99 999.99
2026  20  7  2 99999.9 999.99 9999999. 99.99 999.99
2026  20  7  3 99999.9 999.99 9999999. 99.99 999.99
2026  20  7  4 99999.9 999.99 9999999. 99.99 999.99
2026  20  7  5 99999.9 999.99 9999999. 99.99 999.99
2026  20  7  6 99999.9 999.99 9999999. 99.99 999.99
2026  20  7  7 99999.9 999.99 9999999. 99.99 999.99
2026  20  7  8 99999.9 999.99 9999999. 99.99 999.99
2026  20  7  9 99999.9 999.99 9999999. 99.99 999.99
2026  20  7 10 99999.9 999.99 9999999. 99.99 999.99
2026  20  7 11 99999.9 999.99 9999999. 99.99 999.99
2026  20  7 12 99999.9 999.99 9999999. 99.99 999.99
2026  20  7 13 99999.9 999.99 9999999. 99.99 999.99
2026  20  7 14 99999.9 999.99 9999999. 99.99 999.99
2026  20  7 15 99999.9 999.99 9999999. 99.99 999.99
2026  20  7 16 99999.9 999.99 9999999. 99.99 999.99
2026  20  7 17 99999.9 999.99 9999999. 99.99 999.99
2026  20  7 18 99999.9 999.99 9999999. 99.99 999.99
2026  20  7 19   981.3   1.15 1574070.  2.21   0.09
2026  20  7 20   996.1   1.37 1559188.  2.72   0.11
2026  20  7 21  1000.6   1.44 1554613.  2.88   0.12
2026  20  7 22 99999.9 999.99 9999999. 99.99 999.99
2026  20  7 23   967.4   4.07  349448.  7.62   0.09
2026  20  7 24   967.4   4.07  349448.  7.62   0.10
2026  20  7 25   967.4   4.07  349448.  7.62   0.10
2026  20  7 26 99999.9 999.99 9999999. 99.99 999.99
2026  20  7 27   927.3   6.69  112385. 11.51   0.08
2026  20  7 28   927.5   6.63  114065. 11.41   0.08
2026  20  7 29   932.7   5.33  150646.  9.27   0.07
2026  20  7 30   934.9   5.23  143598.  9.14   0.07
2026  20  7 31   952.2   4.43   89211.  8.03   0.05
2026  20  7 32   952.8   4.46   96226.  8.10   0.05
2026  20  7 33   954.3   4.54  113955.  8.27   0.05
2026  20  7 34   954.3   4.54  113955.  8.27   0.05
2026  20  7 35 99999.9 999.99 9999999. 99.99 999.99
2026  20  7 36 99999.9 999.99 9999999. 99.99 999.99
2026  20  7 37 99999.9 999.99 9999999. 99.99 999.99
2026  20  7 38 99999.9 999.99 9999999. 99.99 999.99
2026  20  7 39 99999.9 999.99 9999999. 99.99 999.99
2026  20  7 40 99999.9 999.99 9999999. 99.99 999.99
2026  20  7 41 99999.9 999.99 9999999. 99.99 999.99
2026  20  7 42 99999.9 999.99 9999999. 99.99 999.99
2026  20  7 43   965.6   3.47  156744.  6.47   0.05
2026  20  7 44   965.6   3.47  156744.  6.47   0.05
2026  20  7 45   965.6   3.47  156744.  6.47   0.05
2026  20  7 46   980.2   8.65   46086. 16.62   0.07
2026  20  7 47   979.8   8.67   45695. 16.65   0.07
2026  20  7 48   976.3   8.79   42486. 16.76   0.07
2026  20  7 49   975.4   7.89   51840. 15.01   0.07
2026  20  7 50   975.9   7.30   57716. 13.90   0.07
2026  20  7 51   980.3   5.12   79282.  9.84   0.05
2026  20  7 52   973.1   4.06   78860.  7.69   0.04
2026  20  7 53   970.7   5.85   83425. 11.02   0.06
2026  20  7 54   965.6   7.41   90395. 13.82   0.08
2026  20  7 55   964.5   7.83   82571. 14.57   0.09
2026  20  7 56   964.1   8.01   74052. 14.89   0.09
2026  20  7 57   960.9   9.26   50880. 17.10   0.09
2026  20  7 58   964.1   9.27   51770. 17.23   0.09
2026  20  7 59   966.0   9.28   52294. 17.32   0.09
2026  20  8  0   967.1   8.27   42166. 15.47   0.08
2026  20  8  1   967.1   8.27   42166. 15.47   0.08
2026  20  8  2   970.7   7.75   45090. 14.61   0.07
2026  20  8  3   970.7   7.75   45090. 14.61   0.07
2026  20  8  4   970.7   7.75   45090. 14.61   0.07
2026  20  8  5   966.1   2.35  120884.  4.39   0.03
2026  20  8  6   966.1   2.35  120884.  4.39   0.03
2026  20  8  7   966.1   2.35  120884.  4.39   0.03
2026  20  8  8 99999.9 999.99 9999999. 99.99 999.99
2026  20  8  9   964.2   2.38  147045.  4.43   0.03
2026  20  8 10   964.2   2.38  147045.  4.43   0.03
2026  20  8 11 99999.9 999.99 9999999. 99.99 999.99
2026  20  8 12   964.2   2.43  131944.  4.52   0.03
2026  20  8 13   964.2   2.43  131944.  4.52   0.03
2026  20  8 14   967.3   2.43  135929.  4.55   0.03
2026  20  8 15   967.3   2.43  135929.  4.55   0.03
2026  20  8 16   967.3   2.43  135929.  4.55   0.03
2026  20  8 17   942.3   2.99  147642.  5.31   0.04
2026  20  8 18   942.3   2.99  147642.  5.31   0.04
2026  20  8 19   942.3   2.99  147642.  5.31   0.05
2026  20  8 20 99999.9 999.99 9999999. 99.99 999.99
2026  20  8 21 99999.9 999.99 9999999. 99.99 999.99
2026  20  8 22 99999.9 999.99 9999999. 99.99 999.99
2026  20  8 23 99999.9 999.99 9999999. 99.99 999.99
2026  20  8 24 99999.9 999.99 9999999. 99.99 999.99
2026  20  8 25   933.8   3.56  161710.  6.21   0.06
2026  20  8 26   933.8   3.56  161710.  6.21   0.06
2026  20  8 27 99999.9 999.99 9999999. 99.99 999.99
2026  20  8 28 99999.9 999.99 9999999. 99.99 999.99
2026  20  8 29   935.5   3.40  149440.  5.95   0.05
2026  20  8 30   935.5   3.40  149440.  5.95   0.05
2026  20  8 31   935.5   3.40  149440.  5.95   0.05
2026  20  8 32 99999.9 999.99 9999999. 99.99 999.99
2026  20  8 33 99999.9 999.99 9999999. 99.99 999.99
2026  20  8 34 99999.9 999.99 9999999. 99.99 999.99
2026  20  8 35 99999.9 999.99 9999999. 99.99 999.99
2026  20  8 36 99999.9 999.99 9999999. 99.99 999.99
2026  20  8 37 99999.9 999.99 9999999. 99.99 999.99
2026  20  8 38   956.5   2.90  151856.  5.31   0.05
2026  20  8 39   956.5   2.90  151856.  5.31   0.05
2026  20  8 40   956.5   2.90  151856.  5.31   0.05
2026  20  8 41   958.2   2.89  147045.  5.31   0.04
2026  20  8 42   958.2   2.89  147045.  5.31   0.04
2026  20  8 43 99999.9 999.99 9999999. 99.99 999.99
2026  20  8 44 99999.9 999.99 9999999. 99.99 999.99
2026  20  8 45 99999.9 999.99 9999999. 99.99 999.99
2026  20  8 46 99999.9 999.99 9999999. 99.99 999.99
2026  20  8 47 99999.9 999.99 9999999. 99.99 999.99
2026  20  8 48 99999.9 999.99 9999999. 99.99 999.99
2026  20  8 49 99999.9 999.99 9999999. 99.99 999.99
2026  20  8 50   974.4   6.38   46086. 12.12   0.06
2026  20  8 51   974.4   6.38   46086. 12.12   0.06
2026  20  8 52   951.5   6.67   85988. 12.08   0.08
2026  20  8 53   951.5   6.67   85988. 12.08   0.08
2026  20  8 54 99999.9 999.99 9999999. 99.99 999.99
2026  20  8 55   943.9   6.62   79282. 11.80   0.08
2026  20  8 56   943.9   6.62   79282. 11.80   0.08
2026  20  8 57   943.9   6.62   79282. 11.80   0.08
2026  20  8 58 99999.9 999.99 9999999. 99.99 999.99
2026  20  8 59 99999.9 999.99 9999999. 99.99 999.99
2026  20  9  0 99999.9 999.99 9999999. 99.99 999.99
2026  20  9  1 99999.9 999.99 9999999. 99.99 999.99
2026  20  9  2   955.4   8.30   38725. 15.15   0.09
2026  20  9  3   955.4   8.30   38725. 15.15   0.09
2026  20  9  4 99999.9 999.99 9999999. 99.99 999.99
2026  20  9  5 99999.9 999.99 9999999. 99.99 999.99
2026  20  9  6 99999.9 999.99 9999999. 99.99 999.99
2026  20  9  7 99999.9 999.99 9999999. 99.99 999.99
2026  20  9  8 99999.9 999.99 9999999. 99.99 999.99
2026  20  9  9 99999.9 999.99 9999999. 99.99 999.99
2026  20  9 10 99999.9 999.99 9999999. 99.99 999.99
2026  20  9 11 99999.9 999.99 9999999. 99.99 999.99
2026  20  9 12 99999.9 999.99 9999999. 99.99 999.99
2026  20  9 13 99999.9 999.99 9999999. 99.99 999.99
2026  20  9 14 99999.9 999.99 9999999. 99.99 999.99
2026  20  9 15 99999.9 999.99 9999999. 99.99 999.99
2026  20  9 16 99999.9 999.99 9999999. 99.99 999.99
2026  20  9 17   948.5   9.84   41847. 17.71   0.11
2026  20  9 18   948.5   9.84   41847. 17.71   0.11
2026  20  9 19   948.5   9.84   41847. 17.71   0.11
2026  20  9 20 99999.9 999.99 9999999. 99.99 999.99
2026  20  9 21 99999.9 999.99 9999999. 99.99 999.99
2026  20  9 22 99999.9 999.99 9999999. 99.99 999.99
2026  20  9 23 99999.9 999.99 9999999. 99.99 999.99
2026  20  9 24   961.4   6.97   78844. 12.88   0.10
2026  20  9 25   961.4   6.97   78844. 12.88   0.10
2026  20  9 26   961.4   6.97   78844. 12.88   0.10
2026  20  9 27   961.9   5.51  110512. 10.20   0.09
2026  20  9 28   957.7   4.95  105043.  9.08   0.08
2026  20  9 29   955.6   4.60   95834.  8.40   0.07
2026  20  9 30 99999.9 999.99 9999999. 99.99 999.99
2026  20  9 31   950.4   3.56  106214.  6.43   0.06
2026  20  9 32   950.4   3.56  106214.  6.43   0.06
2026  20  9 33   950.4   3.56  106214.  6.43   0.06
2026  20  9 34   963.7   4.73  149440.  8.79   0.10
2026  20  9 35   963.7   4.73  149440.  8.79   0.10
2026  20  9 36   958.4   4.61  131469.  8.47   0.09
2026  20  9 37   958.3   4.99  124875.  9.17   0.10
2026  20  9 38   958.2   5.53  115538. 10.15 999.99
2026  20  9 39   961.8   6.69  108764. 12.38   0.12
2026  20  9 40   961.8   6.69  108764. 12.38   0.12
2026  20  9 41   961.8   6.69  108764. 12.38   0.13
2026  20  9 42 99999.9 999.99 9999999. 99.99 999.99
2026  20  9 43 99999.9 999.99 9999999. 99.99 999.99
2026  20  9 44 99999.9 999.99 9999999. 99.99 999.99
2026  20  9 45 99999.9 999.99 9999999. 99.99 999.99
2026  20  9 46 99999.9 999.99 9999999. 99.99 999.99
2026  20  9 47 99999.9 999.99 9999999. 99.99 999.99
2026  20  9 48   938.0  13.32   60796. 23.44   0.22
2026  20  9 49   938.0  13.33   60752. 23.46   0.22
2026  20  9 50   936.3  16.00   43969. 28.05   0.25
2026  20  9 51   936.2  16.13   43130. 28.27   0.25
2026  20  9 52 99999.9 999.99 9999999. 99.99 999.99
2026  20  9 53 99999.9 999.99 9999999. 99.99 999.99
2026  20  9 54   934.6  15.63   56280. 27.30   0.27
2026  20  9 55   934.6  15.63   56280. 27.30   0.28
2026  20  9 56   934.6  15.63   56280. 27.30   0.28
2026  20  9 57 99999.9 999.99 9999999. 99.99 999.99
2026  20  9 58   941.9   7.80   71593. 13.84   0.15
2026  20  9 59   941.9   7.75   72313. 13.75   0.16
2026  20 10  0   941.5   7.18   79720. 12.73   0.15
2026  20 10  1   941.5   7.18   79720. 12.73   0.15
2026  20 10  2   940.1   4.24   46421.  7.49   0.08
2026  20 10  3   940.1   4.24   46421.  7.49   0.07
2026  20 10  4   940.1   4.24   46421.  7.49   0.07
2026  20 10  5 99999.9 999.99 9999999. 99.99 999.99
2026  20 10  6 99999.9 999.99 9999999. 99.99 999.99
2026  20 10  7 99999.9 999.99 9999999. 99.99 999.99
2026  20 10  8 99999.9 999.99 9999999. 99.99 999.99
2026  20 10  9 99999.9 999.99 9999999. 99.99 999.99
2026  20 10 10 99999.9 999.99 9999999. 99.99 999.99
2026  20 10 11 99999.9 999.99 9999999. 99.99 999.99
2026  20 10 12 99999.9 999.99 9999999. 99.99 999.99
2026  20 10 13 99999.9 999.99 9999999. 99.99 999.99
2026  20 10 14 99999.9 999.99 9999999. 99.99 999.99
2026  20 10 15 99999.9 999.99 9999999. 99.99 999.99
2026  20 10 16 99999.9 999.99 9999999. 99.99 999.99
2026  20 10 17 99999.9 999.99 9999999. 99.99 999.99
2026  20 10 18   948.5  25.82   57393. 46.46   0.77
2026  20 10 19   948.5  25.82   57393. 46.46   0.75
2026  20 10 20   947.4  20.98   50178. 37.66   0.60
2026  20 10 21   947.1  19.59   48112. 35.14   0.53
2026  20 10 22   947.1  19.59   48112. 35.14 999.99
2026  20 10 23 99999.9 999.99 9999999. 99.99 999.99
2026  20 10 24   952.9  10.82   40584. 19.65   0.23
2026  20 10 25   953.1  10.78   40911. 19.59   0.24
2026  20 10 26   955.6  10.22   45984. 18.67   0.23
2026  20 10 27   956.2  10.10   47094. 18.47   0.23
2026  20 10 28 99999.9 999.99 9999999. 99.99 999.99
2026  20 10 29 99999.9 999.99 9999999. 99.99 999.99
2026  20 10 30   942.4  11.19   48797. 19.88   0.25
2026  20 10 31   942.4  11.19   48797. 19.88   0.26
2026  20 10 32   942.4  11.19   48797. 19.88   0.27
2026  20 10 33   939.5  10.02   46086. 17.69   0.23
2026  20 10 34   939.5  10.02   46086. 17.69   0.23
2026  20 10 35   943.6   9.70   42807. 17.27   0.23
2026  20 10 36   943.6   9.70   42807. 17.27   0.23
2026  20 10 37   945.8  11.23   42486. 20.09   0.27
2026  20 10 38   946.0  11.27   42569. 20.17   0.28
2026  20 10 39   947.9  11.44   40610. 20.56   0.29
2026  20 10 40   954.9   9.75   31351. 17.78   0.25
2026  20 10 41   957.2   9.40   29158. 17.23   0.24
2026  20 10 42   959.6   9.25   27191. 17.04   0.24
2026  20 10 43   954.9  10.72   34211. 19.55   0.31
2026  20 10 44   954.7  10.79   34558. 19.67   0.31
2026  20 10 45   949.9  11.88   50880. 21.44   0.40
2026  20 10 46   949.5  12.49   53866. 22.52   0.48
2026  20 10 47   948.3  14.22   62340. 25.58   0.62
2026  20 10 48   947.1  16.26   67088. 29.17   0.74
2026  20 10 49   947.1  16.26   67088. 29.17   0.85
2026  20 10 50   949.8  17.07   81932. 30.80   1.04
2026  20 10 51   949.8  17.07   81932. 30.80   0.94
2026  20 10 52 99999.9 999.99 9999999. 99.99 999.99
2026  20 10 53   949.3   7.62   43130. 13.73   0.25
2026  20 10 54   949.4   7.53   43021. 13.57   0.24
2026  20 10 55   951.8   5.24   40271.  9.49   0.16
2026  20 10 56   952.0   4.42   51785.  8.01   0.14
2026  20 10 57   952.0   4.25   54088.  7.70   0.14
2026  20 10 58 99999.9 999.99 9999999. 99.99 999.99
2026  20 10 59 99999.9 999.99 9999999. 99.99 999.99
2026  20 11  0   966.3   5.06   19385.  9.45   0.14
2026  20 11  1   965.7   4.87   22127.  9.08   0.13
2026  20 11  2   960.6   3.10   47771.  5.72   0.10
2026  20 11  3   953.2   4.92   35713.  8.94   0.15
2026  20 11  4   955.4   5.29   50528.  9.66   0.18
2026  20 11  5   959.0   5.18   56532.  9.53   0.18
2026  20 11  6   961.1   5.05   57021.  9.33   0.18
2026  20 11  7 99999.9 999.99 9999999. 99.99 999.99
2026  20 11  8 99999.9 999.99 9999999. 99.99 999.99
2026  20 11  9 99999.9 999.99 9999999. 99.99 999.99
2026  20 11 10   947.6  12.44   56650. 22.34   0.46
2026  20 11 11   947.6  12.44   56650. 22.34   0.49
2026  20 11 12   941.7  13.94   67127. 24.72   0.68
2026  20 11 13   940.6  14.22   69118. 25.16   0.73
2026  20 11 14   940.6  14.22   69118. 25.16   0.71
2026  20 11 15   942.5   8.81   81932. 15.65   0.48
2026  20 11 16   944.1   6.81   79303. 12.14   0.30
2026  20 11 17   944.6   5.93   83456. 10.58   0.27
2026  20 11 18   949.9   6.39   84807. 11.53   0.27
2026  20 11 19   951.4   5.21   67169.  9.43   0.20
2026  20 11 20   951.3   5.23   66930.  9.47   0.20
2026  20 11 21   949.2   7.83   89211. 14.11   0.35
2026  20 11 22   949.2   7.83   89211. 14.11   0.35
2026  20 11 23 99999.9 999.99 9999999. 99.99 999.99
2026  20 11 24 99999.9 999.99 9999999. 99.99 999.99
2026  20 11 25 99999.9 999.99 9999999. 99.99 999.99
2026  20 11 26 99999.9 999.99 9999999. 99.99 999.99
2026  20 11 27   951.7  26.28   32845. 47.61   0.91
2026  20 11 28   951.7  26.28   32845. 47.61   0.94
2026  20 11 29   954.2  24.61   30753. 44.81   0.81
2026  20 11 30   955.0  24.08   30086. 43.92   0.79
2026  20 11 31 99999.9 999.99 9999999. 99.99 999.99
2026  20 11 32   953.1  17.32   29016. 31.47   0.48
2026  20 11 33   952.1  15.90   28941. 28.83   0.45
2026  20 11 34   949.6  12.32   28752. 22.22   0.35
2026  20 11 35   952.0  14.24   25684. 25.81   0.39
2026  20 11 36   952.0  13.93   25433. 25.25   0.40
2026  20 11 37   951.6  11.63   23718. 21.06   0.34
2026  20 11 38   948.5  10.88   25934. 19.58   0.33
2026  20 11 39   948.2  10.80   26175. 19.42   0.33
2026  20 11 40   951.7   8.59   34558. 15.56   0.27
2026  20 11 41   951.7   8.59   34558. 15.56   0.28
2026  20 11 42   951.7   8.59   34558. 15.56   0.29
2026  20 11 43   941.6   9.36   24686. 16.60   0.30
2026  20 11 44   941.6   9.36   24686. 16.60   0.30
2026  20 11 45   940.3   7.97   28162. 14.09   0.27
2026  20 11 46   940.3   7.94   28227. 14.04   0.27
2026  20 11 47   940.3   7.94   28227. 14.04   0.26
2026  20 11 48   947.3   6.05   24200. 10.86   0.19
2026  20 11 49   947.3   6.05   24200. 10.86   0.19
2026  20 11 50   943.8   6.92   24929. 12.33   0.22
2026  20 11 51   941.5   7.51   25425. 13.31   0.24
2026  20 11 52   941.7   8.69   25674. 15.41   0.29
2026  20 11 53   941.7   8.68   25799. 15.39   0.30
2026  20 11 54   942.1   8.56   27959. 15.19   0.30
2026  20 11 55   948.6   8.33   28147. 14.99   0.29
2026  20 11 56   951.5   8.23   28225. 14.90   0.29
2026  20 11 57   954.6   6.71   22124. 12.23   0.22
2026  20 11 58   956.1   6.99   22357. 12.78   0.23
2026  20 11 59   957.1   7.17   22536. 13.14   0.24
2026  20 12  0 99999.9 999.99 9999999. 99.99 999.99
2026  20 12  1 99999.9 999.99 9999999. 99.99 999.99
2026  20 12  2   951.4   6.47   17898. 11.71   0.20
2026  20 12  3   951.4   6.47   17898. 11.71   0.20
2026  20 12  4   952.0   4.77   18099.  8.65   0.15
2026  20 12  5   952.3   4.75   18220.  8.62   0.15
2026  20 12  6   955.0   5.25   19385.  9.58   0.17
2026  20 12  7   949.8   5.58   16901. 10.07   0.18
2026  20 12  8   946.4   5.80   15295. 10.39   0.18
2026  20 12  9   946.5   5.47   15295.  9.80   0.17
2026  20 12 10   946.5   5.45   15295.  9.76   0.17
2026  20 12 11 99999.9 999.99 9999999. 99.99 999.99
2026  20 12 12   947.9   6.65   19820. 11.95   0.22
2026  20 12 13   948.2   6.63   19769. 11.92   0.22
2026  20 12 14   952.4   6.39   19080. 11.59   0.21
2026  20 12 15   951.7   6.78   18638. 12.28   0.23
2026  20 12 16   951.2   6.93   18528. 12.54   0.23
2026  20 12 17   951.1   7.15   18739. 12.94   0.24
2026  20 12 18   950.9   7.20   18881. 13.02   0.24
2026  20 12 19   950.1   7.48   19602. 13.50   0.25
2026  20 12 20   950.1   7.48   19602. 13.50   0.25
2026  20 12 21   948.4   7.03   17898. 12.65   0.23
2026  20 12 22   948.4   7.03   17898. 12.65   0.23
2026  20 12 23 99999.9 999.99 9999999. 99.99 999.99
2026  20 12 24   946.5   6.08   15682. 10.89   0.20
2026  20 12 25   946.5   6.08   15682. 10.89   0.20
2026  20 12 26   946.5   6.08   15682. 10.89   0.20
2026  20 12 27 99999.9 999.99 9999999. 99.99 999.99
2026  20 12 28 99999.9 999.99 9999999. 99.99 999.99
2026  20 12 29 99999.9 999.99 9999999. 99.99 999.99
2026  20 12 30   949.7   5.96   13612. 10.75   0.20
2026  20 12 31   949.7   5.96   13612. 10.75   0.20
2026  20 12 32   947.0   4.62   14535.  8.29   0.15
2026  20 12 33   947.0   4.62   14535.  8.29   0.15
2026  20 12 34   950.2   5.13   12720.  9.26   0.17
2026  20 12 35   950.4   5.13   12762.  9.27   0.16
2026  20 12 36   956.8   5.19   14162.  9.50   0.17
2026  20 12 37   957.9   5.27   14458.  9.67   0.17
2026  20 12 38   960.2   5.45   15103. 10.05   0.18
2026  20 12 39   960.2   5.45   15103. 10.05   0.18
2026  20 12 40 99999.9 999.99 9999999. 99.99 999.99
2026  20 12 41 99999.9 999.99 9999999. 99.99 999.99
2026  20 12 42 99999.9 999.99 9999999. 99.99 999.99
2026  20 12 43 99999.9 999.99 9999999. 99.99 999.99
2026  20 12 44 99999.9 999.99 9999999. 99.99 999.99
2026  20 12 45 99999.9 999.99 9999999. 99.99 999.99
2026  20 12 46 99999.9 999.99 9999999. 99.99 999.99
2026  20 12 47 99999.9 999.99 9999999. 99.99 999.99
2026  20 12 48 99999.9 999.99 9999999. 99.99 999.99
2026  20 12 49 99999.9 999.99 9999999. 99.99 999.99
2026  20 12 50 99999.9 999.99 9999999. 99.99 999.99
2026  20 12 51 99999.9 999.99 9999999. 99.99 999.99
2026  20 12 52 99999.9 999.99 9999999. 99.99 999.99
2026  20 12 53 99999.9 999.99 9999999. 99.99 999.99
2026  20 12 54 99999.9 999.99 9999999. 99.99 999.99
2026  20 12 55 99999.9 999.99 9999999. 99.99 999.99
2026  20 12 56 99999.9 999.99 9999999. 99.99 999.99
2026  20 12 57 99999.9 999.99 9999999. 99.99 999.99
2026  20 12 58 99999.9 999.99 9999999. 99.99 999.99
2026  20 12 59 99999.9 999.99 9999999. 99.99 999.99
2026  20 13  0 99999.9 999.99 9999999. 99.99 999.99
2026  20 13  1 99999.9 999.99 9999999. 99.99 999.99
2026  20 13  2 99999.9 999.99 9999999. 99.99 999.99
2026  20 13  3 99999.9 999.99 9999999. 99.99 999.99
2026  20 13  4 99999.9 999.99 9999999. 99.99 999.99
2026  20 13  5 99999.9 999.99 9999999. 99.99 999.99
2026  20 13  6   958.2   3.52   11689.  6.46   0.11
2026  20 13  7   958.2   3.52   11689.  6.46   0.11
2026  20 13  8 99999.9 999.99 9999999. 99.99 999.99
2026  20 13  9 99999.9 999.99 9999999. 99.99 999.99
2026  20 13 10   938.8   6.03    9005. 10.63   0.18
2026  20 13 11   938.8   6.03    9005. 10.63   0.18
2026  20 13 12 99999.9 999.99 9999999. 99.99 999.99
2026  20 13 13 99999.9 999.99 9999999. 99.99 999.99
2026  20 13 14 99999.9 999.99 9999999. 99.99 999.99
2026  20 13 15 99999.9 999.99 9999999. 99.99 999.99
2026  20 13 16 99999.9 999.99 9999999. 99.99 999.99
2026  20 13 17   932.1   4.81    9605.  8.36   0.14
2026  20 13 18   932.1   4.81    9605.  8.36   0.14
2026  20 13 19   928.5   4.97    9153.  8.57   0.14
2026  20 13 20   928.5   4.97    9153.  8.57   0.14
2026  20 13 21   928.5   4.97    9153.  8.57   0.14
2026  20 13 22 99999.9 999.99 9999999. 99.99 999.99
2026  20 13 23   926.2   4.64    9912.  7.96   0.13
2026  20 13 24   926.2   4.64    9912.  7.96   0.13
2026  20 13 25 99999.9 999.99 9999999. 99.99 999.99
2026  20 13 26   918.0   4.86   13073.  8.19   0.14
2026  20 13 27   918.0   4.86   13073.  8.19   0.14
2026  20 13 28   932.5   5.93   11692. 10.31   0.17
2026  20 13 29   932.5   5.93   11689. 10.31   0.17
2026  20 13 30   932.5   5.93   11689. 10.31   0.17
2026  20 13 31 99999.9 999.99 9999999. 99.99 999.99
2026  20 13 32 99999.9 999.99 9999999. 99.99 999.99
2026  20 13 33 99999.9 999.99 9999999. 99.99 999.99
2026  20 13 34 99999.9 999.99 9999999. 99.99 999.99
2026  20 13 35   933.3   5.20   11858.  9.06   0.15
2026  20 13 36   933.3   5.20   11858.  9.06   0.15
2026  20 13 37   929.9   5.74   10212.  9.93   0.17
2026  20 13 38   929.3   5.84    9912. 10.09   0.17
2026  20 13 39 99999.9 999.99 9999999. 99.99 999.99
2026  20 13 40   926.1   6.93    5460. 11.89   0.19
2026  20 13 41   926.1   6.93    5460. 11.89   0.20
2026  20 13 42   926.1   6.93    5460. 11.89   0.20
2026  20 13 43 99999.9 999.99 9999999. 99.99 999.99
2026  20 13 44   916.5   6.77   16671. 11.37   0.21
2026  20 13 45   916.1   6.74   15892. 11.31   0.21
2026  20 13 46   912.4   6.50    9005. 10.82   0.19
2026  20 13 47   912.4   6.50    9005. 10.82   0.19
2026  20 13 48 99999.9 999.99 9999999. 99.99 999.99
2026  20 13 49 99999.9 999.99 9999999. 99.99 999.99
2026  20 13 50 99999.9 999.99 9999999. 99.99 999.99
2026  20 13 51   912.3   5.49    8424.  9.14   0.16
2026  20 13 52   912.3   5.49    8424.  9.14   0.15
2026  20 13 53 99999.9 999.99 9999999. 99.99 999.99
2026  20 13 54 99999.9 999.99 9999999. 99.99 999.99
2026  20 13 55   911.9   4.72    7320.  7.85   0.13
2026  20 13 56   911.9   4.72    7320.  7.85   0.13
2026  20 13 57   911.6   4.88    7566.  8.11   0.13
2026  20 13 58   911.6   4.89    7589.  8.13   0.13
2026  20 13 59 99999.9 999.99 9999999. 99.99 999.99
2026  20 14  0   911.9   5.91    8712.  9.83   0.17
2026  20 14  1   911.9   5.91    8712.  9.83   0.17
2026  20 14  2   911.9   5.91    8712.  9.83   0.17
2026  20 14  3 99999.9 999.99 9999999. 99.99 999.99
2026  20 14  4   913.9   4.48    7725.  7.48   0.12
2026  20 14  5   913.9   4.48    7725.  7.48   0.12
2026  20 14  6 99999.9 999.99 9999999. 99.99 999.99
2026  20 14  7 99999.9 999.99 9999999. 99.99 999.99
2026  20 14  8 99999.9 999.99 9999999. 99.99 999.99
2026  20 14  9   908.9   4.73    7725.  7.81   0.13
2026  20 14 10   908.9   4.73    7725.  7.81   0.13
2026  20 14 11 99999.9 999.99 9999999. 99.99 999.99
2026  20 14 12 99999.9 999.99 9999999. 99.99 999.99
2026  20 14 13   909.4   4.46    9005.  7.38   0.12
2026  20 14 14   909.4   4.46    9005.  7.38   0.12
2026  20 14 15   909.4   4.46    9005.  7.38   0.12
2026  20 14 16   910.7   5.01    8282.  8.31   0.13
2026  20 14 17   910.7   5.01    8282.  8.31   0.14
2026  20 14 18   910.7   5.01    8282.  8.31   0.14
2026  20 14 19   911.3   6.23    7188. 10.35   0.17
2026  20 14 20   911.3   6.23    7188. 10.35   0.17
2026  20 14 21 99999.9 999.99 9999999. 99.99 999.99
2026  20 14 22   908.5   5.99    7725.  9.89   0.16
2026  20 14 23   908.5   5.99    7725.  9.89   0.16
2026  20 14 24 99999.9 999.99 9999999. 99.99 999.99
2026  20 14 25 99999.9 999.99 9999999. 99.99 999.99
2026  20 14 26 99999.9 999.99 9999999. 99.99 999.99
2026  20 14 27 99999.9 999.99 9999999. 99.99 999.99
2026  20 14 28 99999.9 999.99 9999999. 99.99 999.99
2026  20 14 29 99999.9 999.99 9999999. 99.99 999.99
2026  20 14 30 99999.9 999.99 9999999. 99.99 999.99
2026  20 14 31   913.4   6.05    6294. 10.10   0.16
2026  20 14 32   913.4   6.05    6294. 10.10   0.16
2026  20 14 33 99999.9 999.99 9999999. 99.99 999.99
2026  20 14 34 99999.9 999.99 9999999. 99.99 999.99
2026  20 14 35 99999.9 999.99 9999999. 99.99 999.99
2026  20 14 36 99999.9 999.99 9999999. 99.99 999.99
2026  20 14 37 99999.9 999.99 9999999. 99.99 999.99
2026  20 14 38 99999.9 999.99 9999999. 99.99 999.99
2026  20 14 39 99999.9 999.99 9999999. 99.99 999.99
2026  20 14 40 99999.9 999.99 9999999. 99.99 999.99
2026  20 14 41 99999.9 999.99 9999999. 99.99 999.99
2026  20 14 42 99999.9 999.99 9999999. 99.99 999.99
2026  20 14 43 99999.9 999.99 9999999. 99.99 999.99
2026  20 14 44 99999.9 999.99 9999999. 99.99 999.99
2026  20 14 45 99999.9 999.99 9999999. 99.99 999.99
2026  20 14 46 99999.9 999.99 9999999. 99.99 999.99
2026  20 14 47 99999.9 999.99 9999999. 99.99 999.99
2026  20 14 48 99999.9 999.99 9999999. 99.99 999.99
2026  20 14 49   902.5   6.09    7725.  9.92   0.16
2026  20 14 50   902.5   6.09    7725.  9.92 999.99
2026  20 14 51   905.6   6.06    7136.  9.94   0.16
2026  20 14 52   908.1   5.93    6716.  9.78   0.16
2026  20 14 53   908.1   5.34    6575.  8.81   0.14
2026  20 14 54   905.7   4.89    6056.  8.02   0.13
2026  20 14 55   905.7   4.89    6050.  8.02   0.13
2026  20 14 56 99999.9 999.99 9999999. 99.99 999.99
2026  20 14 57 99999.9 999.99 9999999. 99.99 999.99
2026  20 14 58   899.0   5.43    6798.  8.78   0.14
2026  20 14 59   898.4   5.58    6846.  9.01   0.14
2026  20 15  0   895.7   6.77    7372. 10.86   0.17
2026  20 15  1   897.1   6.91    7559. 11.12   0.18
2026  20 15  2 99999.9 999.99 9999999. 99.99 999.99
2026  20 15  3   889.7   6.96    6418. 11.02   0.18
2026  20 15  4   889.7   6.96    6418. 11.02   0.18
2026  20 15  5 99999.9 999.99 9999999. 99.99 999.99
2026  20 15  6   888.5   7.40    6927. 11.68   0.19
2026  20 15  7   888.5   7.40    6927. 11.68   0.19
2026  20 15  8   888.5   7.40    6927. 11.68   0.19
2026  20 15  9   884.4   6.50    8567. 10.17   0.17
2026  20 15 10   884.6   6.46    8227. 10.11   0.16
2026  20 15 11   884.9   6.39    7690. 10.01   0.16
2026  20 15 12   883.3   5.42    8333.  8.46   0.13
2026  20 15 13   883.8   5.51    8143.  8.61   0.14
2026  20 15 14   883.9   5.59    8465.  8.73   0.14
2026  20 15 15   883.8   5.76    8851.  9.00   0.15
2026  20 15 16   884.0   6.61    9605. 10.33   0.17
2026  20 15 17   882.6   6.19    8610.  9.64   0.16
2026  20 15 18   882.5   6.17    8567.  9.61   0.15
2026  20 15 19   882.4   6.36    7454.  9.90   0.16
2026  20 15 20   894.5   6.38    6089. 10.21   0.15
2026  20 15 21   906.0   6.39    4792. 10.49   0.15
2026  20 15 22 99999.9 999.99 9999999. 99.99 999.99
2026  20 15 23 99999.9 999.99 9999999. 99.99 999.99
2026  20 15 24 99999.9 999.99 9999999. 99.99 999.99
2026  20 15 25 99999.9 999.99 9999999. 99.99 999.99
2026  20 15 26 99999.9 999.99 9999999. 99.99 999.99
2026  20 15 27 99999.9 999.99 9999999. 99.99 999.99
2026  20 15 28 99999.9 999.99 9999999. 99.99 999.99
2026  20 15 29 99999.9 999.99 9999999. 99.99 999.99
2026  20 15 30 99999.9 999.99 9999999. 99.99 999.99
2026  20 15 31 99999.9 999.99 9999999. 99.99 999.99
2026  20 15 32 99999.9 999.99 9999999. 99.99 999.99
2026  20 15 33 99999.9 999.99 9999999. 99.99 999.99
2026  20 15 34 99999.9 999.99 9999999. 99.99 999.99
2026  20 15 35   880.6   6.71    7725. 10.41   0.16
2026  20 15 36   880.6   6.71    7725. 10.41   0.16
2026  20 15 37   880.7   6.92    8282. 10.73   0.17
2026  20 15 38   880.7   6.92    8282. 10.73   0.17
2026  20 15 39   880.7   6.92    8282. 10.73   0.17
2026  20 15 40   881.3   6.82    8567. 10.59   0.17
2026  20 15 41   881.3   6.82    8567. 10.59   0.17
2026  20 15 42   882.1   7.08    8445. 11.02   0.17
2026  20 15 43   883.0   6.82    8317. 10.63   0.17
2026  20 15 44   883.2   6.71    8282. 10.47   0.16
2026  20 15 45 99999.9 999.99 9999999. 99.99 999.99
2026  20 15 46 99999.9 999.99 9999999. 99.99 999.99
2026  20 15 47   879.9   5.93    8712.  9.18   0.14
2026  20 15 48   879.9   5.93    8712.  9.18   0.14
2026  20 15 49 99999.9 999.99 9999999. 99.99 999.99
2026  20 15 50   880.8   5.34    9605.  8.29   0.13
2026  20 15 51   876.6   5.31    9758.  8.16   0.13
2026  20 15 52   876.8   5.04    8718.  7.75   0.12
2026  20 15 53   874.3   5.07    7958.  7.75   0.12
2026  20 15 54   878.3   4.96   10071.  7.65   0.12
2026  20 15 55   877.9   5.21    9851.  8.03   0.12
2026  20 15 56   876.5   5.24    8492.  8.05   0.12
2026  20 15 57   875.8   5.22    8480.  8.01   0.12
2026  20 15 58   870.3   5.04   10224.  7.63   0.12
2026  20 15 59   870.3   5.04   10224.  7.63   0.12
2026  20 16  0   867.3   5.45    8567.  8.20   0.12
2026  20 16  1   867.3   5.45    8622.  8.20   0.12
2026  20 16  2   868.0   5.54    9758.  8.35   0.13
2026  20 16  3   868.0   5.54    9758.  8.35   0.13
2026  20 16  4   863.1   5.35   10702.  7.97   0.12
2026  20 16  5   863.1   5.35   10702.  7.97   0.12
2026  20 16  6   863.1   5.35   10702.  7.97   0.12
2026  20 16  7   866.3   4.73    9153.  7.10   0.11
2026  20 16  8   866.3   4.73    9153.  7.10   0.11
2026  20 16  9   866.3   4.73    9153.  7.10   0.11
2026  20 16 10   866.6   5.75   12545.  8.64   0.13
2026  20 16 11   866.6   5.75   12545.  8.64   0.13
2026  20 16 12   866.6   5.75   12545.  8.64   0.13
2026  20 16 13 99999.9 999.99 9999999. 99.99 999.99
2026  20 16 14 99999.9 999.99 9999999. 99.99 999.99
2026  20 16 15 99999.9 999.99 9999999. 99.99 999.99
2026  20 16 16 99999.9 999.99 9999999. 99.99 999.99
2026  20 16 17 99999.9 999.99 9999999. 99.99 999.99
2026  20 16 18 99999.9 999.99 9999999. 99.99 999.99
2026  20 16 19   866.6   5.35    8567.  8.04   0.12
2026  20 16 20   866.6   5.35    8567.  8.04   0.12
2026  20 16 21   861.1   5.38   10224.  7.98   0.12
2026  20 16 22   861.1   5.38   10224.  7.98   0.12
2026  20 16 23   860.3   5.90   10084.  8.73   0.13
2026  20 16 24   861.0   5.84   10133.  8.66   0.13
2026  20 16 25   862.1   5.66   10224.  8.41   0.13
2026  20 16 26   862.6   3.68   18740.  5.48   0.09
2026  20 16 27   862.6   3.68   18740.  5.48   0.09
2026  20 16 28   862.6   3.68   18740.  5.48   0.09
2026  20 16 29   874.9   3.81   16873.  5.83   0.09
2026  20 16 30   874.9   3.81   16873.  5.83   0.09
2026  20 16 31 99999.9 999.99 9999999. 99.99 999.99
2026  20 16 32   867.2   3.71   14913.  5.58   0.08
2026  20 16 33   867.2   3.71   14915.  5.58   0.08
2026  20 16 34   868.5   3.77   16973.  5.69   0.08
2026  20 16 35   868.6   3.77   17076.  5.69   0.08
2026  20 16 36   868.7   3.74   14723.  5.64   0.08
2026  20 16 37   868.7   3.74   14723.  5.64   0.08
2026  20 16 38   872.9   4.24   14535.  6.46   0.09
2026  20 16 39   872.9   4.24   14535.  6.46   0.09
2026  20 16 40 99999.9 999.99 9999999. 99.99 999.99
2026  20 16 41 99999.9 999.99 9999999. 99.99 999.99
2026  20 16 42 99999.9 999.99 9999999. 99.99 999.99
2026  20 16 43   868.0   4.10   12545.  6.18   0.08
2026  20 16 44   868.0   4.10   12545.  6.18   0.08
2026  20 16 45   868.0   4.10   12544.  6.18   0.08
2026  20 16 46   864.9   4.52   12199.  6.76   0.09
2026  20 16 47   867.1   4.13   13069.  6.21   0.08
2026  20 16 48   868.5   3.89   13612.  5.87   0.08
2026  20 16 49 99999.9 999.99 9999999. 99.99 999.99
2026  20 16 50 99999.9 999.99 9999999. 99.99 999.99
2026  20 16 51 99999.9 999.99 9999999. 99.99 999.99
2026  20 16 52 99999.9 999.99 9999999. 99.99 999.99
2026  20 16 53 99999.9 999.99 9999999. 99.99 999.99
2026  20 16 54 99999.9 999.99 9999999. 99.99 999.99
2026  20 16 55 99999.9 999.99 9999999. 99.99 999.99
2026  20 16 56 99999.9 999.99 9999999. 99.99 999.99
2026  20 16 57 99999.9 999.99 9999999. 99.99 999.99
2026  20 16 58 99999.9 999.99 9999999. 99.99 999.99
2026  20 16 59   864.0   5.15   13432.  7.69   0.10
2026  20 17  0   864.0   5.15   13432.  7.69   0.10
2026  20 17  1   864.0   5.15   13432.  7.69   0.10
2026  20 17  2 99999.9 999.99 9999999. 99.99 999.99
2026  20 17  3 99999.9 999.99 9999999. 99.99 999.99
2026  20 17  4 99999.9 999.99 9999999. 99.99 999.99
2026  20 17  5   866.3   4.63   11190.  6.95   0.07
2026  20 17  6   866.3   4.63   11190.  6.95   0.07
2026  20 17  7 99999.9 999.99 9999999. 99.99 999.99
2026  20 17  8 99999.9 999.99 9999999. 99.99 999.99
2026  20 17  9 99999.9 999.99 9999999. 99.99 999.99
2026  20 17 10 99999.9 999.99 9999999. 99.99 999.99
2026  20 17 11 99999.9 999.99 9999999. 99.99 999.99
2026  20 17 12 99999.9 999.99 9999999. 99.99 999.99
2026  20 17 13 99999.9 999.99 9999999. 99.99 999.99
2026  20 17 14 99999.9 999.99 9999999. 99.99 999.99
2026  20 17 15 99999.9 999.99 9999999. 99.99 999.99
2026  20 17 16 99999.9 999.99 9999999. 99.99 999.99
2026  20 17 17 99999.9 999.99 9999999. 99.99 999.99
2026  20 17 18 99999.9 999.99 9999999. 99.99 999.99
2026  20 17 19 99999.9 999.99 9999999. 99.99 999.99
2026  20 17 20   872.3   4.62   68302.  7.03   0.09
2026  20 17 21   872.3   4.62   68302.  7.03   0.09
2026  20 17 22   872.3   4.62   68302.  7.03   0.09
2026  20 17 23   863.9   4.62   14723.  6.90   0.07
2026  20 17 24   863.9   4.62   14723.  6.90   0.07
2026  20 17 25   863.9   4.62   14723.  6.90   0.07
2026  20 17 26 99999.9 999.99 9999999. 99.99 999.99
2026  20 17 27   864.8   5.02   13612.  7.51   0.07
2026  20 17 28   864.8   5.02   13612.  7.51   0.07
2026  20 17 29 99999.9 999.99 9999999. 99.99 999.99
2026  20 17 30 99999.9 999.99 9999999. 99.99 999.99
2026  20 17 31 99999.9 999.99 9999999. 99.99 999.99
2026  20 17 32   861.0   5.11   21156.  7.58   0.07
2026  20 17 33   861.0   5.11   21156.  7.58   0.07
2026  20 17 34 99999.9 999.99 9999999. 99.99 999.99
2026  20 17 35   862.2   4.52   18220.  6.72   0.06
2026  20 17 36   862.6   4.65   20838.  6.92   0.06
2026  20 17 37 99999.9 999.99 9999999. 99.99 999.99
2026  20 17 38   859.6   4.74   19385.  7.00   0.06
2026  20 17 39   859.6   4.74   19385.  7.00   0.06
2026  20 17 40 99999.9 999.99 9999999. 99.99 999.99
2026  20 17 41   848.6   5.71   19602.  8.22   0.07
2026  20 17 42   848.6   5.71   19602.  8.22   0.07
2026  20 17 43   847.1   5.49   17484.  7.88   0.07
2026  20 17 44   847.1   5.49   17484.  7.88 999.99
2026  20 17 45   847.1   5.49   17484.  7.88   0.07
2026  20 17 46 99999.9 999.99 9999999. 99.99 999.99
2026  20 17 47 99999.9 999.99 9999999. 99.99 999.99
2026  20 17 48   847.3   5.66   20706.  8.13   0.07
2026  20 17 49   847.3   5.66   20706.  8.13   0.07
2026  20 17 50   847.3   5.66   20706.  8.13   0.07
2026  20 17 51 99999.9 999.99 9999999. 99.99 999.99
2026  20 17 52 99999.9 999.99 9999999. 99.99 999.99
2026  20 17 53 99999.9 999.99 9999999. 99.99 999.99
2026  20 17 54 99999.9 999.99 9999999. 99.99 999.99
2026  20 17 55 99999.9 999.99 9999999. 99.99 999.99
2026  20 17 56   845.7   7.68   10702. 10.99   0.09
2026  20 17 57   845.7   7.68   10702. 10.99   0.09
2026  20 17 58 99999.9 999.99 9999999. 99.99 999.99
2026  20 17 59 99999.9 999.99 9999999. 99.99 999.99
2026  20 18  0   848.6   5.63   15488.  8.11   0.07
2026  20 18  1   848.6   5.63   15488.  8.11   0.07
2026  20 18  2 99999.9 999.99 9999999. 99.99 999.99
2026  20 18  3 99999.9 999.99 9999999. 99.99 999.99
2026  20 18  4 99999.9 999.99 9999999. 99.99 999.99
2026  20 18  5   848.2   7.48   11522. 10.76   0.09
2026  20 18  6   848.2   7.48   11522. 10.76   0.09
2026  20 18  7   848.2   7.48   11522. 10.76   0.09
2026  20 18  8   848.4   8.28   12896. 11.92   0.10
2026  20 18  9   848.4   8.28   12896. 11.92   0.10
2026  20 18 10   848.4   8.28   12896. 11.92   0.10
2026  20 18 11   845.6   9.19   11190. 13.14   0.11
2026  20 18 12   845.6   9.19   11190. 13.14   0.11
2026  20 18 13   845.6   9.19   11190. 13.14   0.11
2026  20 18 14 99999.9 999.99 9999999. 99.99 999.99
2026  20 18 15 99999.9 999.99 9999999. 99.99 999.99
2026  20 18 16   848.9   7.07   11858. 10.19   0.08
2026  20 18 17   848.9   7.07   11858. 10.19   0.08
2026  20 18 18   849.3   6.94   11515. 10.01   0.08
2026  20 18 19   849.8   6.75   11026.  9.75   0.08
2026  20 18 20   852.3   6.92   17806. 10.05   0.08
2026  20 18 21   853.1   6.97   20040. 10.15   0.08
2026  20 18 22   853.1   6.97   20040. 10.15   0.08
2026  20 18 23 99999.9 999.99 9999999. 99.99 999.99
2026  20 18 24 99999.9 999.99 9999999. 99.99 999.99
2026  20 18 25 99999.9 999.99 9999999. 99.99 999.99
2026  20 18 26   851.8   6.97   12199. 10.11   0.08
2026  20 18 27   851.8   6.97   12199. 10.11   0.08
2026  20 18 28   851.8   6.97   12199. 10.11   0.08
2026  20 18 29 99999.9 999.99 9999999. 99.99 999.99
2026  20 18 30 99999.9 999.99 9999999. 99.99 999.99
2026  20 18 31   849.8   5.47   12545.  7.90   0.06
2026  20 18 32   849.8   5.47   12545.  7.90   0.06
2026  20 18 33 99999.9 999.99 9999999. 99.99 999.99
2026  20 18 34 99999.9 999.99 9999999. 99.99 999.99
2026  20 18 35   849.4   6.11   19385.  8.82   0.07
2026  20 18 36   849.4   6.11   19385.  8.82   0.07
2026  20 18 37 99999.9 999.99 9999999. 99.99 999.99
2026  20 18 38 99999.9 999.99 9999999. 99.99 999.99
2026  20 18 39 99999.9 999.99 9999999. 99.99 999.99
2026  20 18 40 99999.9 999.99 9999999. 99.99 999.99
2026  20 18 41 99999.9 999.99 9999999. 99.99 999.99
2026  20 18 42   855.0   5.53   19385.  8.09   0.06
2026  20 18 43   855.0   5.53   19385.  8.09   0.06
2026  20 18 44   855.0   5.53   19385.  8.09   0.06
2026  20 18 45 99999.9 999.99 9999999. 99.99 999.99
2026  20 18 46 99999.9 999.99 9999999. 99.99 999.99
2026  20 18 47 99999.9 999.99 9999999. 99.99 999.99
2026  20 18 48 99999.9 999.99 9999999. 99.99 999.99
2026  20 18 49 99999.9 999.99 9999999. 99.99 999.99
2026  20 18 50 99999.9 999.99 9999999. 99.99 999.99
2026  20 18 51 99999.9 999.99 9999999. 99.99 999.99
2026  20 18 52 99999.9 999.99 9999999. 99.99 999.99
2026  20 18 53   850.7   4.17   40584.  6.04   0.05
2026  20 18 54   850.7   4.17   40584.  6.04   0.05
2026  20 18 55   849.2   4.44   36392.  6.40   0.05
2026  20 18 56   849.4   4.50   35830.  6.49   0.05
2026  20 18 57   853.0   5.66   25178.  8.24   0.06
2026  20 18 58   850.4   5.94   23896.  8.59   0.06
2026  20 18 59   849.5   6.03   23479.  8.70   0.06
2026  20 19  0   850.5   4.83   28227.  6.99   0.05
2026  20 19  1   850.5   4.83   28227.  6.99   0.05
2026  20 19  2 99999.9 999.99 9999999. 99.99 999.99
2026  20 19  3 99999.9 999.99 9999999. 99.99 999.99
2026  20 19  4 99999.9 999.99 9999999. 99.99 999.99
2026  20 19  5 99999.9 999.99 9999999. 99.99 999.99
2026  20 19  6   867.1   3.28   26427.  4.93   0.04
2026  20 19  7   867.1   3.40   26523.  5.11   0.04
2026  20 19  8   867.3   4.12   27115.  6.20   0.05
2026  20 19  9   867.3   4.21   27191.  6.33   0.05
2026  20 19 10 99999.9 999.99 9999999. 99.99 999.99
2026  20 19 11 99999.9 999.99 9999999. 99.99 999.99
2026  20 19 12   836.3   3.56   35725.  4.98   0.05
2026  20 19 13   838.6   3.82   35453.  5.37   0.05
2026  20 19 14   844.1   4.33   35685.  6.17   0.06
2026  20 19 15   858.2   4.25   47432.  6.26   0.07
2026  20 19 16   858.2   4.25   47432.  6.26   0.07
2026  20 19 17   851.0   1.79   22303.  2.59   0.02
2026  20 19 18   851.0   1.79   22303.  2.59   0.02
2026  20 19 19   851.0   1.79   22303.  2.59   0.02
2026  20 19 20   852.2   1.87   28227.  2.72   0.03
2026  20 19 21   852.2   1.87   28227.  2.72   0.03
2026  20 19 22   856.9   1.72   33696.  2.53   0.02
2026  20 19 23   856.9   1.72   33696.  2.53   0.02
2026  20 19 24   860.1   1.64   25924.  2.43   0.02
2026  20 19 25   860.1   1.64   25924.  2.43   0.02
2026  20 19 26 99999.9 999.99 9999999. 99.99 999.99
2026  20 19 27   858.4   2.03   39649.  2.99   0.03
2026  20 19 28   858.4   2.03   39649.  2.99   0.03
2026  20 19 29 99999.9 999.99 9999999. 99.99 999.99
2026  20 19 30   855.9   1.70   32283.  2.49   0.03
2026  20 19 31   855.9   1.70   32283.  2.49   0.03
2026  20 19 32   855.9   1.70   32283.  2.49   0.03
2026  20 19 33 99999.9 999.99 9999999. 99.99 999.99
2026  20 19 34   847.7   1.82   16873.  2.62   0.02
2026  20 19 35   847.7   1.82   16873.  2.62   0.02
2026  20 19 36 99999.9 999.99 9999999. 99.99 999.99
2026  20 19 37 99999.9 999.99 9999999. 99.99 999.99
2026  20 19 38   838.5   1.42   20706.  2.00   0.02
2026  20 19 39   838.5   1.42   20706.  2.00   0.02
2026  20 19 40   848.6   1.85   20040.  2.66   0.03
2026  20 19 41   848.6   1.85   20040.  2.66   0.03
2026  20 19 42   848.9   1.85   20428.  2.67   0.03
2026  20 19 43   855.7   1.80   29282.  2.64   0.03
2026  20 19 44   855.7   1.80   29282.  2.64   0.03
2026  20 19 45 99999.9 999.99 9999999. 99.99 999.99
2026  20 19 46   853.1   1.88   47771.  2.74   0.03
2026  20 19 47   853.1   1.88   47771.  2.74   0.03
2026  20 19 48   853.1   1.88   47771.  2.74   0.03
2026  20 19 49   848.3   1.99   37812.  2.86   0.03
2026  20 19 50   848.3   1.99   37812.  2.86   0.03
2026  20 19 51   848.3   1.99   37812.  2.86   0.03
2026  20 19 52   852.4   1.77   27966.  2.57   0.03
2026  20 19 53   852.4   1.77   27966.  2.57   0.03
2026  20 19 54   852.4   1.77   27966.  2.57   0.03
2026  20 19 55   853.0   1.89   29817.  2.75   0.03
2026  20 19 56   853.0   1.89   29988.  2.75   0.03
2026  20 19 57   853.0   1.62   54524.  2.36   0.03
2026  20 19 58   853.0   1.60   56650.  2.33   0.03
2026  20 19 59   849.9   1.86   18740.  2.69   0.03
2026  20 20  0   849.9   1.86   18740.  2.69   0.03
2026  20 20  1   846.5   1.72   46827.  2.46   0.03
2026  20 20  2   847.6   1.75   52240.  2.51   0.03
2026  20 20  3   858.4   2.08   76711.  3.07   0.04
2026  20 20  4   858.8   2.09   77539.  3.08   0.04
2026  20 20  5 99999.9 999.99 9999999. 99.99 999.99
2026  20 20  6   850.3   1.91   24931.  2.76   0.03
2026  20 20  7   849.0   1.85   23877.  2.67   0.03
2026  20 20  8   846.8   1.81   23856.  2.60   0.03
2026  20 20  9   844.4   1.89   26935.  2.70   0.03
2026  20 20 10   843.7   1.83   22071.  2.61   0.03
2026  20 20 11   843.7   1.83   25936.  2.61   0.03
2026  20 20 12   841.8   1.83   45908.  2.59   0.03
2026  20 20 13   843.6   1.85   43046.  2.63   0.03
2026  20 20 14   849.0   2.12   48953.  3.06   0.04
2026  20 20 15   847.9   2.39   46414.  3.44   0.04
2026  20 20 16   844.7   1.94   45421.  2.77   0.04
2026  20 20 17   844.7   1.94   45421.  2.77   0.04
2026  20 20 18   847.5   2.12   46959.  3.05   0.04
2026  20 20 19   848.4   2.17   47432.  3.12   0.04
2026  20 20 20 99999.9 999.99 9999999. 99.99 999.99
2026  20 20 21 99999.9 999.99 9999999. 99.99 999.99
2026  20 20 22 99999.9 999.99 9999999. 99.99 999.99
2026  20 20 23 99999.9 999.99 9999999. 99.99 999.99
2026  20 20 24   848.3   1.79   29016.  2.58   0.03
2026  20 20 25   848.3   1.79   29016.  2.58   0.03
2026  20 20 26   841.7   2.59   21106.  3.67   0.04
2026  20 20 27   839.2   2.29   30326.  3.23   0.04
2026  20 20 28   835.3   2.16   31242.  3.01   0.04
2026  20 20 29   831.4   2.51   15682.  3.47   0.04
2026  20 20 30   835.8   2.67   19575.  3.73   0.04
2026  20 20 31   837.3   2.73   20931.  3.83   0.04
2026  20 20 32   828.1   2.46   20321.  3.37   0.04
2026  20 20 33   830.6   2.45   20183.  3.38   0.04
2026  20 20 34   826.9   2.57   27474.  3.51   0.04
2026  20 20 35   830.9   2.67   37641.  3.69   0.05
2026  20 20 36   832.2   2.65   27507.  3.67   0.05
2026  20 20 37   832.4   2.54   28754.  3.52   0.04
2026  20 20 38   841.3   2.73   23046.  3.86   0.05
2026  20 20 39   840.8   2.93   25435.  4.14   0.05
2026  20 20 40   838.9   3.02   27222.  4.25   0.05
2026  20 20 41   840.8   2.42   33989.  3.42   0.04
2026  20 20 42   838.9   2.50   26438.  3.52   0.04
2026  20 20 43   839.2   2.46   30748.  3.46   0.04
2026  20 20 44   839.2   2.43   34004.  3.42   0.05
2026  20 20 45   832.4   2.64   27984.  3.66   0.05
2026  20 20 46   840.6   3.08   27068.  4.35   0.06
2026  20 20 47   841.9   3.16   27030.  4.48   0.06
2026  20 20 48   842.6   3.18   27448.  4.52   0.06
2026  20 20 49   845.6   3.53   28193.  5.05   0.07
2026  20 20 50   842.9   3.47   27860.  4.93   0.07
2026  20 20 51   840.0   3.33   28592.  4.70   0.06
2026  20 20 52   840.6   3.16   32845.  4.47   0.06
2026  20 20 53   837.2   3.50   20073.  4.91   0.06
2026  20 20 54   837.2   3.50   20040.  4.91   0.06
2026  20 20 55   834.9   3.36   22512.  4.68   0.06
2026  20 20 56   834.9   3.36   22536.  4.68   0.06
2026  20 20 57   831.7   3.43   24686.  4.75   0.06
2026  20 20 58   831.7   3.43   24686.  4.75   0.06
2026  20 20 59   831.7   3.43   24686.  4.75   0.06
2026  20 21  0 99999.9 999.99 9999999. 99.99 999.99
2026  20 21  1 99999.9 999.99 9999999. 99.99 999.99
2026  20 21  2   852.4   3.84   26680.  5.58   0.07
2026  20 21  3   852.4   3.84   26680.  5.58   0.07
2026  20 21  4   840.1   4.29   21383.  6.06   0.08
2026  20 21  5   840.1   4.29   21383.  6.06   0.08
2026  20 21  6   840.1   4.29   21383.  6.06   0.08
2026  20 21  7   840.8   3.44   19602.  4.86   0.06
2026  20 21  8   840.8   3.44   19602.  4.86   0.06
2026  20 21  9 99999.9 999.99 9999999. 99.99 999.99
2026  20 21 10   840.8   3.21   17898.  4.54   0.06
2026  20 21 11   840.8   3.21   17898.  4.54   0.06
2026  20 21 12 99999.9 999.99 9999999. 99.99 999.99
2026  20 21 13   840.4   3.63   18317.  5.13   0.07
2026  20 21 14   840.9   3.79   18641.  5.36   0.07
2026  20 21 15   842.0   4.17   19385.  5.91   0.08
2026  20 21 16   836.5   4.17   17486.  5.84   0.08
2026  20 21 17   836.5   4.17   17484.  5.84   0.08
2026  20 21 18 99999.9 999.99 9999999. 99.99 999.99
2026  20 21 19 99999.9 999.99 9999999. 99.99 999.99
2026  20 21 20 99999.9 999.99 9999999. 99.99 999.99
2026  20 21 21 99999.9 999.99 9999999. 99.99 999.99
2026  20 21 22 99999.9 999.99 9999999. 99.99 999.99
2026  20 21 23 99999.9 999.99 9999999. 99.99 999.99
2026  20 21 24 99999.9 999.99 9999999. 99.99 999.99
2026  20 21 25 99999.9 999.99 9999999. 99.99 999.99
2026  20 21 26 99999.9 999.99 9999999. 99.99 999.99
2026  20 21 27 99999.9 999.99 9999999. 99.99 999.99
2026  20 21 28   841.5   3.57   26935.  5.06   0.07
2026  20 21 29   841.5   3.57   26935.  5.06   0.07
2026  20 21 30   844.0   3.67   24020.  5.23   0.07
2026  20 21 31   845.1   3.71   22770.  5.30   0.07
2026  20 21 32   845.1   3.71   22770.  5.30   0.07
2026  20 21 33   845.3   3.84   23959.  5.49   0.08
2026  20 21 34   845.3   3.84   23959.  5.49   0.08
2026  20 21 35   839.6   4.50   22303.  6.34   0.09
2026  20 21 36   839.6   4.50   22303.  6.34   0.09
2026  20 21 37   839.6   4.50   22303.  6.34   0.09
2026  20 21 38   831.3   4.15   18107.  5.74   0.08
2026  20 21 39   831.3   4.15   18107.  5.74   0.08
2026  20 21 40   833.8   4.22   18870.  5.87   0.08
2026  20 21 41   850.8   4.69   23959.  6.79   0.10
2026  20 21 42   850.8   4.69   23959.  6.79   0.10
2026  20 21 43   843.6   4.91   20706.  6.99   0.10
2026  20 21 44   843.6   4.91   20706.  6.99   0.10
2026  20 21 45   843.6   4.91   20706.  6.99   0.10
2026  20 21 46 99999.9 999.99 9999999. 99.99 999.99
2026  20 21 47 99999.9 999.99 9999999. 99.99 999.99
2026  20 21 48 99999.9 999.99 9999999. 99.99 999.99
2026  20 21 49 99999.9 999.99 9999999. 99.99 999.99
2026  20 21 50   821.9   4.21   17279.  5.69   0.09
2026  20 21 51   821.9   4.21   17279.  5.69   0.09
2026  20 21 52   837.2   4.21   21383.  5.90   0.09
2026  20 21 53   837.2   4.21   21383.  5.90   0.09
2026  20 21 54   837.2   4.21   21383.  5.90   0.09
2026  20 21 55   838.2   4.18   20040.  5.87   0.09
2026  20 21 56   838.2   4.18   20040.  5.87   0.09
2026  20 21 57   838.2   4.18   20040.  5.87   0.09
2026  20 21 58 99999.9 999.99 9999999. 99.99 999.99
2026  20 21 59   828.4   3.87   22536.  5.31   0.08
2026  20 22  0   828.4   3.87   22536.  5.31   0.08
2026  20 22  1   834.5   3.73   16459.  5.20   0.08
2026  20 22  2   836.4   3.69   14535.  5.16   0.07
2026  20 22  3 99999.9 999.99 9999999. 99.99 999.99
2026  20 22  4 99999.9 999.99 9999999. 99.99 999.99
2026  20 22  5 99999.9 999.99 9999999. 99.99 999.99
2026  20 22  6 99999.9 999.99 9999999. 99.99 999.99
2026  20 22  7 99999.9 999.99 9999999. 99.99 999.99
2026  20 22  8 99999.9 999.99 9999999. 99.99 999.99
2026  20 22  9 99999.9 999.99 9999999. 99.99 999.99
2026  20 22 10 99999.9 999.99 9999999. 99.99 999.99
2026  20 22 11 99999.9 999.99 9999999. 99.99 999.99
2026  20 22 12 99999.9 999.99 9999999. 99.99 999.99
2026  20 22 13   855.9   3.77   13273.  5.52   0.08
2026  20 22 14   859.4   3.92   20222.  5.79   0.08
2026  20 22 15   863.0   4.07   27182.  6.06   0.09
2026  20 22 16 99999.9 999.99 9999999. 99.99 999.99
2026  20 22 17   873.8   4.62   29016.  7.05   0.11
2026  20 22 18   873.8   4.62   29016.  7.05   0.11
2026  20 22 19   873.8   4.62   29016.  7.05   0.11
2026  20 22 20 99999.9 999.99 9999999. 99.99 999.99
2026  20 22 21 99999.9 999.99 9999999. 99.99 999.99
2026  20 22 22 99999.9 999.99 9999999. 99.99 999.99
2026  20 22 23 99999.9 999.99 9999999. 99.99 999.99
2026  20 22 24 99999.9 999.99 9999999. 99.99 999.99
2026  20 22 25 99999.9 999.99 9999999. 99.99 999.99
2026  20 22 26 99999.9 999.99 9999999. 99.99 999.99
2026  20 22 27 99999.9 999.99 9999999. 99.99 999.99
2026  20 22 28 99999.9 999.99 9999999. 99.99 999.99
2026  20 22 29 99999.9 999.99 9999999. 99.99 999.99
2026  20 22 30 99999.9 999.99 9999999. 99.99 999.99
2026  20 22 31   847.1   3.24   11355.  4.65   0.07
2026  20 22 32   847.1   3.24   11355.  4.65   0.07
2026  20 22 33   847.1   3.24   11355.  4.65   0.07
2026  20 22 34 99999.9 999.99 9999999. 99.99 999.99
2026  20 22 35   837.8   4.16   16873.  5.84   0.09
2026  20 22 36   837.8   4.16   16873.  5.84   0.09
2026  20 22 37 99999.9 999.99 9999999. 99.99 999.99
2026  20 22 38   840.7   4.53   19116.  6.40   0.10
2026  20 22 39   840.1   4.55   19275.  6.42   0.10
2026  20 22 40   826.7   3.92   17859.  5.36   0.09
2026  20 22 41   823.4   3.76   17484.  5.10   0.08
2026  20 22 42   807.6   4.05   13784.  5.28   0.09
2026  20 22 43   807.6   4.05   13848.  5.28   0.09
2026  20 22 44 99999.9 999.99 9999999. 99.99 999.99
2026  20 22 45 99999.9 999.99 9999999. 99.99 999.99
2026  20 22 46   815.0   4.15   12896.  5.51   0.09
2026  20 22 47   815.0   4.15   12896.  5.51   0.09
2026  20 22 48   815.0   4.15   12896.  5.51   0.09
2026  20 22 49 99999.9 999.99 9999999. 99.99 999.99
2026  20 22 50   811.4   4.31   12902.  5.68   0.09
2026  20 22 51   812.0   4.30   14035.  5.67   0.09
2026  20 22 52   812.4   4.29   14723.  5.66   0.09
2026  20 22 53   806.3   4.44   20706.  5.77   0.10
2026  20 22 54   808.3   4.27   18747.  5.58   0.10
2026  20 22 55   814.6   3.73   12558.  4.95   0.08
2026  20 22 56   812.6   3.48   29616.  4.60   0.09
2026  20 22 57   811.0   3.88   17302.  5.10   0.09
2026  20 22 58   813.2   4.13   13305.  5.46   0.10
2026  20 22 59   815.4   4.48   15638.  5.96   0.11
2026  20 23  0   821.3   4.74   15262.  6.39   0.11
2026  20 23  1   821.6   4.62   15279.  6.24   0.11
2026  20 23  2   820.2   4.81   16323.  6.47   0.12
2026  20 23  3   821.5   5.04   15035.  6.80   0.12
2026  20 23  4   821.1   4.99   13095.  6.73   0.13
2026  20 23  5   809.5   4.85   18317.  6.36   0.13
2026  20 23  6   809.6   4.85   18341.  6.36   0.13
2026  20 23  7   817.3   5.10   19820.  6.81   0.14
2026  20 23  8   817.3   5.10   19820.  6.81   0.14
2026  20 23  9 99999.9 999.99 9999999. 99.99 999.99
2026  20 23 10 99999.9 999.99 9999999. 99.99 999.99
2026  20 23 11   815.5   5.12   23242.  6.81   0.14
2026  20 23 12   815.5   5.12   23242.  6.81   0.14
2026  20 23 13   813.0   4.64   19820.  6.13   0.13
2026  20 23 14   813.0   4.64   19820.  6.13   0.12
2026  20 23 15   825.9   4.06   17142.  5.54   0.11
2026  20 23 16   826.2   4.05   17076.  5.53   0.11
2026  20 23 17   826.2   4.05   17076.  5.53   0.11
2026  20 23 18 99999.9 999.99 9999999. 99.99 999.99
2026  20 23 19   817.1   4.52   21383.  6.04   0.13
2026  20 23 20   816.5   4.52   21063.  6.03   0.13
2026  20 23 21   809.5   4.47   17117.  5.86   0.12
2026  20 23 22   808.7   4.46   16671.  5.83   0.12
2026  20 23 23 99999.9 999.99 9999999. 99.99 999.99
2026  20 23 24   799.0   5.58   17076.  7.12   0.16
2026  20 23 25   799.0   5.58   17076.  7.12   0.16
2026  20 23 26   799.0   5.58   17076.  7.12   0.15
2026  20 23 27   809.0   4.43   20040.  5.80   0.13
2026  20 23 28   809.0   4.43   20040.  5.80   0.12
2026  20 23 29 99999.9 999.99 9999999. 99.99 999.99
2026  20 23 30 99999.9 999.99 9999999. 99.99 999.99
2026  20 23 31 99999.9 999.99 9999999. 99.99 999.99
2026  20 23 32 99999.9 999.99 9999999. 99.99 999.99
2026  20 23 33   805.9   4.46   24443.  5.79   0.13
2026  20 23 34   806.1   4.94   25102.  6.42   0.15
2026  20 23 35   806.3   5.54   25924.  7.20   0.16
2026  20 23 36   803.3   5.07   20170.  6.54   0.14
2026  20 23 37   804.6   5.32   21161.  6.89   0.15
2026  20 23 38   798.7   5.33   18684.  6.80   0.15
2026  20 23 39   797.4   5.12   18740.  6.51   0.14
2026  20 23 40 99999.9 999.99 9999999. 99.99 999.99
2026  20 23 41   799.6   4.36   18736.  5.58   0.13
2026  20 23 42   800.0   4.39   21760.  5.62   0.13
2026  20 23 43   800.4   4.52   22459.  5.79   0.14
2026  20 23 44   799.8   4.32   17529.  5.53   0.13
2026  20 23 45   801.6   4.07   17691.  5.23   0.12
2026  20 23 46   801.6   4.07   17691.  5.23   0.12
2026  20 23 47 99999.9 999.99 9999999. 99.99 999.99
2026  20 23 48 99999.9 999.99 9999999. 99.99 999.99
2026  20 23 49   807.8   4.27   23676.  5.57   0.13
2026  20 23 50   807.3   4.23   23308.  5.51   0.13
2026  20 23 51   804.7   4.00   21430.  5.18   0.12
2026  20 23 52   803.5   3.78   17691.  4.88   0.11
2026  20 23 53   803.5   3.78   17691.  4.88   0.11
2026  20 23 54   803.5   3.78   17691.  4.88   0.11
2026  20 23 55 99999.9 999.99 9999999. 99.99 999.99
2026  20 23 56   820.0   4.49   12720.  6.04   0.13
2026  20 23 57   820.0   4.49   12720.  6.04   0.13
2026  20 23 58 99999.9 999.99 9999999. 99.99 999.99
2026  20 23 59   787.9   6.24   21337.  7.75   0.19
2026  21  0  0   790.8   6.22   21047.  7.78   0.19
2026  21  0  1   793.2   6.21   20812.  7.81   0.19
2026  21  0  2 99999.9 999.99 9999999. 99.99 999.99
2026  21  0  3   790.8   5.49   22303.  6.87   0.17
2026  21  0  4   790.8   5.49   22303.  6.87   0.17
2026  21  0  5 99999.9 999.99 9999999. 99.99 999.99
2026  21  0  6 99999.9 999.99 9999999. 99.99 999.99
2026  21  0  7 99999.9 999.99 9999999. 99.99 999.99
2026  21  0  8 99999.9 999.99 9999999. 99.99 999.99
2026  21  0  9 99999.9 999.99 9999999. 99.99 999.99
2026  21  0 10 99999.9 999.99 9999999. 99.99 999.99
2026  21  0 11   781.0   5.95   18317.  7.26   0.18
2026  21  0 12   781.0   5.95   18317.  7.26   0.18
2026  21  0 13   781.0   5.95   18317.  7.26   0.18
2026  21  0 14   778.3   5.38   18954.  6.52   0.16
2026  21  0 15   778.3   5.38   18967.  6.52   0.16
2026  21  0 16   779.0   5.73   25674.  6.95   0.18
2026  21  0 17   778.5   5.54   28942.  6.72   0.18
2026  21  0 18   778.2   5.43   30901.  6.58   0.18
2026  21  0 19 99999.9 999.99 9999999. 99.99 999.99
2026  21  0 20 99999.9 999.99 9999999. 99.99 999.99
2026  21  0 21 99999.9 999.99 9999999. 99.99 999.99
2026  21  0 22 99999.9 999.99 9999999. 99.99 999.99
2026  21  0 23 99999.9 999.99 9999999. 99.99 999.99
2026  21  0 24 99999.9 999.99 9999999. 99.99 999.99
2026  21  0 25   777.8   5.22   41847.  6.32   0.19
2026  21  0 26   779.5   4.92   66977.  5.98   0.20
2026  21  0 27   784.5   4.05  139762.  4.99   0.24
2026  21  0 28   786.1   3.77  163592.  4.66   0.24
2026  21  0 29   781.5   4.09   42166.  5.00   0.15
2026  21  0 30   782.6   4.00   42492.  4.90   0.15
2026  21  0 31   788.8   3.49   44380.  4.34   0.13
2026  21  0 32   786.2   3.87   39806.  4.78   0.14
2026  21  0 33   784.9   3.76   40908.  4.63   0.14
2026  21  0 34   782.6   3.56   42949.  4.36   0.13
2026  21  0 35   778.9   3.49   35725.  4.23   0.13
2026  21  0 36   778.9   3.49   35725.  4.23   0.13
2026  21  0 37   778.8   3.75   39340.  4.55   0.14
2026  21  0 38   778.8   3.75   39340.  4.55   0.14
2026  21  0 39   781.6   3.72   48454.  4.55   0.15
2026  21  0 40   781.6   3.72   48481.  4.55   0.15
2026  21  0 41   778.6   3.77   52294.  4.57   0.16
2026  21  0 42   778.7   4.13   57250.  5.01   0.17
2026  21  0 43   778.7   4.36   60413.  5.29   0.19
2026  21  0 44 99999.9 999.99 9999999. 99.99 999.99
2026  21  0 45   782.1   4.07   50880.  4.98   0.17
2026  21  0 46   781.3   4.05   54862.  4.94   0.17
2026  21  0 47   780.4   4.03   58893.  4.91   0.17
2026  21  0 48   775.1   3.78   43130.  4.54   0.15
2026  21  0 49   775.1   3.78   43130.  4.54   0.15
2026  21  0 50   773.5   4.57   37091.  5.47   0.18
2026  21  0 51   779.0   4.11   40733.  4.99   0.16
2026  21  0 52   781.2   3.92   43297.  4.78   0.16
2026  21  0 53 99999.9 999.99 9999999. 99.99 999.99
2026  21  0 54 99999.9 999.99 9999999. 99.99 999.99
2026  21  0 55   780.0   3.99   54450.  4.86   0.18
2026  21  0 56   780.0   3.99   54450.  4.86   0.18
2026  21  0 57   780.0   3.99   54450.  4.86   0.18
2026  21  0 58   777.6   3.73   51585.  4.51   0.17
2026  21  0 59   777.6   3.73   51585.  4.51   0.17
2026  21  1  0   784.2   5.56   52650.  6.84   0.26
2026  21  1  1   784.2   5.56   52650.  6.84   0.26
2026  21  1  2   784.3   5.22   40584.  6.42   0.23
2026  21  1  3   784.3   5.22   40584.  6.42   0.23
2026  21  1  4   784.5   4.45   42160.  5.48   0.20
2026  21  1  5   784.5   4.45   42166.  5.48   0.20
2026  21  1  6   780.1   4.79   46757.  5.83   0.22
2026  21  1  7   780.6   4.75   46921.  5.79   0.23
2026  21  1  8   788.7   4.00   49833.  4.98   0.20
2026  21  1  9   783.9   3.71   47401.  4.56   0.18
2026  21  1 10   784.6   4.05   52202.  4.99   0.20
2026  21  1 11   780.1   3.25   57623.  3.96   0.17
2026  21  1 12   783.1   3.43   53347.  4.21   0.17
2026  21  1 13   784.0   3.52   50292.  4.33   0.18
2026  21  1 14   784.3   3.44   53611.  4.23   0.18
2026  21  1 15   786.6   3.90   45604.  4.83   0.20
2026  21  1 16   786.9   3.97   44432.  4.92   0.21
2026  21  1 17 99999.9 999.99 9999999. 99.99 999.99
2026  21  1 18   786.5   3.63   54450.  4.49   0.20
2026  21  1 19   786.5   3.63   54450.  4.49   0.20
2026  21  1 20   786.5   3.63   54450.  4.49   0.20
2026  21  1 21   787.1   3.06   56650.  3.79   0.18
2026  21  1 22   787.1   3.06   56650.  3.79   0.18
2026  21  1 23   787.1   3.06   56650.  3.79   0.18
2026  21  1 24 99999.9 999.99 9999999. 99.99 999.99
2026  21  1 25   781.7   3.98   36612.  4.86   0.21
2026  21  1 26   781.7   3.98   36612.  4.86   0.21
2026  21  1 27   781.7   3.98   36612.  4.86   0.21
2026  21  1 28 99999.9 999.99 9999999. 99.99 999.99
2026  21  1 29 99999.9 999.99 9999999. 99.99 999.99
2026  21  1 30   788.2   3.81   44432.  4.73   0.21
2026  21  1 31   788.2   3.81   44432.  4.73   0.21
2026  21  1 32 99999.9 999.99 9999999. 99.99 999.99
2026  21  1 33   786.0   4.33   42807.  5.35   0.24
2026  21  1 34   786.0   4.33   42807.  5.35   0.25
2026  21  1 35   780.5   3.53   38116.  4.30   0.20
2026  21  1 36   780.5   3.53   38116.  4.30   0.19
2026  21  1 37 99999.9 999.99 9999999. 99.99 999.99
2026  21  1 38   784.3   4.49   38420.  5.52   0.25
2026  21  1 39   784.3   4.49   38420.  5.52   0.26
2026  21  1 40   784.3   4.49   38420.  5.52   0.26
2026  21  1 41 99999.9 999.99 9999999. 99.99 999.99
2026  21  1 42   770.6   4.31   27191.  5.12   0.23
2026  21  1 43   770.6   4.31   27167.  5.12   0.23
2026  21  1 44   762.3   3.84   21611.  4.46   0.20
2026  21  1 45   761.0   3.56   27326.  4.12   0.19
2026  21  1 46   759.6   3.23   33633.  3.73   0.18
2026  21  1 47   756.7   3.51   37556.  4.02   0.21
2026  21  1 48   760.2   3.27   44545.  3.78   0.21
2026  21  1 49   759.1   3.10   31593.  3.57   0.18
2026  21  1 50   756.3   3.55   20714.  4.06   0.20
2026  21  1 51   757.3   3.98   21601.  4.57   0.23
2026  21  1 52   757.2   4.00   21139.  4.59   0.23
2026  21  1 53   754.9   3.72   18107.  4.24   0.21
2026  21  1 54   757.1   3.90   22027.  4.47   0.24
2026  21  1 55   756.0   3.69   28527.  4.22   0.24
2026  21  1 56   755.7   3.62   30628.  4.13   0.24
2026  21  1 57   781.6   1.76  104699.  2.15   0.17
2026  21  1 58   781.6   1.76  104699.  2.15   0.17
2026  21  1 59   778.5   1.95   91549.  2.36   0.18
2026  21  2  0   778.5   1.95   91549.  2.36   0.18
2026  21  2  1   782.4   1.90   83749.  2.33   0.17
2026  21  2  2   782.3   1.90   84019.  2.33   0.17
2026  21  2  3   779.7   1.74   98746.  2.12   0.19
2026  21  2  4   779.7   1.74   98746.  2.12   0.17
2026  21  2  5   786.0   6.10   92070.  7.54   0.67
2026  21  2  6   778.1   3.98   95994.  4.82   0.43
2026  21  2  7   785.9   3.50  108472.  4.32   0.50
2026  21  2  8   790.9   7.29   84173.  9.12   0.98
2026  21  2  9   790.9   7.29   84173.  9.12   1.05
2026  21  2 10 99999.9 999.99 9999999. 99.99 999.99
2026  21  2 11 99999.9 999.99 9999999. 99.99 999.99
2026  21  2 12   793.1   7.10  106214.  8.93   1.12
2026  21  2 13   793.1   7.10  106214.  8.93   1.17
2026  21  2 14 99999.9 999.99 9999999. 99.99 999.99
2026  21  2 15 99999.9 999.99 9999999. 99.99 999.99
2026  21  2 16   782.5   2.34  211315.  2.87   0.32
2026  21  2 17   772.0   2.23  176981.  2.66   0.29
2026  21  2 18   728.8   1.72   35593.  1.83   0.12
2026  21  2 19   753.1   1.07  245976.  1.21   0.18
2026  21  2 20   774.5   1.96  465663.  2.35   0.53
2026  21  2 21   789.8   1.75  252951.  2.18   0.31
2026  21  2 22   791.0   1.28  244153.  1.60   0.21
2026  21  2 23   755.6   1.04  154062.  1.19   0.13
2026  21  2 24   741.6   2.00   27596.  2.20   0.14
2026  21  2 25   756.8   2.66   94571.  3.05   0.26
2026  21  2 26   756.1   2.51   70682.  2.87   0.21
2026  21  2 27   775.3   3.17  134784.  3.81   0.36
2026  21  2 28   798.5   5.61   91099.  7.15   0.57
2026  21  2 29   783.0   3.89  114228.  4.77   0.42
2026  21  2 30   757.1   2.56   81011.  2.93   0.23
2026  21  2 31   751.0   2.65   38323.  2.99   0.22
2026  21  2 32   769.3   3.60   81149.  4.26   0.39
2026  21  2 33   759.2   2.95   66252.  3.40   0.29
2026  21  2 34   770.0   3.37  124066.  4.00   0.47
2026  21  2 35   768.7   3.15  106351.  3.72   0.30
2026  21  2 36   757.6   3.08  128018.  3.54   0.31
2026  21  2 37   757.6   3.08  128018.  3.54   0.32
2026  21  2 38   757.6   3.08  128018.  3.54   0.30
2026  21  2 39   750.2   2.57  110826.  2.89   0.23
2026  21  2 40   750.2   2.57  110826.  2.89   0.23
2026  21  2 41   750.2   2.57  110826.  2.89   0.23
2026  21  2 42   746.4   2.13  112908.  2.37   0.20
2026  21  2 43   746.4   2.13  112908.  2.37   0.20
2026  21  2 44   746.4   2.13  112908.  2.37   0.19
2026  21  2 45   770.8   2.03  159839.  2.41   0.23
2026  21  2 46   770.8   2.03  159839.  2.41   0.23
2026  21  2 47   770.8   2.03  159839.  2.41   0.24
2026  21  2 48   757.4   2.69  136503.  3.09   0.32
2026  21  2 49   757.4   2.69  136503.  3.09   0.33
2026  21  2 50   757.4   2.69  136503.  3.09   0.33
2026  21  2 51   752.9   3.08  134784.  3.49   0.38
2026  21  2 52   752.9   3.08  134784.  3.49   0.37
2026  21  2 53 99999.9 999.99 9999999. 99.99 999.99
2026  21  2 54   747.4   2.83  131379.  3.16   0.33
2026  21  2 55   747.4   2.83  131379.  3.16   0.34
2026  21  2 56   775.0   4.13  188375.  4.96   0.59
2026  21  2 57   775.0   4.13  188375.  4.96   0.60
2026  21  2 58   775.0   4.13  188375.  4.96   0.62
2026  21  2 59   765.2   4.14  138393.  4.85   0.53
2026  21  3  0   768.0   4.03  149095.  4.75   0.53
2026  21  3  1   772.9   3.45  161033.  4.12   0.46
2026  21  3  2   777.9   4.50  164153.  5.45   0.62
2026  21  3  3   778.2   4.57  165485.  5.54   0.65
2026  21  3  4 99999.9 999.99 9999999. 99.99 999.99
2026  21  3  5   772.4   3.12  130816.  3.72   0.34
2026  21  3  6   772.4   3.12  130816.  3.72   0.36
2026  21  3  7   772.4   3.12  130816.  3.72   0.35
2026  21  3  8 99999.9 999.99 9999999. 99.99 999.99
2026  21  3  9 99999.9 999.99 9999999. 99.99 999.99
2026  21  3 10 99999.9 999.99 9999999. 99.99 999.99
2026  21  3 11   769.6   3.28  130254.  3.89   0.40
2026  21  3 12   769.6   3.28  130254.  3.89   0.39
2026  21  3 13   769.6   3.28  130254.  3.89   0.39
2026  21  3 14 99999.9 999.99 9999999. 99.99 999.99
2026  21  3 15 99999.9 999.99 9999999. 99.99 999.99
2026  21  3 16 99999.9 999.99 9999999. 99.99 999.99
2026  21  3 17   770.2   3.58  128018.  4.25   0.43
2026  21  3 18   770.2   3.58  128018.  4.25   0.43
2026  21  3 19 99999.9 999.99 9999999. 99.99 999.99
2026  21  3 20 99999.9 999.99 9999999. 99.99 999.99
2026  21  3 21 99999.9 999.99 9999999. 99.99 999.99
2026  21  3 22 99999.9 999.99 9999999. 99.99 999.99
2026  21  3 23   767.0   2.94  118195.  3.46   0.34
2026  21  3 24   767.0   2.94  118195.  3.46   0.35
2026  21  3 25 99999.9 999.99 9999999. 99.99 999.99
2026  21  3 26 99999.9 999.99 9999999. 99.99 999.99
2026  21  3 27 99999.9 999.99 9999999. 99.99 999.99
2026  21  3 28 99999.9 999.99 9999999. 99.99 999.99
2026  21  3 29 99999.9 999.99 9999999. 99.99 999.99
2026  21  3 30 99999.9 999.99 9999999. 99.99 999.99
2026  21  3 31 99999.9 999.99 9999999. 99.99 999.99
2026  21  3 32 99999.9 999.99 9999999. 99.99 999.99
2026  21  3 33 99999.9 999.99 9999999. 99.99 999.99
2026  21  3 34   775.8   3.39  186355.  4.08   0.53
2026  21  3 35   775.8   3.39  186355.  4.08   0.53
2026  21  3 36 99999.9 999.99 9999999. 99.99 999.99
2026  21  3 37 99999.9 999.99 9999999. 99.99 999.99
2026  21  3 38 99999.9 999.99 9999999. 99.99 999.99
2026  21  3 39 99999.9 999.99 9999999. 99.99 999.99
2026  21  3 40   765.2   2.67  161085.  3.13   0.40
2026  21  3 41   765.2   2.67  161085.  3.13   0.40
2026  21  3 42 99999.9 999.99 9999999. 99.99 999.99
2026  21  3 43 99999.9 999.99 9999999. 99.99 999.99
2026  21  3 44 99999.9 999.99 9999999. 99.99 999.99
2026  21  3 45 99999.9 999.99 9999999. 99.99 999.99
2026  21  3 46   768.8   2.58  154902.  3.05   0.40
2026  21  3 47   768.8   2.58  154902.  3.05   0.39
2026  21  3 48 99999.9 999.99 9999999. 99.99 999.99
2026  21  3 49 99999.9 999.99 9999999. 99.99 999.99
2026  21  3 50 99999.9 999.99 9999999. 99.99 999.99
2026  21  3 51 99999.9 999.99 9999999. 99.99 999.99
2026  21  3 52   766.6   3.11  168664.  3.66   0.51
2026  21  3 53   766.6   3.11  168664.  3.66   0.51
2026  21  3 54 99999.9 999.99 9999999. 99.99 999.99
2026  21  3 55 99999.9 999.99 9999999. 99.99 999.99
2026  21  3 56 99999.9 999.99 9999999. 99.99 999.99
2026  21  3 57 99999.9 999.99 9999999. 99.99 999.99
2026  21  3 58   770.0   3.74  164222.  4.43   0.66
2026  21  3 59   770.0   3.74  164222.  4.43   0.66
2026  21  4  0 99999.9 999.99 9999999. 99.99 999.99
2026  21  4  1 99999.9 999.99 9999999. 99.99 999.99
2026  21  4  2 99999.9 999.99 9999999. 99.99 999.99
2026  21  4  3   784.7   5.25  204928.  6.47   1.39
2026  21  4  4   784.7   5.25  204928.  6.47   1.45
2026  21  4  5 99999.9 999.99 9999999. 99.99 999.99
2026  21  4  6 99999.9 999.99 9999999. 99.99 999.99
2026  21  4  7 99999.9 999.99 9999999. 99.99 999.99
2026  21  4  8 99999.9 999.99 9999999. 99.99 999.99
2026  21  4  9 99999.9 999.99 9999999. 99.99 999.99
2026  21  4 10 99999.9 999.99 9999999. 99.99 999.99
2026  21  4 11 99999.9 999.99 9999999. 99.99 999.99
2026  21  4 12 99999.9 999.99 9999999. 99.99 999.99
2026  21  4 13 99999.9 999.99 9999999. 99.99 999.99
2026  21  4 14 99999.9 999.99 9999999. 99.99 999.99
2026  21  4 15 99999.9 999.99 9999999. 99.99 999.99
2026  21  4 16   786.2   9.30   91016. 11.50   3.89
2026  21  4 17   785.7   8.74   91645. 10.79   3.09
2026  21  4 18   786.7   8.41   96800. 10.41   2.88
2026  21  4 19   786.7   8.41   96800. 10.41   3.03
2026  21  4 20 99999.9 999.99 9999999. 99.99 999.99
2026  21  4 21 99999.9 999.99 9999999. 99.99 999.99
2026  21  4 22   786.9   8.05   97307.  9.97   2.76
2026  21  4 23   786.9   7.39  108613.  9.15   1.58
2026  21  4 24   782.1   4.33  162966.  5.30   1.04
2026  21  4 25   779.5   4.02  175822.  4.89   1.02
2026  21  4 26   779.3   3.77  162963.  4.58   0.94
2026  21  4 27 99999.9 999.99 9999999. 99.99 999.99
2026  21  4 28 99999.9 999.99 9999999. 99.99 999.99
2026  21  4 29   778.2   4.79  152070.  5.80   0.97
2026  21  4 30   778.1   5.18  124921.  6.27   1.55
2026  21  4 31   779.3   5.45  109983.  6.62   2.12
2026  21  4 32   781.4   7.35  123058.  8.98   4.88
2026  21  4 33   781.4   7.35  123058.  8.98   4.03
2026  21  4 34   783.4   6.92  106722.  8.49   2.78
2026  21  4 35   783.4   6.92  106722.  8.49   2.33
2026  21  4 36   779.6   7.20   98432.  8.75   2.46
2026  21  4 37   779.5   7.21   98257.  8.76   2.40
2026  21  4 38 99999.9 999.99 9999999. 99.99 999.99
2026  21  4 39 99999.9 999.99 9999999. 99.99 999.99
2026  21  4 40   795.5   3.60  134784.  4.56   0.73
2026  21  4 41   795.8   3.65  135937.  4.62   0.71
2026  21  4 42   799.4   4.18  149689.  5.34   0.88
2026  21  4 43   807.8   3.38  147033.  4.41   0.68
2026  21  4 44   809.1   3.24  146449.  4.24   0.64
2026  21  4 45   786.5   3.56  128575.  4.40   0.66
2026  21  4 46   791.4   3.51  134258.  4.40   0.66
2026  21  4 47   792.0   3.63  133590.  4.55   0.72
2026  21  4 48   784.7   4.50  117128.  5.54   0.76
2026  21  4 49   780.4   4.32  112314.  5.26   0.72
2026  21  4 50   780.1   4.17  112219.  5.08   0.71
2026  21  4 51   775.4   4.24  118152.  5.10   0.74
2026  21  4 52   776.1   4.30  105678.  5.18   0.72
2026  21  4 53   777.3   4.09  107373.  4.94   0.63
2026  21  4 54   774.8   3.80  121426.  4.56   0.65
2026  21  4 55   777.1   3.78  100711.  4.57   0.64
2026  21  4 56   777.1   3.78  100711.  4.57   0.59
2026  21  4 57   758.7   6.32  111864.  7.28   1.33
2026  21  4 58   758.5   7.03  110806.  8.09   2.20
2026  21  4 59   757.4   7.58  111424.  8.70   2.11
2026  21  5  0   756.3   7.25  110983.  8.29   2.21
2026  21  5  1   756.5   6.94  107408.  7.94   1.98
2026  21  5  2   753.5   6.59  108493.  7.48   1.85
2026  21  5  3   752.6   6.73  108396.  7.62   2.05
2026  21  5  4   751.9   7.02  103707.  7.94   2.14
2026  21  5  5   753.6   7.26  102491.  8.25   3.55
2026  21  5  6   760.6   8.43   94800.  9.75   6.50
2026  21  5  7   752.9   6.84   87923.  7.75   2.39
2026  21  5  8   750.6   6.46   87547.  7.28   1.93
2026  21  5  9   753.4   7.46   92087.  8.47   3.15
2026  21  5 10   750.0   6.83   87328.  7.68   2.42
2026  21  5 11   748.7   6.93   93112.  7.77   2.61
2026  21  5 12   749.1   7.37   94044.  8.27   2.74
2026  21  5 13   747.8   7.26   94433.  8.12 999.99
2026  21  5 14   749.1   7.16   84784.  8.04   2.17
2026  21  5 15   747.3   7.06   80266.  7.89   2.06
2026  21  5 16   743.0   7.13   79090.  7.87   1.98
2026  21  5 17   739.1   7.50   78408.  8.19   2.16
2026  21  5 18 99999.9 999.99 9999999. 99.99 999.99
2026  21  5 19 99999.9 999.99 9999999. 99.99 999.99
2026  21  5 20   741.7   6.71   71593.  7.38   1.59
2026  21  5 21   741.7   6.71   71593.  7.38   1.61
2026  21  5 22 99999.9 999.99 9999999. 99.99 999.99
2026  21  5 23 99999.9 999.99 9999999. 99.99 999.99
2026  21  5 24 99999.9 999.99 9999999. 99.99 999.99
2026  21  5 25   735.8   7.74   74112.  8.38   1.90
2026  21  5 26   735.8   7.74   74112.  8.38 999.99
2026  21  5 27 99999.9 999.99 9999999. 99.99 999.99
2026  21  5 28 99999.9 999.99 9999999. 99.99 999.99
2026  21  5 29 99999.9 999.99 9999999. 99.99 999.99
2026  21  5 30 99999.9 999.99 9999999. 99.99 999.99
2026  21  5 31 99999.9 999.99 9999999. 99.99 999.99
2026  21  5 32 99999.9 999.99 9999999. 99.99 999.99
2026  21  5 33 99999.9 999.99 9999999. 99.99 999.99
2026  21  5 34 99999.9 999.99 9999999. 99.99 999.99
2026  21  5 35 99999.9 999.99 9999999. 99.99 999.99
2026  21  5 36 99999.9 999.99 9999999. 99.99 999.99
2026  21  5 37   732.7   7.18   66284.  7.71   1.48
2026  21  5 38   732.7   7.18   66284.  7.71 999.99
2026  21  5 39 99999.9 999.99 9999999. 99.99 999.99
2026  21  5 40 99999.9 999.99 9999999. 99.99 999.99
2026  21  5 41 99999.9 999.99 9999999. 99.99 999.99
2026  21  5 42 99999.9 999.99 9999999. 99.99 999.99
2026  21  5 43 99999.9 999.99 9999999. 99.99 999.99
2026  21  5 44 99999.9 999.99 9999999. 99.99 999.99
2026  21  5 45 99999.9 999.99 9999999. 99.99 999.99
2026  21  5 46 99999.9 999.99 9999999. 99.99 999.99
2026  21  5 47 99999.9 999.99 9999999. 99.99 999.99
2026  21  5 48 99999.9 999.99 9999999. 99.99 999.99
2026  21  5 49 99999.9 999.99 9999999. 99.99 999.99
2026  21  5 50   735.2   6.72   74537.  7.26   1.45
2026  21  5 51   735.2   6.72   74537.  7.26 999.99
2026  21  5 52   735.2   6.72   74537.  7.26   1.44
2026  21  5 53 99999.9 999.99 9999999. 99.99 999.99
2026  21  5 54 99999.9 999.99 9999999. 99.99 999.99
2026  21  5 55 99999.9 999.99 9999999. 99.99 999.99
2026  21  5 56 99999.9 999.99 9999999. 99.99 999.99
2026  21  5 57 99999.9 999.99 9999999. 99.99 999.99
2026  21  5 58 99999.9 999.99 9999999. 99.99 999.99
2026  21  5 59 99999.9 999.99 9999999. 99.99 999.99
2026  21  6  0 99999.9 999.99 9999999. 99.99 999.99
2026  21  6  1 99999.9 999.99 9999999. 99.99 999.99
2026  21  6  2 99999.9 999.99 9999999. 99.99 999.99
2026  21  6  3   737.3   6.59   67088.  7.16   1.24
2026  21  6  4   737.3   6.59   67088.  7.16   1.24
2026  21  6  5   737.3   6.59   67088.  7.16   1.25
2026  21  6  6 99999.9 999.99 9999999. 99.99 999.99
2026  21  6  7 99999.9 999.99 9999999. 99.99 999.99
2026  21  6  8 99999.9 999.99 9999999. 99.99 999.99
2026  21  6  9 99999.9 999.99 9999999. 99.99 999.99
2026  21  6 10 99999.9 999.99 9999999. 99.99 999.99
2026  21  6 11 99999.9 999.99 9999999. 99.99 999.99
2026  21  6 12 99999.9 999.99 9999999. 99.99 999.99
2026  21  6 13 99999.9 999.99 9999999. 99.99 999.99
2026  21  6 14 99999.9 999.99 9999999. 99.99 999.99
2026  21  6 15 99999.9 999.99 9999999. 99.99 999.99
2026  21  6 16 99999.9 999.99 9999999. 99.99 999.99
2026  21  6 17 99999.9 999.99 9999999. 99.99 999.99
2026  21  6 18 99999.9 999.99 9999999. 99.99 999.99
2026  21  6 19 99999.9 999.99 9999999. 99.99 999.99
2026  21  6 20 99999.9 999.99 9999999. 99.99 999.99
2026  21  6 21 99999.9 999.99 9999999. 99.99 999.99
2026  21  6 22 99999.9 999.99 9999999. 99.99 999.99
2026  21  6 23 99999.9 999.99 9999999. 99.99 999.99
2026  21  6 24 99999.9 999.99 9999999. 99.99 999.99
2026  21  6 25 99999.9 999.99 9999999. 99.99 999.99
2026  21  6 26 99999.9 999.99 9999999. 99.99 999.99
2026  21  6 27   737.5   7.09   49487.  7.71 999.99
2026  21  6 28   737.5   7.09   49487.  7.71   1.10
2026  21  6 29   737.5   7.09   49487.  7.71 999.99
2026  21  6 30 99999.9 999.99 9999999. 99.99 999.99
2026  21  6 31 99999.9 999.99 9999999. 99.99 999.99
2026  21  6 32 99999.9 999.99 9999999. 99.99 999.99
2026  21  6 33 99999.9 999.99 9999999. 99.99 999.99
2026  21  6 34 99999.9 999.99 9999999. 99.99 999.99
2026  21  6 35   740.4   3.90   38116.  4.28   0.46
2026  21  6 36   740.4   3.90   38138.  4.28   0.45
2026  21  6 37   735.1   7.54   66865.  8.15   1.36
2026  21  6 38   738.8   6.50   64236.  7.10   1.02
2026  21  6 39   736.2   5.50   54905.  5.96   0.85
2026  21  6 40 99999.9 999.99 9999999. 99.99 999.99
2026  21  6 41   727.5   5.67   40898.  6.00   0.73
2026  21  6 42   727.5   5.64   41055.  5.97   0.92
2026  21  6 43   727.6   5.21   43735.  5.52   0.70
2026  21  6 44   727.6   5.19   43775.  5.50   0.73
2026  21  6 45   732.9   5.22   41732.  5.61   0.66
2026  21  6 46   733.6   5.60   47943.  6.03   0.74
2026  21  6 47   736.0   6.09   56416.  6.60   0.77
2026  21  6 48   740.2   5.91   42598.  6.48   0.71
2026  21  6 49   741.0   6.00   42088.  6.59   0.73
2026  21  6 50   741.2   6.17   42491.  6.78   0.76
2026  21  6 51   731.5   5.11   43099.  5.47   0.63
2026  21  6 52   735.9   5.62   41587.  6.09   0.68
2026  21  6 53   740.0   6.09   40271.  6.67   0.74
2026  21  6 54   731.1   6.05   43085.  6.47   0.74
2026  21  6 55   735.3   6.09   42363.  6.59   0.75
2026  21  6 56   739.7   6.13   41590.  6.71   0.74
2026  21  6 57   739.2   5.93   38420.  6.48   0.71
2026  21  6 58   739.2   5.93   38420.  6.48   0.69
2026  21  6 59   731.1   5.56   41044.  5.94   0.66
2026  21  7  0   733.7   5.85   42312.  6.30   0.72
2026  21  7  1   733.5   5.86   43941.  6.31   0.72
2026  21  7  2   728.8   5.40   42964.  5.74   0.67
2026  21  7  3   733.4   5.76   39960.  6.20   0.69
2026  21  7  4   732.1   5.79   41157.  6.21   0.72
2026  21  7  5   730.7   6.22   44894.  6.64   0.81
2026  21  7  6   730.2   6.52   48115.  6.95   0.95
2026  21  7  7   733.4   6.41   49993.  6.90   0.94
2026  21  7  8   729.9   6.69   49290.  7.13   0.98
2026  21  7  9   734.6   6.24   43800.  6.73   0.85
2026  21  7 10   734.9   6.19   39760.  6.69   0.80
2026  21  7 11   730.2   6.84   44570.  7.29   0.87
2026  21  7 12   730.3   6.38   43708.  6.81   0.86
2026  21  7 13   733.3   6.42   44279.  6.90   0.92
2026  21  7 14   730.3   6.77   50200.  7.22   1.00
2026  21  7 15   728.3   6.93   49135.  7.35   1.02
2026  21  7 16   730.8   6.43   52542.  6.87   1.05
2026  21  7 17   728.8   7.01   50894.  7.45   1.05
2026  21  7 18   725.1   8.32  100808.  8.75   1.63
2026  21  7 19   723.2   8.71  128682.  9.11   1.95
2026  21  7 20   727.9   6.70   48955.  7.10   0.96
2026  21  7 21   722.0   8.18   42474.  8.53   1.12
2026  21  7 22   725.0   7.54   42690.  7.93   1.04
2026  21  7 23   728.7   7.01   43788.  7.44   0.92
2026  21  7 24   723.5   7.17   43343.  7.51   0.96
2026  21  7 25   726.9   6.38   40896.  6.74   0.88
2026  21  7 26   729.4   5.98   39649.  6.36   0.83
2026  21  7 27   721.0   7.46   42807.  7.76   1.04
2026  21  7 28   721.0   7.46   42807.  7.76   1.05
2026  21  7 29 99999.9 999.99 9999999. 99.99 999.99
2026  21  7 30   721.7   8.01   43778.  8.34   1.18
2026  21  7 31   721.7   8.01   43778.  8.34   1.20
2026  21  7 32 99999.9 999.99 9999999. 99.99 999.99
2026  21  7 33   718.3   7.45   47094.  7.69   1.15
2026  21  7 34   718.3   7.45   47094.  7.69   1.15
2026  21  7 35   718.3   7.45   47094.  7.69   1.13
2026  21  7 36   718.3   6.36   44760.  6.56   0.88
2026  21  7 37   718.3   6.36   44760.  6.56   0.85
2026  21  7 38   718.3   6.36   44760.  6.56   0.86
2026  21  7 39   721.1   6.58   50530.  6.84   0.92
2026  21  7 40   721.1   6.58   50530.  6.84   0.91
2026  21  7 41   721.1   6.58   50530.  6.84   0.91
2026  21  7 42   719.0   7.02   44432.  7.26   0.94
2026  21  7 43   719.0   7.02   44432.  7.26   0.95
2026  21  7 44   719.0   7.02   44432.  7.26   0.95
2026  21  7 45   721.2   7.43   37812.  7.73   0.97
2026  21  7 46   721.2   7.43   37812.  7.73   1.00
2026  21  7 47 99999.9 999.99 9999999. 99.99 999.99
2026  21  7 48   718.3   6.97   45421.  7.19   0.98
2026  21  7 49   718.3   6.97   45421.  7.19   0.96
2026  21  7 50 99999.9 999.99 9999999. 99.99 999.99
2026  21  7 51   721.3   6.88   41847.  7.16   0.93
2026  21  7 52   721.3   6.88   41847.  7.16   0.96
2026  21  7 53   719.5   7.22   43778.  7.48   1.02
2026  21  7 54   719.5   7.22   43778.  7.48   1.02
2026  21  7 55   719.5   7.22   43778.  7.48   1.06
2026  21  7 56 99999.9 999.99 9999999. 99.99 999.99
2026  21  7 57 99999.9 999.99 9999999. 99.99 999.99
2026  21  7 58 99999.9 999.99 9999999. 99.99 999.99
2026  21  7 59   715.2   7.57   43130.  7.74   1.09
2026  21  8  0   715.2   7.57   43130.  7.74   1.12
2026  21  8  1   715.2   7.57   43130.  7.74   1.04
2026  21  8  2   720.0   7.06   40271.  7.32   0.96
2026  21  8  3   720.0   7.06   40271.  7.32   0.94
2026  21  8  4   717.2   6.98   38420.  7.18   0.93
2026  21  8  5   717.2   6.98   38420.  7.18   0.96
2026  21  8  6   717.2   6.98   38420.  7.18   0.99
2026  21  8  7   714.6   7.66   57021.  7.82   1.20
2026  21  8  8   714.6   7.66   57021.  7.82   1.19
2026  21  8  9 99999.9 999.99 9999999. 99.99 999.99
2026  21  8 10   715.7   7.23   55178.  7.41   1.13
2026  21  8 11   715.7   7.23   55178.  7.41   1.13
2026  21  8 12   716.4   7.17   46086.  7.36   1.02
2026  21  8 13   716.4   7.17   46086.  7.36   1.00
2026  21  8 14   716.4   7.17   46086.  7.36   0.95
2026  21  8 15   714.3   6.16   46086.  6.29   0.82
2026  21  8 16   714.3   6.16   46086.  6.29   0.82
2026  21  8 17   718.2   6.52   44432.  6.73   0.87
2026  21  8 18   718.2   6.52   44432.  6.73   0.86
2026  21  8 19   718.2   6.52   44432.  6.73   0.87
2026  21  8 20   715.8   6.26   43778.  6.41   0.77
2026  21  8 21   715.8   6.26   43778.  6.41   0.78
2026  21  8 22   716.5   5.44   50181.  5.59   0.69
2026  21  8 23   716.5   5.44   50181.  5.59   0.70
2026  21  8 24   716.5   5.44   50181.  5.59   0.68
2026  21  8 25   714.0   5.36   43454.  5.47   0.64
2026  21  8 26   714.0   5.36   43454.  5.47   0.64
2026  21  8 27 99999.9 999.99 9999999. 99.99 999.99
2026  21  8 28   712.2   5.62   47771.  5.70   0.71
2026  21  8 29   712.2   5.62   47771.  5.70   0.73
2026  21  8 30   710.1   5.87   53008.  5.92   0.78
2026  21  8 31   710.1   5.87   53008.  5.92   0.78
2026  21  8 32   715.6   6.16   57701.  6.31   0.76
2026  21  8 33   716.5   6.21   58516.  6.38   0.72
2026  21  8 34   716.5   6.21   58516.  6.38   0.73
2026  21  8 35   718.5   6.47   52650.  6.68   0.73
2026  21  8 36   718.5   6.47   52650.  6.68   0.74
2026  21  8 37   713.0   6.79   47432.  6.90   0.75
2026  21  8 38   713.0   6.79   47432.  6.90   0.76
2026  21  8 39   713.1   6.78   47059.  6.90   0.74
2026  21  8 40   715.7   6.68   40584.  6.84   0.70
2026  21  8 41   715.7   6.68   40584.  6.84   0.67
2026  21  8 42   718.9   6.48   31450.  6.70   0.64
2026  21  8 43   715.8   5.21   37953.  5.34   0.54
2026  21  8 44   714.7   4.76   40271.  4.86   0.50
2026  21  8 45 99999.9 999.99 9999999. 99.99 999.99
2026  21  8 46 99999.9 999.99 9999999. 99.99 999.99
2026  21  8 47   712.6   6.15   33696.  6.25   0.61
2026  21  8 48   712.6   6.15   33696.  6.25   0.59
2026  21  8 49   712.5   6.41   30628.  6.51   0.60
2026  21  8 50   712.5   6.41   30628.  6.51   0.60
2026  21  8 51   712.5   6.41   30608.  6.51   0.61
2026  21  8 52   714.7   6.59   28227.  6.73   0.63
2026  21  8 53   714.7   6.59   28227.  6.73   0.62
2026  21  8 54 99999.9 999.99 9999999. 99.99 999.99
2026  21  8 55   713.1   6.13   26121.  6.23   0.57
2026  21  8 56   710.5   6.34   25829.  6.40   0.63
2026  21  8 57   705.2   7.06   27529.  7.02   0.73
2026  21  8 58   707.3   5.64   64297.  5.64   0.70
2026  21  8 59   707.3   5.64   64297.  5.64   0.74
2026  21  9  0   710.3   5.88   31880.  5.93   0.59
2026  21  9  1   711.0   5.96   24781.  6.03   0.59
2026  21  9  2   708.5   6.34   45689.  6.37   0.70
2026  21  9  3   708.7   6.64   36575.  6.67   0.69
2026  21  9  4   707.2   5.80   52884.  5.80   0.65
2026  21  9  5   707.3   6.49   34431.  6.49   0.66
2026  21  9  6   711.8   6.80   30250.  6.89   0.67
2026  21  9  7   710.4   6.31   41498.  6.37   0.67
2026  21  9  8   709.0   6.36   43471.  6.39   0.70
2026  21  9  9   712.9   6.36   26280.  6.46   0.65
2026  21  9 10   707.9   7.46   50516.  7.48   0.88
2026  21  9 11   707.9   7.46   50530.  7.48   0.88
2026  21  9 12 99999.9 999.99 9999999. 99.99 999.99
2026  21  9 13   709.0   7.01   54822.  7.05   0.89
2026  21  9 14   700.0   7.34   55336.  7.19   0.95
2026  21  9 15   680.8   7.82   47280.  7.25   0.93
2026  21  9 16   709.6   5.18   75516.  5.22   0.68
2026  21  9 17   706.1   6.26   53809.  6.24   0.71
2026  21  9 18   708.9   5.64   72288.  5.67   0.69
2026  21  9 19   709.4   5.11   70273.  5.14   0.64
2026  21  9 20   709.8   6.27   50759.  6.32   0.71
2026  21  9 21   709.9   6.05   55167.  6.10   0.58
2026  21  9 22 99999.9 999.99 9999999. 99.99 999.99
2026  21  9 23 99999.9 999.99 9999999. 99.99 999.99
2026  21  9 24 99999.9 999.99 9999999. 99.99 999.99
2026  21  9 25 99999.9 999.99 9999999. 99.99 999.99
2026  21  9 26 99999.9 999.99 9999999. 99.99 999.99
2026  21  9 27   701.1   6.84   19169.  6.72   0.48
2026  21  9 28   701.1   6.84   19169.  6.72   0.48
2026  21  9 29 99999.9 999.99 9999999. 99.99 999.99
2026  21  9 30 99999.9 999.99 9999999. 99.99 999.99
2026  21  9 31 99999.9 999.99 9999999. 99.99 999.99
2026  21  9 32 99999.9 999.99 9999999. 99.99 999.99
2026  21  9 33 99999.9 999.99 9999999. 99.99 999.99
2026  21  9 34   695.1  10.06   34558.  9.72   1.08
2026  21  9 35   695.1  10.06   34558.  9.72   1.00
2026  21  9 36   695.1  10.06   34558.  9.72   1.02
2026  21  9 37 99999.9 999.99 9999999. 99.99 999.99
2026  21  9 38   700.0   9.04   24200.  8.86   0.92
2026  21  9 39   700.0   9.04   24200.  8.86   0.92
2026  21  9 40   700.0   9.04   24200.  8.86   0.73
2026  21  9 41 99999.9 999.99 9999999. 99.99 999.99
2026  21  9 42 99999.9 999.99 9999999. 99.99 999.99
2026  21  9 43 99999.9 999.99 9999999. 99.99 999.99
2026  21  9 44 99999.9 999.99 9999999. 99.99 999.99
2026  21  9 45 99999.9 999.99 9999999. 99.99 999.99
2026  21  9 46   701.0   7.75   32564.  7.62   0.58
2026  21  9 47   701.0   7.75   32564.  7.62   0.60
2026  21  9 48   701.0   7.75   32564.  7.62   0.55
2026  21  9 49 99999.9 999.99 9999999. 99.99 999.99
2026  21  9 50 99999.9 999.99 9999999. 99.99 999.99
2026  21  9 51 99999.9 999.99 9999999. 99.99 999.99
2026  21  9 52 99999.9 999.99 9999999. 99.99 999.99
2026  21  9 53 99999.9 999.99 9999999. 99.99 999.99
2026  21  9 54 99999.9 999.99 9999999. 99.99 999.99
2026  21  9 55 99999.9 999.99 9999999. 99.99 999.99
2026  21  9 56   693.4   8.93   50181.  8.59   0.91
2026  21  9 57   693.4   8.93   50181.  8.59   0.88
2026  21  9 58 99999.9 999.99 9999999. 99.99 999.99
2026  21  9 59 99999.9 999.99 9999999. 99.99 999.99
2026  21 10  0 99999.9 999.99 9999999. 99.99 999.99
2026  21 10  1 99999.9 999.99 9999999. 99.99 999.99
2026  21 10  2 99999.9 999.99 9999999. 99.99 999.99
2026  21 10  3 99999.9 999.99 9999999. 99.99 999.99
2026  21 10  4 99999.9 999.99 9999999. 99.99 999.99
2026  21 10  5 99999.9 999.99 9999999. 99.99 999.99
2026  21 10  6 99999.9 999.99 9999999. 99.99 999.99
2026  21 10  7 99999.9 999.99 9999999. 99.99 999.99
2026  21 10  8 99999.9 999.99 9999999. 99.99 999.99
2026  21 10  9 99999.9 999.99 9999999. 99.99 999.99
2026  21 10 10 99999.9 999.99 9999999. 99.99 999.99
2026  21 10 11   718.5  10.28   44334. 10.61   0.87
2026  21 10 12   710.2   8.28   39589.  8.35   0.70
2026  21 10 13   704.8   6.37   74443.  6.33   0.66
2026  21 10 14   704.3   6.12   82377.  6.07   0.65
2026  21 10 15 99999.9 999.99 9999999. 99.99 999.99
2026  21 10 16 99999.9 999.99 9999999. 99.99 999.99
2026  21 10 17 99999.9 999.99 9999999. 99.99 999.99
2026  21 10 18 99999.9 999.99 9999999. 99.99 999.99
2026  21 10 19 99999.9 999.99 9999999. 99.99 999.99
2026  21 10 20 99999.9 999.99 9999999. 99.99 999.99
2026  21 10 21 99999.9 999.99 9999999. 99.99 999.99
2026  21 10 22 99999.9 999.99 9999999. 99.99 999.99
2026  21 10 23 99999.9 999.99 9999999. 99.99 999.99
2026  21 10 24 99999.9 999.99 9999999. 99.99 999.99
2026  21 10 25 99999.9 999.99 9999999. 99.99 999.99
2026  21 10 26 99999.9 999.99 9999999. 99.99 999.99
2026  21 10 27 99999.9 999.99 9999999. 99.99 999.99
2026  21 10 28 99999.9 999.99 9999999. 99.99 999.99
2026  21 10 29 99999.9 999.99 9999999. 99.99 999.99
2026  21 10 30   649.5   1.83   31727.  1.54   0.14
2026  21 10 31   649.5   1.83   31727.  1.54   0.14
2026  21 10 32   678.4   1.83   22536.  1.68   0.14
2026  21 10 33   678.4   1.83   22536.  1.68   0.14
2026  21 10 34   648.4   1.87   37210.  1.57   0.15
2026  21 10 35   648.4   1.87   37210.  1.57   0.16
2026  21 10 36 99999.9 999.99 9999999. 99.99 999.99
2026  21 10 37   653.9   1.98   32004.  1.69   0.17
2026  21 10 38   653.9   1.98   32004.  1.69   0.17
2026  21 10 39 99999.9 999.99 9999999. 99.99 999.99
2026  21 10 40 99999.9 999.99 9999999. 99.99 999.99
2026  21 10 41 99999.9 999.99 9999999. 99.99 999.99
2026  21 10 42 99999.9 999.99 9999999. 99.99 999.99
2026  21 10 43   662.2   1.26   23005.  1.11   0.10
2026  21 10 44   662.2   1.26   23005.  1.11   0.10
2026  21 10 45   664.3   1.64   22198.  1.45   0.13
2026  21 10 46   666.2   1.76   20861.  1.56   0.14
2026  21 10 47   669.3   1.69   18043.  1.51   0.13
2026  21 10 48 99999.9 999.99 9999999. 99.99 999.99
2026  21 10 49 99999.9 999.99 9999999. 99.99 999.99
2026  21 10 50 99999.9 999.99 9999999. 99.99 999.99
2026  21 10 51   689.1   0.93  249359.  0.88   0.19
2026  21 10 52   682.0   1.14  193662.  1.06   0.20
2026  21 10 53   660.2   1.79   21611.  1.56   0.15
2026  21 10 54   660.2   1.79   21611.  1.56   0.15
2026  21 10 55   664.0   1.61   11858.  1.42   0.12
2026  21 10 56   664.0   1.61   11858.  1.42   0.12
2026  21 10 57 99999.9 999.99 9999999. 99.99 999.99
2026  21 10 58   668.6   1.80   16442.  1.61   0.14
2026  21 10 59   660.8   1.60   13144.  1.40   0.13
2026  21 11  0   656.5   1.49   11355.  1.28   0.11
2026  21 11  1   654.1   1.95   17279.  1.67   0.16
2026  21 11  2   654.1   1.95   17279.  1.67   0.17
2026  21 11  3   651.1   1.70   22537.  1.44   0.15
2026  21 11  4   644.3   1.79   20977.  1.49   0.15
2026  21 11  5   628.6   1.83   17489.  1.45   0.16
2026  21 11  6   659.4   1.79   12720.  1.56   0.16
2026  21 11  7   659.4   1.79   12720.  1.56   0.16
2026  21 11  8   659.4   1.79   12720.  1.56   0.16
2026  21 11  9   647.3   1.56    8282.  1.31   0.13
2026  21 11 10   647.3   1.56    8282.  1.31   0.14
2026  21 11 11   647.3   1.56    8282.  1.31   0.14
2026  21 11 12 99999.9 999.99 9999999. 99.99 999.99
2026  21 11 13 99999.9 999.99 9999999. 99.99 999.99
2026  21 11 14 99999.9 999.99 9999999. 99.99 999.99
2026  21 11 15 99999.9 999.99 9999999. 99.99 999.99
2026  21 11 16 99999.9 999.99 9999999. 99.99 999.99
2026  21 11 17 99999.9 999.99 9999999. 99.99 999.99
2026  21 11 18   649.4   1.81   14162.  1.53   0.17
2026  21 11 19   649.4   1.81   14162.  1.53   0.17
2026  21 11 20   649.4   1.81   14162.  1.53   0.17
2026  21 11 21 99999.9 999.99 9999999. 99.99 999.99
2026  21 11 22 99999.9 999.99 9999999. 99.99 999.99
2026  21 11 23 99999.9 999.99 9999999. 99.99 999.99
2026  21 11 24   647.4   1.73   14162.  1.45   0.16
2026  21 11 25   647.4   1.73   14162.  1.45   0.16
2026  21 11 26   647.4   1.73   14162.  1.45   0.16
2026  21 11 27 99999.9 999.99 9999999. 99.99 999.99
2026  21 11 28 99999.9 999.99 9999999. 99.99 999.99
2026  21 11 29 99999.9 999.99 9999999. 99.99 999.99
2026  21 11 30 99999.9 999.99 9999999. 99.99 999.99
2026  21 11 31 99999.9 999.99 9999999. 99.99 999.99
2026  21 11 32   649.4   1.74   11355.  1.47   0.16
2026  21 11 33   649.4   1.74   11355.  1.47   0.16
2026  21 11 34 99999.9 999.99 9999999. 99.99 999.99
2026  21 11 35 99999.9 999.99 9999999. 99.99 999.99
2026  21 11 36 99999.9 999.99 9999999. 99.99 999.99
2026  21 11 37 99999.9 999.99 9999999. 99.99 999.99
2026  21 11 38   649.4   1.87   20483.  1.58   0.18
2026  21 11 39   649.4   1.87   20483.  1.58   0.18
2026  21 11 40   649.4   1.87   20483.  1.58   0.18
2026  21 11 41 99999.9 999.99 9999999. 99.99 999.99
2026  21 11 42 99999.9 999.99 9999999. 99.99 999.99
2026  21 11 43 99999.9 999.99 9999999. 99.99 999.99
2026  21 11 44 99999.9 999.99 9999999. 99.99 999.99
2026  21 11 45   642.5   1.75   17076.  1.44   0.17
2026  21 11 46   642.5   1.75   17076.  1.44   0.17
2026  21 11 47   642.5   1.75   17076.  1.44   0.17
2026  21 11 48 99999.9 999.99 9999999. 99.99 999.99
2026  21 11 49   642.1   1.75   23242.  1.44   0.18
2026  21 11 50   642.1   1.75   23242.  1.44   0.18
2026  21 11 51   646.7   1.59   14538.  1.33   0.16
2026  21 11 52   648.9   1.66   14123.  1.40   0.17
2026  21 11 53   651.1   1.68   11911.  1.42   0.16
2026  21 11 54   655.8   1.53   18746.  1.32   0.15
2026  21 11 55   656.4   1.63   21329.  1.40   0.17
2026  21 11 56   661.2   1.76   21156.  1.54   0.19
2026  21 11 57 99999.9 999.99 9999999. 99.99 999.99
2026  21 11 58   649.1   1.64   20261.  1.38   0.17
2026  21 11 59   649.1   1.64   20261.  1.38   0.17
2026  21 12  0 99999.9 999.99 9999999. 99.99 999.99
2026  21 12  1 99999.9 999.99 9999999. 99.99 999.99
2026  21 12  2 99999.9 999.99 9999999. 99.99 999.99
2026  21 12  3   645.4   1.71   27707.  1.42   0.19
2026  21 12  4   645.4   1.71   27707.  1.42   0.19
2026  21 12  5 99999.9 999.99 9999999. 99.99 999.99
2026  21 12  6   660.8   1.65   30076.  1.44   0.18
2026  21 12  7   657.2   1.32   33738.  1.14   0.15
2026  21 12  8   655.4   1.16   35545.  1.00   0.13
2026  21 12  9 99999.9 999.99 9999999. 99.99 999.99
2026  21 12 10 99999.9 999.99 9999999. 99.99 999.99
2026  21 12 11 99999.9 999.99 9999999. 99.99 999.99
2026  21 12 12 99999.9 999.99 9999999. 99.99 999.99
2026  21 12 13   649.5   1.64   25924.  1.38   0.18
2026  21 12 14   649.5   1.64   25924.  1.38   0.18
2026  21 12 15   649.5   1.64   25924.  1.38   0.18
2026  21 12 16   645.8   1.71   22770.  1.43   0.18
2026  21 12 17   645.8   1.71   22770.  1.43   0.18
2026  21 12 18   645.8   1.71   22770.  1.43   0.18
2026  21 12 19 99999.9 999.99 9999999. 99.99 999.99
2026  21 12 20 99999.9 999.99 9999999. 99.99 999.99
2026  21 12 21   641.2   1.73   18740.  1.42   0.18
2026  21 12 22   645.4   1.67   21384.  1.39   0.17
2026  21 12 23   648.3   1.62   23242.  1.36   0.17
2026  21 12 24   651.2   1.82   21840.  1.54   0.19
2026  21 12 25   651.2   1.82   21840.  1.54   0.19
2026  21 12 26 99999.9 999.99 9999999. 99.99 999.99
2026  21 12 27 99999.9 999.99 9999999. 99.99 999.99
2026  21 12 28   646.2   1.97   22770.  1.65   0.21
2026  21 12 29   646.2   1.97   22770.  1.65   0.21
2026  21 12 30 99999.9 999.99 9999999. 99.99 999.99
2026  21 12 31   644.8   1.86   20931.  1.55   0.20
2026  21 12 32   644.8   1.86   20931.  1.55   0.20
2026  21 12 33   644.8   1.86   20931.  1.55   0.20
2026  21 12 34 99999.9 999.99 9999999. 99.99 999.99
2026  21 12 35 99999.9 999.99 9999999. 99.99 999.99
2026  21 12 36 99999.9 999.99 9999999. 99.99 999.99
2026  21 12 37 99999.9 999.99 9999999. 99.99 999.99
2026  21 12 38   642.0   1.62   17279.  1.34   0.17
2026  21 12 39   642.0   1.62   17443.  1.34   0.17
2026  21 12 40   643.4   1.73   19645.  1.43   0.18
2026  21 12 41   644.9   1.81   17323.  1.51   0.19
2026  21 12 42 99999.9 999.99 9999999. 99.99 999.99
2026  21 12 43   644.9   1.86   19385.  1.55   0.20
2026  21 12 44   644.9   1.86   19385.  1.55   0.20
2026  21 12 45   644.9   1.86   19379.  1.55   0.20
2026  21 12 46   642.1   1.81   15878.  1.49   0.19
2026  21 12 47   642.1   1.81   15878.  1.49   0.19
2026  21 12 48 99999.9 999.99 9999999. 99.99 999.99
2026  21 12 49   636.4   1.87   35725.  1.51   0.23
2026  21 12 50   636.4   1.87   35725.  1.51   0.23
2026  21 12 51 99999.9 999.99 9999999. 99.99 999.99
2026  21 12 52 99999.9 999.99 9999999. 99.99 999.99
2026  21 12 53 99999.9 999.99 9999999. 99.99 999.99
2026  21 12 54 99999.9 999.99 9999999. 99.99 999.99
2026  21 12 55   636.1   1.87   28489.  1.51   0.22
2026  21 12 56   636.1   1.87   28489.  1.51   0.22
2026  21 12 57   636.1   1.87   28489.  1.51   0.22
2026  21 12 58 99999.9 999.99 9999999. 99.99 999.99
2026  21 12 59 99999.9 999.99 9999999. 99.99 999.99
2026  21 13  0   635.1   1.61   19820.  1.30   0.18
2026  21 13  1   636.5   1.68   22075.  1.36   0.19
2026  21 13  2   637.6   1.75   22911.  1.42   0.20
2026  21 13  3   634.1   1.58   16272.  1.27   0.18
2026  21 13  4 99999.9 999.99 9999999. 99.99 999.99
2026  21 13  5 99999.9 999.99 9999999. 99.99 999.99
2026  21 13  6 99999.9 999.99 9999999. 99.99 999.99
2026  21 13  7   638.5   1.82   28227.  1.48   0.22
2026  21 13  8   639.7   1.54   64509.  1.26   0.23
2026  21 13  9   641.7   1.04  116368.  0.86   0.20
2026  21 13 10   639.2   1.63   17691.  1.33   0.18
2026  21 13 11   637.6   0.77  202121.  0.63   0.19
2026  21 13 12   637.6   0.77  202121.  0.63   0.19
2026  21 13 13   655.7   1.37   19187.  1.18   0.15
2026  21 13 14   648.7   1.54   21198.  1.30   0.17
2026  21 13 15   651.6   1.66   20268.  1.41   0.19
2026  21 13 16   642.1   1.75   30889.  1.44   0.21
2026  21 13 17   645.3   1.49   24467.  1.24   0.17
2026  21 13 18   644.9   1.61   23287.  1.34   0.18
2026  21 13 19   636.7   1.66   28844.  1.35   0.20
2026  21 13 20   636.3   1.64   28146.  1.33   0.20
2026  21 13 21   636.5   1.45   26124.  1.17   0.17
2026  21 13 22   642.7   1.61   28918.  1.33   0.20
2026  21 13 23   634.2   1.68   27275.  1.35   0.20
2026  21 13 24   636.1   1.71   28355.  1.38   0.21
2026  21 13 25   643.4   1.72   30901.  1.42   0.22
2026  21 13 26 99999.9 999.99 9999999. 99.99 999.99
2026  21 13 27 99999.9 999.99 9999999. 99.99 999.99
2026  21 13 28 99999.9 999.99 9999999. 99.99 999.99
2026  21 13 29   648.5   1.65   46086.  1.39   0.23
2026  21 13 30   648.5   1.65   46086.  1.39   0.23
2026  21 13 31 99999.9 999.99 9999999. 99.99 999.99
2026  21 13 32 99999.9 999.99 9999999. 99.99 999.99
2026  21 13 33   635.6   1.85   32628.  1.49   0.24
2026  21 13 34   636.0   1.74   28845.  1.41   0.22
2026  21 13 35   643.2   1.59   38887.  1.32   0.21
2026  21 13 36   644.3   1.57   40584.  1.30   0.21
2026  21 13 37 99999.9 999.99 9999999. 99.99 999.99
2026  21 13 38 99999.9 999.99 9999999. 99.99 999.99
2026  21 13 39   631.5   1.39   16873.  1.11   0.16
2026  21 13 40   631.5   1.39   16873.  1.11   0.16
2026  21 13 41   634.4   1.53   42004.  1.23   0.21
2026  21 13 42   628.8   1.57   32709.  1.24   0.20
2026  21 13 43   624.4   1.61   25425.  1.26   0.20
2026  21 13 44 99999.9 999.99 9999999. 99.99 999.99
2026  21 13 45   660.4   1.87   42166.  1.63   0.27
2026  21 13 46   660.4   1.87   42166.  1.63   0.26
2026  21 13 47   660.4   1.87   42166.  1.63   0.26
2026  21 13 48 99999.9 999.99 9999999. 99.99 999.99
2026  21 13 49 99999.9 999.99 9999999. 99.99 999.99
2026  21 13 50 99999.9 999.99 9999999. 99.99 999.99
2026  21 13 51 99999.9 999.99 9999999. 99.99 999.99
2026  21 13 52 99999.9 999.99 9999999. 99.99 999.99
2026  21 13 53 99999.9 999.99 9999999. 99.99 999.99
2026  21 13 54   659.7   2.02   43454.  1.76   0.29
2026  21 13 55   659.7   2.02   43454.  1.76   0.28
2026  21 13 56   659.7   2.02   43454.  1.76   0.29
2026  21 13 57 99999.9 999.99 9999999. 99.99 999.99
2026  21 13 58 99999.9 999.99 9999999. 99.99 999.99
2026  21 13 59   625.0   1.68   20483.  1.31   0.21
2026  21 14  0   624.0   1.67   24968.  1.30   0.21
2026  21 14  1   624.8   1.66   30243.  1.30   0.22
2026  21 14  2   642.2   1.72   29282.  1.42   0.23
2026  21 14  3   626.7   1.63   25869.  1.28   0.21
2026  21 14  4   623.2   1.59   29436.  1.24   0.21
2026  21 14  5   630.1   1.63   24801.  1.29   0.21
2026  21 14  6   637.5   1.64   25231.  1.33   0.21
2026  21 14  7   625.6   1.56   24299.  1.22   0.20
2026  21 14  8   631.2   1.58   23119.  1.26   0.21
2026  21 14  9   637.4   1.61   21840.  1.31   0.22
2026  21 14 10   639.3   1.08   23242.  0.88   0.15
2026  21 14 11   635.6   1.34   35856.  1.08   0.19
2026  21 14 12   633.5   1.49   43288.  1.20   0.22
2026  21 14 13 99999.9 999.99 9999999. 99.99 999.99
2026  21 14 14 99999.9 999.99 9999999. 99.99 999.99
2026  21 14 15 99999.9 999.99 9999999. 99.99 999.99
2026  21 14 16   636.8   1.71   23959.  1.39   0.23
2026  21 14 17   636.8   1.71   23959.  1.39   0.22
2026  21 14 18 99999.9 999.99 9999999. 99.99 999.99
2026  21 14 19   633.2   1.86   26270.  1.49   0.24
2026  21 14 20   633.4   1.76   23698.  1.41   0.23
2026  21 14 21   636.9   1.84   40928.  1.49   0.27
2026  21 14 22   638.1   1.91   48112.  1.56   0.29
2026  21 14 23 99999.9 999.99 9999999. 99.99 999.99
2026  21 14 24 99999.9 999.99 9999999. 99.99 999.99
2026  21 14 25 99999.9 999.99 9999999. 99.99 999.99
2026  21 14 26 99999.9 999.99 9999999. 99.99 999.99
2026  21 14 27 99999.9 999.99 9999999. 99.99 999.99
2026  21 14 28 99999.9 999.99 9999999. 99.99 999.99
2026  21 14 29 99999.9 999.99 9999999. 99.99 999.99
2026  21 14 30 99999.9 999.99 9999999. 99.99 999.99
2026  21 14 31 99999.9 999.99 9999999. 99.99 999.99
2026  21 14 32 99999.9 999.99 9999999. 99.99 999.99
2026  21 14 33   640.8   1.82   30901.  1.49   0.24
2026  21 14 34   640.8   1.82   30901.  1.49   0.24
2026  21 14 35   640.8   1.82   30901.  1.49   0.24
2026  21 14 36 99999.9 999.99 9999999. 99.99 999.99
2026  21 14 37 99999.9 999.99 9999999. 99.99 999.99
2026  21 14 38 99999.9 999.99 9999999. 99.99 999.99
2026  21 14 39   611.8   1.37   17898.  1.03   0.17
2026  21 14 40   611.8   1.37   17898.  1.03   0.17
2026  21 14 41   654.8   1.92   26427.  1.65   0.25
2026  21 14 42   654.8   1.92   26427.  1.65   0.25
2026  21 14 43 99999.9 999.99 9999999. 99.99 999.99
2026  21 14 44 99999.9 999.99 9999999. 99.99 999.99
2026  21 14 45   631.0   1.77   24048.  1.41   0.23
2026  21 14 46   634.2   1.79   24835.  1.44   0.23
2026  21 14 47   623.0   1.75   23927.  1.36   0.22
2026  21 14 48   620.9   1.75   23959.  1.35   0.22
2026  21 14 49 99999.9 999.99 9999999. 99.99 999.99
2026  21 14 50 99999.9 999.99 9999999. 99.99 999.99
2026  21 14 51 99999.9 999.99 9999999. 99.99 999.99
2026  21 14 52   640.2   1.89   28227.  1.55   0.24
2026  21 14 53   640.2   1.89   28227.  1.55   0.24
2026  21 14 54   640.2   1.89   28227.  1.55   0.25
2026  21 14 55   629.2   1.91   32283.  1.51   0.26
2026  21 14 56   629.2   1.91   32283.  1.51   0.25
2026  21 14 57   633.4   2.09   35585.  1.68   0.29
2026  21 14 58   629.1   1.78   31833.  1.41   0.24
2026  21 14 59   629.8   1.83   25888.  1.45   0.23
2026  21 15  0   636.8   2.27   47461.  1.84   0.33
2026  21 15  1   635.2   1.98   33449.  1.60   0.27
2026  21 15  2   634.6   1.96   31676.  1.58   0.26
2026  21 15  3   636.5   1.97   31727.  1.60   0.26
2026  21 15  4   643.4   1.99   33411.  1.65   0.27
2026  21 15  5   642.4   1.99   33684.  1.64   0.27
2026  21 15  6   625.2   1.91   38345.  1.49   0.27
2026  21 15  7   626.7   1.90   37028.  1.49   0.26
2026  21 15  8   627.6   1.89   36315.  1.49   0.26
2026  21 15  9   627.6   1.89   36315.  1.49   0.26
2026  21 15 10 99999.9 999.99 9999999. 99.99 999.99
2026  21 15 11 99999.9 999.99 9999999. 99.99 999.99
2026  21 15 12   624.7   1.97   37511.  1.54   0.27
2026  21 15 13   624.7   1.97   37511.  1.54   0.27
2026  21 15 14   624.7   1.97   37511.  1.54   0.28
2026  21 15 15 99999.9 999.99 9999999. 99.99 999.99
2026  21 15 16 99999.9 999.99 9999999. 99.99 999.99
2026  21 15 17 99999.9 999.99 9999999. 99.99 999.99
2026  21 15 18   615.5   1.74   25674.  1.32   0.23
2026  21 15 19   615.5   1.74   25674.  1.32   0.23
2026  21 15 20   615.5   1.74   25674.  1.32   0.23
2026  21 15 21 99999.9 999.99 9999999. 99.99 999.99
2026  21 15 22 99999.9 999.99 9999999. 99.99 999.99
2026  21 15 23   625.4   1.82   29549.  1.42   0.25
2026  21 15 24   625.4   1.82   29549.  1.42   0.24
2026  21 15 25 99999.9 999.99 9999999. 99.99 999.99
2026  21 15 26 99999.9 999.99 9999999. 99.99 999.99
2026  21 15 27 99999.9 999.99 9999999. 99.99 999.99
2026  21 15 28 99999.9 999.99 9999999. 99.99 999.99
2026  21 15 29   632.0   1.97   33839.  1.57   0.27
2026  21 15 30   631.5   1.93   32285.  1.54   0.27
2026  21 15 31   635.5   1.93   32293.  1.56   0.27
2026  21 15 32 99999.9 999.99 9999999. 99.99 999.99
2026  21 15 33   622.9   1.71   31651.  1.33   0.23
2026  21 15 34   623.0   1.78   32545.  1.38   0.25
2026  21 15 35   618.7   1.93   31175.  1.48   0.26
2026  21 15 36   618.9   1.92   31992.  1.47   0.26
2026  21 15 37   617.6   1.81   36335.  1.38   0.26
2026  21 15 38   618.8   1.83   31743.  1.40   0.25
2026  21 15 39   619.7   1.85   30143.  1.42   0.25
2026  21 15 40   622.9   1.85   29907.  1.44   0.25
2026  21 15 41   614.7   1.84   40898.  1.39   0.26
2026  21 15 42   619.4   1.83   36937.  1.40   0.26
2026  21 15 43   626.6   1.81   30922.  1.42   0.24
2026  21 15 44   628.6   1.99   32564.  1.57   0.27
2026  21 15 45   628.6   1.99   32564.  1.57   0.28
2026  21 15 46   633.8   1.89   28198.  1.52   0.26
2026  21 15 47   634.7   1.87   27448.  1.51   0.26
2026  21 15 48   617.6   1.94   33697.  1.48   0.28
2026  21 15 49   615.3   1.95   34558.  1.48   0.28
2026  21 15 50   615.3   1.95   34558.  1.48   0.28
2026  21 15 51   620.4   1.99   37210.  1.53   0.29
2026  21 15 52   620.4   1.99   37210.  1.53   0.29
2026  21 15 53   624.7   2.00   33696.  1.56   0.29
2026  21 15 54   624.7   2.00   33696.  1.56   0.29
2026  21 15 55 99999.9 999.99 9999999. 99.99 999.99
2026  21 15 56   621.8   2.13   39032.  1.65   0.32
2026  21 15 57   621.8   2.13   39032.  1.65   0.31
2026  21 15 58   621.8   2.13   39032.  1.65   0.32
2026  21 15 59   626.0   2.03   38116.  1.59   0.30
2026  21 16  0   626.0   2.03   38116.  1.59   0.30
2026  21 16  1 99999.9 999.99 9999999. 99.99 999.99
2026  21 16  2 99999.9 999.99 9999999. 99.99 999.99
2026  21 16  3 99999.9 999.99 9999999. 99.99 999.99
2026  21 16  4   636.2   2.03   34270.  1.64   0.29
2026  21 16  5   636.2   2.03   34270.  1.64   0.29
2026  21 16  6 99999.9 999.99 9999999. 99.99 999.99
2026  21 16  7   633.9   1.96   27966.  1.58   0.27
2026  21 16  8   633.9   1.96   27966.  1.58   0.27
2026  21 16  9   642.1   1.89   30086.  1.56   0.26
2026  21 16 10   642.1   1.89   30086.  1.56   0.26
2026  21 16 11   625.5   1.77   26427.  1.39   0.24
2026  21 16 12   625.3   1.87   28679.  1.46   0.26
2026  21 16 13   624.9   2.07   33527.  1.62   0.30
2026  21 16 14 99999.9 999.99 9999999. 99.99 999.99
2026  21 16 15 99999.9 999.99 9999999. 99.99 999.99
2026  21 16 16   621.7   2.00   31727.  1.55   0.29
2026  21 16 17   621.7   2.00   31727.  1.55   0.28
2026  21 16 18   626.2   2.01   31727.  1.58   0.29
2026  21 16 19   627.5   2.01   31727.  1.58   0.29
2026  21 16 20   618.6   2.00   32004.  1.53   0.30
2026  21 16 21   619.1   2.00   32371.  1.53   0.30
2026  21 16 22   627.0   2.07   39154.  1.63   0.32
2026  21 16 23   625.0   2.08   38354.  1.62   0.33
2026  21 16 24   618.8   1.94   39787.  1.49   0.31
2026  21 16 25   624.6   2.06   41097.  1.61   0.33
2026  21 16 26   627.9   2.13   41847.  1.68   0.34
2026  21 16 27 99999.9 999.99 9999999. 99.99 999.99
2026  21 16 28   620.2   1.30   53726.  1.00   0.22
2026  21 16 29   620.2   1.30   53726.  1.00   0.22
2026  21 16 30 99999.9 999.99 9999999. 99.99 999.99
2026  21 16 31   625.8   2.18   39340.  1.71   0.35
2026  21 16 32   625.8   2.18   39340.  1.71   0.35
2026  21 16 33   625.8   2.18   39340.  1.71   0.35
2026  21 16 34   621.4   1.90   36315.  1.47   0.30
2026  21 16 35   621.4   1.90   36315.  1.47   0.30
2026  21 16 36   627.5   1.63   46599.  1.28   0.28
2026  21 16 37   633.7   1.70   43507.  1.37   0.29
2026  21 16 38   624.3   2.01   39340.  1.57   0.34
2026  21 16 39   624.3   2.01   39340.  1.57   0.33
2026  21 16 40   626.6   2.25   46127.  1.77   0.40
2026  21 16 41   625.5   2.09   43386.  1.64   0.36
2026  21 16 42   626.1   2.05   41678.  1.61   0.36
2026  21 16 43   621.5   1.80   36677.  1.39   0.31
2026  21 16 44   615.9   1.50   31450.  1.14   0.25
2026  21 16 45   615.2   2.02   48112.  1.53   0.37
2026  21 16 46   615.2   2.02   48112.  1.53   0.37
2026  21 16 47   614.2   2.01   39032.  1.52   0.35
2026  21 16 48   614.2   2.01   39032.  1.52   0.35
2026  21 16 49 99999.9 999.99 9999999. 99.99 999.99
2026  21 16 50 99999.9 999.99 9999999. 99.99 999.99
2026  21 16 51   638.6   1.96   52650.  1.60   0.40
2026  21 16 52   638.6   1.96   52650.  1.60   0.39
2026  21 16 53 99999.9 999.99 9999999. 99.99 999.99
2026  21 16 54 99999.9 999.99 9999999. 99.99 999.99
2026  21 16 55 99999.9 999.99 9999999. 99.99 999.99
2026  21 16 56 99999.9 999.99 9999999. 99.99 999.99
2026  21 16 57 99999.9 999.99 9999999. 99.99 999.99
2026  21 16 58   623.8   2.01   48112.  1.56   0.38
2026  21 16 59   623.8   2.01   48112.  1.56   0.38
2026  21 17  0   623.8   2.01   48112.  1.56   0.38
2026  21 17  1 99999.9 999.99 9999999. 99.99 999.99
2026  21 17  2   621.0   1.48   26935.  1.14   0.25
2026  21 17  3   621.0   1.48   26935.  1.14   0.25
2026  21 17  4   627.4   1.91   38420.  1.50   0.34
2026  21 17  5   639.2   2.12   49029.  1.73   0.41
2026  21 17  6   647.6   2.29   56009.  1.92   0.46
2026  21 17  7   631.0   2.00   44069.  1.59   0.37
2026  21 17  8   621.4   1.74   48418.  1.34   0.34
2026  21 17  9   617.0   1.67   54138.  1.27   0.34
2026  21 17 10   619.2   1.88   60924.  1.44   0.39
2026  21 17 11   627.1   1.96   47211.  1.54   0.38
2026  21 17 12   617.5   1.56   40513.  1.19   0.30
2026  21 17 13   617.3   1.56   40584.  1.19   0.28
2026  21 17 14 99999.9 999.99 9999999. 99.99 999.99
2026  21 17 15 99999.9 999.99 9999999. 99.99 999.99
2026  21 17 16   602.0   1.31   57623.  0.95   0.26
2026  21 17 17   601.7   1.20   57846.  0.87   0.23
2026  21 17 18   601.6   1.15   58715.  0.83   0.22
2026  21 17 19   597.5   1.64   31727.  1.17   0.27
2026  21 17 20   597.5   1.64   31727.  1.17   0.27
2026  21 17 21 99999.9 999.99 9999999. 99.99 999.99
2026  21 17 22   598.6   1.66   32845.  1.19   0.28
2026  21 17 23   598.6   1.66   32845.  1.19   0.28
2026  21 17 24   598.6   1.66   32845.  1.19   0.28
2026  21 17 25 99999.9 999.99 9999999. 99.99 999.99
2026  21 17 26 99999.9 999.99 9999999. 99.99 999.99
2026  21 17 27 99999.9 999.99 9999999. 99.99 999.99
2026  21 17 28   595.4   1.37   22071.  0.97   0.21
2026  21 17 29   595.4   1.37   22071.  0.97   0.21
2026  21 17 30   595.4   1.37   22071.  0.97   0.21
2026  21 17 31 99999.9 999.99 9999999. 99.99 999.99
2026  21 17 32   597.4   1.40   28227.  1.00   0.22
2026  21 17 33   597.4   1.40   28227.  1.00   0.23
2026  21 17 34 99999.9 999.99 9999999. 99.99 999.99
2026  21 17 35 99999.9 999.99 9999999. 99.99 999.99
2026  21 17 36   609.1   1.49   33127.  1.11   0.25
2026  21 17 37   609.1   1.49   33127.  1.11   0.25
2026  21 17 38   607.7   1.47   32274.  1.09   0.24
2026  21 17 39   595.0   1.29   24221.  0.91   0.20
2026  21 17 40   598.3   1.30   21465.  0.93   0.20
2026  21 17 41   599.0   1.30   20931.  0.93   0.20
2026  21 17 42   599.8   1.69   30356.  1.22   0.28
2026  21 17 43   599.8   1.69   30356.  1.22   0.28
2026  21 17 44   599.5   1.55   26722.  1.11   0.25
2026  21 17 45   599.0   1.31   20261.  0.94   0.20
2026  21 17 46   599.0   1.31   20261.  0.94   0.20
2026  21 17 47 99999.9 999.99 9999999. 99.99 999.99
2026  21 17 48   603.2   1.42   32004.  1.03 999.99
2026  21 17 49   603.2   1.42   32004.  1.03   0.25
2026  21 17 50   600.6   1.50   31902.  1.08   0.26
2026  21 17 51   596.1   1.64   31727.  1.17   0.28
2026  21 17 52   599.0   1.51   25268.  1.08   0.25
2026  21 17 53   600.7   1.43   21611.  1.03   0.23
2026  21 17 54   600.7   1.43   21611.  1.03   0.23
2026  21 17 55   613.5   1.70   24931.  1.28   0.28
2026  21 17 56   613.5   1.70   24931.  1.28   0.28
2026  21 17 57   602.8   1.58   22483.  1.15   0.26
2026  21 17 58   595.1   1.50   20706.  1.06   0.24
2026  21 17 59   595.1   1.50   20706.  1.06   0.24
2026  21 18  0 99999.9 999.99 9999999. 99.99 999.99
2026  21 18  1 99999.9 999.99 9999999. 99.99 999.99
2026  21 18  2   597.6   1.38   27989.  0.99   0.23
2026  21 18  3   595.2   1.35   28122.  0.96   0.22
2026  21 18  4   593.3   1.33   28227.  0.94   0.22
2026  21 18  5   591.6   1.39   24809.  0.97   0.23
2026  21 18  6   591.8   1.40   25192.  0.98   0.23
2026  21 18  7   593.9   1.41   27881.  0.99   0.24
2026  21 18  8   593.3   1.55   26470.  1.09   0.26
2026  21 18  9 99999.9 999.99 9999999. 99.99 999.99
2026  21 18 10   593.8   1.58   29016.  1.11   0.27
2026  21 18 11   594.6   1.41   29782.  1.00   0.24
2026  21 18 12   596.6   1.24   30170.  0.88   0.21
2026  21 18 13   597.9   1.27   30086.  0.91   0.21
2026  21 18 14 99999.9 999.99 9999999. 99.99 999.99
2026  21 18 15 99999.9 999.99 9999999. 99.99 999.99
2026  21 18 16 99999.9 999.99 9999999. 99.99 999.99
2026  21 18 17 99999.9 999.99 9999999. 99.99 999.99
2026  21 18 18 99999.9 999.99 9999999. 99.99 999.99
2026  21 18 19 99999.9 999.99 9999999. 99.99 999.99
2026  21 18 20 99999.9 999.99 9999999. 99.99 999.99
2026  21 18 21 99999.9 999.99 9999999. 99.99 999.99
2026  21 18 22 99999.9 999.99 9999999. 99.99 999.99
2026  21 18 23 99999.9 999.99 9999999. 99.99 999.99
2026  21 18 24 99999.9 999.99 9999999. 99.99 999.99
2026  21 18 25 99999.9 999.99 9999999. 99.99 999.99
2026  21 18 26 99999.9 999.99 9999999. 99.99 999.99
2026  21 18 27 99999.9 999.99 9999999. 99.99 999.99
2026  21 18 28 99999.9 999.99 9999999. 99.99 999.99
2026  21 18 29 99999.9 999.99 9999999. 99.99 999.99
2026  21 18 30   595.0   1.22   24443.  0.86   0.20
2026  21 18 31   595.0   1.22   24443.  0.86   0.20
2026  21 18 32   595.0   1.22   24443.  0.86   0.20
2026  21 18 33 99999.9 999.99 9999999. 99.99 999.99
2026  21 18 34 99999.9 999.99 9999999. 99.99 999.99
2026  21 18 35 99999.9 999.99 9999999. 99.99 999.99
2026  21 18 36   591.3   1.29   31175.  0.90   0.22
2026  21 18 37   591.3   1.29   31175.  0.90   0.22
2026  21 18 38   591.3   1.29   31175.  0.90   0.22
2026  21 18 39 99999.9 999.99 9999999. 99.99 999.99
2026  21 18 40 99999.9 999.99 9999999. 99.99 999.99
2026  21 18 41 99999.9 999.99 9999999. 99.99 999.99
2026  21 18 42 99999.9 999.99 9999999. 99.99 999.99
2026  21 18 43   594.4   1.35   30628.  0.95   0.23
2026  21 18 44   594.4   1.35   30628.  0.95   0.23
2026  21 18 45   594.4   1.35   30628.  0.95   0.23
2026  21 18 46   588.5   1.29   28752.  0.89   0.22
2026  21 18 47   588.5   1.29   28752.  0.89   0.22
2026  21 18 48   588.5   1.29   28752.  0.89   0.22
2026  21 18 49 99999.9 999.99 9999999. 99.99 999.99
2026  21 18 50 99999.9 999.99 9999999. 99.99 999.99
2026  21 18 51 99999.9 999.99 9999999. 99.99 999.99
2026  21 18 52 99999.9 999.99 9999999. 99.99 999.99
2026  21 18 53   587.5   1.29   25674.  0.89   0.22
2026  21 18 54   587.5   1.29   25674.  0.89   0.22
2026  21 18 55   587.5   1.29   25684.  0.89   0.22
2026  21 18 56   587.5   1.36   26935.  0.94   0.23
2026  21 18 57   587.3   1.35   27791.  0.93   0.23
2026  21 18 58   586.5   1.28   31727.  0.88   0.22
2026  21 18 59   586.5   1.28   31727.  0.88   0.22
2026  21 19  0   585.6   1.27   33696.  0.87   0.22
2026  21 19  1   585.6   1.27   33696.  0.87   0.22
2026  21 19  2 99999.9 999.99 9999999. 99.99 999.99
2026  21 19  3 99999.9 999.99 9999999. 99.99 999.99
2026  21 19  4 99999.9 999.99 9999999. 99.99 999.99
2026  21 19  5   586.8   1.36   29817.  0.94   0.24
2026  21 19  6   586.8   1.36   29817.  0.94   0.24
2026  21 19  7   586.2   1.28   25429.  0.88   0.21
2026  21 19  8   585.5   1.25   25493.  0.86   0.21
2026  21 19  9   586.5   1.42   27714.  0.98   0.24
2026  21 19 10   586.1   1.40   29231.  0.96   0.24
2026  21 19 11   585.5   1.44   28905.  0.99   0.25
2026  21 19 12   586.3   1.53   27844.  1.05   0.26
2026  21 19 13   587.7   1.54   34121.  1.06   0.28
2026  21 19 14   586.6   1.51   29945.  1.04   0.27
2026  21 19 15   587.6   1.41   26356.  0.97   0.24
2026  21 19 16   588.4   1.38   26680.  0.96   0.24
2026  21 19 17   588.4   1.38   26680.  0.96   0.24
2026  21 19 18   588.7   1.50   26680.  1.04   0.26
2026  21 19 19   588.8   1.50   27013.  1.04   0.26
2026  21 19 20   589.5   1.44   30113.  1.00   0.25
2026  21 19 21   589.2   1.38   25780.  0.96   0.24
2026  21 19 22   588.1   1.38   27150.  0.95   0.24
2026  21 19 23   587.3   1.38   28487.  0.95   0.24
2026  21 19 24   587.9   1.41   24566.  0.97   0.25
2026  21 19 25   588.0   1.41   23959.  0.97   0.25
2026  21 19 26   586.0   1.45   23479.  1.00   0.25
2026  21 19 27   586.6   1.49   25183.  1.03   0.26
2026  21 19 28   587.4   1.54   27191.  1.06   0.27
2026  21 19 29   587.1   1.39   35139.  0.96   0.25
2026  21 19 30   587.1   1.39   35139.  0.96   0.25
2026  21 19 31   586.8   1.36   26935.  0.94   0.23
2026  21 19 32   586.8   1.36   26935.  0.94   0.24
2026  21 19 33   586.8   1.36   26935.  0.94   0.24
2026  21 19 34 99999.9 999.99 9999999. 99.99 999.99
2026  21 19 35 99999.9 999.99 9999999. 99.99 999.99
2026  21 19 36 99999.9 999.99 9999999. 99.99 999.99
2026  21 19 37 99999.9 999.99 9999999. 99.99 999.99
2026  21 19 38 99999.9 999.99 9999999. 99.99 999.99
2026  21 19 39 99999.9 999.99 9999999. 99.99 999.99
2026  21 19 40   582.9   1.35   28281.  0.92   0.24
2026  21 19 41   583.6   1.36   27691.  0.93   0.25
2026  21 19 42   584.6   1.36   26935.  0.93   0.24
2026  21 19 43 99999.9 999.99 9999999. 99.99 999.99
2026  21 19 44 99999.9 999.99 9999999. 99.99 999.99
2026  21 19 45 99999.9 999.99 9999999. 99.99 999.99
2026  21 19 46   581.5   1.34   32845.  0.91   0.25
2026  21 19 47   581.5   1.34   32845.  0.91   0.25
2026  21 19 48 99999.9 999.99 9999999. 99.99 999.99
2026  21 19 49 99999.9 999.99 9999999. 99.99 999.99
2026  21 19 50 99999.9 999.99 9999999. 99.99 999.99
2026  21 19 51 99999.9 999.99 9999999. 99.99 999.99
2026  21 19 52   580.2   1.32   31450.  0.89   0.24
2026  21 19 53   581.7   1.38   27588.  0.93   0.25
2026  21 19 54   582.8   1.42   29786.  0.96   0.26
2026  21 19 55   582.8   1.42   39340.  0.96   0.27
2026  21 19 56   582.8   1.42   39340.  0.96   0.27
2026  21 19 57   581.5   1.38   24931.  0.93   0.24
2026  21 19 58   581.5   1.38   24931.  0.93   0.25
2026  21 19 59   579.9   1.46   31376.  0.98   0.28
2026  21 20  0   580.2   1.43   28604.  0.96   0.26
2026  21 20  1   580.7   1.34   25334.  0.90   0.24
2026  21 20  2   581.3   1.36   28234.  0.92   0.25
2026  21 20  3   587.0   1.61   29817.  1.11   0.34
2026  21 20  4   587.0   1.61   29817.  1.11   0.33
2026  21 20  5   590.6   1.56   33411.  1.09   0.34
2026  21 20  6   591.1   1.46   43479.  1.02   0.33
2026  21 20  7   588.7   1.50   54363.  1.04   0.36
2026  21 20  8   587.3   1.45   71409.  1.00   0.38
2026  21 20  9   590.7   1.01  107231.  0.70   0.31
2026  21 20 10 99999.9 999.99 9999999. 99.99 999.99
2026  21 20 11 99999.9 999.99 9999999. 99.99 999.99
2026  21 20 12   581.9   1.82   50880.  1.23   0.44
2026  21 20 13   581.8   1.78   48998.  1.21   0.42
2026  21 20 14   587.0   1.34   68947.  0.92   0.36
2026  21 20 15   591.1   1.10   84312.  0.77   0.32
2026  21 20 16 99999.9 999.99 9999999. 99.99 999.99
2026  21 20 17   592.9   1.25   77973.  0.88   0.35
2026  21 20 18   589.2   1.43   73109.  0.99   0.39
2026  21 20 19   582.7   1.74   64852.  1.18   0.46
2026  21 20 20   579.3   1.77   47689.  1.19   0.42
2026  21 20 21   580.0   1.68   50336.  1.13   0.40
2026  21 20 22   580.5   1.71   53553.  1.15   0.41
2026  21 20 23   583.3   1.48   84705.  1.01   0.43
2026  21 20 24   581.0   1.58   64486.  1.07   0.41
2026  21 20 25   579.0   1.67   44887.  1.12   0.38
2026  21 20 26   578.0   1.41   58499.  0.94   0.33
2026  21 20 27   584.7   1.27   79267.  0.87   0.34
2026  21 20 28   579.5   1.40   66638.  0.94   0.36
2026  21 20 29   585.6   0.98   80246.  0.67   0.27
2026  21 20 30   592.5   1.00  113317.  0.70   0.31
2026  21 20 31   592.3   1.02  132483.  0.72   0.34
2026  21 20 32   591.0   1.09  111752.  0.76   0.34
2026  21 20 33   591.3   1.18  109869.  0.83   0.36
2026  21 20 34   587.8   1.24   75684.  0.86   0.33
2026  21 20 35   588.2   1.10   94425.  0.76   0.31
2026  21 20 36   589.3   1.14  121969.  0.79   0.37
2026  21 20 37   588.4   1.11  106553.  0.77   0.34
2026  21 20 38   588.0   1.10  100218.  0.76   0.32
2026  21 20 39   586.9   1.12  145618.  0.77   0.39
2026  21 20 40   586.1   1.12  151832.  0.77   0.39
2026  21 20 41   581.8   1.26  123503.  0.85   0.40
2026  21 20 42   571.2   1.59   50568.  1.04   0.36
2026  21 20 43   576.4   1.49   74152.  0.99   0.37
2026  21 20 44   584.7   1.23  121342.  0.84   0.38
2026  21 20 45   586.3   1.18  120113.  0.81   0.36
2026  21 20 46   579.7   1.31   79518.  0.88   0.34
2026  21 20 47   584.8   1.18   83933.  0.81   0.31
2026  21 20 48 99999.9 999.99 9999999. 99.99 999.99
2026  21 20 49   569.6   1.53   26935.  0.99   0.30
2026  21 20 50   575.6   1.35   65039.  0.89   0.34
2026  21 20 51   577.3   1.50   84879.  1.00   0.42
2026  21 20 52   573.4   1.78   84156.  1.17   0.51
2026  21 20 53   574.6   1.83   77112.  1.21   0.51
2026  21 20 54   578.7   1.66   55666.  1.11   0.40
2026  21 20 55   579.2   1.47   69986.  0.99   0.38
2026  21 20 56   570.3   1.51   50499.  0.98   0.35
2026  21 20 57   580.9   1.28   86015.  0.86   0.36
2026  21 20 58   580.1   1.30   93255.  0.87   0.38
2026  21 20 59   581.9   1.75   73491.  1.19   0.47
2026  21 21  0   580.9   1.75   78583.  1.18   0.48
2026  21 21  1   583.8   1.45   53834.  0.99   0.34
2026  21 21  2   583.9   1.44   53366.  0.98   0.34
2026  21 21  3 99999.9 999.99 9999999. 99.99 999.99
2026  21 21  4 99999.9 999.99 9999999. 99.99 999.99
2026  21 21  5 99999.9 999.99 9999999. 99.99 999.99
2026  21 21  6 99999.9 999.99 9999999. 99.99 999.99
2026  21 21  7 99999.9 999.99 9999999. 99.99 999.99
2026  21 21  8 99999.9 999.99 9999999. 99.99 999.99
2026  21 21  9 99999.9 999.99 9999999. 99.99 999.99
2026  21 21 10 99999.9 999.99 9999999. 99.99 999.99
2026  21 21 11 99999.9 999.99 9999999. 99.99 999.99
2026  21 21 12   583.1   1.28  119267.  0.87   0.40
2026  21 21 13   583.1   1.28  119267.  0.87   0.40
2026  21 21 14   580.3   1.33   87822.  0.90   0.36
2026  21 21 15   580.3   1.33   87822.  0.90   0.36
2026  21 21 16   578.5   1.34   85532.  0.90   0.36
2026  21 21 17   578.5   1.34   85532.  0.90   0.36
2026  21 21 18 99999.9 999.99 9999999. 99.99 999.99
2026  21 21 19 99999.9 999.99 9999999. 99.99 999.99
2026  21 21 20 99999.9 999.99 9999999. 99.99 999.99
2026  21 21 21 99999.9 999.99 9999999. 99.99 999.99
2026  21 21 22   586.0   1.23  139392.  0.84   0.42
2026  21 21 23   586.0   1.23  139392.  0.84   0.42
2026  21 21 24 99999.9 999.99 9999999. 99.99 999.99
2026  21 21 25 99999.9 999.99 9999999. 99.99 999.99
2026  21 21 26 99999.9 999.99 9999999. 99.99 999.99
2026  21 21 27 99999.9 999.99 9999999. 99.99 999.99
2026  21 21 28 99999.9 999.99 9999999. 99.99 999.99
2026  21 21 29 99999.9 999.99 9999999. 99.99 999.99
2026  21 21 30   582.1   1.37  144668.  0.93   0.48
2026  21 21 31   582.1   1.37  144668.  0.93   0.48
2026  21 21 32 99999.9 999.99 9999999. 99.99 999.99
2026  21 21 33 99999.9 999.99 9999999. 99.99 999.99
2026  21 21 34   581.9   1.35  123058.  0.91   0.43
2026  21 21 35   581.9   1.35  123045.  0.91   0.43
2026  21 21 36   576.6   1.17   73268.  0.78   0.30
2026  21 21 37   576.6   1.17   73268.  0.78   0.30
2026  21 21 38 99999.9 999.99 9999999. 99.99 999.99
2026  21 21 39 99999.9 999.99 9999999. 99.99 999.99
2026  21 21 40 99999.9 999.99 9999999. 99.99 999.99
2026  21 21 41 99999.9 999.99 9999999. 99.99 999.99
2026  21 21 42 99999.9 999.99 9999999. 99.99 999.99
2026  21 21 43 99999.9 999.99 9999999. 99.99 999.99
2026  21 21 44 99999.9 999.99 9999999. 99.99 999.99
2026  21 21 45   586.6   1.33  144668.  0.92   0.43
2026  21 21 46   586.6   1.33  144668.  0.92   0.43
2026  21 21 47   586.6   1.33  144668.  0.92   0.43
2026  21 21 48 99999.9 999.99 9999999. 99.99 999.99
2026  21 21 49 99999.9 999.99 9999999. 99.99 999.99
2026  21 21 50 99999.9 999.99 9999999. 99.99 999.99
2026  21 21 51   580.8   1.49  125801.  1.01   0.44
2026  21 21 52   580.8   1.49  125801.  1.01   0.43
2026  21 21 53   585.3   1.43  133534.  0.98   0.44
2026  21 21 54   585.4   1.43  133644.  0.98   0.44
2026  21 21 55   585.4   1.43  133644.  0.98   0.43
2026  21 21 56 99999.9 999.99 9999999. 99.99 999.99
2026  21 21 57 99999.9 999.99 9999999. 99.99 999.99
2026  21 21 58 99999.9 999.99 9999999. 99.99 999.99
2026  21 21 59 99999.9 999.99 9999999. 99.99 999.99
2026  21 22  0 99999.9 999.99 9999999. 99.99 999.99
2026  21 22  1 99999.9 999.99 9999999. 99.99 999.99
2026  21 22  2 99999.9 999.99 9999999. 99.99 999.99
2026  21 22  3   589.0   1.45  111345.  1.01   0.38
2026  21 22  4   589.0   1.45  111345.  1.01   0.37
2026  21 22  5   589.0   1.45  111345.  1.01   0.37
2026  21 22  6 99999.9 999.99 9999999. 99.99 999.99
2026  21 22  7   586.8   1.59  114481.  1.09   0.40
2026  21 22  8   586.8   1.59  114481.  1.09   0.41
2026  21 22  9   583.8   1.72  109279.  1.17   0.44
2026  21 22 10   583.8   1.72  109278.  1.17   0.44
2026  21 22 11 99999.9 999.99 9999999. 99.99 999.99
2026  21 22 12 99999.9 999.99 9999999. 99.99 999.99
2026  21 22 13 99999.9 999.99 9999999. 99.99 999.99
2026  21 22 14 99999.9 999.99 9999999. 99.99 999.99
2026  21 22 15 99999.9 999.99 9999999. 99.99 999.99
2026  21 22 16 99999.9 999.99 9999999. 99.99 999.99
2026  21 22 17 99999.9 999.99 9999999. 99.99 999.99
2026  21 22 18 99999.9 999.99 9999999. 99.99 999.99
2026  21 22 19 99999.9 999.99 9999999. 99.99 999.99
2026  21 22 20 99999.9 999.99 9999999. 99.99 999.99
2026  21 22 21 99999.9 999.99 9999999. 99.99 999.99
2026  21 22 22 99999.9 999.99 9999999. 99.99 999.99
2026  21 22 23 99999.9 999.99 9999999. 99.99 999.99
2026  21 22 24   590.7   1.81  102197.  1.26   0.46
2026  21 22 25   590.7   1.81  102197.  1.26   0.44
2026  21 22 26   590.7   1.81  102197.  1.26   0.44
2026  21 22 27 99999.9 999.99 9999999. 99.99 999.99
2026  21 22 28 99999.9 999.99 9999999. 99.99 999.99
2026  21 22 29 99999.9 999.99 9999999. 99.99 999.99
2026  21 22 30 99999.9 999.99 9999999. 99.99 999.99
2026  21 22 31 99999.9 999.99 9999999. 99.99 999.99
2026  21 22 32 99999.9 999.99 9999999. 99.99 999.99
2026  21 22 33 99999.9 999.99 9999999. 99.99 999.99
2026  21 22 34 99999.9 999.99 9999999. 99.99 999.99
2026  21 22 35 99999.9 999.99 9999999. 99.99 999.99
2026  21 22 36 99999.9 999.99 9999999. 99.99 999.99
2026  21 22 37 99999.9 999.99 9999999. 99.99 999.99
2026  21 22 38 99999.9 999.99 9999999. 99.99 999.99
2026  21 22 39 99999.9 999.99 9999999. 99.99 999.99
2026  21 22 40 99999.9 999.99 9999999. 99.99 999.99
2026  21 22 41 99999.9 999.99 9999999. 99.99 999.99
2026  21 22 42 99999.9 999.99 9999999. 99.99 999.99
2026  21 22 43   595.5   1.58  121426.  1.12   0.46
2026  21 22 44   595.5   1.58  121426.  1.12   0.42
2026  21 22 45 99999.9 999.99 9999999. 99.99 999.99
2026  21 22 46 99999.9 999.99 9999999. 99.99 999.99
2026  21 22 47 99999.9 999.99 9999999. 99.99 999.99
2026  21 22 48 99999.9 999.99 9999999. 99.99 999.99
2026  21 22 49 99999.9 999.99 9999999. 99.99 999.99
2026  21 22 50 99999.9 999.99 9999999. 99.99 999.99
2026  21 22 51 99999.9 999.99 9999999. 99.99 999.99
2026  21 22 52 99999.9 999.99 9999999. 99.99 999.99
2026  21 22 53 99999.9 999.99 9999999. 99.99 999.99
2026  21 22 54 99999.9 999.99 9999999. 99.99 999.99
2026  21 22 55 99999.9 999.99 9999999. 99.99 999.99
2026  21 22 56 99999.9 999.99 9999999. 99.99 999.99
2026  21 22 57 99999.9 999.99 9999999. 99.99 999.99
2026  21 22 58   595.3   1.69   81487.  1.20   0.39
2026  21 22 59   595.3   1.69   81487.  1.20   0.40
2026  21 23  0 99999.9 999.99 9999999. 99.99 999.99
2026  21 23  1 99999.9 999.99 9999999. 99.99 999.99
2026  21 23  2 99999.9 999.99 9999999. 99.99 999.99
2026  21 23  3 99999.9 999.99 9999999. 99.99 999.99
2026  21 23  4 99999.9 999.99 9999999. 99.99 999.99
2026  21 23  5   593.4   1.68  100711.  1.18   0.44
2026  21 23  6   593.4   1.68  100711.  1.18   0.44
2026  21 23  7   593.4   1.68  100711.  1.18   0.44
2026  21 23  8 99999.9 999.99 9999999. 99.99 999.99
2026  21 23  9 99999.9 999.99 9999999. 99.99 999.99
2026  21 23 10 99999.9 999.99 9999999. 99.99 999.99
2026  21 23 11 99999.9 999.99 9999999. 99.99 999.99
2026  21 23 12 99999.9 999.99 9999999. 99.99 999.99
2026  21 23 13 99999.9 999.99 9999999. 99.99 999.99
2026  21 23 14 99999.9 999.99 9999999. 99.99 999.99
2026  21 23 15 99999.9 999.99 9999999. 99.99 999.99
2026  21 23 16 99999.9 999.99 9999999. 99.99 999.99
2026  21 23 17 99999.9 999.99 9999999. 99.99 999.99
2026  21 23 18 99999.9 999.99 9999999. 99.99 999.99
2026  21 23 19 99999.9 999.99 9999999. 99.99 999.99
2026  21 23 20 99999.9 999.99 9999999. 99.99 999.99
2026  21 23 21 99999.9 999.99 9999999. 99.99 999.99
2026  21 23 22 99999.9 999.99 9999999. 99.99 999.99
2026  21 23 23 99999.9 999.99 9999999. 99.99 999.99
2026  21 23 24 99999.9 999.99 9999999. 99.99 999.99
2026  21 23 25 99999.9 999.99 9999999. 99.99 999.99
2026  21 23 26 99999.9 999.99 9999999. 99.99 999.99
2026  21 23 27 99999.9 999.99 9999999. 99.99 999.99
2026  21 23 28 99999.9 999.99 9999999. 99.99 999.99
2026  21 23 29   590.4   2.13  108764.  1.48   0.56
2026  21 23 30   590.4   2.13  108764.  1.48   0.56
2026  21 23 31 99999.9 999.99 9999999. 99.99 999.99
2026  21 23 32 99999.9 999.99 9999999. 99.99 999.99
2026  21 23 33 99999.9 999.99 9999999. 99.99 999.99
2026  21 23 34 99999.9 999.99 9999999. 99.99 999.99
2026  21 23 35   589.7   1.87   92020.  1.30   0.48
2026  21 23 36   589.7   1.87   92020.  1.30   0.45
2026  21 23 37   589.7   1.87   92020.  1.30   0.51
2026  21 23 38 99999.9 999.99 9999999. 99.99 999.99
2026  21 23 39   583.7   2.07  104699.  1.41   0.59
2026  21 23 40   583.7   2.07  104699.  1.41   0.57
2026  21 23 41   582.1   2.06  108764.  1.40   0.59
2026  21 23 42   582.1   2.06  108764.  1.40   0.59
2026  21 23 43   582.1   2.06  108764.  1.40   0.59
2026  21 23 44 99999.9 999.99 9999999. 99.99 999.99
2026  21 23 45   625.5   2.81  121969.  2.20   0.89
2026  21 23 46   625.5   2.81  121969.  2.20   0.90
2026  21 23 47   625.5   2.81  121969.  2.20   0.88
2026  21 23 48   587.1   2.07  113309.  1.43   0.63
2026  21 23 49   592.8   2.14  115458.  1.50   0.67
2026  21 23 50   618.7   2.58  115651.  1.98   0.78
2026  21 23 51   611.1   2.73   99235.  2.04   0.77
2026  21 23 52 99999.9 999.99 9999999. 99.99 999.99
2026  21 23 53   587.3   2.04  148840.  1.41   0.71
2026  21 23 54   589.1   1.99  136999.  1.38   0.67
2026  21 23 55   587.2   2.30  131500.  1.59   0.77
2026  21 23 56   585.5   2.65  131379.  1.82 999.99
2026  21 23 57 99999.9 999.99 9999999. 99.99 999.99
2026  21 23 58 99999.9 999.99 9999999. 99.99 999.99
2026  21 23 59 99999.9 999.99 9999999. 99.99 999.99
2026  22  0  0 99999.9 999.99 9999999. 99.99 999.99
2026  22  0  1 99999.9 999.99 9999999. 99.99 999.99
2026  22  0  2 99999.9 999.99 9999999. 99.99 999.99
2026  22  0  3 99999.9 999.99 9999999. 99.99 999.99
2026  22  0  4 99999.9 999.99 9999999. 99.99 999.99
2026  22  0  5 99999.9 999.99 9999999. 99.99 999.99
2026  22  0  6 99999.9 999.99 9999999. 99.99 999.99
2026  22  0  7 99999.9 999.99 9999999. 99.99 999.99
2026  22  0  8 99999.9 999.99 9999999. 99.99 999.99
2026  22  0  9   587.6   1.87  236328.  1.29   0.85
2026  22  0 10   587.6   1.87  236328.  1.29 999.99
2026  22  0 11   587.6   1.87  236328.  1.29 999.99
2026  22  0 12 99999.9 999.99 9999999. 99.99 999.99
2026  22  0 13   591.0   2.30  128018.  1.61   0.81
2026  22  0 14   591.0   2.30  128018.  1.61   0.78
2026  22  0 15 99999.9 999.99 9999999. 99.99 999.99
2026  22  0 16 99999.9 999.99 9999999. 99.99 999.99
2026  22  0 17 99999.9 999.99 9999999. 99.99 999.99
2026  22  0 18 99999.9 999.99 9999999. 99.99 999.99
2026  22  0 19 99999.9 999.99 9999999. 99.99 999.99
2026  22  0 20   601.9   2.05  130254.  1.49   0.69
2026  22  0 21   601.9   2.05  130254.  1.49   0.64
2026  22  0 22   601.2   2.23  125630.  1.61   0.70
2026  22  0 23   598.5   2.95  106722.  2.11   0.78
2026  22  0 24   598.5   2.95  106722.  2.11   0.77
2026  22  0 25 99999.9 999.99 9999999. 99.99 999.99
2026  22  0 26 99999.9 999.99 9999999. 99.99 999.99
2026  22  0 27   602.4   2.81   93874.  2.04   0.70
2026  22  0 28   601.3   2.67  100368.  1.93   0.67
2026  22  0 29   614.1   2.69   81043.  2.03   0.67
2026  22  0 30   592.9   3.15  116596.  2.21   0.84
2026  22  0 31   592.9   3.15  116596.  2.21   0.84
2026  22  0 32 99999.9 999.99 9999999. 99.99 999.99
2026  22  0 33   585.6   2.65  105708.  1.82   0.70
2026  22  0 34   585.6   2.65  105708.  1.82   0.68
2026  22  0 35   585.7   2.65  105731.  1.82   0.69
2026  22  0 36   598.8   2.93  104472.  2.10   0.73
2026  22  0 37   598.3   2.92   98362.  2.09   0.71
2026  22  0 38   603.9   2.80  106722.  2.04   0.72
2026  22  0 39   603.9   2.80  106731.  2.04   0.71
2026  22  0 40   609.2   3.12  113431.  2.32   0.79
2026  22  0 41   609.2   3.12  113431.  2.32   0.79
2026  22  0 42   592.0   2.18   81487.  1.53   0.47
2026  22  0 43   592.0   2.18   81487.  1.53   0.46
2026  22  0 44 99999.9 999.99 9999999. 99.99 999.99
2026  22  0 45 99999.9 999.99 9999999. 99.99 999.99
2026  22  0 46 99999.9 999.99 9999999. 99.99 999.99
2026  22  0 47 99999.9 999.99 9999999. 99.99 999.99
2026  22  0 48 99999.9 999.99 9999999. 99.99 999.99
2026  22  0 49 99999.9 999.99 9999999. 99.99 999.99
2026  22  0 50 99999.9 999.99 9999999. 99.99 999.99
2026  22  0 51 99999.9 999.99 9999999. 99.99 999.99
2026  22  0 52 99999.9 999.99 9999999. 99.99 999.99
2026  22  0 53 99999.9 999.99 9999999. 99.99 999.99
2026  22  0 54 99999.9 999.99 9999999. 99.99 999.99
2026  22  0 55   579.0   2.35   80601.  1.58   0.45
2026  22  0 56   579.0   2.35   80602.  1.58   0.45
2026  22  0 57   587.5   2.87   92153.  1.98   0.57
2026  22  0 58   604.7   2.74   81280.  2.00   0.54
2026  22  0 59   601.8   2.33   98593.  1.69   0.49
2026  22  1  0   601.4   2.37   99001.  1.71   0.49
2026  22  1  1   588.2   2.57   76555.  1.78   0.48
2026  22  1  2   597.4   2.79   89681.  1.99   0.57
2026  22  1  3   604.4   2.89   90054.  2.11   0.61
2026  22  1  4   604.3   2.77   80492.  2.02   0.55
2026  22  1  5   602.2   2.39   77539.  1.73   0.47
2026  22  1  6   602.2   2.39   77539.  1.73   0.45
2026  22  1  7   593.9   2.48   66284.  1.75   0.44
2026  22  1  8   593.9   2.48   66284.  1.75   0.45
2026  22  1  9   594.3   2.50   66284.  1.77   0.45
2026  22  1 10   600.6   2.88   66284.  2.08   0.52
2026  22  1 11   600.6   2.88   66284.  2.08   0.52
2026  22  1 12 99999.9 999.99 9999999. 99.99 999.99
2026  22  1 13 99999.9 999.99 9999999. 99.99 999.99
2026  22  1 14 99999.9 999.99 9999999. 99.99 999.99
2026  22  1 15   599.5   2.99   83722.  2.15   0.58
2026  22  1 16   580.2   2.66   70484.  1.79   0.48
2026  22  1 17   557.4   2.28   54814.  1.42   0.39
2026  22  1 18   599.9   2.58   72010.  1.86   0.48
2026  22  1 19   599.9   2.58   72010.  1.86   0.48
2026  22  1 20 99999.9 999.99 9999999. 99.99 999.99
2026  22  1 21 99999.9 999.99 9999999. 99.99 999.99
2026  22  1 22 99999.9 999.99 9999999. 99.99 999.99
2026  22  1 23   602.7   2.79   79720.  2.03   0.55
2026  22  1 24   602.7   2.79   79720.  2.03   0.55
2026  22  1 25 99999.9 999.99 9999999. 99.99 999.99
2026  22  1 26 99999.9 999.99 9999999. 99.99 999.99
2026  22  1 27   586.8   2.70   63510.  1.86   0.50
2026  22  1 28   586.8   2.70   63510.  1.86   0.50
2026  22  1 29 99999.9 999.99 9999999. 99.99 999.99
2026  22  1 30   600.1   2.99   72010.  2.15   0.58
2026  22  1 31   600.1   2.99   72010.  2.15   0.57
2026  22  1 32   600.1   2.99   72010.  2.15 999.99
2026  22  1 33 99999.9 999.99 9999999. 99.99 999.99
2026  22  1 34 99999.9 999.99 9999999. 99.99 999.99
2026  22  1 35 99999.9 999.99 9999999. 99.99 999.99
2026  22  1 36 99999.9 999.99 9999999. 99.99 999.99
2026  22  1 37 99999.9 999.99 9999999. 99.99 999.99
2026  22  1 38 99999.9 999.99 9999999. 99.99 999.99
2026  22  1 39 99999.9 999.99 9999999. 99.99 999.99
2026  22  1 40 99999.9 999.99 9999999. 99.99 999.99
2026  22  1 41   590.4   2.74   69118.  1.91   0.52
2026  22  1 42   589.3   2.82   68522.  1.96   0.54
2026  22  1 43   587.8   2.93   67733.  2.02   0.57
2026  22  1 44   578.7   2.57   71593.  1.72   0.51
2026  22  1 45   578.7   2.57   71593.  1.72   0.51
2026  22  1 46   578.7   2.57   71593.  1.72   0.51
2026  22  1 47   582.4   2.42   56280.  1.64   0.43
2026  22  1 48   582.4   2.42   56280.  1.64   0.43
2026  22  1 49   594.1   2.93   72776.  2.07   0.56
2026  22  1 50   599.0   3.15   79720.  2.26   0.58
2026  22  1 51   570.9   2.15   52294.  1.40   0.34
2026  22  1 52   572.9   1.99   66045.  1.31   0.34
2026  22  1 53   575.4   1.78   83696.  1.18   0.32
2026  22  1 54 99999.9 999.99 9999999. 99.99 999.99
2026  22  1 55 99999.9 999.99 9999999. 99.99 999.99
2026  22  1 56 99999.9 999.99 9999999. 99.99 999.99
2026  22  1 57 99999.9 999.99 9999999. 99.99 999.99
2026  22  1 58 99999.9 999.99 9999999. 99.99 999.99
2026  22  1 59   553.8   1.89   43778.  1.16   0.27
2026  22  2  0   553.8   1.89   43778.  1.16   0.27
2026  22  2  1   553.8   1.89   43778.  1.16   0.27
2026  22  2  2 99999.9 999.99 9999999. 99.99 999.99
2026  22  2  3 99999.9 999.99 9999999. 99.99 999.99
2026  22  2  4 99999.9 999.99 9999999. 99.99 999.99
2026  22  2  5 99999.9 999.99 9999999. 99.99 999.99
2026  22  2  6 99999.9 999.99 9999999. 99.99 999.99
2026  22  2  7   557.4   1.99   49807.  1.24   0.29
2026  22  2  8   554.8   2.00   52608.  1.23   0.30
2026  22  2  9   550.6   2.02   57021.  1.22   0.31
2026  22  2 10   559.2   1.54   88284.  0.96   0.27
2026  22  2 11   559.2   1.54   88259.  0.96   0.28
2026  22  2 12   555.3   2.07   60204.  1.28   0.32
2026  22  2 13   565.0   1.86   43989.  1.19   0.26
2026  22  2 14   567.8   1.80   39340.  1.16   0.25
2026  22  2 15   560.6   2.02   51354.  1.27   0.30
2026  22  2 16   561.1   2.03   52174.  1.28   0.30
2026  22  2 17   559.6   1.85   45090.  1.16   0.26
2026  22  2 18   559.6   1.85   45088.  1.16   0.26
2026  22  2 19   555.5   2.02   45495.  1.25   0.29
2026  22  2 20   550.8   1.96   49034.  1.19   0.29
2026  22  2 21   547.8   1.92   51232.  1.15   0.28
2026  22  2 22 99999.9 999.99 9999999. 99.99 999.99
2026  22  2 23   563.6   2.01   43778.  1.28   0.29
2026  22  2 24   563.6   2.01   43778.  1.28   0.29
2026  22  2 25   563.6   2.01   43778.  1.28   0.29
2026  22  2 26 99999.9 999.99 9999999. 99.99 999.99
2026  22  2 27 99999.9 999.99 9999999. 99.99 999.99
2026  22  2 28 99999.9 999.99 9999999. 99.99 999.99
2026  22  2 29 99999.9 999.99 9999999. 99.99 999.99
2026  22  2 30   563.9   1.93   42166.  1.23   0.28
2026  22  2 31   563.9   1.93   42166.  1.23   0.28
2026  22  2 32   567.0   1.22   88351.  0.78   0.22
2026  22  2 33   567.0   1.21   88747.  0.78   0.22
2026  22  2 34 99999.9 999.99 9999999. 99.99 999.99
2026  22  2 35 99999.9 999.99 9999999. 99.99 999.99
2026  22  2 36   559.6   2.10   47771.  1.32   0.31
2026  22  2 37   559.6   2.10   47771.  1.32   0.33
2026  22  2 38 99999.9 999.99 9999999. 99.99 999.99
2026  22  2 39 99999.9 999.99 9999999. 99.99 999.99
2026  22  2 40 99999.9 999.99 9999999. 99.99 999.99
2026  22  2 41 99999.9 999.99 9999999. 99.99 999.99
2026  22  2 42   536.3   1.51   15103.  0.87   0.20
2026  22  2 43   536.3   1.51   15103.  0.87   0.20
2026  22  2 44   559.3   1.31  268351.  0.82   0.47
2026  22  2 45   559.3   1.31  268351.  0.82   0.46
2026  22  2 46   559.3   1.31  268351.  0.82   0.45
2026  22  2 47 99999.9 999.99 9999999. 99.99 999.99
2026  22  2 48   535.0   1.64   33127.  0.94   0.23
2026  22  2 49   535.0   1.64   33127.  0.94   0.23
2026  22  2 50 99999.9 999.99 9999999. 99.99 999.99
2026  22  2 51 99999.9 999.99 9999999. 99.99 999.99
2026  22  2 52 99999.9 999.99 9999999. 99.99 999.99
2026  22  2 53 99999.9 999.99 9999999. 99.99 999.99
2026  22  2 54   538.7   1.04   97285.  0.60   0.19
2026  22  2 55   538.7   1.04   97285.  0.60   0.19
2026  22  2 56 99999.9 999.99 9999999. 99.99 999.99
2026  22  2 57 99999.9 999.99 9999999. 99.99 999.99
2026  22  2 58 99999.9 999.99 9999999. 99.99 999.99
2026  22  2 59 99999.9 999.99 9999999. 99.99 999.99
2026  22  3  0   537.6   1.09  113431.  0.63   0.22
2026  22  3  1   537.6   1.09  113431.  0.63   0.22
2026  22  3  2 99999.9 999.99 9999999. 99.99 999.99
2026  22  3  3   549.7   1.64   35431.  0.99   0.22
2026  22  3  4   549.7   1.64   35431.  0.99   0.22
2026  22  3  5   549.7   1.64   35431.  0.99   0.22
2026  22  3  6   546.5   1.61   23959.  0.96   0.20
2026  22  3  7   546.5   1.61   23959.  0.96   0.20
2026  22  3  8   546.5   1.61   23959.  0.96   0.20
2026  22  3  9 99999.9 999.99 9999999. 99.99 999.99
2026  22  3 10   561.9   1.77   37812.  1.12   0.24
2026  22  3 11   561.9   1.77   37812.  1.12   0.24
2026  22  3 12   561.9   1.77   37812.  1.12   0.24
2026  22  3 13 99999.9 999.99 9999999. 99.99 999.99
2026  22  3 14 99999.9 999.99 9999999. 99.99 999.99
2026  22  3 15   535.9   1.80   42486.  1.03   0.26
2026  22  3 16   535.9   1.80   42486.  1.03   0.26
2026  22  3 17 99999.9 999.99 9999999. 99.99 999.99
2026  22  3 18 99999.9 999.99 9999999. 99.99 999.99
2026  22  3 19   547.9   1.51   43130.  0.91   0.21
2026  22  3 20   547.9   1.51   43130.  0.91   0.21
2026  22  3 21   547.9   1.51   43130.  0.91   0.21
2026  22  3 22 99999.9 999.99 9999999. 99.99 999.99
2026  22  3 23 99999.9 999.99 9999999. 99.99 999.99
2026  22  3 24 99999.9 999.99 9999999. 99.99 999.99
2026  22  3 25 99999.9 999.99 9999999. 99.99 999.99
2026  22  3 26   569.2   1.64   61565.  1.06   0.25
2026  22  3 27   569.2   1.64   61565.  1.06   0.26
2026  22  3 28   569.2   1.64   61565.  1.06   0.26
2026  22  3 29 99999.9 999.99 9999999. 99.99 999.99
2026  22  3 30 99999.9 999.99 9999999. 99.99 999.99
2026  22  3 31   533.4   1.71   40898.  0.97   0.24
2026  22  3 32   539.4   1.51  109327.  0.88   0.31
2026  22  3 33   551.7   1.53  113621.  0.93   0.31
2026  22  3 34   552.6   1.69   78696.  1.03   0.29
2026  22  3 35   543.5   2.05   46905.  1.21   0.30
2026  22  3 36   537.2   1.85   44289.  1.07   0.27
2026  22  3 37   533.9   1.81   43454.  1.03   0.26
2026  22  3 38   533.9   1.81   43454.  1.03   0.26
2026  22  3 39   545.8   1.92   49320.  1.14   0.29
2026  22  3 40   544.0   1.95   42851.  1.15   0.29
2026  22  3 41   543.2   1.97   40271.  1.16   0.29
2026  22  3 42 99999.9 999.99 9999999. 99.99 999.99
2026  22  3 43 99999.9 999.99 9999999. 99.99 999.99
2026  22  3 44 99999.9 999.99 9999999. 99.99 999.99
2026  22  3 45   556.1   2.03   66284.  1.26   0.35
2026  22  3 46   556.1   2.03   66284.  1.26   0.35
2026  22  3 47 99999.9 999.99 9999999. 99.99 999.99
2026  22  3 48 99999.9 999.99 9999999. 99.99 999.99
2026  22  3 49 99999.9 999.99 9999999. 99.99 999.99
2026  22  3 50 99999.9 999.99 9999999. 99.99 999.99
2026  22  3 51 99999.9 999.99 9999999. 99.99 999.99
2026  22  3 52 99999.9 999.99 9999999. 99.99 999.99
2026  22  3 53 99999.9 999.99 9999999. 99.99 999.99
2026  22  3 54 99999.9 999.99 9999999. 99.99 999.99
2026  22  3 55 99999.9 999.99 9999999. 99.99 999.99
2026  22  3 56 99999.9 999.99 9999999. 99.99 999.99
2026  22  3 57 99999.9 999.99 9999999. 99.99 999.99
2026  22  3 58 99999.9 999.99 9999999. 99.99 999.99
2026  22  3 59 99999.9 999.99 9999999. 99.99 999.99
2026  22  4  0 99999.9 999.99 9999999. 99.99 999.99
2026  22  4  1 99999.9 999.99 9999999. 99.99 999.99
2026  22  4  2 99999.9 999.99 9999999. 99.99 999.99
2026  22  4  3   542.8   1.98   31450.  1.17   0.26
2026  22  4  4   542.8   1.98   31450.  1.17   0.26
2026  22  4  5   548.9   1.17  139946.  0.71   0.26
2026  22  4  6   548.9   1.17  139973.  0.71   0.26
2026  22  4  7 99999.9 999.99 9999999. 99.99 999.99
2026  22  4  8   549.3   1.17  150042.  0.71   0.27
2026  22  4  9   549.3   1.17  150042.  0.71   0.26
2026  22  4 10   549.3   1.17  150042.  0.71   0.26
2026  22  4 11 99999.9 999.99 9999999. 99.99 999.99
2026  22  4 12   531.2   1.74   39032.  0.98   0.24
2026  22  4 13   531.2   1.74   39032.  0.98   0.24
2026  22  4 14 99999.9 999.99 9999999. 99.99 999.99
2026  22  4 15   536.4   2.03   65859.  1.17   0.32
2026  22  4 16   531.3   1.81   36677.  1.02   0.25
2026  22  4 17   529.6   1.73   26680.  0.97   0.22
2026  22  4 18 99999.9 999.99 9999999. 99.99 999.99
2026  22  4 19 99999.9 999.99 9999999. 99.99 999.99
2026  22  4 20 99999.9 999.99 9999999. 99.99 999.99
2026  22  4 21 99999.9 999.99 9999999. 99.99 999.99
2026  22  4 22 99999.9 999.99 9999999. 99.99 999.99
2026  22  4 23 99999.9 999.99 9999999. 99.99 999.99
2026  22  4 24 99999.9 999.99 9999999. 99.99 999.99
2026  22  4 25 99999.9 999.99 9999999. 99.99 999.99
2026  22  4 26 99999.9 999.99 9999999. 99.99 999.99
2026  22  4 27 99999.9 999.99 9999999. 99.99 999.99
2026  22  4 28   542.3   1.17  326836.  0.69   0.43
2026  22  4 29   542.3   1.17  326836.  0.69   0.43
2026  22  4 30 99999.9 999.99 9999999. 99.99 999.99
2026  22  4 31 99999.9 999.99 9999999. 99.99 999.99
2026  22  4 32   540.0   1.13  273208.  0.66   0.37
2026  22  4 33   540.0   1.13  273208.  0.66   0.37
2026  22  4 34 99999.9 999.99 9999999. 99.99 999.99
2026  22  4 35 99999.9 999.99 9999999. 99.99 999.99
2026  22  4 36 99999.9 999.99 9999999. 99.99 999.99
2026  22  4 37   542.3   1.19  231812.  0.70   0.34
2026  22  4 38   542.3   1.19  231812.  0.70   0.34
2026  22  4 39   533.8   1.46  125103.  0.83   0.29
2026  22  4 40   526.5   1.69   32845.  0.94   0.22
2026  22  4 41   543.6   1.20  229473.  0.71   0.34
2026  22  4 42   544.1   1.19  234818.  0.70   0.34
2026  22  4 43 99999.9 999.99 9999999. 99.99 999.99
2026  22  4 44 99999.9 999.99 9999999. 99.99 999.99
2026  22  4 45 99999.9 999.99 9999999. 99.99 999.99
2026  22  4 46 99999.9 999.99 9999999. 99.99 999.99
2026  22  4 47   536.7   1.11  272396.  0.64   0.35
2026  22  4 48   536.7   1.11  272396.  0.64   0.35
2026  22  4 49   536.7   1.11  272396.  0.64   0.35
2026  22  4 50 99999.9 999.99 9999999. 99.99 999.99
2026  22  4 51 99999.9 999.99 9999999. 99.99 999.99
2026  22  4 52 99999.9 999.99 9999999. 99.99 999.99
2026  22  4 53   534.7   1.13  256400.  0.65   0.34
2026  22  4 54   534.7   1.13  256400.  0.65   0.34
2026  22  4 55 99999.9 999.99 9999999. 99.99 999.99
2026  22  4 56 99999.9 999.99 9999999. 99.99 999.99
2026  22  4 57 99999.9 999.99 9999999. 99.99 999.99
2026  22  4 58 99999.9 999.99 9999999. 99.99 999.99
2026  22  4 59 99999.9 999.99 9999999. 99.99 999.99
2026  22  5  0 99999.9 999.99 9999999. 99.99 999.99
2026  22  5  1 99999.9 999.99 9999999. 99.99 999.99
2026  22  5  2 99999.9 999.99 9999999. 99.99 999.99
2026  22  5  3 99999.9 999.99 9999999. 99.99 999.99
2026  22  5  4 99999.9 999.99 9999999. 99.99 999.99
2026  22  5  5 99999.9 999.99 9999999. 99.99 999.99
2026  22  5  6 99999.9 999.99 9999999. 99.99 999.99
2026  22  5  7   539.4   2.27   42166.  1.32   0.32
2026  22  5  8   539.4   2.27   42166.  1.32   0.31
2026  22  5  9   541.0   1.48  187522.  0.87   0.37
2026  22  5 10   545.7   1.31  203876.  0.78   0.34
2026  22  5 11   544.4   1.40  189729.  0.83   0.37
2026  22  5 12   534.7   2.09   91174.  1.20   0.36
2026  22  5 13   529.8   2.49   44104.  1.40   0.33
2026  22  5 14 99999.9 999.99 9999999. 99.99 999.99
2026  22  5 15 99999.9 999.99 9999999. 99.99 999.99
2026  22  5 16 99999.9 999.99 9999999. 99.99 999.99
2026  22  5 17 99999.9 999.99 9999999. 99.99 999.99
2026  22  5 18 99999.9 999.99 9999999. 99.99 999.99
2026  22  5 19 99999.9 999.99 9999999. 99.99 999.99
2026  22  5 20 99999.9 999.99 9999999. 99.99 999.99
2026  22  5 21 99999.9 999.99 9999999. 99.99 999.99
2026  22  5 22 99999.9 999.99 9999999. 99.99 999.99
2026  22  5 23 99999.9 999.99 9999999. 99.99 999.99
2026  22  5 24 99999.9 999.99 9999999. 99.99 999.99
2026  22  5 25 99999.9 999.99 9999999. 99.99 999.99
2026  22  5 26 99999.9 999.99 9999999. 99.99 999.99
2026  22  5 27 99999.9 999.99 9999999. 99.99 999.99
2026  22  5 28 99999.9 999.99 9999999. 99.99 999.99
2026  22  5 29 99999.9 999.99 9999999. 99.99 999.99
2026  22  5 30 99999.9 999.99 9999999. 99.99 999.99
2026  22  5 31 99999.9 999.99 9999999. 99.99 999.99
2026  22  5 32 99999.9 999.99 9999999. 99.99 999.99
2026  22  5 33 99999.9 999.99 9999999. 99.99 999.99
2026  22  5 34 99999.9 999.99 9999999. 99.99 999.99
2026  22  5 35 99999.9 999.99 9999999. 99.99 999.99
2026  22  5 36 99999.9 999.99 9999999. 99.99 999.99
2026  22  5 37 99999.9 999.99 9999999. 99.99 999.99
2026  22  5 38 99999.9 999.99 9999999. 99.99 999.99
2026  22  5 39 99999.9 999.99 9999999. 99.99 999.99
2026  22  5 40 99999.9 999.99 9999999. 99.99 999.99
2026  22  5 41 99999.9 999.99 9999999. 99.99 999.99
2026  22  5 42 99999.9 999.99 9999999. 99.99 999.99
2026  22  5 43 99999.9 999.99 9999999. 99.99 999.99
2026  22  5 44 99999.9 999.99 9999999. 99.99 999.99
2026  22  5 45 99999.9 999.99 9999999. 99.99 999.99
2026  22  5 46 99999.9 999.99 9999999. 99.99 999.99
2026  22  5 47 99999.9 999.99 9999999. 99.99 999.99
2026  22  5 48   530.2   1.77   23959.  1.00   0.21
2026  22  5 49   530.2   1.77   23959.  1.00   0.21
2026  22  5 50   530.2   1.77   23959.  1.00   0.21
2026  22  5 51 99999.9 999.99 9999999. 99.99 999.99
2026  22  5 52   548.2   1.35  183679.  0.81   0.32
2026  22  5 53   548.2   1.35  183679.  0.81   0.32
2026  22  5 54   548.6   1.45  161329.  0.87   0.32
2026  22  5 55   548.8   1.50  150646.  0.90   0.32
2026  22  5 56 99999.9 999.99 9999999. 99.99 999.99
2026  22  5 57 99999.9 999.99 9999999. 99.99 999.99
2026  22  5 58   548.5   1.52  256400.  0.91   0.42
2026  22  5 59   547.7   1.75  183446.  1.05   0.40
2026  22  6  0   546.5   2.10   70970.  1.25   0.31
2026  22  6  1 99999.9 999.99 9999999. 99.99 999.99
2026  22  6  2   557.2   1.34  158597.  0.83   0.29
2026  22  6  3   557.2   1.34  158597.  0.83   0.28
2026  22  6  4   557.2   1.34  158597.  0.83   0.29
2026  22  6  5 99999.9 999.99 9999999. 99.99 999.99
2026  22  6  6   526.6   2.26   60413.  1.25   0.31
2026  22  6  7   526.6   2.26   60413.  1.25   0.33
2026  22  6  8   526.6   2.26   60413.  1.25   0.32
2026  22  6  9 99999.9 999.99 9999999. 99.99 999.99
2026  22  6 10 99999.9 999.99 9999999. 99.99 999.99
2026  22  6 11 99999.9 999.99 9999999. 99.99 999.99
2026  22  6 12 99999.9 999.99 9999999. 99.99 999.99
2026  22  6 13 99999.9 999.99 9999999. 99.99 999.99
2026  22  6 14 99999.9 999.99 9999999. 99.99 999.99
2026  22  6 15 99999.9 999.99 9999999. 99.99 999.99
2026  22  6 16 99999.9 999.99 9999999. 99.99 999.99
2026  22  6 17 99999.9 999.99 9999999. 99.99 999.99
2026  22  6 18 99999.9 999.99 9999999. 99.99 999.99
2026  22  6 19 99999.9 999.99 9999999. 99.99 999.99
2026  22  6 20 99999.9 999.99 9999999. 99.99 999.99
2026  22  6 21 99999.9 999.99 9999999. 99.99 999.99
2026  22  6 22 99999.9 999.99 9999999. 99.99 999.99
2026  22  6 23 99999.9 999.99 9999999. 99.99 999.99
2026  22  6 24 99999.9 999.99 9999999. 99.99 999.99
2026  22  6 25 99999.9 999.99 9999999. 99.99 999.99
2026  22  6 26 99999.9 999.99 9999999. 99.99 999.99
2026  22  6 27 99999.9 999.99 9999999. 99.99 999.99
2026  22  6 28 99999.9 999.99 9999999. 99.99 999.99
2026  22  6 29 99999.9 999.99 9999999. 99.99 999.99
2026  22  6 30 99999.9 999.99 9999999. 99.99 999.99
2026  22  6 31 99999.9 999.99 9999999. 99.99 999.99
2026  22  6 32 99999.9 999.99 9999999. 99.99 999.99
2026  22  6 33 99999.9 999.99 9999999. 99.99 999.99
2026  22  6 34 99999.9 999.99 9999999. 99.99 999.99
2026  22  6 35 99999.9 999.99 9999999. 99.99 999.99
2026  22  6 36   535.5   1.49  157978.  0.85   0.31
2026  22  6 37   535.5   1.49  157978.  0.85   0.31
2026  22  6 38   535.5   1.49  157978.  0.85   0.31
2026  22  6 39 99999.9 999.99 9999999. 99.99 999.99
2026  22  6 40   536.4   1.63  210740.  0.94   0.40
2026  22  6 41   530.2   1.89  125996.  1.06   0.35
2026  22  6 42   522.4   2.17   46725.  1.18   0.28
2026  22  6 43   519.7   2.20   51232.  1.19   0.29
2026  22  6 44   519.7   2.20   51232.  1.19   0.29
2026  22  6 45 99999.9 999.99 9999999. 99.99 999.99
2026  22  6 46 99999.9 999.99 9999999. 99.99 999.99
2026  22  6 47 99999.9 999.99 9999999. 99.99 999.99
2026  22  6 48 99999.9 999.99 9999999. 99.99 999.99
2026  22  6 49 99999.9 999.99 9999999. 99.99 999.99
2026  22  6 50 99999.9 999.99 9999999. 99.99 999.99
2026  22  6 51 99999.9 999.99 9999999. 99.99 999.99
2026  22  6 52 99999.9 999.99 9999999. 99.99 999.99
2026  22  6 53 99999.9 999.99 9999999. 99.99 999.99
2026  22  6 54 99999.9 999.99 9999999. 99.99 999.99
2026  22  6 55 99999.9 999.99 9999999. 99.99 999.99
2026  22  6 56 99999.9 999.99 9999999. 99.99 999.99
2026  22  6 57   533.1   1.75   83273.  0.99   0.28
2026  22  6 58   533.1   1.75   83273.  0.99   0.28
2026  22  6 59 99999.9 999.99 9999999. 99.99 999.99
2026  22  7  0   515.8   1.86   32004.  0.99   0.21
2026  22  7  1   515.8   1.86   32004.  0.99   0.21
2026  22  7  2   515.8   1.86   32004.  0.99   0.22
2026  22  7  3 99999.9 999.99 9999999. 99.99 999.99
2026  22  7  4 99999.9 999.99 9999999. 99.99 999.99
2026  22  7  5 99999.9 999.99 9999999. 99.99 999.99
2026  22  7  6   547.6   1.56  256400.  0.94   0.43
2026  22  7  7   547.6   1.56  256400.  0.94   0.43
2026  22  7  8   547.6   1.56  256400.  0.94   0.43
2026  22  7  9 99999.9 999.99 9999999. 99.99 999.99
2026  22  7 10   555.5   1.53  313632.  0.94   0.49
2026  22  7 11   554.8   1.53  311249.  0.94   0.49
2026  22  7 12   549.6   1.54  292230.  0.93   0.47
2026  22  7 13   549.6   1.54  292230.  0.93   0.47
2026  22  7 14   564.3   1.95 3927844.  1.24   5.68
2026  22  7 15   561.2   1.88 3259113.  1.18   4.49
2026  22  7 16   547.0   1.57  232469.  0.94   0.40
2026  22  7 17   547.0   1.57  231812.  0.94   0.39
2026  22  7 18 99999.9 999.99 9999999. 99.99 999.99
2026  22  7 19 99999.9 999.99 9999999. 99.99 999.99
2026  22  7 20   547.0   1.72  258768.  1.03 999.99
2026  22  7 21   547.0   1.72  258768.  1.03   0.46
2026  22  7 22   547.0   1.72  258768.  1.03 999.99
2026  22  7 23 99999.9 999.99 9999999. 99.99 999.99
2026  22  7 24 99999.9 999.99 9999999. 99.99 999.99
2026  22  7 25 99999.9 999.99 9999999. 99.99 999.99
2026  22  7 26 99999.9 999.99 9999999. 99.99 999.99
2026  22  7 27 99999.9 999.99 9999999. 99.99 999.99
2026  22  7 28 99999.9 999.99 9999999. 99.99 999.99
2026  22  7 29 99999.9 999.99 9999999. 99.99 999.99
2026  22  7 30 99999.9 999.99 9999999. 99.99 999.99
2026  22  7 31 99999.9 999.99 9999999. 99.99 999.99
2026  22  7 32 99999.9 999.99 9999999. 99.99 999.99
2026  22  7 33   546.7   2.23 3863366.  1.33   6.10
2026  22  7 34   546.7   2.23 3863366.  1.33   6.10
2026  22  7 35 99999.9 999.99 9999999. 99.99 999.99
2026  22  7 36 99999.9 999.99 9999999. 99.99 999.99
2026  22  7 37 99999.9 999.99 9999999. 99.99 999.99
2026  22  7 38 99999.9 999.99 9999999. 99.99 999.99
2026  22  7 39   540.2   2.35 3711995.  1.37   6.12
2026  22  7 40   535.5   2.28 2835432.  1.31   4.55
2026  22  7 41   522.3   2.09  365308.  1.14   0.69
2026  22  7 42 99999.9 999.99 9999999. 99.99 999.99
2026  22  7 43 99999.9 999.99 9999999. 99.99 999.99
2026  22  7 44 99999.9 999.99 9999999. 99.99 999.99
2026  22  7 45 99999.9 999.99 9999999. 99.99 999.99
2026  22  7 46 99999.9 999.99 9999999. 99.99 999.99
2026  22  7 47 99999.9 999.99 9999999. 99.99 999.99
2026  22  7 48 99999.9 999.99 9999999. 99.99 999.99
2026  22  7 49 99999.9 999.99 9999999. 99.99 999.99
2026  22  7 50 99999.9 999.99 9999999. 99.99 999.99
2026  22  7 51 99999.9 999.99 9999999. 99.99 999.99
2026  22  7 52 99999.9 999.99 9999999. 99.99 999.99
2026  22  7 53 99999.9 999.99 9999999. 99.99 999.99
2026  22  7 54 99999.9 999.99 9999999. 99.99 999.99
2026  22  7 55   546.1   1.68  428356.  1.00   0.63
2026  22  7 56   550.2   1.98 2032838.  1.20   2.79
2026  22  7 57   554.5   2.29 3720992.  1.41   5.60
2026  22  7 58   517.0   1.94   35725.  1.04   0.20
2026  22  7 59   517.0   1.94   35725.  1.04   0.21
2026  22  8  0 99999.9 999.99 9999999. 99.99 999.99
2026  22  8  1 99999.9 999.99 9999999. 99.99 999.99
2026  22  8  2   551.6   2.30 2754000.  1.40   4.36
2026  22  8  3   547.1   2.30 1889114.  1.38   3.09
2026  22  8  4   546.3   2.31 1727263.  1.38   2.86
2026  22  8  5 99999.9 999.99 9999999. 99.99 999.99
2026  22  8  6   529.1   2.28   48112.  1.28   0.25
2026  22  8  7   528.8   2.30   48759.  1.29   0.24
2026  22  8  8   536.2   2.19  122751.  1.26   0.33
2026  22  8  9   527.5   2.28   59950.  1.27   0.27
2026  22  8 10   539.7   2.12  147259.  1.24   0.35
2026  22  8 11   545.5   2.16  119271.  1.29   0.32
2026  22  8 12   542.4   2.45   46869.  1.44   0.24
2026  22  8 13   534.8   2.21   49224.  1.26   0.22
2026  22  8 14   532.7   1.80   83076.  1.02   0.22
2026  22  8 15   554.4   3.95   80172.  2.43   0.48
2026  22  8 16   554.5   3.96   80160.  2.44   0.49
2026  22  8 17   550.5   3.71   74112.  2.25   0.43
2026  22  8 18   550.5   3.71   74116.  2.25   0.42
2026  22  8 19   550.2   3.84   87822.  2.32   0.45
2026  22  8 20   538.7   3.52   75590.  2.04   0.40
2026  22  8 21   530.0   3.27   66284.  1.84   0.35
2026  22  8 22 99999.9 999.99 9999999. 99.99 999.99
2026  22  8 23   542.2   4.95   25882.  2.91   0.41
2026  22  8 24   541.2   4.88   27746.  2.86   0.41
2026  22  8 25   539.2   4.75   31175.  2.76   0.42
2026  22  8 26 99999.9 999.99 9999999. 99.99 999.99
2026  22  8 27   532.0   5.46   27966.  3.09   0.48
2026  22  8 28   532.0   5.46   27966.  3.09   0.48
2026  22  8 29   532.0   5.46   27966.  3.09   0.49
2026  22  8 30 99999.9 999.99 9999999. 99.99 999.99
2026  22  8 31   538.6   5.59   36019.  3.24   0.53
2026  22  8 32   538.6   5.59   36019.  3.24   0.52
2026  22  8 33   543.1   5.72   32443.  3.37   0.51
2026  22  8 34   544.3   5.75   31450.  3.41   0.53
2026  22  8 35   531.4   5.62   26725.  3.17   0.50
2026  22  8 36   529.9   5.49   25144.  3.08   0.47
2026  22  8 37   526.8   4.60   15677.  2.55   0.35
2026  22  8 38   561.9   5.04   22223.  3.18   0.37
2026  22  8 39   562.2   4.97   21541.  3.14   0.38
2026  22  8 40   567.3   4.55   35139.  2.93   0.37
2026  22  8 41   567.3   4.55   35139.  2.93   0.36
2026  22  8 42   567.3   4.55   35139.  2.93   0.37
2026  22  8 43 99999.9 999.99 9999999. 99.99 999.99
2026  22  8 44   571.4   5.59   10863.  3.65   0.38
2026  22  8 45   572.2   5.33   11352.  3.49   0.36
2026  22  8 46   573.2   5.09   11853.  3.34   0.34
2026  22  8 47   573.3   5.43   11917.  3.57   0.37
2026  22  8 48   568.7   5.45   12770.  3.53   0.37
2026  22  8 49   572.9   5.63   13758.  3.70   0.38
2026  22  8 50   574.7   5.75   11090.  3.80   0.38
2026  22  8 51   575.2   5.78   10382.  3.82   0.38
2026  22  8 52   572.2   5.86   11858.  3.84   0.39
2026  22  8 53   572.2   5.86   11858.  3.84   0.39
2026  22  8 54   579.2   4.82   13073.  3.23   0.32
2026  22  8 55   580.0   4.75   12505.  3.20   0.31
2026  22  8 56   581.3   4.66   11651.  3.15   0.30
2026  22  8 57 99999.9 999.99 9999999. 99.99 999.99
2026  22  8 58   582.2   5.01   12896.  3.40   0.33
2026  22  8 59   582.1   4.94   13253.  3.35   0.32
2026  22  9  0   582.4   4.24   19645.  2.88   0.29
2026  22  9  1   584.2   4.54   21508.  3.10   0.32
2026  22  9  2 99999.9 999.99 9999999. 99.99 999.99
2026  22  9  3   584.9   5.21   11522.  3.56   0.34
2026  22  9  4   584.9   5.21   11522.  3.56   0.34
2026  22  9  5 99999.9 999.99 9999999. 99.99 999.99
2026  22  9  6   583.4   6.34   12545.  4.32   0.42
2026  22  9  7   583.4   6.34   12545.  4.32   0.43
2026  22  9  8   581.0   6.75   13795.  4.56   0.46
2026  22  9  9   581.0   6.75   13795.  4.56   0.46
2026  22  9 10   577.5   6.39   14162.  4.26   0.44
2026  22  9 11   578.5   6.37   13529.  4.26   0.43
2026  22  9 12   580.6   6.33   12201.  4.27   0.43
2026  22  9 13   569.8   6.18   12372.  4.01   0.41
2026  22  9 14   569.8   6.18   12372.  4.01   0.41
2026  22  9 15   563.6   5.21    9912.  3.31   0.34
2026  22  9 16   563.6   5.21    9912.  3.31   0.34
2026  22  9 17   563.6   5.21    9912.  3.31   0.34
2026  22  9 18 99999.9 999.99 9999999. 99.99 999.99
2026  22  9 19   564.3   5.44    9912.  3.46   0.35
2026  22  9 20   565.6   5.47    9912.  3.50   0.36
2026  22  9 21   568.7   5.61   10433.  3.63   0.37
2026  22  9 22   563.6   5.69   12678.  3.61   0.38
2026  22  9 23   563.2   6.20   13374.  3.93   0.42
2026  22  9 24 99999.9 999.99 9999999. 99.99 999.99
2026  22  9 25   558.8   5.88   13073.  3.67   0.40
2026  22  9 26   558.8   5.88   13073.  3.67   0.40
2026  22  9 27 99999.9 999.99 9999999. 99.99 999.99
2026  22  9 28 99999.9 999.99 9999999. 99.99 999.99
2026  22  9 29 99999.9 999.99 9999999. 99.99 999.99
2026  22  9 30 99999.9 999.99 9999999. 99.99 999.99
2026  22  9 31 99999.9 999.99 9999999. 99.99 999.99
2026  22  9 32 99999.9 999.99 9999999. 99.99 999.99
2026  22  9 33   556.3   5.11   14913.  3.16   0.35
2026  22  9 34   556.3   5.11   14913.  3.16   0.35
2026  22  9 35   556.3   5.11   14913.  3.16   0.35
2026  22  9 36 99999.9 999.99 9999999. 99.99 999.99
2026  22  9 37 99999.9 999.99 9999999. 99.99 999.99
2026  22  9 38 99999.9 999.99 9999999. 99.99 999.99
2026  22  9 39   562.6   4.83   16471.  3.06   0.34
2026  22  9 40   562.6   4.83   16471.  3.06   0.34
2026  22  9 41   562.6   4.83   16471.  3.06   0.33
2026  22  9 42 99999.9 999.99 9999999. 99.99 999.99
2026  22  9 43   566.8   4.45   19169.  2.86   0.31
2026  22  9 44   566.8   4.45   19169.  2.86   0.31
2026  22  9 45   571.6   4.77   17017.  3.12   0.34
2026  22  9 46   571.9   4.79   16873.  3.13   0.34
2026  22  9 47   567.1   5.32   17222.  3.42   0.38
2026  22  9 48   566.9   5.59   16999.  3.59   0.41
2026  22  9 49   571.1   6.24   15918.  4.07   0.46
2026  22  9 50   575.6   6.14   15878.  4.07   0.43
2026  22  9 51   559.8   4.66   11522.  2.92   0.31
2026  22  9 52   559.8   4.50   12509.  2.82   0.30
2026  22  9 53   559.9   4.37   13356.  2.74   0.29
2026  22  9 54   563.2   4.36   13270.  2.77   0.29
2026  22  9 55   565.7   3.99   14385.  2.55   0.27
2026  22  9 56   566.0   3.94   14535.  2.52   0.27
2026  22  9 57 99999.9 999.99 9999999. 99.99 999.99
2026  22  9 58 99999.9 999.99 9999999. 99.99 999.99
2026  22  9 59   565.9   4.65   12182.  2.98   0.31
2026  22 10  0   565.9   4.64   12633.  2.97   0.31
2026  22 10  1   565.4   4.53   12527.  2.90   0.31
2026  22 10  2   563.2   4.55   12517.  2.89   0.31
2026  22 10  3   562.4   4.64   13073.  2.94   0.31
2026  22 10  4   565.4   3.64    9453.  2.33   0.24
2026  22 10  5   565.0   3.64    9592.  2.32   0.24
2026  22 10  6   564.0   3.71   10225.  2.36   0.25
2026  22 10  7   563.0   3.68   10077.  2.33   0.25
2026  22 10  8   560.9   3.62   10068.  2.28   0.24
2026  22 10  9 99999.9 999.99 9999999. 99.99 999.99
2026  22 10 10 99999.9 999.99 9999999. 99.99 999.99
2026  22 10 11   581.0   2.90   10542.  1.96   0.20
2026  22 10 12   581.0   2.90   10542.  1.96   0.20
2026  22 10 13 99999.9 999.99 9999999. 99.99 999.99
2026  22 10 14 99999.9 999.99 9999999. 99.99 999.99
2026  22 10 15   566.0   3.46    9302.  2.22   0.23
2026  22 10 16   566.0   3.46    9302.  2.22   0.23
2026  22 10 17   566.0   3.46    9302.  2.22   0.23
2026  22 10 18 99999.9 999.99 9999999. 99.99 999.99
2026  22 10 19 99999.9 999.99 9999999. 99.99 999.99
2026  22 10 20 99999.9 999.99 9999999. 99.99 999.99
2026  22 10 21 99999.9 999.99 9999999. 99.99 999.99
2026  22 10 22 99999.9 999.99 9999999. 99.99 999.99
2026  22 10 23 99999.9 999.99 9999999. 99.99 999.99
2026  22 10 24 99999.9 999.99 9999999. 99.99 999.99
2026  22 10 25   567.0   6.34   10068.  4.08   0.46
2026  22 10 26   567.0   6.34   10085.  4.08   0.46
2026  22 10 27   561.4   6.61   18317.  4.17   0.53
2026  22 10 28   561.4   6.61   18317.  4.17   0.53
2026  22 10 29 99999.9 999.99 9999999. 99.99 999.99
2026  22 10 30 99999.9 999.99 9999999. 99.99 999.99
2026  22 10 31 99999.9 999.99 9999999. 99.99 999.99
2026  22 10 32 99999.9 999.99 9999999. 99.99 999.99
2026  22 10 33 99999.9 999.99 9999999. 99.99 999.99
2026  22 10 34 99999.9 999.99 9999999. 99.99 999.99
2026  22 10 35 99999.9 999.99 9999999. 99.99 999.99
2026  22 10 36   567.0   7.14   13795.  4.59   0.54
2026  22 10 37   567.8   7.12   14694.  4.59   0.54
2026  22 10 38   567.2   6.82   18248.  4.39   0.53
2026  22 10 39   560.9   6.39   18502.  4.02   0.51
2026  22 10 40 99999.9 999.99 9999999. 99.99 999.99
2026  22 10 41   562.8   6.71   17898.  4.25   0.54
2026  22 10 42   562.8   6.71   17898.  4.25   0.53
2026  22 10 43   562.8   6.71   17898.  4.25   0.53
2026  22 10 44 99999.9 999.99 9999999. 99.99 999.99
2026  22 10 45 99999.9 999.99 9999999. 99.99 999.99
2026  22 10 46 99999.9 999.99 9999999. 99.99 999.99
2026  22 10 47 99999.9 999.99 9999999. 99.99 999.99
2026  22 10 48   567.5   7.24   24443.  4.66   0.64
2026  22 10 49   567.5   7.24   24443.  4.66   0.65
2026  22 10 50   567.5   7.24   24443.  4.66   0.64
2026  22 10 51 99999.9 999.99 9999999. 99.99 999.99
2026  22 10 52 99999.9 999.99 9999999. 99.99 999.99
2026  22 10 53 99999.9 999.99 9999999. 99.99 999.99
2026  22 10 54   569.4   7.65   28489.  4.96   0.72
2026  22 10 55   569.4   7.65   28489.  4.96 999.99
2026  22 10 56   561.1   3.00   46372.  1.89   0.29
2026  22 10 57   560.9   2.90   46757.  1.82   0.29
2026  22 10 58   548.7   4.43   24021.  2.67   0.39
2026  22 10 59   548.7   4.43   23959.  2.67   0.40
2026  22 11  0   538.4   4.90   27966.  2.84   0.45
2026  22 11  1   538.4   4.90   27966.  2.84   0.45
2026  22 11  2   538.4   4.90   27966.  2.84   0.44
2026  22 11  3 99999.9 999.99 9999999. 99.99 999.99
2026  22 11  4   542.9   3.92   15713.  2.31   0.31
2026  22 11  5   546.8   4.12   22664.  2.46   0.35
2026  22 11  6   546.9   4.21   26900.  2.52   0.36
2026  22 11  7   547.3   3.94   23708.  2.36   0.33
2026  22 11  8   545.8   4.16   22500.  2.48   0.34
2026  22 11  9   544.5   3.99   20097.  2.37   0.33
2026  22 11 10   544.3   3.94   19602.  2.33   0.32
2026  22 11 11 99999.9 999.99 9999999. 99.99 999.99
2026  22 11 12 99999.9 999.99 9999999. 99.99 999.99
2026  22 11 13   548.9   3.72   20706.  2.24   0.30
2026  22 11 14   548.9   3.72   20706.  2.24   0.30
2026  22 11 15 99999.9 999.99 9999999. 99.99 999.99
2026  22 11 16 99999.9 999.99 9999999. 99.99 999.99
2026  22 11 17 99999.9 999.99 9999999. 99.99 999.99
2026  22 11 18   543.4   3.92   20706.  2.32   0.32
2026  22 11 19   543.4   3.92   20706.  2.32   0.32
2026  22 11 20 99999.9 999.99 9999999. 99.99 999.99
2026  22 11 21 99999.9 999.99 9999999. 99.99 999.99
2026  22 11 22   543.9   3.86   18906.  2.28   0.31
2026  22 11 23   546.1   3.93   18973.  2.34   0.32
2026  22 11 24   548.3   3.96   18163.  2.38   0.32
2026  22 11 25   547.6   3.94   17966.  2.36   0.32
2026  22 11 26   543.2   3.85   17324.  2.27   0.31
2026  22 11 27   544.1   4.07   20384.  2.41   0.33
2026  22 11 28   540.1   3.60   15811.  2.10   0.28
2026  22 11 29   545.9   3.84   17426.  2.29   0.30
2026  22 11 30   548.5   4.00   19055.  2.41   0.32
2026  22 11 31   548.7   4.02   20047.  2.42   0.32
2026  22 11 32 99999.9 999.99 9999999. 99.99 999.99
2026  22 11 33 99999.9 999.99 9999999. 99.99 999.99
2026  22 11 34 99999.9 999.99 9999999. 99.99 999.99
2026  22 11 35 99999.9 999.99 9999999. 99.99 999.99
2026  22 11 36   541.7   3.91   17484.  2.29   0.31
2026  22 11 37   541.7   3.91   17484.  2.29   0.30
2026  22 11 38 99999.9 999.99 9999999. 99.99 999.99
2026  22 11 39 99999.9 999.99 9999999. 99.99 999.99
2026  22 11 40 99999.9 999.99 9999999. 99.99 999.99
2026  22 11 41 99999.9 999.99 9999999. 99.99 999.99
2026  22 11 42 99999.9 999.99 9999999. 99.99 999.99
2026  22 11 43 99999.9 999.99 9999999. 99.99 999.99
2026  22 11 44 99999.9 999.99 9999999. 99.99 999.99
2026  22 11 45 99999.9 999.99 9999999. 99.99 999.99
2026  22 11 46 99999.9 999.99 9999999. 99.99 999.99
2026  22 11 47 99999.9 999.99 9999999. 99.99 999.99
2026  22 11 48 99999.9 999.99 9999999. 99.99 999.99
2026  22 11 49 99999.9 999.99 9999999. 99.99 999.99
2026  22 11 50   545.0   3.82   14913.  2.27   0.30
2026  22 11 51   545.0   3.82   14913.  2.27   0.30
2026  22 11 52 99999.9 999.99 9999999. 99.99 999.99
2026  22 11 53 99999.9 999.99 9999999. 99.99 999.99
2026  22 11 54   541.1   3.95   14535.  2.31   0.31
2026  22 11 55   541.1   3.95   14535.  2.31   0.31
2026  22 11 56 99999.9 999.99 9999999. 99.99 999.99
2026  22 11 57 99999.9 999.99 9999999. 99.99 999.99
2026  22 11 58   536.0   4.05   31175.  2.33   0.36
2026  22 11 59   536.0   4.05   31175.  2.33   0.38
2026  22 12  0 99999.9 999.99 9999999. 99.99 999.99
2026  22 12  1   535.0   3.95   19820.  2.26   0.33
2026  22 12  2   535.0   3.95   19820.  2.26   0.32
2026  22 12  3 99999.9 999.99 9999999. 99.99 999.99
2026  22 12  4 99999.9 999.99 9999999. 99.99 999.99
2026  22 12  5 99999.9 999.99 9999999. 99.99 999.99
2026  22 12  6 99999.9 999.99 9999999. 99.99 999.99
2026  22 12  7 99999.9 999.99 9999999. 99.99 999.99
2026  22 12  8 99999.9 999.99 9999999. 99.99 999.99
2026  22 12  9   542.3   2.78   18740.  1.64   0.22
2026  22 12 10   542.3   2.78   18740.  1.64   0.22
2026  22 12 11 99999.9 999.99 9999999. 99.99 999.99
2026  22 12 12 99999.9 999.99 9999999. 99.99 999.99
2026  22 12 13 99999.9 999.99 9999999. 99.99 999.99
2026  22 12 14   535.6   4.16   18528.  2.39   0.33
2026  22 12 15   535.6   4.16   18528.  2.39   0.33
2026  22 12 16 99999.9 999.99 9999999. 99.99 999.99
2026  22 12 17   533.6   3.68   14913.  2.10   0.28
2026  22 12 18   533.6   3.68   14913.  2.10   0.28
2026  22 12 19   533.2   3.85   15788.  2.19   0.29
2026  22 12 20   532.8   3.98   16471.  2.26   0.31
2026  22 12 21   532.8   3.98   16471.  2.26   0.30
2026  22 12 22   532.7   4.08   17076.  2.32   0.31
2026  22 12 23   532.6   4.14   21470.  2.35   0.33
2026  22 12 24   532.5   4.24   29282.  2.40   0.37
2026  22 12 25   528.1   5.06   25426.  2.82   0.44
2026  22 12 26   528.1   5.04   25061.  2.81   0.43
2026  22 12 27   527.5   4.76   20483.  2.65   0.40
2026  22 12 28   527.5   4.76   20483.  2.65   0.40
2026  22 12 29 99999.9 999.99 9999999. 99.99 999.99
2026  22 12 30 99999.9 999.99 9999999. 99.99 999.99
2026  22 12 31 99999.9 999.99 9999999. 99.99 999.99
2026  22 12 32   535.5   4.36   33411.  2.50   0.42
2026  22 12 33   535.5   4.36   33411.  2.50   0.41
2026  22 12 34   535.5   4.36   33411.  2.50   0.41
2026  22 12 35 99999.9 999.99 9999999. 99.99 999.99
2026  22 12 36   532.7   4.58   23005.  2.60   0.40
2026  22 12 37   534.1   4.75   25028.  2.71   0.44
2026  22 12 38   539.0   5.34   32283.  3.10   0.54
2026  22 12 39   528.6   2.17   24915.  1.21   0.20
2026  22 12 40   528.3   2.07   24686.  1.16   0.19
2026  22 12 41   528.3   2.07   24686.  1.16   0.18
2026  22 12 42 99999.9 999.99 9999999. 99.99 999.99
2026  22 12 43 99999.9 999.99 9999999. 99.99 999.99
2026  22 12 44 99999.9 999.99 9999999. 99.99 999.99
2026  22 12 45 99999.9 999.99 9999999. 99.99 999.99
2026  22 12 46 99999.9 999.99 9999999. 99.99 999.99
2026  22 12 47   523.4   3.36   17898.  1.84   0.28
2026  22 12 48   523.4   3.36   17898.  1.84   0.28
2026  22 12 49   522.6   3.61   18297.  1.97   0.29
2026  22 12 50   523.4   3.64   18604.  1.99   0.29
2026  22 12 51   526.4   3.71   19602.  2.06   0.29
2026  22 12 52   524.5   4.03   22760.  2.22   0.32
2026  22 12 53   524.7   4.00   26024.  2.20   0.33
2026  22 12 54   528.6   3.42   81932.  1.91   0.38
2026  22 12 55   528.6   3.42   81932.  1.91   0.37
2026  22 12 56   520.3   2.94   16671.  1.59   0.22
2026  22 12 57   520.3   2.94   16671.  1.59   0.22
2026  22 12 58   521.1   4.01   19162.  2.18   0.30
2026  22 12 59   521.1   4.01   19169.  2.18   0.30
2026  22 13  0 99999.9 999.99 9999999. 99.99 999.99
2026  22 13  1 99999.9 999.99 9999999. 99.99 999.99
2026  22 13  2   529.7   3.95   21383.  2.22   0.29
2026  22 13  3   529.8   3.95   21322.  2.22   0.29
2026  22 13  4   535.6   4.05   18996.  2.32   0.29
2026  22 13  5   535.7   4.05   18954.  2.32   0.29
2026  22 13  6 99999.9 999.99 9999999. 99.99 999.99
2026  22 13  7 99999.9 999.99 9999999. 99.99 999.99
2026  22 13  8 99999.9 999.99 9999999. 99.99 999.99
2026  22 13  9   537.1   3.87   29282.  2.23   0.29
2026  22 13 10   537.1   3.87   29282.  2.23   0.29
2026  22 13 11   535.7   2.85   14913.  1.64   0.19
2026  22 13 12   535.7   2.85   14913.  1.64   0.19
2026  22 13 13 99999.9 999.99 9999999. 99.99 999.99
2026  22 13 14 99999.9 999.99 9999999. 99.99 999.99
2026  22 13 15 99999.9 999.99 9999999. 99.99 999.99
2026  22 13 16   530.0   3.88   15009.  2.18   0.26
2026  22 13 17   520.8   3.57   14427.  1.94   0.24
2026  22 13 18   534.6   4.08   15045.  2.33   0.28
2026  22 13 19   535.9   4.24   16062.  2.44   0.29
2026  22 13 20   536.5   4.54   18528.  2.61   0.32
2026  22 13 21   541.0   4.11   22421.  2.41   0.29
2026  22 13 22   542.2   4.08   23367.  2.40   0.29
2026  22 13 23   545.4   4.03   25674.  2.40   0.30
2026  22 13 24   543.4   4.59   22574.  2.71   0.33
2026  22 13 25   543.2   4.64   22303.  2.74   0.34
2026  22 13 26   545.3   3.09   31450.  1.84   0.23
2026  22 13 27   545.3   3.09   31450.  1.84   0.23
2026  22 13 28 99999.9 999.99 9999999. 99.99 999.99
2026  22 13 29   528.1   4.20   18107.  2.34   0.29
2026  22 13 30   528.1   4.20   18107.  2.34   0.29
2026  22 13 31   528.1   4.20   18107.  2.34   0.29
2026  22 13 32 99999.9 999.99 9999999. 99.99 999.99
2026  22 13 33   523.7   4.43   16671.  2.43   0.30
2026  22 13 34   523.7   4.43   16671.  2.43   0.30
2026  22 13 35   521.4   4.12   16871.  2.24   0.28
2026  22 13 36   529.0   4.27   18671.  2.39   0.29
2026  22 13 37   536.7   4.42   20483.  2.55   0.31
2026  22 13 38   526.9   3.90   13612.  2.17   0.26
2026  22 13 39   526.9   3.90   13612.  2.17   0.27
2026  22 13 40   531.1   4.01   24686.  2.26   0.30
2026  22 13 41   531.1   4.01   24686.  2.26   0.30
2026  22 13 42   521.4   4.43   17898.  2.41   0.30
2026  22 13 43   521.4   4.43   17898.  2.41   0.30
2026  22 13 44   520.7   4.34   17719.  2.35   0.30
2026  22 13 45   520.8   4.33   17706.  2.35   0.30
2026  22 13 46   525.3   4.46   18107.  2.46   0.30
2026  22 13 47   524.7   4.45   18186.  2.45   0.30
2026  22 13 48   520.6   4.38   18740.  2.37   0.30
2026  22 13 49   520.2   4.23   17851.  2.29   0.28
2026  22 13 50   519.6   4.04   16671.  2.18   0.27
2026  22 13 51   519.1   4.10   15951.  2.21   0.27
2026  22 13 52   518.9   4.12   15682.  2.22   0.27
2026  22 13 53   518.9   4.12   15682.  2.22   0.28
2026  22 13 54 99999.9 999.99 9999999. 99.99 999.99
2026  22 13 55 99999.9 999.99 9999999. 99.99 999.99
2026  22 13 56 99999.9 999.99 9999999. 99.99 999.99
2026  22 13 57 99999.9 999.99 9999999. 99.99 999.99
2026  22 13 58 99999.9 999.99 9999999. 99.99 999.99
2026  22 13 59   539.1   4.96   26175.  2.88   0.42
2026  22 14  0   539.0   4.98   26248.  2.89   0.41
2026  22 14  1   537.7   5.38   27966.  3.11   0.45
2026  22 14  2   537.7   5.38   27966.  3.11   0.45
2026  22 14  3 99999.9 999.99 9999999. 99.99 999.99
2026  22 14  4 99999.9 999.99 9999999. 99.99 999.99
2026  22 14  5   543.1   3.76   16272.  2.22   0.28
2026  22 14  6   543.1   3.76   16272.  2.22   0.28
2026  22 14  7 99999.9 999.99 9999999. 99.99 999.99
2026  22 14  8 99999.9 999.99 9999999. 99.99 999.99
2026  22 14  9 99999.9 999.99 9999999. 99.99 999.99
2026  22 14 10 99999.9 999.99 9999999. 99.99 999.99
2026  22 14 11 99999.9 999.99 9999999. 99.99 999.99
2026  22 14 12 99999.9 999.99 9999999. 99.99 999.99
2026  22 14 13 99999.9 999.99 9999999. 99.99 999.99
2026  22 14 14 99999.9 999.99 9999999. 99.99 999.99
2026  22 14 15 99999.9 999.99 9999999. 99.99 999.99
2026  22 14 16 99999.9 999.99 9999999. 99.99 999.99
2026  22 14 17 99999.9 999.99 9999999. 99.99 999.99
2026  22 14 18 99999.9 999.99 9999999. 99.99 999.99
2026  22 14 19 99999.9 999.99 9999999. 99.99 999.99
2026  22 14 20   541.5   5.03   33411.  2.95   0.43
2026  22 14 21   540.9   5.03   33411.  2.94   0.43
2026  22 14 22   531.8   4.96   33411.  2.81   0.42
2026  22 14 23   531.8   4.96   33411.  2.81   0.42
2026  22 14 24 99999.9 999.99 9999999. 99.99 999.99
2026  22 14 25   527.8   4.79   31175.  2.67   0.40
2026  22 14 26   527.8   4.79   31175.  2.67   0.40
2026  22 14 27   530.2   4.96   35001.  2.79   0.42
2026  22 14 28   535.2   5.28   40835.  3.02   0.46
2026  22 14 29   540.9   5.41   36162.  3.17   0.46
2026  22 14 30   541.1   5.41   36019.  3.17   0.46
2026  22 14 31   530.2   4.92   32845.  2.77   0.41
2026  22 14 32   530.2   4.92   32845.  2.77   0.41
2026  22 14 33   532.1   4.79   38082.  2.71   0.41
2026  22 14 34   533.7   4.69   36516.  2.67   0.40
2026  22 14 35   534.8   4.63   35431.  2.65   0.38
2026  22 14 36 99999.9 999.99 9999999. 99.99 999.99
2026  22 14 37   530.7   4.45   32564.  2.51   0.36
2026  22 14 38   530.7   4.45   32468.  2.51   0.35
2026  22 14 39   529.7   4.36   30063.  2.45   0.34
2026  22 14 40   532.6   4.41   30716.  2.50   0.34
2026  22 14 41   536.3   4.49   33254.  2.58   0.36
2026  22 14 42   531.8   4.37   33894.  2.47   0.34
2026  22 14 43   527.6   4.19   29549.  2.33   0.32
2026  22 14 44 99999.9 999.99 9999999. 99.99 999.99
2026  22 14 45   525.4   4.11   29817.  2.27   0.32
2026  22 14 46   525.4   4.11   29817.  2.27   0.32
2026  22 14 47 99999.9 999.99 9999999. 99.99 999.99
2026  22 14 48 99999.9 999.99 9999999. 99.99 999.99
2026  22 14 49   526.7   4.30   31727.  2.39   0.32
2026  22 14 50   526.7   4.30   31727.  2.39   0.32
2026  22 14 51   526.7   4.30   31727.  2.39   0.33
2026  22 14 52 99999.9 999.99 9999999. 99.99 999.99
2026  22 14 53 99999.9 999.99 9999999. 99.99 999.99
2026  22 14 54   532.3   4.24   46757.  2.40   0.36
2026  22 14 55   532.3   4.24   46757.  2.40   0.37
2026  22 14 56   527.9   4.30   32283.  2.40   0.34
2026  22 14 57   527.9   4.30   32283.  2.40 999.99
2026  22 14 58   527.7   4.19   33411.  2.33   0.33
2026  22 14 59   527.7   4.19   33411.  2.33   0.32
2026  22 15  0 99999.9 999.99 9999999. 99.99 999.99
2026  22 15  1 99999.9 999.99 9999999. 99.99 999.99
2026  22 15  2 99999.9 999.99 9999999. 99.99 999.99
2026  22 15  3 99999.9 999.99 9999999. 99.99 999.99
2026  22 15  4   524.4   3.94   32845.  2.17   0.30
2026  22 15  5   524.4   3.94   32845.  2.17   0.30
2026  22 15  6   525.1   3.88   32004.  2.14   0.29
2026  22 15  7   525.1   3.88   32004.  2.14   0.30
2026  22 15  8 99999.9 999.99 9999999. 99.99 999.99
2026  22 15  9 99999.9 999.99 9999999. 99.99 999.99
2026  22 15 10   527.1   4.39   31175.  2.44   0.34
2026  22 15 11   527.1   4.39   31175.  2.44   0.34
2026  22 15 12 99999.9 999.99 9999999. 99.99 999.99
2026  22 15 13 99999.9 999.99 9999999. 99.99 999.99
2026  22 15 14   524.0   4.50   31450.  2.47   0.35
2026  22 15 15   524.0   4.50   31450.  2.47   0.35
2026  22 15 16   521.5   4.11   37188.  2.24   0.33
2026  22 15 17   521.5   4.11   37210.  2.24   0.33
2026  22 15 18   521.5   4.11   37210.  2.24   0.32
2026  22 15 19 99999.9 999.99 9999999. 99.99 999.99
2026  22 15 20 99999.9 999.99 9999999. 99.99 999.99
2026  22 15 21 99999.9 999.99 9999999. 99.99 999.99
2026  22 15 22   518.9   3.64   34956.  1.96   0.28
2026  22 15 23   519.8   3.68   35910.  1.99   0.28
2026  22 15 24   519.5   3.72   34352.  2.01   0.28
2026  22 15 25   522.7   3.94   34723.  2.15   0.30
2026  22 15 26   526.2   4.20   38267.  2.33   0.33
2026  22 15 27   513.7   2.34   38725.  1.23   0.18
2026  22 15 28   513.7   2.34   38725.  1.23   0.17
2026  22 15 29   513.7   2.34   38725.  1.23 999.99
2026  22 15 30   519.4   3.71   34819.  2.00   0.26
2026  22 15 31   520.9   3.80   41278.  2.06   0.29
2026  22 15 32   522.5   3.88   47771.  2.12   0.31
2026  22 15 33   519.8   3.93   34270.  2.12   0.29
2026  22 15 34   523.2   4.05   38602.  2.22   0.31
2026  22 15 35   525.4   4.10   40336.  2.26   0.31
2026  22 15 36   528.8   3.68   28227.  2.06   0.24
2026  22 15 37   526.3   3.42   27784.  1.89   0.22
2026  22 15 38   525.9   3.38   27707.  1.87   0.22
2026  22 15 39   528.4   3.37   29894.  1.88   0.22
2026  22 15 40   530.3   3.09   32785.  1.74   0.20
2026  22 15 41   523.0   3.37   28227.  1.84   0.21
2026  22 15 42   522.9   3.37   27953.  1.84   0.21
2026  22 15 43   520.4   3.29   23202.  1.78   0.20
2026  22 15 44   520.2   3.28   22770.  1.78   0.20
2026  22 15 45 99999.9 999.99 9999999. 99.99 999.99
2026  22 15 46   518.2   3.28   29282.  1.76   0.20
2026  22 15 47   517.9   3.31   29370.  1.78   0.21
2026  22 15 48   517.2   3.38   29549.  1.81   0.21
2026  22 15 49 99999.9 999.99 9999999. 99.99 999.99
2026  22 15 50 99999.9 999.99 9999999. 99.99 999.99
2026  22 15 51   513.9   3.24   23959.  1.71   0.19
2026  22 15 52   513.9   3.24   23959.  1.71   0.19
2026  22 15 53   514.9   3.36   25141.  1.78   0.20
2026  22 15 54   515.2   3.39   25425.  1.80   0.20
2026  22 15 55   515.2   3.41   26626.  1.81   0.21
2026  22 15 56   515.3   3.69   42486.  1.96   0.25
2026  22 15 57   515.2   3.70   46536.  1.96   0.25
2026  22 15 58   515.2   3.70   48797.  1.96   0.26
2026  22 15 59   528.0   4.94   74962.  2.75   0.42
2026  22 16  0   528.4   4.94   74650.  2.76   0.43
2026  22 16  1   532.5   5.00   71211.  2.84   0.43
2026  22 16  2   529.1   4.75   71178.  2.66   0.40
2026  22 16  3   528.6   4.71   71178.  2.63   0.40
2026  22 16  4   533.1   5.04   68302.  2.86   0.43
2026  22 16  5   533.1   5.04   68302.  2.86   0.44
2026  22 16  6   525.8   5.01   67896.  2.77   0.44
2026  22 16  7   525.8   5.01   67896.  2.77   0.43
2026  22 16  8   528.0   4.72   67104.  2.63   0.40
2026  22 16  9   528.7   5.01   73264.  2.80   0.45
2026  22 16 10   529.4   5.31   79282.  2.98   0.50
2026  22 16 11   542.4   7.01  138793.  4.12   0.94
2026  22 16 12   542.4   7.01  138812.  4.12   0.99
2026  22 16 13   531.2   7.30  112385.  4.12   0.92
2026  22 16 14   531.3   6.97  115018.  3.93   0.86
2026  22 16 15   531.6   6.40  119292.  3.62   0.82
2026  22 16 16   532.7   6.26  112385.  3.55   0.78
2026  22 16 17   534.9   5.78  127928.  3.31   0.75
2026  22 16 18   539.8   5.30  150737.  3.09   0.75
2026  22 16 19   542.9   5.22  160663.  3.08   0.80
2026  22 16 20 99999.9 999.99 9999999. 99.99 999.99
2026  22 16 21   529.0   4.91  187027.  2.75   0.81
2026  22 16 22   529.0   4.91  187027.  2.75   0.83
2026  22 16 23   533.5   4.89  168998.  2.78   0.77
2026  22 16 24   534.4   4.89  165485.  2.79   0.75
2026  22 16 25   533.4   4.83  197979.  2.75   0.85
2026  22 16 26   533.4   4.83  199333.  2.75   0.92
2026  22 16 27   536.8   4.61  188375.  2.66   0.83
2026  22 16 28   539.4   4.75  192523.  2.76   0.90
2026  22 16 29   542.9   4.94  197946.  2.91   0.95
2026  22 16 30   548.5   4.38  189728.  2.64   0.82
2026  22 16 31   548.5   4.38  189703.  2.64   0.82
2026  22 16 32   531.3   4.69  169944.  2.65   0.78
2026  22 16 33   531.3   4.69  169944.  2.65   0.80
2026  22 16 34 99999.9 999.99 9999999. 99.99 999.99
2026  22 16 35   553.1   4.53  150646.  2.77   0.77
2026  22 16 36   553.1   4.53  150646.  2.77   0.77
2026  22 16 37   547.9   4.99  181277.  3.00   0.94
2026  22 16 38   547.7   5.04  184071.  3.02   0.92
2026  22 16 39   548.1   5.02  187050.  3.02   0.96
2026  22 16 40   550.0   5.09  202692.  3.08   1.02
2026  22 16 41   550.6   5.15  209175.  3.12   1.02
2026  22 16 42 99999.9 999.99 9999999. 99.99 999.99
2026  22 16 43 99999.9 999.99 9999999. 99.99 999.99
2026  22 16 44 99999.9 999.99 9999999. 99.99 999.99
2026  22 16 45   542.2   4.74  187027.  2.79   0.84
2026  22 16 46   542.1   4.68  185498.  2.75   0.82
2026  22 16 47   541.8   4.42  178384.  2.59   0.75
2026  22 16 48   541.1   4.69  184000.  2.75   0.85
2026  22 16 49   545.9   4.76  184346.  2.84   0.89
2026  22 16 50   548.3   4.78  184587.  2.87   0.89
2026  22 16 51   543.6   4.69  187027.  2.77   0.87
2026  22 16 52   542.9   4.69  186259.  2.76   0.87
2026  22 16 53   540.6   4.72  183707.  2.76   0.86
2026  22 16 54   543.0   4.82  184286.  2.84   0.89
2026  22 16 55   541.6   4.66  172859.  2.73   0.80
2026  22 16 56   540.3   4.52  163592.  2.64   0.74
2026  22 16 57   538.1   4.76  173921.  2.76   0.83
2026  22 16 58   537.9   4.79  175114.  2.77   0.85
2026  22 16 59   533.7   5.01  164259.  2.85   0.87
2026  22 17  0   533.9   5.01  164371.  2.86   0.86
2026  22 17  1   536.5   5.03  166709.  2.90   0.86
2026  22 17  2   535.5   5.09  165698.  2.92   0.89
2026  22 17  3   535.3   5.10  165485.  2.92   0.88
2026  22 17  4   533.6   4.94  173166.  2.81   0.87
2026  22 17  5   534.0   4.82  181163.  2.75   0.88
2026  22 17  6   534.3   4.73  187701.  2.70   0.92
2026  22 17  7 99999.9 999.99 9999999. 99.99 999.99
2026  22 17  8   532.6   4.32  156744.  2.45   0.76
2026  22 17  9   532.6   4.32  156744.  2.45   0.75
2026  22 17 10   532.6   4.32  156744.  2.45   0.73
2026  22 17 11 99999.9 999.99 9999999. 99.99 999.99
2026  22 17 12 99999.9 999.99 9999999. 99.99 999.99
2026  22 17 13   531.8   4.91  193131.  2.78   0.94
2026  22 17 14   531.8   4.91  193131.  2.78   0.95
2026  22 17 15 99999.9 999.99 9999999. 99.99 999.99
2026  22 17 16 99999.9 999.99 9999999. 99.99 999.99
2026  22 17 17 99999.9 999.99 9999999. 99.99 999.99
2026  22 17 18   530.4   4.18  207046.  2.35   0.82
2026  22 17 19   530.4   4.18  207105.  2.35   0.81
2026  22 17 20   534.5   4.56  229571.  2.61   0.94
2026  22 17 21   534.5   4.56  229571.  2.61   0.92
2026  22 17 22   530.6   4.45  207046.  2.51   0.86
2026  22 17 23   530.6   4.45  207046.  2.51   0.89
2026  22 17 24   529.2   4.47  198639.  2.50   0.87
2026  22 17 25   529.2   4.47  198639.  2.50 999.99
2026  22 17 26 99999.9 999.99 9999999. 99.99 999.99
2026  22 17 27   532.4   5.02  216871.  2.85   1.06
2026  22 17 28   528.8   4.92  214912.  2.75   1.03
2026  22 17 29   531.2   4.87  218927.  2.75   1.02
2026  22 17 30   533.2   4.83  221120.  2.75   0.98
2026  22 17 31   532.9   4.57  217800.  2.60   0.90
2026  22 17 32   533.2   4.60  215929.  2.62   0.87
2026  22 17 33   533.3   4.67  214698.  2.66   0.91
2026  22 17 34   533.5   4.81  212748.  2.74   0.92
2026  22 17 35   534.2   4.69  199338.  2.68   0.86
2026  22 17 36   535.6   4.62  202983.  2.65   0.85
2026  22 17 37   537.7   4.51  208464.  2.61   0.83
2026  22 17 38   532.1   4.89  209887.  2.77   1.00
2026  22 17 39   532.5   4.89  214437.  2.77   0.97
2026  22 17 40   536.1   4.62  240522.  2.66   1.01
2026  22 17 41   536.8   4.94  244501.  2.85   1.15
2026  22 17 42   541.1   5.14  232710.  3.01   1.17
2026  22 17 43   538.6   4.70  214300.  2.73   1.02
2026  22 17 44   538.6   4.35  202435.  2.52   0.93
2026  22 17 45   529.2   5.03  261148.  2.82   1.26
2026  22 17 46   529.2   5.03  261148.  2.82   1.22
2026  22 17 47 99999.9 999.99 9999999. 99.99 999.99
2026  22 17 48 99999.9 999.99 9999999. 99.99 999.99
2026  22 17 49   528.1   4.78  219983.  2.67   1.06
2026  22 17 50   528.1   4.78  219983.  2.67   1.06
2026  22 17 51   528.1   4.78  219983.  2.67   1.06
2026  22 17 52   536.4   5.27  257977.  3.03   1.32
2026  22 17 53   531.8   5.21  236348.  2.95   1.16
2026  22 17 54   525.8   4.96  203711.  2.74   0.98
2026  22 17 55   528.9   4.86  189939.  2.72   0.96
2026  22 17 56   531.1   4.86  186355.  2.74   0.96
2026  22 17 57   522.0   4.90  202121.  2.67   1.03
2026  22 17 58   522.8   4.90  210171.  2.68   1.02
2026  22 17 59   524.8   4.92  223906.  2.71   1.09
2026  22 18  0   531.1   5.08  212031.  2.87   1.07
2026  22 18  1   531.1   5.08  212031.  2.87   1.08
2026  22 18  2   519.1   4.92  209175.  2.65   1.03
2026  22 18  3   519.1   4.92  209175.  2.65   1.01
2026  22 18  4   519.1   4.92  209175.  2.65   1.00
2026  22 18  5   528.0   4.93  214906.  2.75   1.00
2026  22 18  6   528.0   4.93  214906.  2.75   1.04
2026  22 18  7   526.4   5.06  216350.  2.80   1.02
2026  22 18  8   526.4   5.06  216350.  2.80   1.00
2026  22 18  9   526.4   5.06  216350.  2.80   1.01
2026  22 18 10 99999.9 999.99 9999999. 99.99 999.99
2026  22 18 11   523.1   5.16  243183.  2.82   1.13
2026  22 18 12   523.1   5.16  243183.  2.82   1.17
2026  22 18 13 99999.9 999.99 9999999. 99.99 999.99
2026  22 18 14 99999.9 999.99 9999999. 99.99 999.99
2026  22 18 15 99999.9 999.99 9999999. 99.99 999.99
2026  22 18 16 99999.9 999.99 9999999. 99.99 999.99
2026  22 18 17 99999.9 999.99 9999999. 99.99 999.99
2026  22 18 18 99999.9 999.99 9999999. 99.99 999.99
2026  22 18 19 99999.9 999.99 9999999. 99.99 999.99
2026  22 18 20   522.3   5.04  239363.  2.75   1.13
2026  22 18 21   522.3   5.04  239363.  2.75   1.12
2026  22 18 22   522.3   5.04  239363.  2.75   1.13
2026  22 18 23   521.3   4.97  236328.  2.70   1.12
2026  22 18 24   521.3   4.97  236328.  2.70   1.13
2026  22 18 25 99999.9 999.99 9999999. 99.99 999.99
2026  22 18 26 99999.9 999.99 9999999. 99.99 999.99
2026  22 18 27 99999.9 999.99 9999999. 99.99 999.99
2026  22 18 28   519.1   5.24  229483.  2.82   1.19
2026  22 18 29   523.7   5.43  249578.  2.98   1.41
2026  22 18 30   529.8   5.20  243163.  2.92   1.30
2026  22 18 31   530.9   5.13  240124.  2.89   1.33
2026  22 18 32   525.3   5.28  257188.  2.91   1.44
2026  22 18 33   525.3   5.28  257082.  2.91   1.47
2026  22 18 34   525.3   4.73  219254.  2.61   1.18
2026  22 18 35   525.3   4.73  219254.  2.61   1.21
2026  22 18 36   524.5   5.05  231812.  2.78   1.32
2026  22 18 37   524.5   5.05  231812.  2.78   1.33
2026  22 18 38   526.1   4.96  215627.  2.75   1.20
2026  22 18 39   525.1   4.95  217012.  2.73   1.11
2026  22 18 40   518.6   4.86  225859.  2.61   1.12
2026  22 18 41   518.9   4.47  194514.  2.41   0.95
2026  22 18 42   521.0   4.50  189275.  2.44   0.95
2026  22 18 43   517.9   4.68  204398.  2.51   1.03
2026  22 18 44   515.7   4.74  212748.  2.52   1.10
2026  22 18 45 99999.9 999.99 9999999. 99.99 999.99
2026  22 18 46   514.4   4.74  194501.  2.51   1.04
2026  22 18 47   516.3   4.67  192539.  2.49   1.05
2026  22 18 48   518.0   4.61  196494.  2.47   0.99
2026  22 18 49   516.3   4.65  204814.  2.48   1.02
2026  22 18 50   514.4   4.68  208464.  2.48   1.01
2026  22 18 51   522.8   4.57  202605.  2.50   0.98
2026  22 18 52   519.5   4.78  209605.  2.58   1.04
2026  22 18 53   523.3   4.75  204382.  2.60   1.08
2026  22 18 54   524.6   4.71  202121.  2.59   1.07
2026  22 18 55   520.9   4.84  208141.  2.63   1.12
2026  22 18 56   522.0   4.80  201553.  2.62   1.06
2026  22 18 57 99999.9 999.99 9999999. 99.99 999.99
2026  22 18 58 99999.9 999.99 9999999. 99.99 999.99
2026  22 18 59   523.7   4.54  197255.  2.49   0.97
2026  22 19  0   523.7   4.54  197255.  2.49   0.96
2026  22 19  1   523.4   4.58  190492.  2.51   0.97
2026  22 19  2   523.4   4.57  189730.  2.50   0.98
2026  22 19  3   523.1   4.41  181684.  2.41   0.94
2026  22 19  4   524.1   4.25  174995.  2.33   0.90
2026  22 19  5   524.4   4.21  173166.  2.32   0.85
2026  22 19  6 99999.9 999.99 9999999. 99.99 999.99
2026  22 19  7   525.1   4.49  193815.  2.48   0.98
2026  22 19  8   525.1   4.49  193815.  2.48   1.03
2026  22 19  9   521.8   4.57  223647.  2.49   1.13
2026  22 19 10   521.8   4.57  223647.  2.49   1.08
2026  22 19 11   521.8   4.57  223647.  2.49   1.08
2026  22 19 12 99999.9 999.99 9999999. 99.99 999.99
2026  22 19 13 99999.9 999.99 9999999. 99.99 999.99
2026  22 19 14 99999.9 999.99 9999999. 99.99 999.99
2026  22 19 15   519.8   4.80  214906.  2.59   1.13
2026  22 19 16   519.8   4.80  214906.  2.59   1.13
2026  22 19 17   519.3   4.76  227340.  2.57   1.16
2026  22 19 18   519.3   4.75  224085.  2.56   1.13
2026  22 19 19   519.6   4.63  195188.  2.50   1.00
2026  22 19 20   519.6   4.63  195188.  2.50   1.01
2026  22 19 21 99999.9 999.99 9999999. 99.99 999.99
2026  22 19 22 99999.9 999.99 9999999. 99.99 999.99
2026  22 19 23 99999.9 999.99 9999999. 99.99 999.99
2026  22 19 24 99999.9 999.99 9999999. 99.99 999.99
2026  22 19 25 99999.9 999.99 9999999. 99.99 999.99
2026  22 19 26 99999.9 999.99 9999999. 99.99 999.99
2026  22 19 27   516.5   4.92  236328.  2.63   1.25
2026  22 19 28   516.5   4.92  236328.  2.63   1.25
2026  22 19 29   516.5   4.92  236328.  2.63   1.22
2026  22 19 30 99999.9 999.99 9999999. 99.99 999.99
2026  22 19 31 99999.9 999.99 9999999. 99.99 999.99
2026  22 19 32   523.7   4.76  255612.  2.61   1.30
2026  22 19 33   523.7   4.76  255612.  2.61   1.33
2026  22 19 34   524.0   4.67  228083.  2.56   1.18
2026  22 19 35   524.0   4.67  228083.  2.56   1.20
2026  22 19 36   519.6   4.49  234065.  2.42   1.12
2026  22 19 37   519.6   4.49  234106.  2.42   1.12
2026  22 19 38   522.4   5.18  259115.  2.83   1.41
2026  22 19 39   522.4   5.19  259560.  2.83   1.38
2026  22 19 40   519.7   4.70  223647.  2.54   1.13
2026  22 19 41   519.7   4.70  223647.  2.54   1.14
2026  22 19 42   517.9   4.64  217075.  2.49   1.13
2026  22 19 43   517.9   4.64  217075.  2.49   1.08
2026  22 19 44   519.5   4.63  218524.  2.50   1.08
2026  22 19 45   519.5   4.63  218527.  2.50   1.08
2026  22 19 46 99999.9 999.99 9999999. 99.99 999.99
2026  22 19 47 99999.9 999.99 9999999. 99.99 999.99
2026  22 19 48 99999.9 999.99 9999999. 99.99 999.99
2026  22 19 49 99999.9 999.99 9999999. 99.99 999.99
2026  22 19 50 99999.9 999.99 9999999. 99.99 999.99
2026  22 19 51 99999.9 999.99 9999999. 99.99 999.99
2026  22 19 52 99999.9 999.99 9999999. 99.99 999.99
2026  22 19 53   513.3   4.56  228083.  2.40   1.12
2026  22 19 54   513.3   4.56  228083.  2.40   1.11
2026  22 19 55 99999.9 999.99 9999999. 99.99 999.99
2026  22 19 56   515.3   4.88  235572.  2.59   1.22
2026  22 19 57   515.3   4.88  235572.  2.59   1.22
2026  22 19 58   516.2   4.79  220443.  2.55   1.14
2026  22 19 59   516.0   4.92  219224.  2.62   1.21
2026  22 20  0   515.7   5.07  219983.  2.70   1.25
2026  22 20  1 99999.9 999.99 9999999. 99.99 999.99
2026  22 20  2   513.7   4.64  241652.  2.45   1.18
2026  22 20  3   513.8   4.64  240251.  2.45   1.17
2026  22 20  4   515.9   4.63  213466.  2.46   1.11
2026  22 20  5   516.1   4.64  229489.  2.47   1.19
2026  22 20  6   516.1   4.64  234818.  2.47   1.14
2026  22 20  7   514.3   4.55  218527.  2.41   1.06
2026  22 20  8   514.3   4.55  218527.  2.41   1.09
2026  22 20  9   507.0   4.33  252476.  2.23   1.15
2026  22 20 10   508.1   4.36  246948.  2.25   1.13
2026  22 20 11   514.7   4.57  212423.  2.42   1.12
2026  22 20 12   514.2   4.51  204490.  2.38   1.07
2026  22 20 13   514.0   4.50  203522.  2.38   1.06
2026  22 20 14   514.0   4.50  203522.  2.38   1.05
2026  22 20 15 99999.9 999.99 9999999. 99.99 999.99
2026  22 20 16 99999.9 999.99 9999999. 99.99 999.99
2026  22 20 17 99999.9 999.99 9999999. 99.99 999.99
2026  22 20 18 99999.9 999.99 9999999. 99.99 999.99
2026  22 20 19   506.6   4.19  209175.  2.15   0.95
2026  22 20 20   506.6   4.19  209175.  2.15   0.97
2026  22 20 21   507.4   4.09  188485.  2.11   0.89
2026  22 20 22   507.3   4.12  191715.  2.12   0.89
2026  22 20 23   506.6   4.49  227065.  2.30   1.08
2026  22 20 24   505.1   4.33  210637.  2.21   0.98
2026  22 20 25   504.7   4.29  206339.  2.19   0.97
2026  22 20 26   506.2   4.30  194045.  2.20   0.94
2026  22 20 27   506.7   4.30  189728.  2.21   0.93
2026  22 20 28   506.9   4.42  206912.  2.27   1.03
2026  22 20 29   507.0   4.48  214906.  2.30   1.09
2026  22 20 30   510.4   4.57  163592.  2.38   0.95
2026  22 20 31   510.5   4.65  187568.  2.42   1.02
2026  22 20 32   510.8   4.80  235572.  2.50   1.21
2026  22 20 33   510.8   4.80  235572.  2.50   1.24
2026  22 20 34 99999.9 999.99 9999999. 99.99 999.99
2026  22 20 35 99999.9 999.99 9999999. 99.99 999.99
2026  22 20 36 99999.9 999.99 9999999. 99.99 999.99
2026  22 20 37 99999.9 999.99 9999999. 99.99 999.99
2026  22 20 38 99999.9 999.99 9999999. 99.99 999.99
2026  22 20 39   511.8   4.85  269966.  2.54   1.33
2026  22 20 40   511.8   4.85  269966.  2.54   1.32
2026  22 20 41   510.0   4.96  253258.  2.58   1.29
2026  22 20 42   510.0   4.96  253258.  2.58   1.29
2026  22 20 43   510.0   4.96  253258.  2.58   1.27
2026  22 20 44 99999.9 999.99 9999999. 99.99 999.99
2026  22 20 45 99999.9 999.99 9999999. 99.99 999.99
2026  22 20 46 99999.9 999.99 9999999. 99.99 999.99
2026  22 20 47 99999.9 999.99 9999999. 99.99 999.99
2026  22 20 48 99999.9 999.99 9999999. 99.99 999.99
2026  22 20 49 99999.9 999.99 9999999. 99.99 999.99
2026  22 20 50 99999.9 999.99 9999999. 99.99 999.99
2026  22 20 51 99999.9 999.99 9999999. 99.99 999.99
2026  22 20 52 99999.9 999.99 9999999. 99.99 999.99
2026  22 20 53 99999.9 999.99 9999999. 99.99 999.99
2026  22 20 54 99999.9 999.99 9999999. 99.99 999.99
2026  22 20 55 99999.9 999.99 9999999. 99.99 999.99
2026  22 20 56 99999.9 999.99 9999999. 99.99 999.99
2026  22 20 57 99999.9 999.99 9999999. 99.99 999.99
2026  22 20 58 99999.9 999.99 9999999. 99.99 999.99
2026  22 20 59 99999.9 999.99 9999999. 99.99 999.99
2026  22 21  0 99999.9 999.99 9999999. 99.99 999.99
2026  22 21  1 99999.9 999.99 9999999. 99.99 999.99
2026  22 21  2 99999.9 999.99 9999999. 99.99 999.99
2026  22 21  3   512.2   4.91  228826.  2.58   1.21
2026  22 21  4   512.2   4.91  228826.  2.58   1.21
2026  22 21  5   512.2   4.91  228500.  2.58   1.21
2026  22 21  6   511.0   4.89  206010.  2.55   1.12
2026  22 21  7   508.3   4.76  197037.  2.46   1.05
2026  22 21  8   507.7   4.71  200435.  2.43   1.08
2026  22 21  9   508.9   4.60  240931.  2.38   1.19
2026  22 21 10   509.3   4.59  233863.  2.38   1.15
2026  22 21 11   508.7   4.45  250082.  2.30   1.16
2026  22 21 12   513.1   4.46  260621.  2.35   1.16
2026  22 21 13   512.8   4.37  178791.  2.30   0.94
2026  22 21 14   512.7   4.35  163592.  2.29   0.89
2026  22 21 15   511.3   4.73  240887.  2.47   1.24
2026  22 21 16   511.3   4.73  240887.  2.47   1.23
2026  22 21 17   505.3   4.77  231812.  2.44   1.31
2026  22 21 18   507.6   4.68  219926.  2.41   1.20
2026  22 21 19   508.9   4.54  206714.  2.35   1.12
2026  22 21 20   510.3   4.95  230316.  2.58   1.33
2026  22 21 21   510.3   4.95  230317.  2.58   1.33
2026  22 21 22 99999.9 999.99 9999999. 99.99 999.99
2026  22 21 23   511.6   4.17  215627.  2.18   1.03
2026  22 21 24   511.6   4.17  215627.  2.18   0.96
2026  22 21 25   511.6   4.17  215627.  2.18   0.97
2026  22 21 26 99999.9 999.99 9999999. 99.99 999.99
2026  22 21 27 99999.9 999.99 9999999. 99.99 999.99
2026  22 21 28   528.8   4.57  281053.  2.56   1.32
2026  22 21 29   522.6   4.58  247157.  2.50   1.25
2026  22 21 30   517.3   4.58  217800.  2.45   1.16
2026  22 21 31   502.9   5.17  301554.  2.62   1.59
2026  22 21 32   503.0   5.16  301539.  2.61   1.65
2026  22 21 33   517.9   4.12  299848.  2.21   1.31
2026  22 21 34   521.7   3.93  292898.  2.14   1.17
2026  22 21 35   523.0   3.86  290551.  2.11   1.11
2026  22 21 36 99999.9 999.99 9999999. 99.99 999.99
2026  22 21 37   521.2   3.84  283053.  2.09   1.12
2026  22 21 38   521.2   3.84  283053.  2.09   1.11
2026  22 21 39 99999.9 999.99 9999999. 99.99 999.99
2026  22 21 40 99999.9 999.99 9999999. 99.99 999.99
2026  22 21 41   523.3   3.72  289713.  2.04   1.13
2026  22 21 42   523.3   3.72  289713.  2.04   1.12
2026  22 21 43   506.4   4.80  259560.  2.46   1.26
2026  22 21 44   506.4   4.80  259560.  2.46   1.25
2026  22 21 45   506.4   4.80  259560.  2.46   1.20
2026  22 21 46 99999.9 999.99 9999999. 99.99 999.99
2026  22 21 47 99999.9 999.99 9999999. 99.99 999.99
2026  22 21 48   507.4   4.48  276470.  2.31   1.17
2026  22 21 49   507.4   4.48  276470.  2.31   0.94
2026  22 21 50   507.4   4.48  276470.  2.31   1.00
2026  22 21 51 99999.9 999.99 9999999. 99.99 999.99
2026  22 21 52 99999.9 999.99 9999999. 99.99 999.99
2026  22 21 53 99999.9 999.99 9999999. 99.99 999.99
2026  22 21 54 99999.9 999.99 9999999. 99.99 999.99
2026  22 21 55   532.7   3.87  188629.  2.20   0.65
2026  22 21 56   533.0   3.86  188573.  2.19   0.71
2026  22 21 57 99999.9 999.99 9999999. 99.99 999.99
2026  22 21 58   507.5   4.17  231825.  2.15   0.84
2026  22 21 59   504.7   4.21  256512.  2.14   0.96
2026  22 22  0   503.9   4.22  263538.  2.14   1.00
2026  22 22  1 99999.9 999.99 9999999. 99.99 999.99
2026  22 22  2   545.5   2.16  111919.  1.29   0.25
2026  22 22  3   532.3   2.70  113912.  1.53   0.30
2026  22 22  4 99999.9 999.99 9999999. 99.99 999.99
2026  22 22  5 99999.9 999.99 9999999. 99.99 999.99
2026  22 22  6   537.3   2.03  133644.  1.17   0.25
2026  22 22  7   537.3   2.03  133644.  1.17   0.25
2026  22 22  8   537.3   2.03  133644.  1.17   0.25
2026  22 22  9 99999.9 999.99 9999999. 99.99 999.99
2026  22 22 10 99999.9 999.99 9999999. 99.99 999.99
2026  22 22 11 99999.9 999.99 9999999. 99.99 999.99
2026  22 22 12   519.3   2.28  181684.  1.23   0.35
2026  22 22 13   519.3   2.28  181684.  1.23   0.35
2026  22 22 14   519.3   2.28  181684.  1.23   0.35
2026  22 22 15 99999.9 999.99 9999999. 99.99 999.99
2026  22 22 16 99999.9 999.99 9999999. 99.99 999.99
2026  22 22 17 99999.9 999.99 9999999. 99.99 999.99
2026  22 22 18 99999.9 999.99 9999999. 99.99 999.99
2026  22 22 19 99999.9 999.99 9999999. 99.99 999.99
2026  22 22 20 99999.9 999.99 9999999. 99.99 999.99
2026  22 22 21 99999.9 999.99 9999999. 99.99 999.99
2026  22 22 22 99999.9 999.99 9999999. 99.99 999.99
2026  22 22 23 99999.9 999.99 9999999. 99.99 999.99
2026  22 22 24 99999.9 999.99 9999999. 99.99 999.99
2026  22 22 25 99999.9 999.99 9999999. 99.99 999.99
2026  22 22 26   534.3   1.73   58516.  0.99   0.16
2026  22 22 27   534.3   1.73   58516.  0.99   0.16
2026  22 22 28   534.3   1.73   58516.  0.99   0.16
2026  22 22 29 99999.9 999.99 9999999. 99.99 999.99
2026  22 22 30 99999.9 999.99 9999999. 99.99 999.99
2026  22 22 31 99999.9 999.99 9999999. 99.99 999.99
2026  22 22 32   525.4   3.06  163592.  1.69   0.46
2026  22 22 33   525.4   3.06  163592.  1.69   0.46
2026  22 22 34   525.4   3.06  163592.  1.69   0.46
2026  22 22 35 99999.9 999.99 9999999. 99.99 999.99
2026  22 22 36   518.5   2.99  154902.  1.61   0.44
2026  22 22 37   518.5   2.99  154902.  1.61   0.45
2026  22 22 38 99999.9 999.99 9999999. 99.99 999.99
2026  22 22 39 99999.9 999.99 9999999. 99.99 999.99
2026  22 22 40   521.1   3.16  183012.  1.72   0.55
2026  22 22 41   521.1   3.16  183012.  1.72   0.54
2026  22 22 42 99999.9 999.99 9999999. 99.99 999.99
2026  22 22 43 99999.9 999.99 9999999. 99.99 999.99
2026  22 22 44 99999.9 999.99 9999999. 99.99 999.99
2026  22 22 45 99999.9 999.99 9999999. 99.99 999.99
2026  22 22 46 99999.9 999.99 9999999. 99.99 999.99
2026  22 22 47 99999.9 999.99 9999999. 99.99 999.99
2026  22 22 48 99999.9 999.99 9999999. 99.99 999.99
2026  22 22 49 99999.9 999.99 9999999. 99.99 999.99
2026  22 22 50 99999.9 999.99 9999999. 99.99 999.99
2026  22 22 51 99999.9 999.99 9999999. 99.99 999.99
2026  22 22 52 99999.9 999.99 9999999. 99.99 999.99
2026  22 22 53 99999.9 999.99 9999999. 99.99 999.99
2026  22 22 54 99999.9 999.99 9999999. 99.99 999.99
2026  22 22 55 99999.9 999.99 9999999. 99.99 999.99
2026  22 22 56   499.1   3.72  120884.  1.85   0.46
2026  22 22 57   499.1   3.72  120884.  1.85   0.45
2026  22 22 58   500.6   3.20   92129.  1.60   0.32
2026  22 22 59   501.9   3.18   90961.  1.60   0.32
2026  22 23  0   501.1   3.18   93334.  1.60   0.32
2026  22 23  1   501.0   3.18   93442.  1.60   0.32
2026  22 23  2   496.7   3.17   89676.  1.56   0.32
2026  22 23  3   497.5   3.37   93598.  1.67   0.34
2026  22 23  4   497.9   3.12   85659.  1.55   0.30
2026  22 23  5   498.5   2.41   64573.  1.20   0.20
2026  22 23  6   502.7   2.42   73391.  1.22   0.21
2026  22 23  7   497.4   2.60   68951.  1.29   0.23
2026  22 23  8   504.6   2.81   77256.  1.43   0.26
2026  22 23  9 99999.9 999.99 9999999. 99.99 999.99
2026  22 23 10 99999.9 999.99 9999999. 99.99 999.99
2026  22 23 11   503.0   2.64   76245.  1.34   0.24
2026  22 23 12   503.5   2.62   75102.  1.33   0.24
2026  22 23 13   506.0   2.54   69435.  1.30   0.23
2026  22 23 14   500.0   3.06   68001.  1.53   0.27
2026  22 23 15   496.2   3.10   67601.  1.53   0.29
2026  22 23 16 99999.9 999.99 9999999. 99.99 999.99
2026  22 23 17 99999.9 999.99 9999999. 99.99 999.99
2026  22 23 18 99999.9 999.99 9999999. 99.99 999.99
2026  22 23 19 99999.9 999.99 9999999. 99.99 999.99
2026  22 23 20 99999.9 999.99 9999999. 99.99 999.99
2026  22 23 21 99999.9 999.99 9999999. 99.99 999.99
2026  22 23 22 99999.9 999.99 9999999. 99.99 999.99
2026  22 23 23   494.2   4.62   59271.  2.26   0.43
2026  22 23 24   494.2   4.62   59271.  2.26   0.44
2026  22 23 25 99999.9 999.99 9999999. 99.99 999.99
2026  22 23 26 99999.9 999.99 9999999. 99.99 999.99
2026  22 23 27 99999.9 999.99 9999999. 99.99 999.99
2026  22 23 28 99999.9 999.99 9999999. 99.99 999.99
2026  22 23 29 99999.9 999.99 9999999. 99.99 999.99
2026  22 23 30 99999.9 999.99 9999999. 99.99 999.99
2026  22 23 31 99999.9 999.99 9999999. 99.99 999.99
2026  22 23 32 99999.9 999.99 9999999. 99.99 999.99
2026  22 23 33 99999.9 999.99 9999999. 99.99 999.99
2026  22 23 34   487.9   5.00   46421.  2.38   0.45
2026  22 23 35   487.9   5.00   46421.  2.38   0.45
2026  22 23 36 99999.9 999.99 9999999. 99.99 999.99
2026  22 23 37   483.6   5.72   65884.  2.68   0.59
2026  22 23 38   483.6   5.72   65884.  2.68   0.58
2026  22 23 39 99999.9 999.99 9999999. 99.99 999.99
2026  22 23 40   485.1   5.14   50530.  2.42   0.49
2026  22 23 41   485.1   5.14   50530.  2.42   0.48
2026  22 23 42   485.2   5.27   47432.  2.48   0.49
2026  22 23 43   485.2   5.27   47432.  2.48   0.49
2026  22 23 44   485.2   5.27   47432.  2.48   0.49
2026  22 23 45 99999.9 999.99 9999999. 99.99 999.99
2026  22 23 46 99999.9 999.99 9999999. 99.99 999.99
2026  22 23 47 99999.9 999.99 9999999. 99.99 999.99
2026  22 23 48 99999.9 999.99 9999999. 99.99 999.99
2026  22 23 49   485.2   5.33   47771.  2.51   0.50
2026  22 23 50   485.2   5.33   47771.  2.51   0.50
2026  22 23 51   484.8   5.59   45119.  2.63   0.53
2026  22 23 52   484.8   5.59   45090.  2.63   0.52
2026  22 23 53   484.6   4.87   46085.  2.29   0.44
2026  22 23 54   484.5   4.86   48092.  2.28   0.45
2026  22 23 55   484.1   4.82   53726.  2.26   0.45
2026  22 23 56   482.8   5.57   47589.  2.60   0.51
2026  22 23 57   481.1   6.00   50799.  2.78   0.58
2026  22 23 58   479.6   6.32   54088.  2.91   0.64
2026  22 23 59 99999.9 999.99 9999999. 99.99 999.99
