Fecha,Presion,UnixTime,Cuentas,Cuentas_corr
2026-01-01 03:00:00,997.3131590656284,1767236850.5919805,159.67172488584475,162.30803152589507
2026-01-01 03:15:00,997.2680333333333,1767237750.1441958,159.09114139110605,161.70326752252245
2026-01-01 03:30:00,997.2385777777778,1767238650.689131,159.96459681093393,162.58148611642937
2026-01-01 03:45:00,997.2591222222222,1767239550.6113017,159.8480810502283,162.46973981760044
2026-01-01 04:00:00,997.246088888889,1767240450.205176,159.78783238312428,162.40426962259292
2026-01-01 04:15:00,997.2432444444444,1767241350.2314315,159.6691425313569,162.2827130793027
2026-01-01 04:30:00,997.2362777777777,1767242250.6223364,160.79547038724374,163.4252003437803
2026-01-01 04:45:00,997.2429111111112,1767243151.024847,159.7844982896237,162.3998487906171
2026-01-01 05:00:00,997.284128745838,1767244050.4217954,160.43541619156213,163.07486347417984
2026-01-01 05:15:00,997.3241777777778,1767244950.4457726,160.6786237172178,163.33515450089297
2026-01-01 05:30:00,997.3560177975528,1767245851.134725,161.02924629418473,163.7019982065938
2026-01-01 05:45:00,997.3486333333333,1767246750.6928961,160.0772237442922,162.731770662888
2026-01-01 06:00:00,997.294128745838,1767247650.2324803,160.26918564920274,162.90915629497346
2026-01-01 06:15:00,997.2856888888888,1767248550.7589238,160.38646864310147,163.02561933747214
2026-01-01 06:30:00,997.3082647385984,1767249450.386719,160.21889383561643,162.86264045454348
2026-01-01 06:45:00,997.4222111111111,1767250350.515268,160.69478905359176,163.38361804307692
2026-01-01 07:00:00,997.5341888888889,1767251250.6447139,160.11780045610033,162.8334383414636
2026-01-01 07:15:00,997.533,1767252150.693647,161.2753078677309,164.01018738764185
2026-01-01 07:30:00,997.6070333333333,1767253050.7188692,160.53756784492586,163.284112038108
2026-01-01 07:45:00,997.6956444444445,1767253950.8172257,160.31198061573545,163.08356483865305
2026-01-01 08:00:00,997.7271032186459,1767254850.2902122,160.50417559863172,163.28935606390272
2026-01-01 08:15:00,997.8157000000001,1767255750.4119616,160.41245381984038,163.22496251514602
2026-01-01 08:30:00,997.849688888889,1767256650.4407337,161.10471151653363,163.94050148590844
2026-01-01 08:45:00,997.8930255839822,1767257550.9530704,160.98398403648804,163.83184818849244
2026-01-01 09:00:00,997.9731555555555,1767258451.109551,160.55403420752566,163.42048005192504
2026-01-01 09:15:00,998.102488888889,1767259350.6554036,160.20795547945204,163.11040838873737
2026-01-01 09:30:00,998.1347999999999,1767260250.6295366,161.08385193621868,164.01277179966704
2026-01-01 09:45:00,998.1278222222222,1767261151.0387566,161.19897491448117,164.1276975013932
2026-01-01 10:00:00,998.1559555555556,1767262051.0601501,161.7162953249715,164.66368159623602
2026-01-01 10:15:00,998.276211111111,1767262951.0598328,160.2810125427594,163.24149651021543
2026-01-01 10:30:00,998.2937444444444,1767263851.1106634,160.88420410490306,163.8615753515035
2026-01-01 10:45:00,998.3514888888889,1767264750.677278,160.70669520547946,163.6996858224264
2026-01-01 11:00:00,998.4048501664817,1767265650.092932,160.80966628701594,163.82205720604932
2026-01-01 11:15:00,998.4830333333333,1767266550.7404435,160.39623033067275,163.42642889304557
2026-01-01 11:30:00,998.4605333333333,1767267450.9757323,159.96321778791335,162.9779017256874
2026-01-01 11:45:00,998.5474666666668,1767268351.0551076,160.21844583808436,163.26632393495734
2026-01-01 12:00:00,998.5922555555557,1767269250.8263242,160.68823744292237,163.75972108531596
2026-01-01 12:15:00,998.6313888888889,1767270150.5612977,161.74071151653362,164.8452141096962
2026-01-01 12:30:00,998.64638487208,1767271050.7138672,160.418259977195,163.50228269687008
2026-01-01 12:45:00,998.7795333333333,1767271950.9346664,160.94921892816419,164.08713935571546
2026-01-01 13:00:00,998.8573333333334,1767272850.983056,160.0734583808438,163.21969969395036
2026-01-01 13:15:00,998.9571444444445,1767273751.0850093,160.83331356898518,164.02723003611248
2026-01-01 13:30:00,999.0888666666667,1767274650.646969,160.23245205479452,163.4574925798482
2026-01-01 13:45:00,999.1478999999999,1767275550.5113242,161.0135375854214,164.27369332597593
2026-01-01 14:00:00,999.1451888888889,1767276450.9181697,159.71741733181298,162.95044604680245
2026-01-01 14:15:00,999.2431666666666,1767277350.9766948,160.65421778791335,163.93833086579173
2026-01-01 14:30:00,999.3359333333334,1767278250.734327,161.02847548460662,164.35072889393373
2026-01-01 14:45:00,999.4109888888888,1767279150.8273864,159.83095667046751,163.15299275082052
2026-01-01 15:00:00,999.4672142064373,1767280050.3974106,160.36712884834665,163.71871833726777
2026-01-01 15:15:00,999.5252,1767280950.4516332,160.41083808437855,163.78233406945304
2026-01-01 15:30:00,999.5656840934372,1767281850.6569364,160.63355872291905,164.02301593254577
2026-01-01 15:45:00,999.6958888888889,1767282751.0752866,159.98347890535916,163.40176491700797
2026-01-01 16:00:00,999.7795666666666,1767283651.0913665,160.64667502850625,164.10659306805707
2026-01-01 16:15:00,999.932,1767284550.6825895,159.5410216894977,163.02682065518798
2026-01-01 16:30:00,1000.0713555555554,1767285450.2630408,159.2597867730901,162.78480467150257
2026-01-01 16:45:00,1000.1062222222223,1767286350.361126,160.33880273660205,163.8991321497146
2026-01-01 17:00:00,1000.0868368479466,1767287250.3213499,159.69591457858772,163.2356397442677
2026-01-01 17:15:00,999.9828809788654,1767288150.505856,160.14218036529678,163.65776728604564
2026-01-01 17:30:00,1000.0295111111111,1767289050.515387,159.7426465222349,163.26468791036862
2026-01-01 17:45:00,1000.1489666666666,1767289950.5607285,159.85160433295323,163.41508506329427
2026-01-01 18:00:00,1000.2270555555556,1767290850.6539912,159.8986670467503,163.4887282318565
2026-01-01 18:15:00,1000.4334,1767291750.7182677,159.62133181299885,163.27253309768065
2026-01-01 18:30:00,1000.5129555555555,1767292650.71771,160.61227822120867,164.31228838744227
2026-01-01 18:45:00,1000.6145777777778,1767293550.612323,159.4560581527936,163.16259110490768
2026-01-01 19:00:00,1000.8124861265261,1767294450.622321,159.89619703872438,163.67773451568155
2026-01-01 19:15:00,1000.9497222222221,1767295350.6651628,160.15758675799086,163.99031069281673
2026-01-01 19:30:00,1001.1284666666667,1767296250.2036293,158.6338415051311,162.48817809814088
2026-01-01 19:45:00,1001.1638153503893,1767297150.6531332,159.26412656784493,163.1453107736181
2026-01-01 20:00:00,1001.1232666666666,1767298050.874738,158.9321527936146,162.79204442901423
2026-01-01 20:15:00,1001.2692999999999,1767298950.9141893,159.95418700114024,163.88675904978726
2026-01-01 20:30:00,1001.3470222222223,1767299851.0106726,159.00650171037628,162.9411006537857
2026-01-01 20:45:00,1001.4006666666667,1767300750.61747,159.90003538812786,163.8743256783735
2026-01-01 21:00:00,1001.4969256381798,1767301649.9784534,159.0806814562002,163.06599694166187
2026-01-01 21:15:00,1001.5902666666667,1767302550.9828045,159.35150057012544,163.37409682654308
2026-01-01 21:30:00,1001.6817130144606,1767303450.953001,159.61486301369862,163.67403951997963
2026-01-01 21:45:00,1001.8355222222222,1767304350.970054,159.63955074116305,163.7497197651184
2026-01-01 22:00:00,1001.8845837957825,1767305250.378522,159.74640250855188,163.8754017790571
2026-01-01 22:15:00,1001.8835,1767306150.440364,159.535574686431,163.65876989958576
2026-01-01 22:30:00,1001.9333926585094,1767307050.9697952,159.34826339794753,163.48292993497367
2026-01-01 22:45:00,1002.1311111111111,1767307951.10259,160.0717194982896,164.29011134002843
2026-01-01 23:00:00,1002.1695666666667,1767308851.1279213,159.5738859749145,163.7917552634174
2026-01-01 23:15:00,1002.2732333333333,1767309750.6581388,159.22730593607307,163.46990364091496
2026-01-01 23:30:00,1002.2332555555555,1767310650.202296,159.2569566704675,163.48727217828065
2026-01-01 23:45:00,1002.1913111111112,1767311550.3248034,160.02861915621435,164.26565156264925
2026-01-02 00:00:00,1002.1840222222222,1767312450.1342764,159.34590763968075,163.56247969187254
2026-01-02 00:15:00,1002.3166666666667,1767313350.1834812,159.37492474344356,163.63566960635848
2026-01-02 00:30:00,1002.369511111111,1767314250.2811608,159.30907183580388,163.5853444203166
2026-01-02 00:45:00,1002.3437666666666,1767315150.4118435,158.46789623717217,162.7132113281389
2026-01-02 01:00:00,1002.3921087680355,1767316050.4032145,158.96759567198177,163.24207975252853
2026-01-02 01:15:00,1002.4196555555556,1767316950.918788,159.91464424173319,164.22364095574483
2026-01-02 01:30:00,1002.4430444444444,1767317851.0405595,158.92825883694414,163.21831161156064
2026-01-02 01:45:00,1002.4453111111111,1767318751.0911338,159.0350615735462,163.32873776510138
2026-01-02 02:00:00,1002.410467185762,1767319651.359718,159.16294748858448,163.44868559785627
2026-01-02 02:15:00,1002.4225,1767320550.709828,157.75954846066136,162.01139647889434
2026-01-02 02:30:00,1002.3378555555556,1767321450.7920408,159.2598529076397,163.52445108483138
2026-01-02 02:45:00,1002.3460444444444,1767322350.8044806,158.0497514253136,162.28460381676422
2026-01-02 03:00:00,1002.3239888888888,1767323250.838826,160.30753705815277,164.59562486395535
2026-01-02 03:15:00,1002.3018444444444,1767324150.8789368,159.3911322690992,163.6474591156769
2026-01-02 03:30:00,1002.2279111111112,1767325050.9096377,159.45236602052452,163.68612252160753
2026-01-02 03:45:00,1002.2291888888889,1767325950.8918447,159.37666932725202,163.60883405145228
2026-01-02 04:00:00,1002.2196111111111,1767326851.018454,160.12226111744585,164.37107599517546
2026-01-02 04:15:00,1002.3018666666666,1767327751.136089,159.00723489167618,163.25331752832872
2026-01-02 04:30:00,1002.3549666666668,1767328651.1714149,159.31257924743446,163.58418742859615
2026-01-02 04:45:00,1002.3564,1767329550.6441255,159.59215867579908,163.87173291492715
2026-01-02 05:00:00,1002.4224195338512,1767330450.1072993,159.0893348519362,163.37699624421165
2026-01-02 05:15:00,1002.5246000000001,1767331350.6400342,158.9785370581528,163.2965803396588
2026-01-02 05:30:00,1002.5466407119021,1767332250.3771243,159.28441095890412,163.61797448814002
2026-01-02 05:45:00,1002.5401444444444,1767333150.2714176,159.6747787913341,164.01683183563526
2026-01-02 06:00:00,1002.5922999999999,1767334050.3723383,159.70261459521095,164.06253723446812
2026-01-02 06:15:00,1002.6170888888888,1767334950.4279387,159.28371607753704,163.6403154011204
2026-01-02 06:30:00,1002.6361,1767335850.4835665,158.0662132269099,162.3956869251315
2026-01-02 06:45:00,1002.6832,1767336750.532975,158.70309122006842,163.06536920247513
2026-01-02 07:00:00,1002.7801777777777,1767337650.6167376,159.3494766248575,163.76128115800427
2026-01-02 07:15:00,1002.8464111111111,1767338550.75858,158.88651311288484,163.30713119723524
2026-01-02 07:30:00,1002.9206222222222,1767339450.8468423,160.399070695553,164.886242861422
2026-01-02 07:45:00,1002.9959444444445,1767340350.8390021,158.60721778791333,163.06882634002034
2026-01-02 08:00:00,1003.0801886792453,1767341250.17938,158.7721676168757,163.2659223027787
2026-01-02 08:15:00,1003.0860400444939,1767342150.5480382,159.84094982896238,164.36687796302837
2026-01-02 08:30:00,1003.2672,1767343050.803796,158.72089281641962,163.274253111646
2026-01-02 08:45:00,1003.2731111111111,1767343950.8833532,159.65058380843786,164.2325565165974
2026-01-02 09:00:00,1003.2748279689233,1767344850.3026993,159.26690421892818,163.8384278941828
2026-01-02 09:15:00,1003.2836555555556,1767345750.338259,159.21800456100343,163.79101637630313
2026-01-02 09:30:00,1003.2986651835372,1767346650.8794613,158.8870433295325,163.45545611304564
2026-01-02 09:45:00,1003.3317666666667,1767347551.058016,158.02237286202967,162.5766868394454
2026-01-02 10:00:00,1003.3551777777777,1767348451.1509159,158.41567274800457,162.988953226228
2026-01-02 10:15:00,1003.3893333333333,1767349351.1683729,159.13376282782212,163.73895855890993
2026-01-02 10:30:00,1003.3622222222222,1767350251.1313653,158.93168529076397,163.52216629419902
2026-01-02 10:45:00,1003.3083111111112,1767351150.6489,159.36255593607305,163.9478037616953
2026-01-02 11:00:00,1003.2760710321865,1767352050.0201595,159.83329612756262,164.421486026734
2026-01-02 11:15:00,1003.2313555555555,1767352950.6506164,159.14301710376284,163.69675157602435
2026-01-02 11:30:00,1003.1959444444444,1767353850.6547656,158.17670695553022,162.69126876574856
2026-01-02 11:45:00,1003.0648943270301,1767354750.422337,158.95481506849316,163.44873949350912
2026-01-02 12:00:00,1002.9561265260821,1767355650.2558143,159.96566400911163,164.4523887214365
2026-01-02 12:15:00,1002.9231777777777,1767356550.845099,158.68394526795896,163.12397045531065
2026-01-02 12:30:00,1002.9181423804226,1767357450.9542065,158.54090410958904,162.97528566279252
2026-01-02 12:45:00,1002.8182666666667,1767358350.4913223,158.99883010262255,163.4133745088897
2026-01-02 13:00:00,1002.7890677025528,1767359250.4960873,159.61097949886104,164.03294054578723
2026-01-02 13:15:00,1002.8878976640713,1767360150.5672586,159.4148984018265,163.863813204953
2026-01-02 13:30:00,1002.9154222222222,1767361050.6913886,159.0069236031927,163.45345045857826
2026-01-02 13:45:00,1002.9430444444444,1767361950.7446678,159.4323055872292,163.89978227987157
2026-01-02 14:00:00,1002.9393007769146,1767362850.169015,158.41787001140253,162.85570169193008
2026-01-02 14:15:00,1002.7749444444444,1767363750.280669,159.02310604332953,163.4241640528632
2026-01-02 14:30:00,1002.818765294772,1767364650.5006495,160.48201140250853,164.93790028075136
2026-01-02 14:45:00,1002.7977333333333,1767365551.0618184,159.39976282782212,163.81871135811718
2026-01-02 15:00:00,1002.7687777777777,1767366450.6661332,159.4902910958904,163.90225725294982
2026-01-02 15:15:00,1002.7768666666666,1767367350.1491745,159.04147092360319,163.44366554088623
2026-01-02 15:30:00,1002.6724,1767368250.2267637,158.91406613454959,163.27861633635567
2026-01-02 15:45:00,1002.5829777777777,1767369150.257728,160.35106955530216,164.72562393613006
2026-01-02 16:00:00,1002.6314761376249,1767370050.243933,159.91752391799545,164.29618611298508
2026-01-02 16:15:00,1002.6676111111112,1767370950.7460616,158.54193956670466,162.89470919319058
2026-01-02 16:30:00,1002.6399222222223,1767371850.8201942,159.16960205245155,163.53054794606052
2026-01-02 16:45:00,1002.7202222222222,1767372750.8963418,159.4701881413911,163.86568424078752
2026-01-02 17:00:00,1002.7435444444444,1767373651.2431793,159.74858266818703,164.15940913548584
2026-01-02 17:15:00,1002.6972444444446,1767374551.119561,159.13093044469784,163.50956119774847
2026-01-02 17:30:00,1002.6825695216908,1767375450.736173,159.26074543378996,163.63814533832038
2026-01-02 17:45:00,1002.5758222222222,1767376350.7064056,158.9394777651083,163.27318572453268
2026-01-02 18:00:00,1002.6295777777777,1767377250.7539937,158.8831242873432,163.2328440911919
2026-01-02 18:15:00,1002.6074222222222,1767378150.8806589,159.0829338654504,163.43088186216474
2026-01-02 18:30:00,1002.6744666666667,1767379050.9400105,158.83248802736603,163.1954722389905
2026-01-02 18:45:00,1002.6104222222223,1767379951.0609963,158.43830672748004,162.76961282257986
2026-01-02 19:00:00,1002.5091888888888,1767380850.6532974,158.7556883561644,163.0626527751205
2026-01-02 19:15:00,1002.5641,1767381750.2317178,160.854669327252,165.2367237443093
2026-01-02 19:30:00,1002.4774111111111,1767382650.2454062,160.2327297605473,164.5693059665798
2026-01-02 19:45:00,1002.3288333333334,1767383550.307911,159.5140889395667,163.7825395583851
2026-01-02 20:00:00,1002.19089900111,1767384450.2156136,159.20510592255127,163.42019970818217
2026-01-02 20:15:00,1002.1891,1767385350.7471962,159.1210912200684,163.33337296841086
2026-01-02 20:30:00,1002.1737597330367,1767386250.5764017,158.82397716894977,163.02339194000055
2026-01-02 20:45:00,1002.1554444444445,1767387150.452147,159.14575256556444,163.3476916687401
2026-01-02 21:00:00,1002.1533666666667,1767388050.4974825,158.79309350057014,162.98504402106425
2026-01-02 21:15:00,1002.077,1767388950.5228615,158.58755872291903,162.74922423764338
2026-01-02 21:30:00,1001.9049777777778,1767389850.6444876,159.3584675028506,163.4841077825969
2026-01-02 21:45:00,1001.8423666666666,1767390750.7577686,158.7365165336374,162.82566442176014
2026-01-02 22:00:00,1001.6763263041065,1767391650.7660136,157.70523147092362,161.71410178329612
2026-01-02 22:15:00,1001.5988097886541,1767392550.8016665,158.27570353477765,162.27391549185057
2026-01-02 22:30:00,1001.5610555555555,1767393450.7926736,158.70458722919042,162.70134744973765
2026-01-02 22:45:00,1001.4265111111112,1767394350.8537276,158.55785176738883,162.5071818929218
2026-01-02 23:00:00,1001.2197225305217,1767395250.273055,159.7009942987457,163.6111177943957
2026-01-02 23:15:00,1001.0852169076752,1767396150.7940114,159.31434663625998,163.1711026737805
2026-01-02 23:30:00,1001.0740666666666,1767397051.0518064,158.62726111744584,162.46376080756687
2026-01-02 23:45:00,1000.9670666666666,1767397950.7017207,158.21498858447487,162.00684403057735
2026-01-03 00:00:00,1000.9087888888889,1767398850.242911,159.1825017103763,162.97854787259234
2026-01-03 00:15:00,1000.7928666666667,1767399750.3182685,159.3445393386545,163.10662988364285
2026-01-03 00:30:00,1000.7227444444444,1767400650.3498514,159.10925427594069,162.84295037022474
2026-01-03 00:45:00,1000.5655444444444,1767401550.6369514,158.623416856492,162.29467870381535
2026-01-03 01:00:00,1000.3128888888889,1767402451.1467636,159.22662029646523,162.82954262507954
2026-01-03 01:15:00,1000.2357666666666,1767403350.6856954,158.93279109589042,162.50399749170467
2026-01-03 01:30:00,1000.0366,1767404250.7354436,158.4851708428246,161.98178365304096
2026-01-03 01:45:00,999.8858777777778,1767405151.1161482,159.44434777651082,162.913006008773
2026-01-03 02:00:00,999.7276777777777,1767406050.6377065,159.57426255707762,162.99416752770108
2026-01-03 02:15:00,999.4555555555556,1767406950.2816381,159.64495324971494,162.97764940132802
2026-01-03 02:30:00,999.3146666666667,1767407850.4146903,159.67955872291904,162.96705032355604
2026-01-03 02:45:00,999.1341888888888,1767408750.2929175,158.0309361459521,161.22627978799375
2026-01-03 03:00:00,999.0354555555555,1767409650.2155733,158.6029623717218,161.77792333085216
2026-01-03 03:15:00,998.8848444444444,1767410550.3385248,158.86723717217788,161.9986835086995
2026-01-03 03:30:00,998.8097111111111,1767411450.4652438,159.43952337514253,162.55782123893835
2026-01-03 03:45:00,998.6868,1767412350.541074,157.62605587229191,160.66938520972712
2026-01-03 04:00:00,998.6685682574918,1767413250.5413404,158.82126082004558,161.88176342516343
2026-01-03 04:15:00,998.455873192436,1767414150.88602,158.67132191780823,161.6601519224333
2026-01-03 04:30:00,998.3207222222222,1767415050.7377179,158.9313660205245,161.88133162244705
2026-01-03 04:45:00,998.1126888888889,1767415950.838675,159.23605929304446,162.12421186933008
2026-01-03 05:00:00,997.9514666666666,1767416850.855883,159.43317673888257,162.27257221734945
2026-01-03 05:15:00,997.8360111111111,1767417750.913031,159.52313683010263,162.32664708166837
2026-01-03 05:30:00,997.6416777777778,1767418650.9989846,159.32706955530216,162.06413288958325
2026-01-03 05:45:00,997.6004777777777,1767419551.0645075,159.37161459521093,162.09608589635948
2026-01-03 06:00:00,997.5368146503884,1767420450.6180744,159.11685176738882,161.81636309312435
2026-01-03 06:15:00,997.4175888888889,1767421350.7331247,160.19355644241733,162.87249287386075
2026-01-03 06:30:00,997.4258398220244,1767422250.3695514,158.89127511415526,161.55109920835372
2026-01-03 06:45:00,997.4114777777778,1767423150.4298565,159.04309806157355,161.70081888142658
2026-01-03 07:00:00,997.3251111111111,1767424050.5186172,159.212181299886,161.84476921721392
2026-01-03 07:15:00,997.2723222222223,1767424950.6415007,159.29320638540477,161.91003905536695
2026-01-03 07:30:00,997.1791777777778,1767425850.6630247,159.81134093500572,162.4064280705976
2026-01-03 07:45:00,996.9813777777778,1767426750.6485095,159.0818015963512,161.60110010785255
2026-01-03 08:00:00,997.0561111111111,1767427650.501633,158.95497605473204,161.49640261902414
2026-01-03 08:15:00,997.0381777777777,1767428550.6186812,159.32289623717216,161.8643995946935
2026-01-03 08:30:00,996.9610222222223,1767429450.7358975,159.14433181299887,161.6580391717413
2026-01-03 08:45:00,996.9123555555556,1767430350.84412,159.087661345496,161.58474523883933
2026-01-03 09:00:00,996.8106888888889,1767431250.8672411,159.78786887115166,162.26294659493607
2026-01-03 09:15:00,996.7339777777778,1767432150.9798508,159.5604355758267,162.0071330084744
2026-01-03 09:30:00,996.6542777777778,1767433051.0047598,159.64924059293043,162.07146351005989
2026-01-03 09:45:00,996.6045666666666,1767433950.9953482,159.70475370581528,162.1117005696963
2026-01-03 10:00:00,996.6355049944506,1767434850.4227817,159.19134777651084,161.60055597481357
2026-01-03 10:15:00,996.7145777777778,1767435750.5160255,160.0892770809578,162.53777717356562
2026-01-03 10:30:00,996.7901111111112,1767436650.5628905,160.34044355758266,162.81737955990303
2026-01-03 10:45:00,996.8989655172414,1767437550.5610054,160.0830605022831,162.59141418701648
2026-01-03 11:00:00,996.9579444444445,1767438450.2625155,159.79604675028506,162.31904887216794
2026-01-03 11:15:00,996.9038444444444,1767439350.30293,159.93464652223489,162.44225977718193
2026-01-03 11:30:00,996.7728444444444,1767440250.36237,159.26880387685293,161.723600259142
2026-01-03 11:45:00,996.6635333333334,1767441150.4249735,159.70328620296465,162.1293302747
2026-01-03 12:00:00,996.4879777777777,1767442050.537662,159.95615849486887,162.32903839996305
2026-01-03 12:15:00,996.4081555555556,1767442950.6582806,159.80243557582668,162.14714711080865
2026-01-03 12:30:00,996.3894666666667,1767443850.7440112,160.68098859749145,163.03249685197954
2026-01-03 12:45:00,996.4146555555556,1767444750.7721817,160.2623774230331,162.61595147803885
2026-01-03 13:00:00,996.2970222222223,1767445650.8140676,160.35873432155077,162.67544683783248
2026-01-03 13:15:00,996.2335444444444,1767446550.9557028,160.47513112884835,162.77285900641442
2026-01-03 13:30:00,996.1311888888889,1767447450.9942372,160.2288597491448,162.48979457279006
2026-01-03 13:45:00,996.0771222222222,1767448350.9907954,161.2208779931585,163.47813245691742
2026-01-03 14:00:00,996.1173444444445,1767449251.0291138,160.05089965792473,162.30482924478184
2026-01-03 14:15:00,996.1062111111111,1767450151.0371637,160.25985062713798,162.5131041173139
2026-01-03 14:30:00,996.0336888888888,1767451051.1434307,160.64685860889398,162.8819265992875
2026-01-03 14:45:00,996.0618333333333,1767451951.1529515,160.24317673888257,162.48177399407416
2026-01-03 15:00:00,996.1118555555555,1767452851.1492758,160.84798745724058,163.11135148674245
2026-01-03 15:15:00,996.2346333333334,1767453751.1814098,160.59353591790193,162.89331389345648
2026-01-03 15:30:00,996.1767444444445,1767454650.6584814,160.53748515981735,162.81760870889815
2026-01-03 15:45:00,996.1181444444445,1767455550.2995338,161.1379532497149,163.40745280737895
2026-01-03 16:00:00,996.0579777777778,1767456450.4362698,161.7004549600912,163.95814608836895
2026-01-03 16:15:00,996.0547333333333,1767457350.4219675,160.49624629418474,162.73606806261054
2026-01-03 16:30:00,996.0705222222222,1767458250.3295004,160.81534435575827,163.06476847151777
2026-01-03 16:45:00,996.1090666666666,1767459150.421255,160.45546522234892,162.7123983196541
2026-01-03 17:00:00,996.1458555555556,1767460050.4206128,160.9590661345496,163.2350928107606
2026-01-03 17:15:00,996.2565666666666,1767460950.4525397,160.75864082098062,163.06793626940689
2026-01-03 17:30:00,996.3731,1767461850.5251362,160.1524025085519,162.49085614206277
2026-01-03 17:45:00,996.4493333333334,1767462750.507201,160.4756818700114,162.843682184326
2026-01-03 18:00:00,996.5161820199778,1767463650.322109,161.88454441913441,164.29529847645628
2026-01-03 18:15:00,996.4688666666667,1767464550.888539,160.68927594070695,163.0667984291066
2026-01-03 18:30:00,996.5059777777777,1767465451.0078673,161.12845610034205,163.5246133096625
2026-01-03 18:45:00,996.4718798665183,1767466350.9822018,160.72069406392694,163.09966430863838
2026-01-03 19:00:00,996.4516537180909,1767467250.1044014,159.96003078677307,162.32117537914877
2026-01-03 19:15:00,996.4812333333334,1767468150.1582525,160.69396579247436,163.07559102394097
2026-01-03 19:30:00,996.5200555555556,1767469050.2310529,160.5972132269099,162.99005928197533
2026-01-03 19:45:00,996.5650222222222,1767469950.274211,160.69805701254276,163.10707371034016
2026-01-03 20:00:00,996.5984983314794,1767470850.9081936,161.36451767388826,163.79449128826838
2026-01-03 20:15:00,996.5285888888889,1767471751.0036755,159.9108061573546,162.2961948025621
2026-01-03 20:30:00,996.4673555555555,1767472650.5895863,160.1920787671233,162.56175353916453
2026-01-03 20:45:00,996.3974222222222,1767473550.2258651,160.17847890535919,162.5252190481793
2026-01-03 21:00:00,996.2876777777777,1767474450.3408332,160.77574572405928,163.0954347288292
2026-01-03 21:15:00,996.2475333333333,1767475350.3740299,159.8165267958951,162.10935998834688
2026-01-03 21:30:00,996.158411111111,1767476250.4878464,160.67384378563284,162.94992910419668
2026-01-03 21:45:00,996.0761222222222,1767477150.3082457,160.53008893956672,162.77734610669387
2026-01-03 22:00:00,995.901576026637,1767478050.3041503,160.2841514806378,162.47123840063202
2026-01-03 22:15:00,995.6967888888888,1767478950.837098,160.90407753705813,163.03283565362457
2026-01-03 22:30:00,995.5469632925473,1767479850.6092038,160.17539497716896,162.24588817755583
2026-01-03 22:45:00,995.4847777777778,1767480750.4709918,161.56603192702394,163.63414846090083
2026-01-03 23:00:00,995.4017444444445,1767481650.4484403,160.40888141391108,162.43520859678728
2026-01-03 23:15:00,995.2325444444446,1767482550.4567633,161.4252337514253,163.40909276995438
2026-01-03 23:30:00,994.9852444444444,1767483450.5739942,160.89511060433293,162.7919177992638
2026-01-03 23:45:00,994.7315,1767484350.6647017,161.11137856328392,162.9280302117722
2026-01-04 00:00:00,994.3742841287458,1767485250.1640155,160.7449110604333,162.44133580039994
2026-01-04 00:15:00,994.0772525027809,1767486150.4738243,160.6910330672748,162.29044976965415
2026-01-04 00:30:00,993.7699555555555,1767487050.9623063,161.00962371721778,162.51230170179358
2026-01-04 00:45:00,993.5738888888889,1767487951.0909536,160.8648608893957,162.30253111214998
2026-01-04 01:00:00,993.4254333333333,1767488850.6902213,161.63869063926938,163.03486263013744
2026-01-04 01:15:00,993.3318555555555,1767489750.2727845,161.79085860889398,163.1578062198319
2026-01-04 01:30:00,993.2633888888889,1767490650.7131732,161.92235990888383,163.2680601848479
2026-01-04 01:45:00,993.1652888888889,1767491550.6610339,161.7268892694064,163.0389736480145
2026-01-04 02:00:00,993.0276581576027,1767492450.0837798,160.6849202733485,161.94396812609654
2026-01-04 02:15:00,992.9031666666666,1767493350.5613077,161.61729646522235,162.84309974985297
2026-01-04 02:30:00,992.7828666666667,1767494250.6335926,161.97425313568988,163.16350193393515
2026-01-04 02:45:00,992.6311000000001,1767495150.6751237,162.398921322691,163.5416402497512
2026-01-04 03:00:00,992.5227474972191,1767496050.9175613,161.69121689497717,162.79367403775493
2026-01-04 03:15:00,992.4381,1767496950.4691057,162.15427708095783,163.23225475806433
2026-01-04 03:30:00,992.2678999999999,1767497850.4688592,161.93399885974915,162.95503282456468
2026-01-04 03:45:00,992.1113222222223,1767498750.545433,161.48634435575826,162.45367451091843
2026-01-04 04:00:00,991.9780222222222,1767499650.6220236,162.06834435575826,162.9957003413245
2026-01-04 04:15:00,991.8334111111111,1767500550.659542,162.1703363740023,163.05111113354855
2026-01-04 04:30:00,991.6457444444444,1767501450.6736743,162.5224606613455,163.3438279775472
2026-01-04 04:45:00,991.4379333333334,1767502350.7276824,162.02097377423033,162.7721408614927
2026-01-04 05:00:00,991.1785444444445,1767503250.8457415,162.31967844925884,162.9876540919277
2026-01-04 05:15:00,990.8878555555556,1767504150.9224327,161.88094754846065,162.45264391499674
2026-01-04 05:30:00,990.5691222222222,1767505050.980304,162.09122805017105,162.56000741789657
2026-01-04 05:45:00,990.2428333333334,1767505950.841099,161.82460547320412,162.18673974549927
2026-01-04 06:00:00,990.0670699223086,1767506850.425717,162.63658038768529,162.94324272434326
2026-01-04 06:15:00,989.884088888889,1767507750.5606503,162.8953055872292,163.14274078720152
2026-01-04 06:30:00,989.611212458287,1767508650.713166,162.3778141391106,162.5357347263675
2026-01-04 06:45:00,989.3651444444445,1767509551.1179388,161.79626339794754,161.87393479663933
2026-01-04 07:00:00,989.0796670366259,1767510450.452357,162.47298517673886,162.45819866459854
2026-01-04 07:15:00,988.8913222222222,1767511350.5578833,162.96296351197265,162.88676309517518
2026-01-04 07:30:00,988.8000777777778,1767512250.656648,162.29504218928165,162.1895535959065
2026-01-04 07:45:00,988.6547497219133,1767513150.4877815,162.27862328767122,162.12601560001008
2026-01-04 08:00:00,988.5615111111111,1767514050.3500504,162.48729418472064,162.3042213994286
2026-01-04 08:15:00,988.3964666666667,1767514950.4587057,162.90105473204105,162.6638133867244
2026-01-04 08:30:00,988.3038666666667,1767515850.551937,162.39481527936147,162.1282822586288
2026-01-04 08:45:00,988.2322888888889,1767516750.4000301,163.2909897377423,162.99964988098563
2026-01-04 09:00:00,988.1033518312985,1767517650.4132617,162.76634282460137,162.43404609301803
2026-01-04 09:15:00,987.9217333333333,1767518551.0585485,162.73400456100342,162.34279422979307
2026-01-04 09:30:00,987.8799222222223,1767519451.1660426,163.51313911060433,163.1064158593014
2026-01-04 09:45:00,987.7147719688543,1767520350.773661,163.49597488584473,163.03543474775776
2026-01-04 10:00:00,987.5267333333334,1767521250.9499927,163.3937890535918,162.8722726763514
2026-01-04 10:15:00,987.3787222222222,1767522151.0185218,163.12427936145951,162.55549603661632
2026-01-04 10:30:00,987.1044444444444,1767523051.032106,163.13194184720638,162.4739813498775
2026-01-04 10:45:00,986.9538777777778,1767523951.1032596,163.41890193842647,162.71077902678488
2026-01-04 11:00:00,986.8703888888889,1767524851.0598574,162.5186385404789,161.78739947284436
2026-01-04 11:15:00,986.7207555555556,1767525750.6221547,163.2411678082192,162.45805222496617
2026-01-04 11:30:00,986.6106111111111,1767526650.729412,162.82328473804102,162.00648170299087
2026-01-04 11:45:00,986.5413666666667,1767527551.0651433,163.6538301026226,162.81031165609602
2026-01-04 12:00:00,986.4510654827968,1767528450.542406,163.45535461801595,162.58349355509839
2026-01-04 12:15:00,986.2957619577309,1767529350.5621142,164.3463630136986,163.4189823934732
2026-01-04 12:30:00,986.200188888889,1767530250.323558,164.10686088939568,163.14964333703952
2026-01-04 12:45:00,986.1467888888889,1767531150.4597602,164.21709464082096,163.2417989517785
2026-01-04 13:00:00,986.0041777777778,1767532050.5280843,163.51239566704677,162.49493145398577
2026-01-04 13:15:00,985.9607777777778,1767532950.5658398,163.8735496009122,162.83970298942285
2026-01-04 13:30:00,985.8469333333333,1767533850.590773,163.26649030786774,162.19953827898897
2026-01-04 13:45:00,985.7328111111111,1767534750.6342127,163.6098141391106,162.5035237177315
2026-01-04 14:00:00,985.617,1767535650.6091692,163.3320285062714,162.19004523519376
2026-01-04 14:15:00,985.4855888888889,1767536550.6271226,163.74108551881415,162.55351391645422
2026-01-04 14:30:00,985.2644111111111,1767537450.627143,163.79234435575827,162.53248793296362
2026-01-04 14:45:00,985.1427111111111,1767538350.5083134,163.54113340935004,162.24371432216046
2026-01-04 15:00:00,985.1317647058823,1767539251.0300324,164.62920501138953,163.3195783739326
2026-01-04 15:15:00,985.0651111111112,1767540150.6239743,164.58730330672748,163.2562453157646
2026-01-04 15:30:00,984.9464777777778,1767541050.6339765,164.45166818700116,163.08300835803823
2026-01-04 15:45:00,984.8366222222222,1767541950.714817,164.41487571265677,163.01070289403282
2026-01-04 16:00:00,984.7895666666667,1767542851.1804965,164.64493956670466,163.2234400429733
2026-01-04 16:15:00,984.7575999999999,1767543750.8263295,163.43063740022805,162.00926370699563
2026-01-04 16:30:00,984.6658064516129,1767544650.9790335,164.28952511415525,162.83078520749038
2026-01-04 16:45:00,984.5465555555555,1767545550.5104444,164.0044503990878,162.50947826955326
2026-01-04 17:00:00,984.5594117647058,1767546450.4490519,164.05895102505693,162.56766205252532
2026-01-04 17:15:00,984.5924249165739,1767547350.7004201,164.61068150684932,163.1251475223923
2026-01-04 17:30:00,984.5951222222222,1767548250.6455293,163.76437628278222,162.28735527979507
2026-01-04 17:45:00,984.5486666666667,1767549150.6344347,164.79418015963515,163.29269875533666
2026-01-04 18:00:00,984.5431777777777,1767550050.6278698,163.86438312428737,162.36959086858494
2026-01-04 18:15:00,984.4562888888889,1767550950.6993914,164.31348004561002,162.78629996969798
2026-01-04 18:30:00,984.4498333333333,1767551850.7565563,164.05756328392246,162.53066331219097
2026-01-04 18:45:00,984.3518222222223,1767552750.7485406,164.91353363740023,163.34664435420984
2026-01-04 19:00:00,984.3517444444445,1767553650.8238745,163.54417445838087,161.9902706385629
2026-01-04 19:15:00,984.2805111111111,1767554550.8487709,164.45108209806156,162.8653568197578
2026-01-04 19:30:00,984.2737777777777,1767555450.6677747,163.45881299885974,161.88047570476868
2026-01-04 19:45:00,984.1700222222222,1767556350.76793,164.33422576966933,162.71366720494035
2026-01-04 20:00:00,984.1837402885682,1767557250.2420018,164.58246636259977,162.9639308473118
2026-01-04 20:15:00,984.171724137931,1767558150.4526272,164.222330672748,162.6034290193008
2026-01-04 20:30:00,984.1825555555556,1767559050.9199407,164.54416875712658,162.92562382064267
2026-01-04 20:45:00,984.1509444444445,1767559950.9382856,164.31699657924742,162.69040025669324
2026-01-04 21:00:00,984.1166222222222,1767560850.9579992,165.0863409350057,163.4409090724366
2026-01-04 21:15:00,984.1764999999999,1767561751.0761287,165.3517457240593,163.72327414343803
2026-01-04 21:30:00,984.1855444444444,1767562650.6015801,163.39221461187213,161.78596803356086
2026-01-04 21:45:00,984.2119888888889,1767563550.1922545,163.59366704675028,161.99400752284436
2026-01-04 22:00:00,984.1312555555555,1767564450.2968886,164.78434435575826,163.1466972130522
2026-01-04 22:15:00,984.0273666666667,1767565350.339871,163.64636488027367,161.98636645388098
2026-01-04 22:30:00,983.9584777777777,1767566250.4817393,165.2158962371722,163.51744615285943
2026-01-04 22:45:00,983.9263000000001,1767567150.530986,164.21319498289625,162.5145938001055
2026-01-04 23:00:00,983.922641509434,1767568050.3786376,164.1887938496583,162.4892561340311
2026-01-04 23:15:00,983.9129777777777,1767568950.9276447,163.8657662485747,162.16643793386294
2026-01-04 23:30:00,983.9863848720801,1767569850.765242,164.40402853881278,162.7230066042822
2026-01-04 23:45:00,983.9103,1767570750.7090063,163.84244355758267,162.14248873948335
2026-01-05 00:00:00,983.9055826859045,1767571651.1132836,163.5065979498861,161.8086011021642
2026-01-05 00:15:00,983.8310333333334,1767572550.9155502,164.32025427594073,162.5895640019085
2026-01-05 00:30:00,983.877853170189,1767573450.9757426,164.36438356164385,162.64845813483782
2026-01-05 00:45:00,983.9345666666667,1767574350.702517,163.98026111744585,162.28675249283313
2026-01-05 01:00:00,983.8192555555556,1767575250.762654,164.25926795895097,162.5253915975692
2026-01-05 01:15:00,983.7924,1767576150.8615031,164.43782782212088,162.6933279570716
2026-01-05 01:30:00,983.8268777777779,1767577050.8696327,163.7791755986317,162.0528373488725
2026-01-05 01:45:00,983.7414777777777,1767577950.9122586,165.04571493728622,163.27813625776008
2026-01-05 02:00:00,983.8079555555555,1767578850.8383873,163.9224275940707,162.18844132819115
2026-01-05 02:15:00,983.8849222222223,1767579750.8644803,163.40951197263396,161.70584137802427
2026-01-05 02:30:00,983.8943444444444,1767580650.9244182,163.79110148232613,162.08650692323215
2026-01-05 02:45:00,983.8977222222222,1767581550.9682686,163.64544355758267,161.9434588931387
2026-01-05 03:00:00,983.9981687014428,1767582450.3560805,164.89562029646524,163.21341837671014
2026-01-05 03:15:00,984.0544111111111,1767583350.570313,163.9861094640821,162.33144482156192
2026-01-05 03:30:00,984.0903444444444,1767584250.9168692,163.58611288483468,161.94712249873749
2026-01-05 03:45:00,984.0877308120133,1767585150.9468024,163.87670205479452,162.2339521762305
2026-01-05 04:00:00,984.0642777777778,1767586050.649358,164.3439384264538,162.6888735540467
2026-01-05 04:15:00,984.1236111111111,1767586950.62956,163.76475484606613,162.13476163038308
2026-01-05 04:30:00,984.0988666666667,1767587850.6785448,165.83395781071835,164.1752442280646
2026-01-05 04:45:00,984.0222111111111,1767588750.6992593,163.7056157354618,162.04334542381065
2026-01-05 05:00:00,984.0134666666667,1767589650.6319776,164.1788118586089,162.5088945785834
2026-01-05 05:15:00,984.0201777777777,1767590550.6831875,164.89990421892816,163.2248432941799
2026-01-05 05:30:00,983.9793444444445,1767591450.78874,165.17969555302165,163.48844039367188
2026-01-05 05:45:00,983.9687666666666,1767592350.893093,164.49597263397948,162.8082736959621
2026-01-05 06:00:00,983.9801777777777,1767593251.0174081,163.55339794754843,161.87906405321002
2026-01-05 06:15:00,983.932988888889,1767594150.6267917,164.69810844748858,162.9966718978623
2026-01-05 06:30:00,983.8787555555556,1767595050.2088416,164.81424059293045,163.0939131115961
2026-01-05 06:45:00,983.9178777777778,1767595950.2457688,164.23813454960091,162.53653753425021
2026-01-05 07:00:00,983.9682,1767596850.6147876,164.8055444191344,163.11448446738544
2026-01-05 07:15:00,984.0463222222222,1767597751.073417,164.9198574686431,163.25312995945242
2026-01-05 07:30:00,984.0716222222222,1767598650.635552,165.13176598173516,163.4711682960148
2026-01-05 07:45:00,984.2047444444445,1767599550.1855118,164.8528221208666,163.238485104381
2026-01-05 08:00:00,984.2527111111111,1767600450.1966991,164.31304903078677,162.71960727945282
2026-01-05 08:15:00,984.3111,1767601350.2666967,165.9484834663626,164.35837421581562
2026-01-05 08:30:00,984.4017555555556,1767602250.335026,164.5076157354618,162.9608567359435
2026-01-05 08:45:00,984.4614444444445,1767603150.4282556,163.7169441277081,162.19698086276063
2026-01-05 09:00:00,984.4530410654828,1767604050.4525466,164.27352733485193,162.74566144996476
2026-01-05 09:15:00,984.429343715239,1767604950.8201644,163.71206050228312,162.18172993952678
2026-01-05 09:30:00,984.5069444444443,1767605850.7906864,164.88047890535918,163.3645787761029
2026-01-05 09:45:00,984.5572,1767606750.844032,164.1419030786773,162.64914059061465
2026-01-05 10:00:00,984.6223222222222,1767607650.9881616,164.1603329532497,162.68859076290556
2026-01-05 10:15:00,984.6931111111111,1767608551.106849,164.75151311288482,163.29758850423852
2026-01-05 10:30:00,984.7182333333334,1767609450.6977344,164.19644748858445,162.7555986680227
2026-01-05 10:45:00,984.7841333333333,1767610350.2352371,164.60487685290767,163.1819499662346
2026-01-05 11:00:00,984.8435111111112,1767611250.1658974,163.6855450399088,162.2898369926748
2026-01-05 11:15:00,984.8995888888888,1767612150.2747383,164.39835233751427,163.0148483461732
2026-01-05 11:30:00,984.9861444444446,1767613050.3616152,164.64888369441277,163.29153647446012
2026-01-05 11:45:00,984.9787333333334,1767613950.3878217,164.80127137970354,163.44024532690676
2026-01-05 12:00:00,984.9728666666666,1767614850.4199445,164.69897035347776,163.33687266564803
2026-01-05 12:15:00,985.0472666666667,1767615750.4477928,164.01315507411633,162.68093435568863
2026-01-05 12:30:00,985.0245333333334,1767616650.4855375,164.2207423033067,162.87942967431087
2026-01-05 12:45:00,985.0175444444445,1767617550.4837859,164.07025427594073,162.72789620403523
2026-01-05 13:00:00,985.0330743618201,1767618450.4987597,165.1043735763098,163.7586409857317
2026-01-05 13:15:00,985.0217666666666,1767619351.0498588,165.0062269099202,163.65759307091258
2026-01-05 13:30:00,985.1152111111111,1767620251.0955517,164.24621778791334,162.93424343269413
2026-01-05 13:45:00,985.1219799777531,1767621151.0096755,164.19266438356166,162.88332286102562
2026-01-05 14:00:00,985.0699334073252,1767622050.0703807,163.64957582668185,162.32766704505954
2026-01-05 14:15:00,985.0729555555555,1767622950.1924794,163.97561915621435,162.6520598154554
2026-01-05 14:30:00,985.1579421579532,1767623850.2613447,164.70862257696695,163.40691910178057
2026-01-05 14:45:00,985.3164777777778,1767624750.8872385,163.8393511972634,162.59606399627057
2026-01-05 15:00:00,985.3666666666667,1767625650.9395409,163.88245153933866,162.6551634178729
2026-01-05 15:15:00,985.5883777777777,1767626551.006919,164.17666362599772,163.01944261886138
2026-01-05 15:30:00,985.6989888888888,1767627451.075938,164.34982326111745,163.2274872689457
2026-01-05 15:45:00,985.7577333333334,1767628351.1078367,165.4192337514253,164.30889814915002
2026-01-05 16:00:00,985.8672586015538,1767629250.550132,163.5612542759407,162.49898149108273
2026-01-05 16:15:00,986.0089777777778,1767630150.600863,164.43869783352338,163.4170384540749
2026-01-05 16:30:00,986.1522888888888,1767631050.6775522,164.87373090079817,163.8963382573716
2026-01-05 16:45:00,986.2674333333333,1767631950.7356393,164.19752907639682,163.26173807966188
2026-01-05 17:00:00,986.4195,1767632851.0057762,164.10443443557583,163.21880673368682
2026-01-05 17:15:00,986.4668333333334,1767633750.7043264,163.88808095781073,163.0190525975888
2026-01-05 17:30:00,986.5918777777779,1767634650.7113798,163.73065336374003,162.90319495978406
2026-01-05 17:45:00,986.7408120133482,1767635550.1932015,164.4423698630137,163.6600565128614
2026-01-05 18:00:00,986.8911431742509,1767636450.6600037,164.09132687927107,163.35979232230875
2026-01-05 18:15:00,986.9351111111112,1767637350.3359175,164.2097810718358,163.49209462303688
2026-01-05 18:30:00,987.0811111111111,1767638250.4850583,164.786582668187,164.11428965805402
2026-01-05 18:45:00,987.1657397107898,1767639150.35434,164.21243607305937,163.5701685405215
2026-01-05 19:00:00,987.3000776914539,1767640050.1422334,164.50219817767652,163.9028281624979
2026-01-05 19:15:00,987.4482333333333,1767640950.6736677,163.79359635119727,163.24517237452966
2026-01-05 19:30:00,987.5881111111111,1767641850.6416233,163.49620524515393,162.99436921469007
2026-01-05 19:45:00,987.7139444444445,1767642750.6732008,163.9445518814139,163.4824776071109
2026-01-05 20:00:00,987.8303,1767643650.6849046,163.57631698973773,163.15324373297386
2026-01-05 20:15:00,987.9406785317019,1767644550.565406,164.08514383561646,163.69688780650355
2026-01-05 20:30:00,988.1251444444445,1767645450.418248,163.8099464082098,163.48264437341976
2026-01-05 20:45:00,988.3338444444444,1767646350.5183017,163.5603740022805,163.3017185418905
2026-01-05 21:00:00,988.5005555555556,1767647250.6278884,162.63711402508554,162.43406871437807
2026-01-05 21:15:00,988.580611111111,1767648150.7522647,163.469094640821,163.29115327383528
2026-01-05 21:30:00,988.7690777777777,1767649050.8545158,163.44368871151653,163.3273269122469
2026-01-05 21:45:00,988.8678444444445,1767649950.9763892,163.36415051311286,163.28009541629916
2026-01-05 22:00:00,988.9839511653719,1767650851.4324853,163.58872209567195,163.54252381427585
2026-01-05 22:15:00,989.0483222222222,1767651750.640876,163.34903310502284,163.32392782724398
2026-01-05 22:30:00,989.1865072302558,1767652650.22913,162.01661573546178,162.03649107826132
2026-01-05 22:45:00,989.3028666666667,1767653550.9263728,162.745677309008,162.803525133871
2026-01-05 23:00:00,989.3941,1767654450.955433,163.10035689851767,163.1881044669936
2026-01-05 23:15:00,989.5242999999999,1767655350.9589489,162.9577251995439,163.087858582047
2026-01-05 23:30:00,989.6785555555555,1767656250.9971032,162.87892930444698,163.0592976087612
2026-01-05 23:45:00,989.9014555555556,1767657151.0078235,162.68052109464082,162.93328915858308
2026-01-06 00:00:00,989.9377469478356,1767658050.2941775,162.92645153933864,163.1914461822766
2026-01-06 00:15:00,990.0672666666667,1767658950.3568683,163.26944241733182,163.57736242423462
2026-01-06 00:30:00,990.174593993326,1767659850.2748334,162.88783333333333,163.23006797328105
2026-01-06 00:45:00,990.3025333333333,1767660750.2040017,162.3051197263398,162.68775306093795
2026-01-06 01:00:00,990.4969333333333,1767661650.2651315,162.48266590649945,162.9290523076518
2026-01-06 01:15:00,990.6641444444444,1767662550.3024127,162.44755416191563,162.9483285322784
2026-01-06 01:30:00,990.7987444444444,1767663450.4130895,162.9861037628278,163.5325553500191
2026-01-06 01:45:00,990.9557555555555,1767664350.2603762,162.6934196123147,163.29015859114276
2026-01-06 02:00:00,991.0806333333334,1767665250.1732326,163.18014595210948,163.81957992313383
2026-01-06 02:15:00,991.2433777777778,1767666150.235806,162.74081527936147,163.43171425010001
2026-01-06 02:30:00,991.4088333333333,1767667050.839376,162.0095660592255,162.7512078617143
2026-01-06 02:45:00,991.6070444444445,1767667951.1088057,162.2463101482326,163.05366099398182
2026-01-06 03:00:00,991.7558379578247,1767668850.5971558,161.55524173318128,162.40747693389986
2026-01-06 03:15:00,991.9187555555555,1767669750.7116485,162.05653591790193,162.96450646447033
2026-01-06 03:30:00,992.0696662958844,1767670650.5375383,162.279850456621,163.23833359124092
2026-01-06 03:45:00,992.2156111111111,1767671550.3391712,162.48903762827823,163.49647225816648
2026-01-06 04:00:00,992.3432852386238,1767672450.245049,161.55876993166288,162.60195171100494
2026-01-06 04:15:00,992.4854555555555,1767673350.766736,162.83717559863172,163.93521883567522
2026-01-06 04:30:00,992.6655777777778,1767674250.8257532,162.04671949828963,163.19821319503322
2026-01-06 04:45:00,992.845361512792,1767675150.7255692,162.1558767123288,163.3668769284408
2026-01-06 05:00:00,992.9982463928968,1767676050.4049442,161.1805603644647,162.43393659024503
2026-01-06 05:15:00,993.1432258064517,1767676950.5594814,161.69770319634702,163.00235796178734
2026-01-06 05:30:00,993.2330111111111,1767677850.5815024,162.23438312428735,163.57273830045352
2026-01-06 05:45:00,993.3231111111111,1767678750.6954467,162.12651767388826,163.49344187617382
2026-01-06 06:00:00,993.4446888888889,1767679650.7364738,161.89124059293044,163.29588259662304
2026-01-06 06:15:00,993.641888888889,1767680550.7412822,161.43907981755987,162.9040353520366
2026-01-06 06:30:00,993.7849333333334,1767681450.7257607,162.1005974914481,163.6183585714113
2026-01-06 06:45:00,993.8824555555555,1767682350.7216735,161.96589167616875,163.51428093667985
2026-01-06 07:00:00,994.0345,1767683250.8020005,161.73386316989738,163.32969343878304
2026-01-06 07:15:00,994.258911111111,1767684150.8298159,161.36966020524517,163.03505421521788
2026-01-06 07:30:00,994.4064333333332,1767685050.653734,162.19995781071836,163.92227801948778
2026-01-06 07:45:00,994.5699222222222,1767685950.6645107,162.24016875712655,164.01653694167297
2026-01-06 08:00:00,994.7165666666666,1767686850.6152155,161.09361915621434,162.9052050459507
2026-01-06 08:15:00,994.8856,1767687750.602004,162.21933751425314,164.0990497653121
2026-01-06 08:30:00,995.0490777777777,1767688650.7312799,161.8145598631699,163.7431097322831
2026-01-06 08:45:00,995.1893222222222,1767689550.7771738,162.11863968072976,164.09683454000415
2026-01-06 09:00:00,995.3234444444445,1767690450.7719398,162.05779589509692,164.07925577595537
2026-01-06 09:15:00,995.4331222222222,1767691350.8787699,161.29101824401369,163.3387389030341
2026-01-06 09:30:00,995.5658111111111,1767692250.980359,162.61555644241733,164.72380142766588
2026-01-06 09:45:00,995.6778555555555,1767693151.1045232,161.87654047890535,164.01195355952984
2026-01-06 10:00:00,995.8337291897892,1767694050.60972,161.81481641961233,164.00053401020497
2026-01-06 10:15:00,995.9417111111111,1767694950.63906,160.81920638540478,163.02667981579577
2026-01-06 10:30:00,996.0976888888889,1767695850.661337,161.16402508551883,163.4272057188576
2026-01-06 10:45:00,996.2001444444445,1767696750.659193,160.8693819840365,163.1618552798048
2026-01-06 11:00:00,996.2733592880978,1767697650.7260523,160.76140525114155,163.07621727295617
2026-01-06 11:15:00,996.4182111111112,1767698550.3948545,161.08641163055873,163.45324958036298
2026-01-06 11:30:00,996.5736666666667,1767699450.422308,160.76879817559865,163.18169655653747
2026-01-06 11:45:00,996.6932,1767700350.456727,161.15087685290763,163.60861835342337
2026-01-06 12:00:00,996.8188666666667,1767701250.5168047,161.80480273660206,164.31380972860848
2026-01-06 12:15:00,996.9438888888889,1767702150.711113,161.08039566704676,163.61907665334036
2026-01-06 12:30:00,997.0667666666667,1767703050.6421895,160.78733447488582,163.36153879158752
2026-01-06 12:45:00,997.1621,1767703950.5645335,162.11875142531355,164.74568023519535
2026-01-06 13:00:00,997.2399333333333,1767704850.8323383,161.59113911060433,164.23508256998267
2026-01-06 13:15:00,997.3285777777778,1767705750.7585156,160.9919589041096,163.6551102777063
2026-01-06 13:30:00,997.4592,1767706650.391582,160.42312442922375,163.1194745544782
2026-01-06 13:45:00,997.5119222222222,1767707550.7619908,160.79222234891677,163.5120167007338
2026-01-06 14:00:00,997.5834777777777,1767708450.8863907,161.92294406392696,164.68543115940648
2026-01-06 14:15:00,997.6598113207547,1767709350.8753421,160.4378449258837,163.19990883375928
2026-01-06 14:30:00,997.7645,1767710250.9048495,160.92595547945203,163.73070050802656
2026-01-06 14:45:00,997.8164888888889,1767711150.485015,161.20504794520548,164.03171198457804
2026-01-06 15:00:00,997.9319911012235,1767712050.336765,160.48646180159636,163.33825323070147
2026-01-06 15:15:00,998.1599444444444,1767712950.8971531,161.4199521094641,164.36324857817797
2026-01-06 15:30:00,998.2939666666666,1767713851.095614,160.17027708095782,163.13450868452793
2026-01-06 15:45:00,998.4573222222223,1767714751.1549213,161.7126795895097,164.75927594771886
2026-01-06 16:00:00,998.6572253052165,1767715650.994669,160.86341163055872,163.95954708638888
2026-01-06 16:15:00,998.8434927697442,1767716550.9893744,159.94701710376285,163.0862587416003
2026-01-06 16:30:00,999.0173111111111,1767717451.0410488,160.5047251995439,163.71181518116012
2026-01-06 16:45:00,999.2031,1767718351.1485727,161.7854697833523,165.07947915327847
2026-01-06 17:00:00,999.4257491675916,1767719250.631753,160.9867833523375,164.33769419486399
2026-01-06 17:15:00,999.5474777777778,1767720150.57557,161.4961448118586,164.89779859446634
2026-01-06 17:30:00,999.6651444444444,1767721050.6223438,160.10022006841507,163.5109460138958
2026-01-06 17:45:00,999.7757174638487,1767721950.6483104,159.63500799086756,163.07188191450396
2026-01-06 18:00:00,999.828,1767722850.2746432,160.3417206385405,163.81093779237713
2026-01-06 18:15:00,999.9576333333333,1767723750.2873878,159.54531927023945,163.03957041448353
2026-01-06 18:30:00,1000.0583444444444,1767724650.3010268,160.9452132269099,164.50325515399282
2026-01-06 18:45:00,1000.1493666666667,1767725550.313186,160.54712884834663,164.12624581133662
2026-01-06 19:00:00,1000.2573473917869,1767726450.2993615,161.20362756264237,164.8329737387793
2026-01-06 19:15:00,1000.2882555555556,1767727350.9419422,160.37060205245155,163.99133048091332
2026-01-06 19:30:00,1000.4066777777778,1767728251.0294435,161.01170809578107,164.68591126514374
2026-01-06 19:45:00,1000.598531701891,1767729150.9109347,160.71067465753424,164.4410936351782
2026-01-06 20:00:00,1000.6930521642619,1767730050.1603286,161.61753705815278,165.40027060650883
2026-01-06 20:15:00,1000.8239111111111,1767730950.210144,161.0084196123147,164.82002718990282
2026-01-06 20:30:00,1000.9153555555556,1767731850.29276,161.27974344355758,165.1279714730913
2026-01-06 20:45:00,1001.0595105672969,1767732750.826259,160.93747434435576,164.82504949927323
2026-01-06 21:00:00,1001.1685349611543,1767733650.409405,161.29995210946407,165.23230798536156
2026-01-06 21:15:00,1001.1692666666667,1767734550.4697466,159.93679589509694,163.8361589393824
2026-01-06 21:30:00,1001.1403003337041,1767735450.5581589,160.24112328767123,164.1383967812515
2026-01-06 21:45:00,1001.1861111111111,1767736350.1886125,161.2349486887115,165.17152589337084
2026-01-06 22:00:00,1001.2495116537181,1767737250.2190611,160.51532687927107,164.45518617574604
2026-01-06 22:15:00,1001.2141222222222,1767738150.787857,160.7327936145952,164.66633533798907
2026-01-06 22:30:00,1001.2726140155729,1767739050.3904464,161.02006506849315,164.97993587340002
2026-01-06 22:45:00,1001.3556,1767739950.5038464,160.18795096921323,164.1546008878735
2026-01-06 23:00:00,1001.4176444444445,1767740850.5643032,161.13015849486888,165.14063064857615
2026-01-06 23:15:00,1001.4634222222223,1767741750.6124885,161.18750513112886,165.21453023782553
2026-01-06 23:30:00,1001.5047999999999,1767742650.5045595,159.68032725199544,163.6832429447541
2026-01-06 23:45:00,1001.5012666666667,1767743550.4404058,160.9568700114025,164.99062053393203
2026-01-07 00:00:00,1001.5101333333333,1767744450.4903429,160.12282782212085,164.1385870579068
2026-01-07 00:15:00,1001.5925111111111,1767745350.5955691,160.34281870011404,164.39117726919923
2026-01-07 00:30:00,1001.6116333333333,1767746250.646416,160.53985632839223,164.5994846273535
2026-01-07 00:45:00,1001.5989,1767747150.4701889,161.3622805017104,165.43849251190895
2026-01-07 01:00:00,1001.6334073251943,1767748050.2468193,160.82874829157177,164.90286293492116
2026-01-07 01:15:00,1001.691679644049,1767748950.4182158,161.1592899543379,165.26103704610748
2026-01-07 01:30:00,1001.6392111111111,1767749850.4652135,161.1320205245154,165.21573540394905
2026-01-07 01:45:00,1001.7054666666667,1767750750.5221107,160.49969327251995,164.5891909607426
2026-01-07 02:00:00,1001.7962333333334,1767751650.5857368,161.00153363740023,165.1337926773158
2026-01-07 02:15:00,1001.7766111111112,1767752550.6719403,160.7041379703535,164.8222955784099
2026-01-07 02:30:00,1001.8124888888889,1767753450.6844203,159.7485974914481,163.85402571128589
2026-01-07 02:45:00,1001.8272999999999,1767754350.750176,160.43780615735463,164.5658212952835
2026-01-07 03:00:00,1001.8412652608213,1767755250.735211,160.04021094640822,164.16258116500757
2026-01-07 03:15:00,1001.9236222222222,1767756150.5602126,160.37286545039908,164.53090259551536
2026-01-07 03:30:00,1002.0008342602893,1767757050.891696,160.8993432155074,165.09652342302272
2026-01-07 03:45:00,1002.0302111111112,1767757951.1280787,159.5108369441277,163.68141352917522
2026-01-07 04:00:00,1002.0568777777778,1767758850.3171554,160.24684360730592,164.44543404064683
2026-01-07 04:15:00,1002.1170777777777,1767759750.3709493,159.4561904218928,163.65376786177458
2026-01-07 04:30:00,1002.1049222222223,1767760650.4707441,159.91735689851768,164.12308417405987
2026-01-07 04:45:00,1002.0839333333332,1767761550.468822,160.26653705815278,164.47454313452903
2026-01-07 05:00:00,1002.0604883462819,1767762450.3592865,160.70341571753985,164.915159561653
2026-01-07 05:15:00,1002.0941045606229,1767763350.7362905,160.06701141552512,164.27312037152117
2026-01-07 05:30:00,1002.1979222222222,1767764250.5220456,160.25385176738882,164.4990226221048
2026-01-07 05:45:00,1002.2055888888889,1767765150.609116,160.50377651083238,164.7580942156528
2026-01-07 06:00:00,1002.2033222222221,1767766050.6958027,159.41804218928164,163.64283953980606
2026-01-07 06:15:00,1002.2225222222222,1767766950.7523162,159.92559749144814,164.17014976818595
2026-01-07 06:30:00,1002.2947666666666,1767767850.8348699,159.33139338654505,163.5838093501322
2026-01-07 06:45:00,1002.3319666666667,1767768750.7656548,159.6934378563284,163.9677152153496
2026-01-07 07:00:00,1002.3481888888888,1767769650.748426,159.55657354618015,163.83250302955372
2026-01-07 07:15:00,1002.3345333333334,1767770550.9079616,158.72397719498292,162.97314303191737
2026-01-07 07:30:00,1002.2893333333334,1767771450.9225857,159.7851607753706,164.04790473132806
2026-01-07 07:45:00,1002.1968111111112,1767772350.9130177,160.03801254275942,164.27710069339724
2026-01-07 08:00:00,1002.1714650388458,1767773250.2861936,160.13683922462943,164.37021260743543
2026-01-07 08:15:00,1002.1438,1767774150.35271,159.6136077537058,163.82408435265276
2026-01-07 08:30:00,1002.1660888888889,1767775050.4656594,159.68135917901938,163.9009291815771
2026-01-07 08:45:00,1002.2197107897664,1767775950.2317865,158.78251598173514,162.99581346202183
2026-01-07 09:00:00,1002.2324195338512,1767776850.0403023,159.54565148063782,163.78336168657125
2026-01-07 09:15:00,1002.218111111111,1767777750.66179,159.8899361459521,164.13209392608528
2026-01-07 09:30:00,1002.1746333333333,1767778650.7280893,159.51882098061571,163.736893979052
2026-01-07 09:45:00,1002.0587541713014,1767779550.8618507,159.14764726027397,163.31805080143528
2026-01-07 10:00:00,1002.0432630410655,1767780450.360255,160.02242824601367,164.21066739357107
2026-01-07 10:15:00,1002.0031256952169,1767781350.7542465,159.37874429223743,163.53700800193533
2026-01-07 10:30:00,1001.966,1767782250.7355607,159.73740136830102,163.89285287973595
2026-01-07 10:45:00,1001.9140111111112,1767783150.8208504,159.46574914481187,163.59712247296838
2026-01-07 11:00:00,1001.8667591564928,1767784050.2075963,159.55581299885975,163.6740510958883
2026-01-07 11:15:00,1001.7636262513904,1767784950.5942976,159.41787328767123,163.49882337649854
2026-01-07 11:30:00,1001.6133,1767785850.434773,159.7468687214612,163.78699041721612
2026-01-07 11:45:00,1001.5826111111112,1767786750.547572,159.96402394526794,163.9995714261908
2026-01-07 12:00:00,1001.5801220865704,1767787650.4272213,159.97163854047892,164.0065616864779
2026-01-07 12:15:00,1001.5869,1767788550.8874521,159.3027765108324,163.3230430872329
2026-01-07 12:30:00,1001.5803666666667,1767789450.935442,159.13412442922373,163.14800297951516
2026-01-07 12:45:00,1001.5894444444443,1767790350.569093,159.97431621004566,164.0123648296237
2026-01-07 13:00:00,1001.5318222222222,1767791250.8833687,161.17225085518817,165.2214956116317
2026-01-07 13:15:00,1001.5778104575163,1767791852.4322095,158.96475254237288,162.973525793588
2026-01-07 13:30:00,,,,
2026-01-07 13:45:00,,,,
2026-01-07 14:00:00,,,,
2026-01-07 14:15:00,,,,
2026-01-07 14:30:00,,,,
2026-01-07 14:45:00,,,,
2026-01-07 15:00:00,,,,
2026-01-07 15:15:00,,,,
2026-01-07 15:30:00,,,,
2026-01-07 15:45:00,,,,
2026-01-07 16:00:00,,,,
2026-01-07 16:15:00,,,,
2026-01-07 16:30:00,,,,
2026-01-07 16:45:00,,,,
2026-01-07 17:00:00,,,,
2026-01-07 17:15:00,,,,
2026-01-07 17:30:00,,,,
2026-01-07 17:45:00,,,,
2026-01-07 18:00:00,,,,
2026-01-07 18:15:00,,,,
2026-01-07 18:30:00,1001.263,1767811083.2281713,160.4808547008547,164.4243034394896
2026-01-07 18:45:00,1001.3336384976526,1767812180.744221,159.71617715617717,163.66395601762878
2026-01-07 19:00:00,1001.3604777777778,1767812850.7259915,160.71394070695553,164.6952221182011
2026-01-07 19:15:00,1001.401388888889,1767813750.9806902,160.0858757126568,164.06502201764755
2026-01-07 19:30:00,1001.4300111111111,1767814650.983056,160.1056111744584,164.09464126818872
2026-01-07 19:45:00,1001.5226222222223,1767815551.0565903,160.32422234891675,164.34913743185257
2026-01-07 20:00:00,1001.5717555555556,1767816450.3495414,159.88435502283104,163.91433382764043
2026-01-07 20:15:00,1001.7035000000001,1767817350.1830904,160.23059749144812,164.31259237953836
2026-01-07 20:30:00,1001.7163888888889,1767818250.185025,159.98048916761687,164.06034141471036
2026-01-07 20:45:00,1001.6422333333333,1767819150.2055242,158.94211060433295,162.97130967932387
2026-01-07 21:00:00,1001.6748390677026,1767820050.1785438,160.12301025056948,164.19285216264763
2026-01-07 21:15:00,1001.6126333333334,1767820950.6927266,160.11618928164194,164.16543249223156
2026-01-07 21:30:00,1001.9071301446052,1767821850.4880664,159.8606210045662,163.9999675390692
2026-01-07 21:45:00,1001.9353888888888,1767822750.23353,159.03886887115164,163.1661588706197
2026-01-07 22:00:00,1002.0169555555556,1767823650.2711263,159.40672405929305,163.5702420184364
2026-01-07 22:15:00,1001.8174555555555,1767824550.2517328,159.21137058152794,163.30461459329453
2026-01-07 22:30:00,1001.8420333333333,1767825450.1772199,159.41562599771947,163.5221591382093
2026-01-07 22:45:00,1001.9438666666667,1767826350.2080886,159.8607331812999,164.01213264842525
2026-01-07 23:00:00,1002.1653829078801,1767827250.180316,159.8914749430524,164.1163655153916
2026-01-07 23:15:00,1002.1233777777778,1767828150.782535,159.66194298745725,163.86700143706457
2026-01-07 23:30:00,1002.2589666666667,1767829050.9521856,159.1980022805017,163.43515577568274
2026-01-07 23:45:00,1002.2652947719689,1767829951.2547112,159.05502625570776,163.29044098051105
2026-01-08 00:00:00,1002.1156444444445,1767830851.0690253,159.6359156214367,163.8377545379484
2026-01-08 00:15:00,1001.7795,1767831750.8465614,160.0072716894977,164.10851978427036
2026-01-08 00:30:00,1001.8679,1767832650.4825213,159.2781140250855,163.38955733650016
2026-01-08 00:45:00,1002.1807333333334,1767833550.5499876,160.47261687571265,164.7179201479918
2026-01-08 01:00:00,1002.1142286348502,1767834450.1340997,159.04511516533637,163.23094118513478
2026-01-08 01:15:00,1002.1357222222223,1767835350.3162148,159.60179589509693,163.80931445500423
2026-01-08 01:30:00,1002.1097775305894,1767836250.9406953,159.91208551881414,164.1192678519114
2026-01-08 01:45:00,1002.1233888888888,1767837151.1261027,159.7526465222349,163.96009749817426
2026-01-08 02:00:00,1002.1970366259711,1767838050.641473,159.28670467502852,163.50596592291646
2026-01-08 02:15:00,1002.2971857619576,1767838950.371312,159.01091438356164,163.2555669016301
2026-01-08 02:30:00,1002.3500333333333,1767839850.3571763,159.20314595210948,163.47020701180466
2026-01-08 02:45:00,1002.3395777777778,1767840750.2766259,159.45681641961232,163.72725275730164
2026-01-08 03:00:00,1002.5255333333333,1767841650.280612,158.58843899657924,162.8961908304083
2026-01-08 03:15:00,1002.5533444444444,1767842550.2912169,159.24385632839224,163.578509668513
2026-01-08 03:30:00,1002.4894,1767843450.3756185,159.71722234891675,164.0437800995158
2026-01-08 03:45:00,1002.3949444444444,1767844350.5678546,158.74298631698971,163.01235536833184
2026-01-08 04:00:00,1002.3693555555556,1767845250.7145758,159.67356328392245,163.95956876354765
2026-01-08 04:15:00,1002.3145444444444,1767846150.890399,159.26211288483466,163.51914777505044
2026-01-08 04:30:00,1002.4317222222221,1767847051.0272923,160.32673660205245,164.65081091866674
2026-01-08 04:45:00,1002.6258555555556,1767847951.0806525,158.6393819840365,162.98121558176214
2026-01-08 05:00:00,1002.6564888888888,1767848850.5693157,159.19733675799085,163.564461876104
2026-01-08 05:15:00,1002.540611111111,1767849750.2657473,158.58742075256558,162.90005719540045
2026-01-08 05:30:00,1002.54,1767850650.5710545,159.65853591790193,164.00009989022496
2026-01-08 05:45:00,1002.6327888888889,1767851550.7485652,160.31427822120867,164.70423627852836
2026-01-08 06:00:00,1002.6167369589344,1767852450.198525,159.93089851767388,164.3050834039143
2026-01-08 06:15:00,1002.6376666666666,1767853350.3179796,159.7545701254276,164.13080262332159
2026-01-08 06:30:00,1002.6464516129032,1767854250.723404,158.50781755986316,162.85275845537603
2026-01-08 06:45:00,1002.6714222222222,1767855151.017862,159.10770125427595,163.47724992548365
2026-01-08 07:00:00,1002.6590222222222,1767856051.0909793,159.42820410490307,163.8024923410822
2026-01-08 07:15:00,1002.5767222222222,1767856950.6939285,159.68971917808219,164.04417880197678
2026-01-08 07:30:00,1002.5147666666667,1767857850.2687855,159.89335005701253,164.23301078346805
2026-01-08 07:45:00,1002.5422888888888,1767858750.549477,158.81811288483465,163.1375702005015
2026-01-08 08:00:00,1002.5607991120977,1767859650.1685627,159.213284738041,163.5495443094614
2026-01-08 08:15:00,1002.7444444444444,1767860550.704121,159.734503990878,164.1452371922427
2026-01-08 08:30:00,1002.7644938820912,1767861450.7283537,158.94359703196346,163.33904057749953
2026-01-08 08:45:00,1002.8122333333333,1767862350.8833435,158.99456442417332,163.4070186055164
2026-01-08 09:00:00,1002.8466259711432,1767863250.4203517,159.32315051311286,163.75598730545448
2026-01-08 09:15:00,1002.8785222222223,1767864150.432018,159.31120068415052,163.75415095108042
2026-01-08 09:30:00,1002.9469888888889,1767865050.5639079,159.85486202964654,164.33547565931855
2026-01-08 09:45:00,1002.9698665183537,1767865950.6170123,159.7601723744292,164.24564685322784
2026-01-08 10:00:00,1002.9783,1767866850.387258,158.9166716077537,163.3812194280252
2026-01-08 10:15:00,1002.8740777777778,1767867750.5915859,159.30439224629419,163.74569711233482
2026-01-08 10:30:00,1002.8707,1767868650.851348,159.21425883694414,163.65194527746854
2026-01-08 10:45:00,1002.8480444444444,1767869551.0137603,159.07915279361458,163.50566471077838
2026-01-08 11:00:00,1002.8330333333333,1767870450.8564422,158.5336883561644,162.94013036596752
2026-01-08 11:15:00,1002.8907888888889,1767871350.630256,159.50400342075255,163.95635301313618
2026-01-08 11:30:00,1002.8764222222221,1767872250.7321053,159.89678791334094,164.35537903510684
2026-01-08 11:45:00,1002.9783222222222,1767873151.0249383,160.1008517673888,164.59867483468986
2026-01-08 12:00:00,1002.9976470588235,1767874050.5662112,159.4769236031927,163.96355524389028
2026-01-08 12:15:00,1003.0291111111111,1767874950.8837082,159.2505142531357,163.74107981557057
2026-01-08 12:30:00,1003.0917130144605,1767875851.1403067,159.1968413242009,163.70638879077373
2026-01-08 12:45:00,1003.0308,1767876750.8769698,159.91489395667045,164.42474916892053
2026-01-08 13:00:00,1003.057769145394,1767877650.4192138,159.2905062713797,163.79158715446397
2026-01-08 13:15:00,1003.1229222222223,1767878550.5718832,159.5801163055872,164.11076396506854
2026-01-08 13:30:00,1003.1067444444445,1767879450.5936115,158.98628734321548,163.4947855225109
2026-01-08 13:45:00,1003.1363403781979,1767880350.6467638,159.40089851767388,163.93085723589883
2026-01-08 14:00:00,1003.1211653718091,1767881250.5451856,160.22459749144812,164.77296368700232
2026-01-08 14:15:00,1003.1469222222222,1767882150.6798387,159.1109897377423,163.6361727474063
2026-01-08 14:30:00,1003.1313444444444,1767883050.823824,158.27527366020524,162.77161723637778
2026-01-08 14:45:00,1003.1594215795328,1767883950.71396,159.66404566210045,164.20906277745664
2026-01-08 15:00:00,1003.2223333333334,1767884850.7453353,159.32562827822122,163.88163082553257
2026-01-08 15:15:00,1003.2503222222222,1767885750.8018374,158.49673660205247,163.03816280200377
2026-01-08 15:30:00,1003.3095111111111,1767886650.8515964,159.0772850627138,163.65471772323826
2026-01-08 15:45:00,1003.3743888888889,1767887550.8783627,158.57766818700114,163.16189421161087
2026-01-08 16:00:00,1003.4033407325194,1767888450.303693,159.01051539338656,163.61672807400305
2026-01-08 16:15:00,1003.319043381535,1767889350.6162229,159.18863740022806,163.77239642869225
2026-01-08 16:30:00,1003.3602444444444,1767890250.9660733,158.81896123147092,163.40554002440626
2026-01-08 16:45:00,1003.4342444444445,1767891150.9460368,158.48062257696694,163.08156467546934
2026-01-08 17:00:00,1003.3951111111112,1767892050.99517,158.84171607753706,163.44034885721672
2026-01-08 17:15:00,1003.3914444444445,1767892951.0522814,158.4314606613455,163.01702065777425
2026-01-08 17:30:00,1003.4501222222223,1767893850.675599,158.2739383561644,162.8740521600761
2026-01-08 17:45:00,1003.4775222222222,1767894750.6477199,158.1897813211845,162.79637016037844
2026-01-08 18:00:00,1003.5038666666667,1767895651.0593665,159.20278221208665,163.84750300846343
2026-01-08 18:15:00,1003.5771888888889,1767896551.1197886,159.69354618015961,164.37668811326478
2026-01-08 18:30:00,1003.7078999999999,1767897450.7343013,158.64947602739724,163.34469611420903
2026-01-08 18:45:00,1003.6937777777778,1767898350.2537408,158.29994640820982,162.9802188397749
2026-01-08 19:00:00,1003.6738068812431,1767899250.1469097,158.5565979498861,163.2379383562043
2026-01-08 19:15:00,1003.5848164627364,1767900150.6427853,158.7316792237443,163.38910613915215
2026-01-08 19:30:00,1003.4908333333333,1767901050.3893175,158.497,163.1168777219683
2026-01-08 19:45:00,1003.4187666666667,1767901950.479091,158.56621778791336,163.1645939213832
2026-01-08 20:00:00,1003.2686570477247,1767902850.4037812,158.19323576309793,162.7319329305129
2026-01-08 20:15:00,1003.394088888889,1767903750.9299035,158.17901938426454,162.75813365556823
2026-01-08 20:30:00,1003.2624777777778,1767904650.9283495,158.9058449258837,163.46296727426667
2026-01-08 20:45:00,1003.1793214682981,1767905550.8193452,158.72258904109592,163.2473036091143
2026-01-08 21:00:00,1003.331,1767906450.581584,158.86303192702394,163.4413236693562
2026-01-08 21:15:00,1003.3973555555556,1767907350.6562936,158.1662542759407,162.74606228174375
2026-01-08 21:30:00,1003.4835888888889,1767908250.645695,158.62961231470925,163.2509900838305
2026-01-08 21:45:00,1003.4672444444445,1767909150.719518,158.06791220068416,162.66760837476755
2026-01-08 22:00:00,1003.4667369589345,1767910050.6563807,157.94696127562642,162.54297286256892
2026-01-08 22:15:00,1003.5032000000001,1767910950.677792,158.30796689497717,162.92636433369788
2026-01-08 22:30:00,1003.4230589543938,1767911850.5435095,158.2156795895097,162.8052878211774
2026-01-08 22:45:00,1003.3201777777778,1767912750.7674198,157.5789007981756,162.11667605643987
2026-01-08 23:00:00,1003.1608324084351,1767913650.167423,159.32023489167617,163.8559273904356
2026-01-08 23:15:00,1003.0287111111111,1767914550.1674728,158.5200456100342,162.98988293598535
2026-01-08 23:30:00,1002.9626111111112,1767915450.1986156,158.89629076396807,163.35514021043784
2026-01-08 23:45:00,1003.0166407119021,1767916350.685188,158.82984378563282,163.3044742357877
2026-01-09 00:00:00,1002.9827888888889,1767917250.8141458,159.31013340935004,163.78720544250592
2026-01-09 00:15:00,1002.8305444444444,1767918150.9445894,158.3440433295325,162.7444040505489
2026-01-09 00:30:00,1002.6924666666667,1767919050.9630818,157.84948688711518,162.19130773205194
2026-01-09 00:45:00,1002.6176777777778,1767919951.0304058,158.0165438996579,162.33867575389
2026-01-09 01:00:00,1002.5870444444445,1767920850.5955863,158.40941210045662,162.73231947101397
2026-01-09 01:15:00,1002.4783222222222,1767921750.2439468,158.7370513112885,163.03344520761974
2026-01-09 01:30:00,1002.4400222222222,1767922650.2618766,159.22780957810718,163.52495989814363
2026-01-09 01:45:00,1002.5105222222222,1767923550.5854523,159.2909715261959,163.612894217031
2026-01-09 02:00:00,1002.4912430632631,1767924450.322436,158.20811972633982,162.49439657847543
2026-01-09 02:15:00,1002.4949666666668,1767925350.4280753,158.76327023945268,163.065801969093
2026-01-09 02:30:00,1002.5742666666666,1767926250.5437937,158.85183010262256,163.18264054538525
2026-01-09 02:45:00,1002.5520133481646,1767927150.7444344,158.72104680365297,163.0410351045202
2026-01-09 03:00:00,1002.6322444444445,1767928050.279179,158.6481094640821,162.99226459161943
2026-01-09 03:15:00,1002.7943222222223,1767928950.3120582,157.67065792474344,162.04056598744697
2026-01-09 03:30:00,1002.9156666666667,1767929850.4070075,158.1400376282782,162.56240204710818
2026-01-09 03:45:00,1003.006211111111,1767930750.403044,158.91861687571267,163.39234001458595
2026-01-09 04:00:00,1003.0602330743618,1767931650.2998002,158.56559339407744,163.046993843257
2026-01-09 04:15:00,1003.0350222222222,1767932550.8848503,158.0115062713797,162.46905486846876
2026-01-09 04:30:00,1003.0268333333333,1767933450.9716365,159.34829646522235,163.8408729145858
2026-01-09 04:45:00,1002.9888542825362,1767934351.046562,158.6631712328767,163.12404058286785
2026-01-09 05:00:00,1003.0231111111111,1767935250.701644,158.56637286202965,163.03569048145727
2026-01-09 05:15:00,1003.0316222222223,1767936150.7954855,158.63767616875714,163.11178002916012
2026-01-09 05:30:00,1003.0167777777777,1767937050.8848271,159.00638996579247,163.48603897622127
2026-01-09 05:45:00,1003.0049,1767937950.919076,158.85686545039908,163.32842193891614
2026-01-09 06:00:00,1003.0337888888889,1767938850.9405637,158.00030444697833,162.4571363093843
2026-01-09 06:15:00,1003.0971000000001,1767939751.0772245,158.1602166476625,162.6421520791494
2026-01-09 06:30:00,1003.0535444444445,1767940650.658627,158.14487100456623,162.61220562516274
2026-01-09 06:45:00,1003.0629444444444,1767941550.2670755,157.7646202964652,162.22426324235025
2026-01-09 07:00:00,1003.0832963374029,1767942450.2568314,158.6044179954442,163.09443851668885
2026-01-09 07:15:00,1003.1071888888889,1767943350.7981572,159.20110262257697,163.71583801145655
2026-01-09 07:30:00,1003.1207007786429,1767944250.2921672,158.3518401826484,162.8468922767296
2026-01-09 07:45:00,1003.1578555555556,1767945150.3064547,158.81595667046753,163.33632039828464
2026-01-09 08:00:00,1003.1852222222223,1767946050.3304605,158.74186088939567,163.2690516507988
2026-01-09 08:15:00,1003.2318333333334,1767946950.3860488,157.7612063854048,162.27555664851135
2026-01-09 08:30:00,1003.3654111111111,1767947850.4032965,157.89406727480048,162.45561448655263
2026-01-09 08:45:00,1003.3877222222222,1767948750.403805,158.7015473204105,163.29370893290718
2026-01-09 09:00:00,1003.3720444444444,1767949650.3594797,157.94986202964654,162.51517716786944
2026-01-09 09:15:00,1003.4508999999999,1767950550.438026,157.79400912200683,162.3804267327641
2026-01-09 09:30:00,1003.4876333333334,1767951450.4808493,158.824748004561,163.45313283678672
2026-01-09 09:45:00,1003.6180555555557,1767952350.397002,158.92492474344357,163.5988971702746
2026-01-09 10:00:00,1003.6630299667036,1767953250.2428927,158.62994077448747,163.30992661556346
2026-01-09 10:15:00,1003.6811444444445,1767954150.787448,158.09290079817558,162.76293922145643
2026-01-09 10:30:00,1003.7685555555555,1767955050.8668637,158.30042873432154,163.00509192048298
2026-01-09 10:45:00,1003.8400556173526,1767955950.9199889,158.69032648401827,163.42994619994897
2026-01-09 11:00:00,1003.8873555555556,1767956850.3997042,158.36690535917904,163.112295097428
2026-01-09 11:15:00,1003.9127222222222,1767957750.4600158,159.1424994298746,163.91944544811147
2026-01-09 11:30:00,1003.838788888889,1767958650.5219076,158.21926567844926,162.94440336144194
2026-01-09 11:45:00,1003.8683777777778,1767959550.663187,158.31442417331812,163.05205248886153
2026-01-09 12:00:00,1003.8377222222222,1767960450.7587993,158.01442417331813,162.73309720491127
2026-01-09 12:15:00,1003.8532,1767961350.8312314,158.71154389965793,163.45609432066323
2026-01-09 12:30:00,1003.8238111111111,1767962250.9023871,159.76391790193844,164.53025716678573
2026-01-09 12:45:00,1003.8147111111111,1767963150.77334,159.31176966932725,164.06163375751925
2026-01-09 13:00:00,1003.7893555555555,1767964050.79082,158.46510262257695,163.18144809715778
2026-01-09 13:15:00,1003.7444333333333,1767964950.9148364,158.90048346636257,163.61508647292632
2026-01-09 13:30:00,1003.7775,1767965850.9677038,158.42436944127707,163.13563441437572
2026-01-09 13:45:00,1003.7329444444445,1767966750.976762,159.75057354618016,164.48661928229168
2026-01-09 14:00:00,1003.8230444444443,1767967651.114726,158.17205017103763,162.89064846069132
2026-01-09 14:15:00,1003.8475888888888,1767968551.1317477,158.25161801596352,162.9805903181647
2026-01-09 14:30:00,1003.865911111111,1767969450.6732998,158.77113470319634,163.5216235722302
2026-01-09 14:45:00,1003.9019444444443,1767970350.5749848,158.301006833713,163.04917929699604
2026-01-09 15:00:00,1003.8970333333334,1767971251.0270884,158.796669327252,163.55810246771406
2026-01-09 15:15:00,1003.9646888888889,1767972150.7185886,157.71437557077627,162.4653385904551
2026-01-09 15:30:00,1004.0777777777778,1767973050.2970543,159.05541619156216,163.88383919879982
2026-01-09 15:45:00,1004.1967777777777,1767973950.293479,158.78448460661343,163.6436255301766
2026-01-09 16:00:00,1004.3080777777778,1767974850.5213735,157.93624259681096,162.80566202865603
2026-01-09 16:15:00,1004.4080111111111,1767975751.0255404,158.78217103762827,163.71038873601614
2026-01-09 16:30:00,1004.4010333333333,1767976651.0428247,158.34597833523375,163.25837928120924
2026-01-09 16:45:00,1004.4086222222222,1767977551.1048021,158.95269555302167,163.8864062287941
2026-01-09 17:00:00,1004.4279222222223,1767978450.6659963,157.61612442922376,162.5146224025791
2026-01-09 17:15:00,1004.4832666666666,1767979350.176384,159.42781527936145,164.40081451344392
2026-01-09 17:30:00,1004.4527777777778,1767980250.248399,158.15467388825542,163.07801584511958
2026-01-09 17:45:00,1004.5446666666666,1767981150.2906275,158.52101710376283,163.48580559212945
2026-01-09 18:00:00,1004.5394555555556,1767982050.6439826,158.4146104783599,163.37436363867852
2026-01-09 18:15:00,1004.5322,1767982951.0804038,157.6749007981756,162.60913496467995
2026-01-09 18:30:00,1004.5506,1767983851.118685,157.65965450399088,162.5993951048788
2026-01-09 18:45:00,1004.6044777777778,1767984751.031082,157.93211402508553,162.89794345105759
2026-01-09 19:00:00,1004.6191675915649,1767985650.4705515,158.36135575826682,163.3454807093157
2026-01-09 19:15:00,1004.6311888888889,1767986550.6096115,156.90609350057014,161.84830802364652
2026-01-09 19:30:00,1004.6210678531702,1767987450.5459936,158.3656586757991,163.3505398693991
2026-01-09 19:45:00,1004.7177555555555,1767988350.3540843,157.56383922462942,162.55491260317476
2026-01-09 20:00:00,1004.8026,1767989250.3635075,158.13100228050172,163.1677268095625
2026-01-09 20:15:00,1004.7704777777777,1767990150.4195764,158.75304675028505,163.7990608697255
2026-01-09 20:30:00,1004.7904666666666,1767991050.5526657,157.5604732041049,162.57508026934508
2026-01-09 20:45:00,1004.838888888889,1767991950.5770235,158.91222120866593,163.98573009406485
2026-01-09 21:00:00,1004.9304111111112,1767992850.6016665,158.2536590649943,163.3360373930831
2026-01-09 21:15:00,1004.9208,1767993750.6767826,157.84917673888256,162.91543333166865
2026-01-09 21:30:00,1004.929211111111,1767994650.6845489,157.2448551881414,162.29444587693374
2026-01-09 21:45:00,1004.8636333333333,1767995550.770393,157.9917833523375,163.04397455642507
2026-01-09 22:00:00,1004.8460777777779,1767996450.7977931,157.73323147092358,162.7714396311382
2026-01-09 22:15:00,1004.8017111111111,1767997350.842001,158.2852770809578,163.32662514966884
2026-01-09 22:30:00,1004.8055111111112,1767998250.9791827,156.96892018244012,161.96957356408893
2026-01-09 22:45:00,1004.7572777777777,1767999150.9985998,158.00757582668186,163.02559099252215
2026-01-09 23:00:00,1004.8049167591565,1768000050.3859198,159.18376852907642,164.25478641736504
2026-01-09 23:15:00,1004.8396,1768000950.4827578,158.16563169897375,163.21553673306732
2026-01-09 23:30:00,1004.8859888888888,1768001850.5368202,157.6895062713797,162.7393074855805
2026-01-09 23:45:00,1004.8830444444444,1768002750.572425,157.94020182440136,162.99707136295254
2026-01-10 00:00:00,1004.8784649610678,1768003650.8646007,158.54461415525114,163.6193369478699
2026-01-10 00:15:00,1004.7506215316315,1768004550.0806055,158.0303348519362,163.0469022253464
2026-01-10 00:30:00,1004.8330666666667,1768005450.4366357,157.40011060433295,162.4234517690609
2026-01-10 00:45:00,1004.8373081201336,1768006350.711921,156.92595781071836,161.9355403184592
2026-01-10 01:00:00,1004.8229300776915,1768007250.489866,157.9565245153934,162.994318889067
2026-01-10 01:15:00,1004.8687555555556,1768008150.5363598,157.32949258836945,162.36216865372316
2026-01-10 01:30:00,1004.8389999999999,1768009050.5775752,157.5951904218928,162.62668728091506
2026-01-10 01:45:00,1004.8713793103448,1768009950.6915815,157.0876392694064,162.11342958919664
2026-01-10 02:00:00,1004.8158157602664,1768010850.2776177,156.92116628701595,161.9236354421902
2026-01-10 02:15:00,1004.7849666666667,1768011750.8481524,157.5788574686431,162.5922611169805
2026-01-10 02:30:00,1004.8116351501668,1768012650.50839,156.9748595890411,161.97768608914336
2026-01-10 02:45:00,1004.7755000000001,1768013550.508655,156.97198061573545,161.9630098239274
2026-01-10 03:00:00,1004.7261888888888,1768014450.5608938,158.22124287343215,163.23589373096675
2026-01-10 03:15:00,1004.6276444444444,1768015350.6295779,157.4122919042189,162.36929959870233
2026-01-10 03:30:00,1004.5821777777778,1768016250.800876,158.1161584948689,163.08050124354855
2026-01-10 03:45:00,1004.5002111111112,1768017150.8641217,156.5197993158495,161.40755923291846
2026-01-10 04:00:00,1004.4553052164262,1768018051.2657185,156.42191230068337,161.2921288420678
2026-01-10 04:15:00,1004.4416222222222,1768018950.8949413,157.42176396807295,162.31866894929826
2026-01-10 04:30:00,1004.3401001112346,1768019850.4731352,156.9060376712329,161.75405343938107
2026-01-10 04:45:00,1004.2953555555556,1768020750.6049407,157.21042873432154,162.0533467886892
2026-01-10 05:00:00,1004.1825111111111,1768021650.6833959,157.1871984036488,161.99283673094283
2026-01-10 05:15:00,1004.1563555555555,1768022550.7623663,157.83854618015963,162.65558905572382
2026-01-10 05:30:00,1004.1459444444445,1768023450.8042936,157.02130900798176,161.8100415067801
2026-01-10 05:45:00,1004.1706333333334,1768024350.883955,157.0211881413911,161.81790696546423
2026-01-10 06:00:00,1004.1628745837958,1768025250.317024,156.38281755986316,161.1575345135112
2026-01-10 06:15:00,1004.1156333333333,1768026150.3589149,157.57979931584947,162.37572040896342
2026-01-10 06:30:00,1004.1493882091213,1768027050.941136,157.55624287343215,162.36240770505478
2026-01-10 06:45:00,1004.1041111111111,1768027950.6330843,157.69766095890412,162.49342454225084
2026-01-10 07:00:00,1004.1020222222223,1768028850.5488253,157.70032801822325,162.49549383836825
2026-01-10 07:15:00,1004.1302777777778,1768029751.015977,157.93589965792475,162.7474252409797
2026-01-10 07:30:00,1004.1257111111112,1768030651.0769923,158.1197103762828,162.9353476130113
2026-01-10 07:45:00,1004.067188888889,1768031551.1096258,157.54492474344357,162.32405627401263
2026-01-10 08:00:00,1004.0223751387348,1768032450.511916,156.5094298745724,161.24269719973984
2026-01-10 08:15:00,1003.9224026696329,1768033350.9057767,157.68333637400227,162.4196275689691
2026-01-10 08:30:00,1003.8529333333333,1768034250.6387823,158.12640639269407,162.85337775641923
2026-01-10 08:45:00,1003.8409666666666,1768035150.157924,157.49997605473203,162.20433900839717
2026-01-10 09:00:00,1003.8283555555556,1768036050.2026925,158.16431698973776,162.88441476791425
2026-01-10 09:15:00,1003.8341666666668,1768036950.2997987,158.09593956670466,162.81588902886432
2026-01-10 09:30:00,1003.6875777777777,1768037850.4652123,158.20346750285063,162.8788677431132
2026-01-10 09:45:00,1003.5930888888889,1768038750.322113,157.19275484606612,161.80770446118936
2026-01-10 10:00:00,1003.5559111111111,1768039650.1976094,158.0735598631699,162.70227035920746
2026-01-10 10:15:00,1003.4322444444446,1768040550.233709,157.6312542759407,162.20688904595838
2026-01-10 10:30:00,1003.2572333333333,1768041450.3526776,158.26646750285065,162.8035460656395
2026-01-10 10:45:00,1003.1519666666667,1768042350.5036027,157.71266818700116,162.19971875436116
2026-01-10 11:00:00,1003.0276555555555,1768043250.5880485,157.7439087799316,162.1915187379497
2026-01-10 11:15:00,1002.9703111111111,1768044150.6532924,158.08361801596354,162.5221655644313
2026-01-10 11:30:00,1002.8760666666667,1768045050.735679,159.05112884834662,163.4860232021374
2026-01-10 11:45:00,1002.7906444444445,1768045950.8088796,158.08235461801598,162.4624780201508
2026-01-10 12:00:00,1002.7146059933407,1768046850.2408624,158.49715051311287,162.86399728533132
2026-01-10 12:15:00,1002.5953777777778,1768047750.3559456,157.6483717217788,161.95320990876937
2026-01-10 12:30:00,1002.4491888888889,1768048650.4204378,158.85272177879133,163.14274036367343
2026-01-10 12:45:00,1002.3460066740823,1768049550.935078,158.3666419612315,162.60997296906655
2026-01-10 13:00:00,1002.2395444444445,1768050450.9039083,158.81027023945268,163.03077104333266
2026-01-10 13:15:00,1002.0643111111111,1768051350.8714142,158.93827594070694,163.10500570542982
2026-01-10 13:30:00,1001.9353555555556,1768052250.6608949,159.53810832383124,163.67834340144512
2026-01-10 13:45:00,1001.8487,1768053150.5233397,158.8547833523375,162.94904187278033
2026-01-10 14:00:00,1001.8358555555556,1768054050.5150125,158.5760456100342,162.65894147622816
2026-01-10 14:15:00,1001.7917666666667,1768054950.5285807,159.80693386545042,163.90706811151486
2026-01-10 14:30:00,1001.6450666666667,1768055850.5755205,159.72779019384265,163.77783440010737
2026-01-10 14:45:00,1001.4960333333333,1768056750.6656663,158.62502166476625,162.59863171058066
2026-01-10 15:00:00,1001.4371032186459,1768057650.58777,158.60887913340935,162.56292397075902
2026-01-10 15:15:00,1001.3947719688543,1768058550.5214062,158.95422006841505,162.90308172709373
2026-01-10 15:30:00,1001.3185555555555,1768059450.6533883,159.84253363740024,163.78849481133975
2026-01-10 15:45:00,1001.2568777777778,1768060350.718757,159.28611630558723,163.19820880616567
2026-01-10 16:00:00,1001.1829555555555,1768061250.642269,158.74046750285063,162.61511526285486
2026-01-10 16:15:00,1001.1437444444445,1768062150.6413212,159.35875484606612,163.23569238595113
2026-01-10 16:30:00,1001.0374444444444,1768063050.6255167,158.99332611174458,162.8267527212758
2026-01-10 16:45:00,1000.9932444444444,1768063950.6552691,158.88111288483466,162.6974508742597
2026-01-10 17:00:00,1000.8028523862375,1768064850.5209904,159.87660478359908,163.6545256638797
2026-01-10 17:15:00,1000.6314555555556,1768065750.9857795,159.27273660205245,162.98050967609632
2026-01-10 17:30:00,1000.4552555555555,1768066651.0178905,159.76807525655647,163.42977671285774
2026-01-10 17:45:00,1000.3300888888889,1768067551.0183191,159.5593204104903,163.1753840935232
2026-01-10 18:00:00,1000.2293325917686,1768068451.0823593,158.701752283105,162.2656791838034
2026-01-10 18:15:00,1000.0673777777778,1768069350.593159,160.2425267958951,163.78799339645283
2026-01-10 18:30:00,999.9456,1768070250.6400652,160.05921094640823,163.56078058027038
2026-01-10 18:45:00,999.8925333333333,1768071150.6407132,159.29127708095783,162.7587717973276
2026-01-10 19:00:00,999.7498222222223,1768072050.557312,159.96354618015963,163.39903065757497
2026-01-10 19:15:00,999.6708777777778,1768072950.51517,159.17889737742306,162.57185989373443
2026-01-10 19:30:00,999.6966555555556,1768073850.4850888,159.83022805017103,163.24548993793047
2026-01-10 19:45:00,999.7443111111112,1768074750.557667,158.88071379703536,162.29115382042653
2026-01-10 20:00:00,999.6142397336293,1768075650.4008074,159.75069703872435,163.13736708637646
2026-01-10 20:15:00,999.4868075639599,1768076550.4888268,159.07883105022833,162.40985997019885
2026-01-10 20:30:00,999.4915333333333,1768077450.3933754,159.45446750285063,162.79490071201818
2026-01-10 20:45:00,999.4075222222222,1768078350.3146179,158.9962063854048,162.29976716178058
2026-01-10 21:00:00,999.2315760266371,1768079250.0784993,159.4223257403189,162.6774852149377
2026-01-10 21:15:00,999.1137263626251,1768080150.397611,158.7240684931507,161.9268000891313
2026-01-10 21:30:00,998.9522777777778,1768081050.6444507,160.12808883826878,163.30641104105214
2026-01-10 21:45:00,998.6746888888889,1768081951.1551151,159.25997833523374,162.33092219689374
2026-01-10 22:00:00,998.5861888888888,1768082851.075619,159.77414367160776,162.826179184943
2026-01-10 22:15:00,998.5261222222222,1768083751.019447,159.27509578107183,162.29809980554288
2026-01-10 22:30:00,998.2525222222222,1768084651.0206044,159.5171345496009,162.45581226642093
2026-01-10 22:45:00,998.0937666666666,1768085551.1161063,158.7525245153934,161.62579019970406
2026-01-10 23:00:00,997.9298,1768086451.1331682,159.80600342075255,162.64499058429897
2026-01-10 23:15:00,997.8197777777777,1768087351.0820506,160.08078563283922,162.88880763903327
2026-01-10 23:30:00,997.7419444444444,1768088250.869681,159.6169566704675,162.39156160186806
2026-01-10 23:45:00,997.6446000000001,1768089150.805674,159.29973660205246,162.0372774014404
2026-01-11 00:00:00,997.5556603773584,1768090051.1329057,160.14511958997724,162.86821471049203
2026-01-11 00:15:00,997.4171333333334,1768090950.9452615,159.13494754846064,161.79603331970222
2026-01-11 00:30:00,997.3557000000001,1768091850.9357283,158.9826590649943,161.62133914319023
2026-01-11 00:45:00,997.223681868743,1768092750.7502363,159.73844178082192,162.34679469771652
2026-01-11 01:00:00,997.1293333333333,1768093650.69513,160.67125769669326,163.26403211921482
2026-01-11 01:15:00,996.9968333333334,1768094550.7459605,158.93118928164196,161.4530932390087
2026-01-11 01:30:00,996.7467888888889,1768095450.7987282,159.41387115165335,161.8624683905248
2026-01-11 01:45:00,996.6566111111111,1768096350.89682,158.91832497149375,161.3302111965739
2026-01-11 02:00:00,996.5212777777778,1768097250.968013,159.519834663626,161.89702387757245
2026-01-11 02:15:00,996.5013555555555,1768098151.026216,158.9321858608894,161.29419103614592
2026-01-11 02:30:00,996.3451444444445,1768099050.6151662,158.92707534246574,161.2386221681171
2026-01-11 02:45:00,996.1649111111111,1768099950.2410774,158.16724287343214,160.4099053161986
2026-01-11 03:00:00,996.0764555555556,1768100850.3606572,158.64832497149374,160.8693466126168
2026-01-11 03:15:00,995.7859444444445,1768101750.459438,158.98642189281642,161.11853612290744
2026-01-11 03:30:00,995.6016333333333,1768102650.5071852,157.92846180159634,159.98740229658821
2026-01-11 03:45:00,995.4683444444444,1768103550.558403,157.4837286202965,159.49434773595928
2026-01-11 04:00:00,995.3364999999999,1768104450.5470908,159.49293044469783,161.48661351033365
2026-01-11 04:15:00,995.1764594894562,1768105350.6495333,158.1839669327252,160.1100313935478
2026-01-11 04:30:00,995.0631666666667,1768106250.769942,159.1729030786773,161.07450762256357
2026-01-11 04:45:00,994.9431145717464,1768107150.7502995,158.4062725199544,160.26023451928765
2026-01-11 05:00:00,994.8723777777777,1768108050.8354807,157.67927480045608,159.50216119397876
2026-01-11 05:15:00,994.7265555555555,1768108950.9055028,159.01619384264538,160.80763049508514
2026-01-11 05:30:00,994.7247666666667,1768109850.9543524,159.05037286202963,160.84161911014988
2026-01-11 05:45:00,994.5036444444445,1768110750.8700094,159.14655644241734,160.86772733039993
2026-01-11 06:00:00,994.3232741398446,1768111650.188309,157.75171493728618,159.40028807672124
2026-01-11 06:15:00,994.1586777777778,1768112550.2138221,158.8516590649943,160.4588964962428
2026-01-11 06:30:00,994.0379111111112,1768113450.3309085,158.61282326111746,160.1789509586492
2026-01-11 06:45:00,993.773448275862,1768114350.8772,158.16738312428737,159.64465010011432
2026-01-11 07:00:00,993.6614888888888,1768115251.0376441,159.06558608893957,160.51529577480522
2026-01-11 07:15:00,993.5556555555555,1768116150.6896353,158.77848173515983,160.1916639530274
2026-01-11 07:30:00,993.5325,1768117050.724567,159.02716400911163,160.43512948221675
2026-01-11 07:45:00,993.5804222222223,1768117951.1400447,159.35520524515394,160.78148434304117
2026-01-11 08:00:00,993.717358490566,1768118851.104334,158.59938312428736,160.06272816008328
2026-01-11 08:15:00,993.6697333333333,1768119750.3548563,159.25350741163055,160.70757966339178
2026-01-11 08:30:00,993.6581777777777,1768120650.3924735,159.95949258836944,161.4162803210072
2026-01-11 08:45:00,993.667041156841,1768121550.671864,159.4136305587229,160.86829864898942
2026-01-11 09:00:00,993.6674111111112,1768122451.0500953,159.04819156214367,160.49964373368562
2026-01-11 09:15:00,993.6795777777777,1768123351.1368716,159.64351995438997,161.1043251694473
2026-01-11 09:30:00,993.7949555555555,1768124250.6605163,159.06218607305937,160.55471645760122
2026-01-11 09:45:00,993.8441777777778,1768125150.173722,158.38000000000002,159.8818679255967
2026-01-11 10:00:00,993.901165371809,1768126050.156986,159.69820752565565,161.23095088103932
2026-01-11 10:15:00,993.8745606229143,1768126950.198853,160.79995210946407,162.3346317590886
2026-01-11 10:30:00,993.8921,1768127850.2671082,159.3230718358039,160.84929838906464
2026-01-11 10:45:00,993.8655555555556,1768128750.3545353,158.80938084378562,160.32217497053867
2026-01-11 11:00:00,993.8430111111111,1768129650.3370922,159.3304196123147,160.84092477343583
2026-01-11 11:15:00,993.9269222222222,1768130550.4095047,159.069818700114,160.60480407183988
2026-01-11 11:30:00,994.0183888888889,1768131450.4911115,160.59858380843787,162.17798644082163
2026-01-11 11:45:00,994.1097444444445,1768132350.5727892,158.71383922462942,160.30399303009352
2026-01-11 12:00:00,994.1776248612653,1768133250.5459535,159.15532460136674,160.77172667051758
2026-01-11 12:15:00,994.2865555555555,1768134151.1017463,159.38792246294187,161.0417677876872
2026-01-11 12:30:00,994.298787541713,1768135050.840805,158.12932305936076,159.77401752984764
2026-01-11 12:45:00,994.2903111111111,1768135950.7103977,160.51617103762828,162.18294149564224
2026-01-11 13:00:00,994.3973111111111,1768136850.7822778,159.7248289623717,161.41792200894952
2026-01-11 13:15:00,994.6192111111111,1768137750.8065104,159.47810262257696,161.24012284478863
2026-01-11 13:30:00,994.6277444444444,1768138650.9002674,159.67445724059294,161.44140216239836
2026-01-11 13:45:00,994.6005444444444,1768139550.9643028,159.63204675028504,161.38974252015458
2026-01-11 14:00:00,994.5169700332964,1768140450.4295583,158.83900684150515,160.56113066505725
2026-01-11 14:15:00,994.4579777777777,1768141350.4796739,159.56220296465222,161.27313878605594
2026-01-11 14:30:00,994.5615350389322,1768142250.073755,159.594801369863,161.33949902688155
2026-01-11 14:45:00,994.7168333333334,1768143150.2441318,159.39940022805018,161.19201966800222
2026-01-11 15:00:00,994.8142064372919,1768144050.2912216,158.77414350797267,160.59100270048316
2026-01-11 15:15:00,994.8918555555555,1768144950.906169,159.5957913340935,161.44712318395636
2026-01-11 15:30:00,994.944388888889,1768145850.8860905,158.85194754846066,160.71153525235695
2026-01-11 15:45:00,994.9516907675195,1768146750.560703,159.1186906392694,160.98375190043603
2026-01-11 16:00:00,995.0256111111111,1768147650.4350636,159.37451311288484,161.26641289424592
2026-01-11 16:15:00,995.0148222222223,1768148550.5059817,160.05661231470924,161.95311451960885
2026-01-11 16:30:00,994.9647111111111,1768149450.5177205,158.81814139110605,160.6838641195746
2026-01-11 16:45:00,994.8665111111112,1768150350.584489,159.4009395667047,161.24183773408419
2026-01-11 17:00:00,994.8144555555556,1768151250.7709591,158.73759064994297,160.5541115604669
2026-01-11 17:15:00,994.8033555555556,1768152150.883653,158.91901710376283,160.73404584081922
2026-01-11 17:30:00,994.9222333333332,1768153050.8584592,158.99794982896236,160.8521190029216
2026-01-11 17:45:00,994.9891666666667,1768153950.7544312,159.5168985176739,161.3987239224452
2026-01-11 18:00:00,995.0352555555555,1768154850.8202093,158.9059486887115,160.7953877793376
2026-01-11 18:15:00,995.1255111111111,1768155750.9509788,159.73554618015962,161.66402895201412
2026-01-11 18:30:00,995.0857444444445,1768156650.9790964,159.5908745724059,161.50476520485213
2026-01-11 18:45:00,995.1708555555556,1768157550.9469216,159.87978449258836,161.8246836848628
2026-01-11 19:00:00,995.235704772475,1768158450.3228357,159.3814994298746,161.3412614559633
2026-01-11 19:15:00,995.2995111111111,1768159350.3339748,159.14281413911058,161.1202009485583
2026-01-11 19:30:00,995.3211123470522,1768160250.3523095,158.85513226909922,160.83589292185326
2026-01-11 19:45:00,995.3619333333332,1768161151.0741596,159.4863078677309,161.48812230383734
2026-01-11 20:00:00,995.4207880133185,1768162050.5336196,159.02003990877995,161.03495612420852
2026-01-11 20:15:00,995.4789333333333,1768162950.603967,159.03005929304447,161.0638315894371
2026-01-11 20:30:00,995.4903448275862,1768163850.491665,159.35036643835616,161.39191841954005
2026-01-11 20:45:00,995.5489888888889,1768164750.287008,158.47389623717217,160.52304547173907
2026-01-11 21:00:00,995.6575138734739,1768165650.1982725,159.5544589977221,161.65266336433288
2026-01-11 21:15:00,995.6953666666667,1768166550.8260949,160.23192702394527,162.35133080104427
2026-01-11 21:30:00,995.6631368186875,1768167450.6952167,159.18822146118723,161.28342342456293
2026-01-11 21:45:00,995.6446777777778,1768168350.6438556,159.50642075256556,161.59984472181995
2026-01-11 22:00:00,995.5205216426193,1768169250.6204154,159.4203291571754,161.4725226398099
2026-01-11 22:15:00,995.4044111111111,1768170150.6857953,160.7465091324201,162.7779694642992
2026-01-11 22:30:00,995.3213793103448,1768171050.8178663,159.2190022805017,161.2043860905695
2026-01-11 22:45:00,995.3251333333334,1768171950.9592187,158.6534275940707,160.6329649970028
2026-01-11 23:00:00,995.1605438401775,1768172850.4796882,158.24412884834663,160.16582747950486
2026-01-11 23:15:00,995.0338444444444,1768173750.5820148,158.6760410490308,160.56229332618713
2026-01-11 23:30:00,995.0830478309233,1768174650.115185,158.94369178082192,160.84895358825997
2026-01-11 23:45:00,995.0879,1768175550.2595882,159.4993671607754,161.41285625952628
2026-01-12 00:00:00,995.089388888889,1768176450.3702643,158.5617913340935,160.46451030842692
2026-01-12 00:15:00,995.1510888888889,1768177350.4091704,159.35846636259978,161.29064736202125
2026-01-12 00:30:00,995.0536333333333,1768178250.4275255,158.89606727480046,160.7912987373728
2026-01-12 00:45:00,995.0292888888888,1768179150.4699893,159.21767502850628,161.10889806056528
2026-01-12 01:00:00,995.1260932297447,1768180050.2969978,159.11555466970387,161.0367397862949
2026-01-12 01:15:00,995.0694222222222,1768180950.7322989,158.98852451539338,160.88993922743225
2026-01-12 01:30:00,995.0347163515017,1768181850.8714502,159.31829794520547,161.21246613846458
2026-01-12 01:45:00,995.0698,1768182750.460225,158.7216545039909,160.6199989557615
2026-01-12 02:00:00,995.1608990011099,1768183650.4717176,158.33732460136673,160.2602688274404
2026-01-12 02:15:00,995.2135111111112,1768184551.0089083,158.91317103762827,160.86003417219737
2026-01-12 02:30:00,995.2407452725251,1768185450.7217016,159.84367351598172,161.81074966120963
2026-01-12 02:45:00,995.2343888888889,1768186350.6995912,159.4081402508552,161.3678051706159
2026-01-12 03:00:00,995.1998557158712,1768187250.572449,158.9597118451025,160.90275071501935
2026-01-12 03:15:00,995.1674666666668,1768188150.6322932,159.23369292237442,161.16964019011186
2026-01-12 03:30:00,995.1843111111111,1768189050.175893,158.71469099201826,160.6497403064295
2026-01-12 03:45:00,995.2606555555556,1768189950.1949205,158.81380045610035,160.7746047346865
2026-01-12 04:00:00,995.2659288097886,1768190850.1379085,160.1085593607306,162.08705890266714
2026-01-12 04:15:00,995.2299666666668,1768191750.5883484,159.67751995438996,161.63906684727104
2026-01-12 04:30:00,995.2185000000001,1768192650.4973726,159.37814611872145,161.3323154452753
2026-01-12 04:45:00,995.1545333333333,1768193550.399197,160.24180501710376,162.1858135499417
2026-01-12 05:00:00,995.1840288568258,1768194450.1546237,159.4989338654504,161.4434535317564
2026-01-12 05:15:00,995.2048777777777,1768195350.539696,158.93727822120866,160.88165878163804
2026-01-12 05:30:00,995.1344605116797,1768196250.652961,159.97736872146118,161.9116690089088
2026-01-12 05:45:00,995.1432777777778,1768197150.796129,159.82131128848349,161.75657714834443
2026-01-12 06:00:00,995.1330333333333,1768198050.5033584,159.4207785388128,161.34788850084135
2026-01-12 06:15:00,995.0260222222222,1768198950.394438,159.20775712656786,161.0978098424479
2026-01-12 06:30:00,994.8462777777777,1768199850.7261574,158.91180729760546,160.74055178191554
2026-01-12 06:45:00,994.8332666666666,1768200750.609276,159.11309246575343,160.9399652537949
2026-01-12 07:00:00,994.8937555555556,1768201650.420802,159.24287685290764,161.09072699267983
2026-01-12 07:15:00,994.8102888888889,1768202550.820211,159.9618529076397,161.79103545530188
2026-01-12 07:30:00,994.7775,1768203450.7495534,159.81019063926942,161.62703942149076
2026-01-12 07:45:00,994.7958555555556,1768204350.4226058,159.1356716077537,160.95076049634807
2026-01-12 08:00:00,994.7011764705883,1768205250.2819078,159.3296202964652,161.11640975125297
2026-01-12 08:15:00,994.6842,1768206150.2699497,160.11437557077625,161.90446837545213
2026-01-12 08:30:00,994.6611012235818,1768207050.6589694,159.77668529076396,161.55553904545081
2026-01-12 08:45:00,994.6504444444445,1768207950.6872346,160.16996575342466,161.94974628484562
2026-01-12 09:00:00,994.614051054384,1768208850.075441,160.19241002277903,161.96065092765488
2026-01-12 09:15:00,994.5137,1768209750.6251922,159.9566510832383,161.6898348787778
2026-01-12 09:30:00,994.4130367074526,1768210650.6101263,159.64005821917806,161.33732686220458
2026-01-12 09:45:00,994.1873888888888,1768211550.2803078,160.193905359179,161.8240154663433
2026-01-12 10:00:00,994.2504772475027,1768212450.7230222,160.0151332574032,161.66382112881857
2026-01-12 10:15:00,994.2352169076752,1768213350.567429,159.08255416191562,160.7167281094925
2026-01-12 10:30:00,994.0745555555555,1768214250.7282681,160.3155194063927,161.91032515422035
2026-01-12 10:45:00,994.1378444444445,1768215150.293605,159.59513112884835,161.20317396087552
2026-01-12 11:00:00,994.0711098779134,1768216050.296323,159.92008314350798,161.50984209801626
2026-01-12 11:15:00,994.1039,1768216950.9551957,159.95819612314708,161.55892868380016
2026-01-12 11:30:00,994.1362666666666,1768217851.1082616,160.90676738882553,162.527513092488
2026-01-12 11:45:00,993.9156284760845,1768218750.7796009,160.94129337899543,162.49066773168886
2026-01-12 12:00:00,993.9095111111111,1768219650.7339802,160.33031812998863,161.87183018210732
2026-01-12 12:15:00,993.8489444444444,1768220550.780104,162.34798859749142,163.88904611739775
2026-01-12 12:30:00,993.9144888888889,1768221450.8852015,161.6772189281642,163.2333059643275
2026-01-12 12:45:00,993.9117444444445,1768222350.929558,161.20928050171037,162.75997041932087
2026-01-12 13:00:00,993.8731298557158,1768223250.3952332,160.9476841505131,162.483308807003
2026-01-12 13:15:00,993.8453666666667,1768224150.430055,160.34565336374004,161.8665458466391
2026-01-12 13:30:00,993.8286318131256,1768225050.6230154,160.38331014823262,161.8991410015026
2026-01-12 13:45:00,993.8218111111112,1768225951.1494627,161.18136374002282,162.70251773165398
2026-01-12 14:00:00,993.8839400665926,1768226850.6103444,160.80031242873434,162.33804076971458
2026-01-12 14:15:00,993.9313555555555,1768227750.6656613,161.27771949828963,162.8354543813129
2026-01-12 14:30:00,993.9737444444445,1768228650.6795924,160.81828506271378,162.3853484867525
2026-01-12 14:45:00,993.8791323692992,1768229550.4351232,160.69143721461185,162.22656450540694
2026-01-12 15:00:00,993.8647,1768230450.2509403,161.4513945267959,162.9890771833755
2026-01-12 15:15:00,993.8376444444444,1768231350.3620048,160.87839452679592,162.4018318805713
2026-01-12 15:30:00,993.7299666666668,1768232250.4378643,161.74788255416192,163.24439414861195
2026-01-12 15:45:00,993.5999888888889,1768233150.457654,160.56942075256558,162.0129074413633
2026-01-12 16:00:00,993.5845948945616,1768234050.3645232,161.774622298066,163.22391809204245
2026-01-12 16:15:00,993.5152888888889,1768234950.6715891,161.2195285388128,162.64130579447354
2026-01-12 16:30:00,993.4288654060067,1768235849.9180176,160.10110273972603,161.4851020991927
2026-01-12 16:45:00,993.3371333333333,1768236750.2226212,160.96425313568986,162.3259303076321
2026-01-12 17:00:00,993.2296555555555,1768237650.298592,161.54305701254276,162.87461600941887
2026-01-12 17:15:00,993.1908,1768238550.3286493,161.99901710376284,163.32164206614107
2026-01-12 17:30:00,993.2267444444445,1768239450.7394946,161.07015717539863,162.39687266381512
2026-01-12 17:45:00,993.0990777777777,1768240350.6626863,161.37473287671233,162.66241867808546
2026-01-12 18:00:00,993.0677469478356,1768241250.0380042,160.6822118451025,161.95422305314918
2026-01-12 18:15:00,993.0983333333332,1768242150.6420214,161.79403762827823,163.08482644646915
2026-01-12 18:30:00,993.1736777777778,1768243050.6671443,162.14076054732038,163.45894510342464
2026-01-12 18:45:00,993.1200111234705,1768243950.6928163,161.56371461187217,162.85972664364238
2026-01-12 19:00:00,993.115449500555,1768244850.2474644,161.44604214123007,162.73962552199458
2026-01-12 19:15:00,993.0900888888889,1768245750.8356757,161.34601596351197,162.63054885681814
2026-01-12 19:30:00,993.0088987764182,1768246650.5416613,161.92715296803652,163.1898115494115
2026-01-12 19:45:00,992.868788888889,1768247550.503604,161.54761117445838,162.76169476824495
2026-01-12 20:00:00,992.8281,1768248450.5379283,161.40494526795894,162.60472373089146
2026-01-12 20:15:00,992.6943666666666,1768249350.601953,161.59454275940706,162.75219395684664
2026-01-12 20:30:00,992.6221,1768250250.6772976,161.52251767388825,162.6561419556116
2026-01-12 20:45:00,992.5378888888888,1768251150.537505,161.67911402508554,162.78641819821354
2026-01-12 21:00:00,992.4280777777778,1768252050.350159,161.5787958950969,162.64968760300036
2026-01-12 21:15:00,992.3585888888889,1768252950.4039226,161.02501824401367,162.0697140398056
2026-01-12 21:30:00,992.3414,1768253850.4816449,161.50582554161915,162.54805257519345
2026-01-12 21:45:00,992.2905222222222,1768254750.5578914,161.43621436716077,162.46145998969635
2026-01-12 22:00:00,992.2878135405106,1768255650.5071807,161.85389293849659,162.8809087576119
2026-01-12 22:15:00,992.2299666666668,1768256551.0435944,161.9032953249715,162.91177565416547
2026-01-12 22:30:00,992.1578222222222,1768257451.0444715,162.33854618015963,163.32616979399123
2026-01-12 22:45:00,992.0820800889877,1768258350.8215132,162.1529315068493,163.1147147068946
2026-01-12 23:00:00,992.0280577136515,1768259250.2087865,161.40717217787912,162.3469903425208
2026-01-12 23:15:00,992.0562444444445,1768260150.285076,161.40961117445838,162.35859599862837
2026-01-12 23:30:00,991.9775777777778,1768261050.3270583,161.67033295324973,162.59526698612308
2026-01-12 23:45:00,991.9142491657398,1768261950.8430064,161.41207981755986,162.31497668903683
2026-01-13 00:00:00,991.8285888888889,1768262851.0542011,161.82965450399087,162.70700973590502
2026-01-13 00:15:00,991.8021000000001,1768263751.0588746,161.1238198403649,161.98876637594918
2026-01-13 00:30:00,991.794388888889,1768264651.0805337,161.77983580387686,162.64579559211236
2026-01-13 00:45:00,991.7583333333333,1768265550.7283869,161.69069063926943,162.544451576073
2026-01-13 01:00:00,991.6336888888889,1768266450.3015056,161.19194982896238,162.00268680510155
2026-01-13 01:15:00,991.6117777777778,1768267350.4556422,161.6093819840365,162.41510094574096
2026-01-13 01:30:00,991.5578777777778,1768268250.4262395,161.6663591790194,162.45484862930752
2026-01-13 01:45:00,991.5449444444444,1768269150.3715775,162.49550741163057,163.28381717372267
2026-01-13 02:00:00,991.4580000000001,1768270050.3316789,162.00949486887114,162.7671409940902
2026-01-13 02:15:00,991.4316111111111,1768270950.4800317,161.69006841505131,162.4376474009656
2026-01-13 02:30:00,991.3588444444445,1768271850.6071146,161.8230057012543,162.54754151978437
2026-01-13 02:45:00,991.3298555555556,1768272750.65333,161.24567844925883,161.95823912922896
2026-01-13 03:00:00,991.2787458379578,1768273650.482761,161.07528929384964,161.77056006674107
2026-01-13 03:15:00,991.2368186874305,1768274550.597786,161.14721575342466,161.82922634645885
2026-01-13 03:30:00,991.2880333333333,1768275450.7728944,161.73031698973776,162.4314322804422
2026-01-13 03:45:00,991.3491555555556,1768276350.8072867,160.90157012542758,161.61884852366407
2026-01-13 04:00:00,991.2785571587125,1768277251.1747391,161.11888496583143,161.8142828545363
2026-01-13 04:15:00,991.2728666666667,1768278150.846503,160.6837434435576,161.37542661612218
2026-01-13 04:30:00,991.2788876529478,1768279050.8386748,161.79087785388128,162.48928350402298
2026-01-13 04:45:00,991.2421777777778,1768279950.449616,161.53587343215509,162.22126761782934
2026-01-13 05:00:00,991.2094783573807,1768280850.4129713,161.6659624145786,162.34129128633333
2026-01-13 05:15:00,991.1640777777777,1768281751.0075617,160.88891790193844,161.54633155758071
2026-01-13 05:30:00,991.0875973303671,1768282650.5764825,160.83409474885843,161.46658442750464
2026-01-13 05:45:00,991.0308,1768283550.6702476,160.6725929304447,161.28612521023763
2026-01-13 06:00:00,991.0103444444445,1768284450.6712973,160.91155302166476,161.5193897036211
2026-01-13 06:15:00,990.9191888888889,1768285350.7654538,161.50598403648803,162.08651329065646
2026-01-13 06:30:00,990.8934555555555,1768286250.8565817,162.07579703534776,162.6500031992921
2026-01-13 06:45:00,990.9082888888889,1768287150.8666573,160.87709236031927,161.45184139044787
2026-01-13 07:00:00,990.8539111111111,1768288050.988125,160.92290193842646,161.48025179821403
2026-01-13 07:15:00,990.8781888888889,1768288951.104666,161.33163283922462,161.89825919076804
2026-01-13 07:30:00,990.8870777777778,1768289851.1737647,161.58370923603192,162.1541036402153
2026-01-13 07:45:00,990.8676111111112,1768290751.0651314,161.43922234891676,162.00279927912266
2026-01-13 08:00:00,990.8700222222221,1768291651.1393394,160.96424173318132,161.52693944473384
2026-01-13 08:15:00,990.8152666666667,1768292550.8618915,161.48175940706955,162.02852135839956
2026-01-13 08:30:00,990.8297777777777,1768293450.8963544,161.15713112884836,161.70748696207795
2026-01-13 08:45:00,990.8008888888888,1768294350.8958952,161.68169099201825,162.22446497108328
2026-01-13 09:00:00,990.7242111111111,1768295250.7913027,161.43305701254275,161.950158453217
2026-01-13 09:15:00,990.7726555555555,1768296150.846704,161.57086316989736,162.10411135684862
2026-01-13 09:30:00,990.7514222222221,1768297050.9338472,161.6677856328392,162.19446569794903
2026-01-13 09:45:00,990.6881444444444,1768297950.9774907,161.68685746864313,162.19307193258493
2026-01-13 10:00:00,990.7111222222222,1768298850.6415865,160.99606735159816,161.50754106564273
2026-01-13 10:15:00,990.6881666666667,1768299750.3032084,161.2136567844926,161.71839692385
2026-01-13 10:30:00,990.7501222222222,1768300650.4574378,161.0153101482326,161.53944458063927
2026-01-13 10:45:00,990.6758777777778,1768301550.5069256,160.56331927023945,161.06206468651314
2026-01-13 11:00:00,990.6818444444444,1768302450.5814397,161.9204150513113,162.42531417306543
2026-01-13 11:15:00,990.6122777777778,1768303350.601684,161.59232041049032,162.07364505452537
2026-01-13 11:30:00,990.6371444444444,1768304250.6468806,161.71248916761687,162.2022384079918
2026-01-13 11:45:00,990.6193555555556,1768305150.5928767,161.92360661345495,162.40821700064666
2026-01-13 12:00:00,990.5606215316315,1768306050.50003,162.26405011389522,162.7305626274853
2026-01-13 12:15:00,990.569211111111,1768306951.144339,161.57608209806156,162.04340043474312
2026-01-13 12:30:00,990.5455172413792,1768307850.6603703,161.34531278538813,161.80429595815153
2026-01-13 12:45:00,990.6246000000001,1768308750.670067,161.75700114025088,162.24281464293958
2026-01-13 13:00:00,990.5589111111111,1768309650.7142756,161.34732725199544,161.81065063885998
2026-01-13 13:15:00,990.472988888889,1768310550.7447412,162.26401368301026,162.70200757897385
2026-01-13 13:30:00,990.4666666666667,1768311450.7941086,162.79207297605473,163.22942828655087
2026-01-13 13:45:00,990.488,1768312350.8243403,162.33667274800456,162.77974970664414
2026-01-13 14:00:00,990.4507880133185,1768313250.2648365,162.13333751425313,162.563760404463
2026-01-13 14:15:00,990.3960222222222,1768314150.317907,161.74851083238312,162.16014947484658
2026-01-13 14:30:00,990.3247830923248,1768315050.8779957,161.99630216647665,162.38543337828867
2026-01-13 14:45:00,990.2339999999999,1768315950.9133537,163.0231527936146,163.38508270329132
2026-01-13 15:00:00,990.1424972253053,1768316850.3708358,162.4332006841505,162.76403138643948
2026-01-13 15:15:00,990.1291101223582,1768317750.5732234,161.99221550741163,162.3178020586073
2026-01-13 15:30:00,990.2234555555556,1768318651.023919,161.9360433295325,162.2921371358262
2026-01-13 15:45:00,990.2679888888889,1768319550.6196082,162.5808801369863,162.95290495101608
2026-01-13 16:00:00,990.2345,1768320450.2768219,162.35008551881413,162.71068385331986
2026-01-13 16:15:00,990.2152666666667,1768321350.307333,163.01673318129988,163.3725277000019
2026-01-13 16:30:00,990.2086333333333,1768322250.3362544,162.71361915621438,163.066588744608
2026-01-13 16:45:00,990.1860777777779,1768323150.358933,163.07346978335232,163.41984776731488
2026-01-13 17:00:00,990.1760599334074,1768324050.2348597,162.79032460136673,163.1328326563122
2026-01-13 17:15:00,990.1583888888889,1768324950.7781045,161.97555074116303,162.3106080285309
2026-01-13 17:30:00,990.1307555555555,1768325850.8424041,162.57549942987455,162.9027944081046
2026-01-13 17:45:00,990.1328555555556,1768326750.933516,162.64936716077537,162.97749535264776
2026-01-13 18:00:00,990.1455061179088,1768327650.9819815,163.44742465753424,163.78130664629575
2026-01-13 18:15:00,990.0819888888889,1768328550.5158994,163.17308209806157,163.4856340458395
2026-01-13 18:30:00,989.9878333333334,1768329450.472684,163.67397833523376,163.95661197206059
2026-01-13 18:45:00,990.0171333333333,1768330350.506195,162.45657582668184,162.74664391626786
2026-01-13 19:00:00,990.0173584905659,1768331250.3532333,162.7938724373576,163.0846162132769
2026-01-13 19:15:00,990.0399444444444,1768332150.846751,163.22337856328392,163.5222758674328
2026-01-13 19:30:00,990.0243888888889,1768333050.8486996,162.17821664766248,162.47014532894966
2026-01-13 19:45:00,989.9680088987765,1768333950.7105956,162.04930821917807,162.32270032255292
2026-01-13 20:00:00,989.9561444444445,1768334850.6150935,163.56556328392247,163.83762571501612
2026-01-13 20:15:00,989.9503888888888,1768335750.7329483,162.91543671607752,163.1845393302536
2026-01-13 20:30:00,989.9356888888889,1768336650.6943476,162.94135233751425,163.20569944083968
2026-01-13 20:45:00,989.9928,1768337550.3774428,161.8618859749145,162.1430010875095
2026-01-13 21:00:00,989.9660821309657,1768338450.200487,163.26942027334852,163.54424059332732
2026-01-13 21:15:00,989.9692658509455,1768339350.612059,162.84392694063928,163.11906970418187
2026-01-13 21:30:00,989.9295222222223,1768340250.550757,162.94579361459523,163.20813501046007
2026-01-13 21:45:00,989.9359888888888,1768341150.6441453,163.78941277080958,164.05523415392804
2026-01-13 22:00:00,989.9035777777779,1768342050.7240477,161.68562713797036,161.9375366992505
2026-01-13 22:15:00,989.8010666666668,1768342950.7545834,163.23526453819838,163.45607290379297
2026-01-13 22:30:00,989.7814222222222,1768343850.8572958,163.16646750285062,163.38076363191644
2026-01-13 22:45:00,989.8110666666668,1768344750.9002273,162.87414709236032,163.0977288962931
2026-01-13 23:00:00,989.778102108768,1768345650.9843557,162.82459635119727,163.03736087208503
2026-01-13 23:15:00,989.7361444444446,1768346550.9801366,162.8929749144812,163.09214228135326
2026-01-13 23:30:00,989.671288888889,1768347451.0314038,162.49341391106043,162.67099113575685
2026-01-13 23:45:00,989.6133592880979,1768348350.6956248,162.86658789954336,163.02568381914693
2026-01-14 00:00:00,989.5669478357381,1768349250.0517356,162.31457858769932,162.4580547496111
2026-01-14 00:15:00,989.4873777777777,1768350150.582138,163.15592132269097,163.2741556444604
2026-01-14 00:30:00,989.4402224694105,1768351050.8180635,163.06786088939566,163.1706419467882
2026-01-14 00:45:00,989.4910777777778,1768351950.700897,163.49757305936075,163.6172657294326
2026-01-14 01:00:00,989.5057380688125,1768352850.0907273,163.42775284738042,163.552189778843
2026-01-14 01:15:00,989.4799444444444,1768353750.6503053,163.1971505131129,163.31298677468578
2026-01-14 01:30:00,989.5474222222223,1768354650.7061207,163.63593728620296,163.77418574061437
2026-01-14 01:45:00,989.6139822024472,1768355550.6069286,162.96339840182648,163.1227921135161
2026-01-14 02:00:00,989.5842666666666,1768356450.407615,163.50632383124287,163.65652200417065
2026-01-14 02:15:00,989.5848777777777,1768357350.4794247,163.58500798175598,163.73547855557078
2026-01-14 02:30:00,989.5897444444445,1768358250.5606332,163.11823717217786,163.26986754800717
2026-01-14 02:45:00,989.5753,1768359150.6888845,163.1197001140251,163.26661519053158
2026-01-14 03:00:00,989.6233444444443,1768360050.7421005,163.53461915621438,163.69763670124254
2026-01-14 03:15:00,989.6360000000001,1768360950.9023898,162.85865108323833,163.02512109224537
2026-01-14 03:30:00,989.5539777777777,1768361850.977039,162.96914367160778,163.10896730862964
2026-01-14 03:45:00,989.4364333333333,1768362751.0175261,163.00675256556443,163.10825902314983
2026-01-14 04:00:00,989.3431888888888,1768363651.0833488,163.14981071835803,163.22096452539233
2026-01-14 04:15:00,989.2825,1768364550.657602,162.64566894977168,162.69685390658296
2026-01-14 04:30:00,989.1929111111111,1768365450.253868,162.9576488027366,162.97972697864253
2026-01-14 04:45:00,989.0808555555556,1768366350.2370849,162.81058608893954,162.7961558242265
2026-01-14 05:00:00,989.0952333333333,1768367250.192575,163.0614150513113,163.05165112846976
2026-01-14 05:15:00,989.1043333333333,1768368150.3058567,163.69074116305586,163.6839185771271
2026-01-14 05:30:00,989.1042222222221,1768369050.7782054,163.6241958997722,163.61733972801915
2026-01-14 05:45:00,989.0928777777777,1768369951.0562787,162.86060433295324,162.8500852277646
2026-01-14 06:00:00,989.0409,1768370851.037556,163.14231356898517,163.1148186953044
2026-01-14 06:15:00,988.9992555555556,1768371751.0474906,162.9669851767389,162.92594936526766
2026-01-14 06:30:00,988.9675,1768372650.6254196,163.32087328767122,163.2693786166601
2026-01-14 06:45:00,988.9603666666667,1768373550.2180192,162.6620684150513,162.60846156633477
2026-01-14 07:00:00,988.8919644839068,1768374450.2262893,163.97732574031892,163.90086154872387
2026-01-14 07:15:00,988.9352444444444,1768375350.7968538,162.89800684150512,162.8361404200569
2026-01-14 07:30:00,988.9269555555557,1768376250.848618,163.34097833523376,163.27623689969988
2026-01-14 07:45:00,988.9829254727474,1768377150.9403102,162.77651712328768,162.73021438997444
2026-01-14 08:00:00,988.9578579356271,1768378050.3043938,162.70876309794988,162.65432474659775
2026-01-14 08:15:00,988.8762666666667,1768378950.8463876,163.2585769669327,163.1773247986822
2026-01-14 08:30:00,988.8788000000001,1768379850.9259717,163.10276624857468,163.0224176039241
2026-01-14 08:45:00,988.8927586206897,1768380750.5156422,163.52340981735162,163.44741689008802
2026-01-14 09:00:00,988.8386126526083,1768381650.473235,162.2859749430524,162.19299193481433
2026-01-14 09:15:00,988.8001555555555,1768382551.0350487,163.6401505131129,163.53381306430794
2026-01-14 09:30:00,988.7653392658509,1768383451.058133,163.06451598173516,162.94720576530244
2026-01-14 09:45:00,988.7723555555556,1768384350.8678324,163.1883261117446,163.0732151468723
2026-01-14 10:00:00,988.7514777777777,1768385250.9348543,162.72831698973775,162.606740632887
2026-01-14 10:15:00,988.7026,1768386150.975721,162.95987685290766,162.82220994120118
2026-01-14 10:30:00,988.6205111111111,1768387051.0209298,163.19325769669325,163.02862575235514
2026-01-14 10:45:00,988.5740333333333,1768387950.77152,162.3408084378563,162.1619619019589
2026-01-14 11:00:00,988.5803884572697,1768388850.6313655,162.74775398633255,162.57052542792886
2026-01-14 11:15:00,988.5723444444444,1768389750.7080672,162.9845216894977,162.80441607382372
2026-01-14 11:30:00,988.5869299221357,1768390650.3488083,163.66871607753706,163.49262356112612
2026-01-14 11:45:00,988.5721000000001,1768391550.8830638,164.14822462941845,163.9667529053378
2026-01-14 12:00:00,988.5334444444445,1768392450.9252558,163.08540706955532,162.89251643998531
2026-01-14 12:15:00,988.5016444444444,1768393351.029926,163.60271949828962,163.39882451739953
2026-01-14 12:30:00,988.3966788321168,1768394071.5687768,163.5815616698292,163.34339857822337
2026-01-14 12:45:00,,,,
2026-01-14 13:00:00,,,,
2026-01-14 13:15:00,,,,
2026-01-14 13:30:00,,,,
2026-01-14 13:45:00,,,,
2026-01-14 14:00:00,,,,
2026-01-14 14:15:00,,,,
2026-01-14 14:30:00,,,,
2026-01-14 14:45:00,,,,
2026-01-14 15:00:00,,,,
2026-01-14 15:15:00,,,,
2026-01-14 15:30:00,987.7313298791018,1768405208.9202642,163.59121830985916,163.13581217419267
2026-01-14 15:45:00,987.750011098779,1768405950.4112744,164.5717596810934,164.11975570881972
2026-01-14 16:00:00,987.8147,1768406850.8009126,164.6058574686431,164.17499907183813
2026-01-14 16:15:00,987.7606666666667,1768407750.9480033,164.8913078677309,164.4419306485087
2026-01-14 16:30:00,987.7242333333334,1768408651.070515,165.9685803876853,165.50420710532526
2026-01-14 16:45:00,987.7091111111112,1768409551.1362016,163.81456784492588,163.35128085788443
2026-01-14 17:00:00,987.7365777777777,1768410450.6974387,164.99245319634701,164.53487321090014
2026-01-14 17:15:00,987.7769555555556,1768411350.1967463,165.18712542759405,164.74230886958986
2026-01-14 17:30:00,987.8130666666667,1768412250.2573555,165.41277765108322,164.97926819497096
2026-01-14 17:45:00,987.775488888889,1768413150.2480805,165.57377423033068,165.12743212835878
2026-01-14 18:00:00,987.761957730812,1768414050.686116,165.4881755986317,165.03759788732742
2026-01-14 18:15:00,987.703,1768414951.038567,164.7052770809578,164.23746370372626
2026-01-14 18:30:00,987.7232888888889,1768415851.0419588,165.4671299885975,165.0038480696624
2026-01-14 18:45:00,987.7435777777778,1768416751.1240096,164.6777890535918,164.22338084968442
2026-01-14 19:00:00,987.7622419533851,1768417650.5325701,164.2081984036488,163.76119879911917
2026-01-14 19:15:00,987.7315127919911,1768418550.106294,164.1820194063927,163.7250284902007
2026-01-14 19:30:00,987.8286333333333,1768419450.238481,164.3876989737742,163.96198062042697
2026-01-14 19:45:00,987.9213222222222,1768420350.3067684,164.10453819840365,163.709898517018
2026-01-14 20:00:00,987.9106770255272,1768421250.2986786,164.19945216400913,163.80109680597684
2026-01-14 20:15:00,987.9258,1768422150.5520847,164.21788698630138,163.82444185532006
2026-01-14 20:30:00,987.8535150166853,1768423050.2520258,163.91180501710375,163.4954549783977
2026-01-14 20:45:00,987.9058111111111,1768423950.344516,164.70839566704674,164.30720657147862
2026-01-14 21:00:00,987.9159489456159,1768424850.3024437,164.269076309795,163.87227987442984
2026-01-14 21:15:00,987.8996555555555,1768425750.9118564,163.6475781071836,163.2469631381124
2026-01-14 21:30:00,987.933915461624,1768426650.709063,164.04005251141552,163.64968961317024
2026-01-14 21:45:00,988.0247333333333,1768427550.4482615,164.07913112884833,163.71840965053318
2026-01-14 22:00:00,987.9664,1768428450.4937372,164.34597377423032,163.96553522455358
2026-01-14 22:15:00,987.9147777777778,1768429350.6021476,162.99955416191563,162.60544341495606
2026-01-14 22:30:00,987.8746222222222,1768430250.6102746,163.84695324971491,163.43766721930191
2026-01-14 22:45:00,987.8533333333332,1768431150.6666274,163.71548232611175,163.29957162623583
2026-01-14 23:00:00,987.9312222222222,1768432050.7992036,165.04316419612317,164.64952732908236
2026-01-14 23:15:00,987.9540666666667,1768432950.8842523,163.37781870011403,162.99560068985892
2026-01-14 23:30:00,987.9323777777777,1768433850.996843,165.14054275940705,164.7470543875375
2026-01-14 23:45:00,987.8420444444445,1768434750.8787236,163.6792155074116,163.259710858426
2026-01-15 00:00:00,987.880011098779,1768435650.28899,164.0057913340935,163.59787173766244
2026-01-15 00:15:00,987.9747888888888,1768436550.3803937,164.52694526795895,164.14884182360507
2026-01-15 00:30:00,987.9874972191324,1768437450.4408836,164.22336374002282,163.85012243389977
2026-01-15 00:45:00,988.0464666666667,1768438351.0580993,163.17719156214366,162.82553029151737
2026-01-15 01:00:00,987.9479467258601,1768439250.390881,164.09753249714936,163.71162691263865
2026-01-15 01:15:00,987.9037,1768440150.3901355,164.04231470923602,163.6420570882829
2026-01-15 01:30:00,987.8745717463848,1768441050.8343596,164.4867149372862,164.07581423273484
2026-01-15 01:45:00,987.8576666666667,1768441951.1241586,163.78347206385405,163.36880449640924
2026-01-15 02:00:00,987.8415094339622,1768442850.513014,163.68013911060433,163.2604574022474
2026-01-15 02:15:00,987.7831333333334,1768443750.4830525,163.4241801596351,162.9861246394404
2026-01-15 02:30:00,987.8272747497219,1768444651.0410242,163.27394070695556,162.85066418421562
2026-01-15 02:45:00,987.8710111111111,1768445550.6768086,162.7720388127854,162.3642652595932
2026-01-15 03:00:00,987.9163333333333,1768446450.6793897,163.4620671981777,163.06734547745947
2026-01-15 03:15:00,987.8721333333333,1768447350.6964629,163.49525570776257,163.08603640188736
2026-01-15 03:30:00,987.8508333333333,1768448250.2246172,163.88026111744583,163.46311448797286
2026-01-15 03:45:00,987.8739666666667,1768449150.2283187,163.16672633979476,162.7589261058365
2026-01-15 04:00:00,987.9534111111111,1768450050.231947,163.78619156214367,163.40280393519512
2026-01-15 04:15:00,987.9069666666667,1768450950.2640722,164.42106271379703,164.0209525607607
2026-01-15 04:30:00,987.894811111111,1768451850.3516004,164.27748004561005,163.87373529255686
2026-01-15 04:45:00,987.8521222222222,1768452750.3496842,163.81054846066135,163.39400047313825
2026-01-15 05:00:00,987.8362486126525,1768453650.3376582,163.5800227790433,163.1588810640595
2026-01-15 05:15:00,987.8433444444444,1768454550.930564,164.150251995439,163.72996579220026
2026-01-15 05:30:00,987.8586,1768455450.9800367,163.24621322690993,162.83320984830908
2026-01-15 05:45:00,987.7952614015572,1768456351.0700052,164.16935616438357,163.7332747020489
2026-01-15 06:00:00,987.7912652608212,1768457250.1108832,164.2693158494869,163.8316594712449
2026-01-15 06:15:00,987.8029333333334,1768458150.1934645,164.2761938426454,163.84234254368732
2026-01-15 06:30:00,987.8547608453837,1768459050.466395,165.17443101482326,164.75528431103558
2026-01-15 06:45:00,987.8993555555555,1768459950.9710631,164.07874230330674,163.6769736230576
2026-01-15 07:00:00,987.9218888888889,1768460851.0295522,164.36480045610034,163.96972072655686
2026-01-15 07:15:00,987.8873333333333,1768461751.0920985,164.33098403648802,163.92465618404464
2026-01-15 07:30:00,987.9475777777777,1768462650.6436052,163.17630821917808,162.79244893933506
2026-01-15 07:45:00,987.9616444444443,1768463550.2588153,163.86877194982895,163.48788309857716
2026-01-15 08:00:00,988.0245222222223,1768464450.3097894,164.15729076396806,163.79632829632305
2026-01-15 08:15:00,988.1366666666668,1768465350.4582188,164.13004104903078,163.80587421794726
2026-01-15 08:30:00,988.1029777777777,1768466250.5492718,163.99393272519956,163.65900736462368
2026-01-15 08:45:00,988.0872333333333,1768467150.5138476,164.19865450399087,163.85815124708157
2026-01-15 09:00:00,988.1602888888889,1768468050.5113482,163.49167730900797,163.17648028525713
2026-01-15 09:15:00,988.2029444444445,1768468950.5975468,163.7910558722919,163.4892285268315
2026-01-15 09:30:00,988.2427777777779,1768469850.6992333,163.9679851767389,163.67887102397034
2026-01-15 09:45:00,988.2467777777778,1768470750.7601562,164.10978677309006,163.82173315935273
2026-01-15 10:00:00,988.3256222222221,1768471650.7887502,163.94433637400226,163.68238202500135
2026-01-15 10:15:00,988.3675444444445,1768472550.8898563,164.28368985176738,164.03494611768608
2026-01-15 10:30:00,988.3197111111111,1768473450.9476857,164.33509122006842,164.07057282299235
2026-01-15 10:45:00,988.2774444444444,1768474350.9807205,165.77031242873434,165.4894938892764
2026-01-15 11:00:00,988.3215205327414,1768475250.4386835,164.35365450399087,164.08970004076014
2026-01-15 11:15:00,988.3371000000001,1768476150.5699162,164.60100114025087,164.34177006924367
2026-01-15 11:30:00,988.3240711902114,1768477050.4339073,163.9516792237443,163.6892053669727
2026-01-15 11:45:00,988.2848444444445,1768477950.3492236,164.92247662485747,164.64553107364605
2026-01-15 12:00:00,988.2652719200888,1768478850.3162458,164.0808700114025,163.7989256830313
2026-01-15 12:15:00,988.3506777777777,1768479750.3446383,163.48356442417332,163.2305257661551
2026-01-15 12:30:00,988.3732000000001,1768480650.36444,164.2167867730901,163.96999901008144
2026-01-15 12:45:00,988.3409788654061,1768481550.4665754,163.7696738882554,163.5130205644347
2026-01-15 13:00:00,988.2255888888889,1768482450.633452,164.56046294184722,164.26465696037948
2026-01-15 13:15:00,988.2272555555556,1768483350.6452942,164.82756670467504,164.53182902883296
2026-01-15 13:30:00,988.1857000000001,1768484250.6646137,163.6679361459521,163.3607014541629
2026-01-15 13:45:00,988.1764888888888,1768485150.333608,164.01272291904218,163.70182522015142
2026-01-15 14:00:00,988.1002666666667,1768486050.3878129,163.59844355758267,163.2634406528085
2026-01-15 14:15:00,988.1051555555555,1768486950.4617312,164.53475256556442,164.19943786502526
2026-01-15 14:30:00,988.0824222222222,1768487850.499847,163.77887115165336,163.43766576989876
2026-01-15 14:45:00,988.1467777777777,1768488750.5273266,163.9815062713797,163.66094236001396
2026-01-15 15:00:00,988.139578246393,1768489650.457989,164.89053986332573,164.56582929102302
2026-01-15 15:15:00,988.0903222222222,1768490550.9578319,164.3670456100342,164.02720647636727
2026-01-15 15:30:00,988.0789111111111,1768491450.950587,163.85005245153934,163.507550585284
2026-01-15 15:45:00,988.0686095661846,1768492350.9081774,164.46483447488586,164.1176661410181
2026-01-15 16:00:00,988.0835555555554,1768493250.536351,164.39173204104904,164.0496217134071
2026-01-15 16:15:00,988.1003666666667,1768494150.606208,164.99571721778793,164.65788602705555
2026-01-15 16:30:00,988.0513222222222,1768495050.5894816,165.1826362599772,164.82825373648518
2026-01-15 16:45:00,988.0411333333333,1768495950.6660721,165.2241904218928,164.8663591039186
2026-01-15 17:00:00,988.047025527192,1768496851.111218,164.5606104783599,164.20615135426178
2026-01-15 17:15:00,987.9905222222222,1768497750.7788832,164.8432930444698,164.46963782330843
2026-01-15 17:30:00,988.0213904338154,1768498650.7647078,164.96045205479453,164.59669256320427
2026-01-15 17:45:00,987.9921555555555,1768499550.3683195,164.469496009122,164.0972241349338
2026-01-15 18:00:00,987.9801666666666,1768500450.4043252,163.99790763968073,163.62277983422672
2026-01-15 18:15:00,987.9668444444444,1768501350.49594,165.46649030786773,165.08360465591727
2026-01-15 18:30:00,987.8666666666667,1768502250.6126862,165.0184378563284,164.60360643642085
2026-01-15 18:45:00,987.8225333333332,1768503150.429348,164.27136488027367,163.8439488914562
2026-01-15 19:00:00,987.809388888889,1768504050.4971175,164.81974914481188,164.38658472310436
2026-01-15 19:15:00,987.7758111111111,1768504950.6864967,164.30121436716078,163.858408339916
2026-01-15 19:30:00,987.8144,1768505850.8029017,164.19302166476623,163.76314561419383
2026-01-15 19:45:00,987.8141666666667,1768506750.9021783,164.3515849486887,163.92121726477507
2026-01-15 20:00:00,987.782641509434,1768507650.3428214,164.72359407069555,164.28189389972104
2026-01-15 20:15:00,987.7899666666667,1768508550.3651419,163.76318015963514,163.32644806902334
2026-01-15 20:30:00,987.8260111111111,1768509450.46174,164.81302736602052,164.38534541853215
2026-01-15 20:45:00,987.7831222222221,1768510350.5316281,163.68946978335234,163.25069953138922
2026-01-15 21:00:00,987.7478642936596,1768511250.7862985,164.3018928164196,163.84992653677608
2026-01-15 21:15:00,987.8013111111111,1768512150.6676993,163.75545091324202,163.32244499815283
2026-01-15 21:30:00,987.8214555555555,1768513050.631638,164.46276423690205,164.03449666219907
2026-01-15 21:45:00,987.8331666666667,1768513952.7482247,163.97136107986503,163.54820375602543
2026-01-15 22:00:00,987.8032666666666,1768514849.9937024,163.56503893214682,163.13317453950435
2026-01-15 22:15:00,987.8469222222222,1768515750.378627,164.26287082405344,163.84346866122806
2026-01-15 22:30:00,987.7889777777777,1768516650.1974893,163.7142416481069,163.27731714267156
2026-01-15 22:45:00,987.6958444444443,1768517549.9691317,164.61106013363028,164.14116530209074
2026-01-15 23:00:00,987.69025527192,1768518449.7025,163.70400778642934,163.23487749904285
2026-01-15 23:15:00,987.6478,1768519350.0032883,164.17199331848553,163.6876225192052
2026-01-15 23:30:00,987.6426222222223,1768520249.8387005,164.4629131403118,163.97598594395149
2026-01-15 23:45:00,987.6203337041156,1768521150.1739945,163.6315501113586,163.1398118894736
2026-01-16 00:00:00,987.545611111111,1768522050.0847194,164.0743118040089,163.55679841179136
2026-01-16 00:15:00,987.4845555555555,1768522949.8984919,162.9017795100223,162.3681362849917
2026-01-16 00:30:00,987.4709222222223,1768523849.7186623,163.66290645879732,163.12232202674775
2026-01-16 00:45:00,987.4510333333333,1768524747.681595,163.5312460496614,162.9846132019811
2026-01-16 01:00:00,987.5326637069921,1768525650.2038822,163.75518129988598,163.2344475105949
2026-01-16 01:15:00,987.5146222222222,1768526550.2764423,163.95840820980615,163.43113098156726
2026-01-16 01:30:00,987.4946555555555,1768527450.4736607,163.86221322690992,163.32872296353494
2026-01-16 01:45:00,987.395172413793,1768528350.4122896,163.17845091324202,162.6148287046647
2026-01-16 02:00:00,987.3104444444444,1768529250.274316,163.07252565564426,162.48173348774063
2026-01-16 02:15:00,987.2054333333333,1768530150.3545353,164.01985404789056,163.39131041314175
2026-01-16 02:30:00,987.1283777777778,1768531050.3895245,163.14268529076398,162.49245924810833
2026-01-16 02:45:00,987.0371666666666,1768531950.4950857,164.20299315849485,163.51870895598478
2026-01-16 03:00:00,986.9779134295227,1768532850.0111084,163.02418223234622,162.32557272509578
2026-01-16 03:15:00,986.9669076751946,1768533750.5755308,163.60066552511415,162.89599998083466
2026-01-16 03:30:00,986.9121666666666,1768534650.5031495,163.6495062713797,162.92679182853436
2026-01-16 03:45:00,986.930788888889,1768535550.631314,163.34145381984035,162.62615661663537
2026-01-16 04:00:00,986.9468555555555,1768536450.674214,163.09188369441276,162.38289721687983
2026-01-16 04:15:00,986.9366555555556,1768537350.6423178,162.75383808437857,162.04301543389303
2026-01-16 04:30:00,986.9392,1768538250.6508589,163.3588449258837,162.6462076120008
2026-01-16 04:45:00,986.861088888889,1768539150.6851711,164.14190421892818,163.4003221284214
2026-01-16 05:00:00,986.8875999999999,1768540050.749523,163.95805815279363,163.22596104019604
2026-01-16 05:15:00,986.8238777777779,1768540950.7988806,164.07793728620297,163.32448877028992
2026-01-16 05:30:00,986.8315333333334,1768541850.73042,163.63637628278224,162.88744939081246
2026-01-16 05:45:00,986.7867888888889,1768542750.5211601,164.55584150513113,163.7880485613016
2026-01-16 06:00:00,986.7214,1768543650.5172195,163.81540136830102,163.02974114594798
2026-01-16 06:15:00,986.686588888889,1768544550.5764894,163.59028620296468,162.79437113463914
2026-01-16 06:30:00,986.6433555555556,1768545450.6329854,164.44177537058152,163.6275686137885
2026-01-16 06:45:00,986.6525777777778,1768546350.6824312,163.63245724059294,162.82526088492568
2026-01-16 07:00:00,986.6205666666667,1768547250.7515626,164.31696351197266,163.49592279017986
2026-01-16 07:15:00,986.6456555555555,1768548150.7269068,164.11667502850625,163.3048291537696
2026-01-16 07:30:00,986.7201444444445,1768549050.7276132,163.58153249714937,162.79658511129875
2026-01-16 07:45:00,986.7204666666667,1768549950.7855012,164.40191448118586,163.61313592489532
2026-01-16 08:00:00,986.7711444444445,1768550850.8861113,164.05096123147092,163.28041504079323
2026-01-16 08:15:00,986.8138666666667,1768551750.982139,163.62208437856327,162.867468145217
2026-01-16 08:30:00,986.8885444444444,1768552651.056427,163.82258608893957,163.09140194049985
2026-01-16 08:45:00,986.8540777777777,1768553551.0271385,164.16505245153934,163.42107423618853
2026-01-16 09:00:00,986.7420444444444,1768554450.9014182,164.19531698973776,163.41458175567098
2026-01-16 09:15:00,986.6897777777777,1768555350.847651,164.76623831242875,163.96564762283347
2026-01-16 09:30:00,986.5784333333334,1768556250.8294518,163.1396111744584,162.3107753515434
2026-01-16 09:45:00,986.5986,1768557150.9290764,164.2059236031927,163.3782598040411
2026-01-16 10:00:00,986.6419444444443,1768558051.0027807,163.84446408209806,163.0327546998754
2026-01-16 10:15:00,986.6403555555556,1768558951.0689642,163.71373660205242,162.9021571951633
2026-01-16 10:30:00,986.6851222222223,1768559850.6085777,163.93419520547945,163.13612838491795
2026-01-16 10:45:00,986.6295777777777,1768560750.6383822,163.86497038724372,163.04912661552288
2026-01-16 11:00:00,986.6819422863485,1768561650.5164866,163.20030102622576,162.40477408310534
2026-01-16 11:15:00,986.6236,1768562550.4801567,163.66247434435576,162.84569182875262
2026-01-16 11:30:00,986.6767519466074,1768563450.8774955,164.20263397947548,163.40052490363675
2026-01-16 11:45:00,986.6065777777777,1768564350.648523,163.20030365296802,162.38029942943635
2026-01-16 12:00:00,986.5906888888888,1768565250.3040292,163.6607993158495,162.8333067568781
2026-01-16 12:15:00,986.5272,1768566150.4113739,164.35377993158497,163.50202112141096
2026-01-16 12:30:00,986.5365555555555,1768567050.44879,164.51420524515396,163.6646773546486
2026-01-16 12:45:00,986.5592222222222,1768567950.4599705,164.19057696693272,163.35012528452634
2026-01-16 13:00:00,986.5549389567148,1768568850.4112332,164.08759339407746,163.2462703993379
2026-01-16 13:15:00,986.5717888888888,1768569750.9021776,164.0841220068415,163.24831816435469
2026-01-16 13:30:00,986.5706006674083,1768570650.6830094,163.92368607305937,163.08831188091725
2026-01-16 13:45:00,986.5527888888889,1768571550.708489,164.95721208665907,164.1107246137123
2026-01-16 14:00:00,986.6305660377359,1768572450.254669,164.5756214367161,163.75656317431597
2026-01-16 14:15:00,986.6797888888889,1768573350.2844725,163.03867274800456,162.2432349190894
2026-01-16 14:30:00,986.6961222222221,1768574250.3241174,164.0680638540479,163.2729372973036
2026-01-16 14:45:00,986.7000777777778,1768575150.394518,163.56730216647662,162.77589019483784
2026-01-16 15:00:00,986.6874666666668,1768576050.6057649,164.35044469783352,163.55111835669564
2026-01-16 15:15:00,986.6761512791991,1768576950.9573457,164.1818802736602,163.3796763032352
2026-01-16 15:30:00,986.6894,1768577850.9933007,164.73163740022807,163.93109097559477
2026-01-16 15:45:00,986.7517777777778,1768578751.0636008,164.88537856328395,164.10455668077353
2026-01-16 16:00:00,986.7789777777778,1768579650.6438894,164.19249543378993,163.42384474482233
2026-01-16 16:15:00,986.8638111111111,1768580550.20825,164.81921322690994,164.07546439714906
2026-01-16 16:30:00,987.0407444444444,1768581450.27169,164.49729760547322,163.81295911466094
2026-01-16 16:45:00,987.0963555555555,1768582350.3071494,164.78051197263397,164.11324728388834
2026-01-16 17:00:00,987.1791777777778,1768583250.7647188,165.1915159453303,164.5498414406305
2026-01-16 17:15:00,987.2285777777778,1768584150.5869725,164.59417922374428,163.97102456732472
2026-01-16 17:30:00,987.2748777777778,1768585050.1769528,164.2048392246294,163.5983071138863
2026-01-16 17:45:00,987.3569,1768585950.2069366,163.6740889395667,163.0962701318966
2026-01-16 18:00:00,987.4773888888889,1768586850.295514,163.8924857468643,163.3532556946622
2026-01-16 18:15:00,987.5586666666667,1768587750.2603674,164.68426795895098,164.16911726156724
2026-01-16 18:30:00,987.6670666666666,1768588650.2694836,164.71041391106044,164.2307828006147
2026-01-16 18:45:00,987.7111666666667,1768589550.3509219,164.846992018244,164.3814610025038
2026-01-16 19:00:00,987.7713222222222,1768590450.3968577,164.25650627137972,163.81235005885412
2026-01-16 19:15:00,987.9022,1768591350.3892388,164.4531881413911,164.05143584831146
2026-01-16 19:30:00,988.0027666666667,1768592250.47665,163.97026339794755,163.60259349586732
2026-01-16 19:45:00,988.0950222222222,1768593150.456817,164.77295324971493,164.4338205472972
2026-01-16 20:00:00,988.243629300777,1768594050.1415017,164.29926537585422,164.0098464141924
2026-01-16 20:15:00,988.3457111111112,1768594950.6458473,163.35534321550742,163.10088287384926
2026-01-16 20:30:00,988.445617352614,1768595850.105484,163.19857534246574,162.97692076977665
2026-01-16 20:45:00,988.5587333333334,1768596750.5120142,163.83530330672747,163.6498025651432
2026-01-16 21:00:00,988.647688888889,1768597650.6737528,163.53266704675028,163.37657288391958
2026-01-16 21:15:00,988.7101555555555,1768598550.6916826,163.5399851767389,163.40429739702634
2026-01-16 21:30:00,988.8664888888889,1768599450.7508667,164.09290763968073,164.00803293380176
2026-01-16 21:45:00,989.0551333333334,1768600350.8042886,164.12047662485747,164.09748814036968
2026-01-16 22:00:00,989.1891120976693,1768601250.3177648,163.08449714937285,163.10535322765043
2026-01-16 22:15:00,989.4206222222222,1768602150.4441442,163.26711630558722,163.3636188927726
2026-01-16 22:30:00,989.6592333333334,1768603050.5148866,162.72284948688713,162.89674977604096
2026-01-16 22:45:00,989.7709899888765,1768603951.0841904,162.9625188141391,163.17314252926923
2026-01-16 23:00:00,989.9545061043285,1768604850.6472678,162.9942850627138,163.26486230574298
2026-01-16 23:15:00,990.0726333333333,1768605750.7530613,162.8797833523375,163.18872002647703
2026-01-16 23:30:00,990.1735150166853,1768606650.5675685,163.78783333333334,164.13160472491012
2026-01-16 23:45:00,990.3090222222222,1768607550.5407999,163.14014481185862,163.52686891462218
2026-01-17 00:00:00,990.5350333333332,1768608450.5546384,162.21635689851766,162.67440699012727
2026-01-17 00:15:00,990.7566,1768609350.6051626,163.04917445838083,163.582048775575
2026-01-17 00:30:00,990.8907222222223,1768610250.6865344,161.27626339794753,161.84675218957625
2026-01-17 00:45:00,991.0569555555556,1768611150.7811258,163.22143899657922,163.85327523097345
2026-01-17 01:00:00,991.1694666666667,1768612050.7871196,163.10895895096922,163.77720913637248
2026-01-17 01:15:00,991.3615333333333,1768612950.9039881,162.33914937286204,163.0668730746024
2026-01-17 01:30:00,991.6424666666667,1768613851.0483966,162.61015165336374,163.43089076460475
2026-01-17 01:45:00,991.8935444444444,1768614751.0970058,162.72099543899657,163.6244383043449
2026-01-17 02:00:00,992.0224306326304,1768615650.5679414,161.5813249714937,162.52032812724744
2026-01-17 02:15:00,992.098765294772,1768616550.229265,161.99471461187215,162.9609973594819
2026-01-17 02:30:00,992.2027444444444,1768617450.2741413,161.86961687571267,162.8690198703318
2026-01-17 02:45:00,992.2251333333334,1768618350.3508685,162.6310661345496,163.64249779422872
2026-01-17 03:00:00,992.3282111111112,1768619250.4689426,161.97935461801598,163.02033725156372
2026-01-17 03:15:00,992.4115555555555,1768620150.5240824,162.35141619156215,163.42202829614726
2026-01-17 03:30:00,992.5371111111111,1768621050.5597665,162.84481527936146,163.95984803140195
2026-01-17 03:45:00,992.6261999999999,1768621950.5874417,163.1644709236032,164.31096637996498
2026-01-17 04:00:00,992.7892111111111,1768622850.697276,162.33061117445837,163.52455135955563
2026-01-17 04:15:00,992.8576444444444,1768623750.7637942,162.39329874572408,163.61009123282238
2026-01-17 04:30:00,992.9729222222222,1768624650.7681007,162.46842189281642,163.72352028425087
2026-01-17 04:45:00,993.1282555555555,1768625550.6636155,162.26711516533638,163.57146673503684
2026-01-17 05:00:00,993.2335072142065,1768626450.1691692,162.32329418472065,163.6625452210327
2026-01-17 05:15:00,993.3312555555556,1768627350.1678958,161.31498061573546,162.67771238882705
2026-01-17 05:30:00,993.4612555555556,1768628250.238329,161.27966818700114,162.68439409742172
2026-01-17 05:45:00,993.551190211346,1768629150.5724742,162.41973888255416,163.86386609756408
2026-01-17 06:00:00,993.6633333333333,1768630050.8898463,161.829417331813,163.3049187438171
2026-01-17 06:15:00,993.7760777777778,1768630950.9242904,160.72490193842646,162.22690902476927
2026-01-17 06:30:00,993.9397777777777,1768631850.933295,161.63100114025087,163.1948971727818
2026-01-17 06:45:00,994.1142888888888,1768632750.6924524,162.28118358038768,163.90856834558232
2026-01-17 07:00:00,994.2966555555556,1768633650.7370849,161.59465564424175,163.2746966497996
2026-01-17 07:15:00,994.3554666666666,1768634550.8679028,161.83125085518816,163.53298563729686
2026-01-17 07:30:00,994.4546,1768635450.9361315,161.35379817559863,163.08284299569428
2026-01-17 07:45:00,994.5902444444444,1768636351.0007684,161.2839817559863,163.0565078521518
2026-01-17 08:00:00,994.7033,1768637251.0176194,160.66653705815278,162.46900927444818
2026-01-17 08:15:00,994.8022666666667,1768638151.095198,160.84758152793614,162.68428228637734
2026-01-17 08:30:00,994.9703666666667,1768639050.7007349,160.7793789954338,162.6699814121445
2026-01-17 08:45:00,995.1252333333333,1768639950.2225451,161.73325769669327,163.68576784713068
2026-01-17 09:00:00,995.2434666666667,1768640850.3012345,160.76176624857467,162.7410264346784
2026-01-17 09:15:00,995.413411111111,1768641750.3945563,161.19325313568987,163.23329744097623
2026-01-17 09:30:00,995.5852333333333,1768642650.5040584,161.37844127708098,163.47699761388023
2026-01-17 09:45:00,995.7850555555556,1768643550.5140092,161.20263283922463,163.36417751460075
2026-01-17 10:00:00,995.8409988901221,1768644450.4202867,161.62442141230068,163.80994891884146
2026-01-17 10:15:00,995.9629666666666,1768645350.9196947,160.5750148232611,162.78605644453543
2026-01-17 10:30:00,995.9908222222222,1768646250.9381778,161.5073990877993,163.7404011027482
2026-01-17 10:45:00,996.0128142380423,1768647150.7812166,161.80894520547946,164.05333196664452
2026-01-17 11:00:00,996.0749833518313,1768648050.5650094,161.11416059225513,163.3692220523761
2026-01-17 11:15:00,996.1864999999999,1768648950.6410081,161.04582762557075,163.3363580359816
2026-01-17 11:30:00,996.2533111111111,1768649850.2763374,160.6672668187001,162.9741885344587
2026-01-17 11:45:00,996.2780533926584,1768650750.7975395,162.0340661345496,164.36874638901162
2026-01-17 12:00:00,996.3767999999999,1768651650.956642,161.33352907639681,163.6904401481842
2026-01-17 12:15:00,996.4352666666667,1768652551.0698097,161.39307981755985,163.77000991582236
2026-01-17 12:30:00,996.4518111111112,1768653451.1173847,161.19087115165337,163.5702354726592
2026-01-17 12:45:00,996.3841777777778,1768654350.6341817,161.4880799086758,163.8496664785764
2026-01-17 13:00:00,996.5157491675916,1768655250.617439,160.84862528473803,163.24381130897623
2026-01-17 13:15:00,996.588788888889,1768656150.3339581,161.540251995439,163.96968783754744
2026-01-17 13:30:00,996.7166555555556,1768657050.4535508,160.0716944127708,162.52060094763453
2026-01-17 13:45:00,996.7578333333335,1768657950.5317357,159.9079258836944,162.36769828623736
2026-01-17 14:00:00,996.7831034482758,1768658850.39411,160.73208219178082,163.21278072367457
2026-01-17 14:15:00,996.9427000000001,1768659750.3390064,162.77233751425314,165.3372909349364
2026-01-17 14:30:00,997.0526333333333,1768660650.3880608,160.9255575826682,163.49735326004105
2026-01-17 14:45:00,997.0283777777778,1768661550.4377444,161.23283580387684,163.8015957890146
2026-01-17 15:00:00,997.0143222222223,1768662450.437233,162.3927537058153,164.97535578603848
2026-01-17 15:15:00,997.0705222222222,1768663350.4813306,160.85884150513112,163.43541822595864
2026-01-17 15:30:00,997.0965444444445,1768664250.3579457,160.40672862029646,162.98454578555103
2026-01-17 15:45:00,997.1977111111112,1768665150.2396958,160.8741140250855,163.49251894988274
2026-01-17 16:00:00,997.2407111111112,1768666050.3262696,160.25439566704677,162.87672078279292
2026-01-17 16:15:00,997.3924888888889,1768666950.3026595,161.37345267958952,164.06388444634806
2026-01-17 16:30:00,997.4368777777778,1768667850.5112104,161.4858359908884,164.19271743921763
2026-01-17 16:45:00,997.4977888888889,1768668750.9991682,161.28061573546182,164.00403532999752
2026-01-17 17:00:00,997.6422222222222,1768669651.0350597,161.123661345496,163.89176660511094
2026-01-17 17:15:00,997.6690444444445,1768670551.1145318,161.39549144811858,164.17707370186
2026-01-17 17:30:00,997.5769111111111,1768671451.115716,161.44784378563284,164.20006892233684
2026-01-17 17:45:00,997.6260555555555,1768672350.9742155,160.45617331813,163.20753400138332
2026-01-17 18:00:00,997.6667222222221,1768673251.0375245,161.55888825541618,164.342523301742
2026-01-17 18:15:00,997.6717,1768674151.0333812,161.2771163055872,164.05752973984053
2026-01-17 18:30:00,997.7170555555556,1768675051.1085691,160.26850171037628,163.0463160960441
2026-01-17 18:45:00,997.7452888888889,1768675951.017489,160.5725655644242,163.36487447152717
2026-01-17 19:00:00,997.7779888888889,1768676850.9732704,161.57410604332955,164.39458249405143
2026-01-17 19:15:00,997.8451444444445,1768677751.0486937,160.99040478905357,163.82269374076134
2026-01-17 19:30:00,997.9101555555555,1768678651.1279275,161.29142417331812,164.15035073645473
2026-01-17 19:45:00,997.9438290788014,1768679550.6547945,160.59708333333336,163.4547103711079
2026-01-17 20:00:00,998.0320912124583,1768680450.2633069,160.64477080957812,163.53211122554995
2026-01-17 20:15:00,998.1250111111111,1768681350.4375813,160.64337742303306,163.56108612990482
2026-01-17 20:30:00,998.1260555555555,1768682250.4888873,159.7485553021665,162.65035143027953
2026-01-17 20:45:00,998.2344222222222,1768683150.478205,160.2437856328392,163.18994237479805
2026-01-17 21:00:00,998.2916093229744,1768684050.517473,160.3122027334852,163.2782911120021
2026-01-17 21:15:00,998.3337333333334,1768684951.0586562,159.9615803876853,162.93490793433105
2026-01-17 21:30:00,998.413448275862,1768685850.8407133,160.48901940639269,163.49821528709154
2026-01-17 21:45:00,998.4411888888889,1768686750.8541749,160.34845496009123,163.36407862192698
2026-01-17 22:00:00,998.4698,1768687650.8850744,159.92914709236032,162.9462088385755
2026-01-17 22:15:00,998.5317888888889,1768688550.9261582,160.23669327251994,163.27979868612448
2026-01-17 22:30:00,998.5398666666666,1768689450.9639273,160.3824503990878,163.43096422879717
2026-01-17 22:45:00,998.4477888888889,1768690350.8765814,160.98929190421893,164.0191326259746
2026-01-17 23:00:00,998.4114444444444,1768691250.7861269,159.7681550741163,162.76318232709326
2026-01-17 23:15:00,998.3226,1768692150.8693817,159.78588483466362,162.752322602384
2026-01-17 23:30:00,998.3378888888889,1768693050.9258633,159.58314253135688,162.55078673779798
2026-01-17 23:45:00,998.2576333333334,1768693950.9635298,159.94524857468645,162.89347827531364
2026-01-18 00:00:00,998.2484666666667,1768694850.843424,160.52410034207526,163.48000270785218
2026-01-18 00:15:00,998.2736888888888,1768695750.860552,160.32982668187,163.29038856363064
2026-01-18 00:30:00,998.1740666666666,1768696650.9734209,159.76786545039909,162.6856330289859
2026-01-18 00:45:00,998.1929444444445,1768697551.0063872,159.81952109464083,162.74437642502548
2026-01-18 01:00:00,998.1665704772474,1768698451.6082146,160.20886446469248,163.132240048245
2026-01-18 01:15:00,998.1107888888889,1768699350.713983,159.59642694063928,162.49049823941814
2026-01-18 01:30:00,998.0643555555555,1768700250.313272,160.04605929304446,162.9331523218176
2026-01-18 01:45:00,998.1027586206897,1768701150.874152,159.56499315849487,162.45588529736568
2026-01-18 02:00:00,998.035205327414,1768702050.404002,160.0161220068415,162.89317796932403
2026-01-18 02:15:00,997.9736777777778,1768702950.537219,160.36726795895098,163.23054986380382
2026-01-18 02:30:00,997.8916685205784,1768703850.3242881,159.2863173515982,162.10370920322717
2026-01-18 02:45:00,997.7458888888889,1768704750.4370663,159.96013454960092,162.74198875473033
2026-01-18 03:00:00,997.6723418423973,1768705650.405767,160.25597266514808,163.01899087355417
2026-01-18 03:15:00,997.6047888888888,1768706550.9795194,160.47425199543898,163.2189802809416
2026-01-18 03:30:00,997.5825555555556,1768707450.9964929,160.22356214367161,162.95675636150614
2026-01-18 03:45:00,997.555595105673,1768708350.8523388,160.5297705479452,163.25938493091067
2026-01-18 04:00:00,997.5268222222222,1768709250.5506864,160.62326795895098,163.34507206427983
2026-01-18 04:15:00,997.5265555555555,1768710150.5673313,161.24674002280503,163.97902157300157
2026-01-18 04:30:00,997.5552444444444,1768711050.6458535,160.27249714937287,162.99762259576218
2026-01-18 04:45:00,997.5738111111111,1768711950.7379296,161.51704903078675,164.26943544582568
2026-01-18 05:00:00,997.5169444444443,1768712850.8224418,160.77045610034207,163.49152445017583
2026-01-18 05:15:00,997.5167333333334,1768713750.8600206,161.1817605473204,163.9097210911844
2026-01-18 05:30:00,997.503111111111,1768714650.9070485,162.0746031927024,164.8131845677737
2026-01-18 05:45:00,997.4973555555556,1768715551.000268,160.59903990877993,163.3108087294045
2026-01-18 06:00:00,997.4546888888889,1768716450.6217701,160.2596712328767,162.95180388532728
2026-01-18 06:15:00,997.3136666666667,1768717350.2040045,161.59779019384263,164.26606446076312
2026-01-18 06:30:00,997.1765777777778,1768718250.2555726,161.36598403648802,163.98546342675087
2026-01-18 06:45:00,997.0934666666667,1768719150.3113244,161.50857810718355,164.10309240152776
2026-01-18 07:00:00,996.9703218645949,1768720050.6664135,161.0382687927107,163.58493368992114
2026-01-18 07:15:00,996.8423025583983,1768720951.1060596,160.53552337514253,163.03248988167869
2026-01-18 07:30:00,996.7547,1768721851.117265,161.30463854047892,163.78486938865277
2026-01-18 07:45:00,996.6713555555555,1768722750.6580255,160.07321461187215,162.507420564691
2026-01-18 08:00:00,996.4711431742509,1768723650.0098672,161.5211230068337,163.9116996086178
2026-01-18 08:15:00,996.322188888889,1768724550.547812,160.52926453819842,162.85663762616488
2026-01-18 08:30:00,996.1529032258065,1768725450.5239952,160.15338356164384,162.4203069119033
2026-01-18 08:45:00,996.0028333333335,1768726350.254106,161.21533181299884,163.44822204686506
2026-01-18 09:00:00,995.8566222222222,1768727250.239545,160.93270353477766,163.11397414003298
2026-01-18 09:15:00,995.7699222222222,1768728150.3063593,160.90762485746865,163.06027844424986
2026-01-18 09:30:00,995.6748222222222,1768729050.359448,161.44019612314708,163.56886079603885
2026-01-18 09:45:00,995.4839,1768729950.4970603,161.26095324971493,163.32487791569324
2026-01-18 10:00:00,995.3595555555555,1768730850.550917,161.44244925883694,163.46803909078602
2026-01-18 10:15:00,995.1980333333333,1768731750.6662836,161.25688483466362,163.22740819729572
2026-01-18 10:30:00,995.0687777777778,1768732650.680848,162.0359007981756,163.9735490992259
2026-01-18 10:45:00,995.0061444444445,1768733550.6720512,160.66533979475483,162.56623332710137
2026-01-18 11:00:00,994.8487458379578,1768734451.0108418,161.45335535307518,163.31215389744338
2026-01-18 11:15:00,994.6853222222221,1768735350.6892056,161.9129338654504,163.7235021779784
2026-01-18 11:30:00,994.590789766407,1768736250.6980774,161.5510593607306,163.3266987960125
2026-01-18 11:45:00,994.4081333333334,1768737150.5111272,161.9666259977195,163.6870251076341
2026-01-18 12:00:00,994.2085571587126,1768738050.936575,162.02518451025057,163.68085898477375
2026-01-18 12:15:00,993.9818353726363,1768738950.2701764,161.7624703196347,163.34137732401652
2026-01-18 12:30:00,993.7886111111111,1768739850.3425775,162.0619486887115,163.58055111819726
2026-01-18 12:45:00,993.5800777777778,1768740750.4553683,162.3726488027366,163.82582210961047
2026-01-18 13:00:00,993.3196111111112,1768741650.492213,162.85731698973774,164.22925311242238
2026-01-18 13:15:00,993.0364222222222,1768742550.54778,161.81641847206387,163.08719077542017
2026-01-18 13:30:00,992.7693111111112,1768743450.6162806,161.59877993158494,162.78085869736984
2026-01-18 13:45:00,992.5874666666667,1768744350.6803806,162.45415279361458,163.58298439188155
2026-01-18 14:00:00,992.3278,1768745250.7641847,162.83348118586088,163.87981823576084
2026-01-18 14:15:00,992.1352333333333,1768746150.7805622,162.47864994298746,163.45974099538125
2026-01-18 14:30:00,991.9587444444445,1768747050.819161,162.73004789053593,163.65488022101414
2026-01-18 14:45:00,991.7779888888889,1768747950.898446,162.99620980615737,163.86330568141676
2026-01-18 15:00:00,991.5667333333334,1768748850.9504955,162.26878677309008,163.0631024247096
2026-01-18 15:15:00,991.3659222222223,1768749751.035565,162.70179931584948,163.4325832504869
2026-01-18 15:30:00,991.1816777777778,1768750651.063691,162.19725883694414,162.86575132233463
2026-01-18 15:45:00,990.9911111111111,1768751551.1095998,162.5691220068415,163.17694309271874
2026-01-18 16:00:00,990.7864705882353,1768752450.5229025,162.88051767388828,163.422603557053
2026-01-18 16:15:00,990.6644271412681,1768753350.6015809,163.03949486887115,163.5421864706822
2026-01-18 16:30:00,990.4733777777778,1768754251.1512895,162.01587799315848,162.45332845718485
2026-01-18 16:45:00,990.1999333333333,1768755150.659145,162.86460273972602,163.21505988535728
2026-01-18 17:00:00,990.0028,1768756050.17475,163.10752793614594,163.3940742776301
2026-01-18 17:15:00,989.6988444444444,1768756950.1651316,162.4091299885975,162.59557568145138
2026-01-18 17:30:00,989.3503888888888,1768757850.201964,163.8734298745724,163.94726009398366
2026-01-18 17:45:00,989.1199222222223,1768758750.2213175,162.47567730900798,162.47397086500524
2026-01-18 18:00:00,988.8981555555556,1768759650.2813573,162.97573204104904,162.90175196250118
2026-01-18 18:15:00,988.7060222222223,1768760550.3070545,163.58698631698974,163.44990834932406
2026-01-18 18:30:00,988.5686888888889,1768761450.308094,163.80320296465223,163.6209964117373
2026-01-18 18:45:00,988.3970555555555,1768762350.3585267,163.32760433295326,163.08993386467972
2026-01-18 19:00:00,988.2054162042175,1768763250.4140863,163.96133257403187,163.66000050415914
2026-01-18 19:15:00,987.9719111111111,1768764151.1109896,163.32475598631697,162.94847746118734
2026-01-18 19:30:00,987.8147052280311,1768765050.5830567,162.1229098173516,161.69855226544317
2026-01-18 19:45:00,987.5193111111112,1768765950.4149122,162.94380045610032,162.42130926967585
2026-01-18 20:00:00,987.1831111111111,1768766850.42792,163.0466818700114,162.41461647488637
2026-01-18 20:15:00,986.8526555555555,1768767750.3859715,163.76771151653364,163.02507029079692
2026-01-18 20:30:00,986.5874333333334,1768768650.4372215,163.66440592930445,162.83583488911083
2026-01-18 20:45:00,986.2221000000001,1768769550.438827,165.07680273660205,164.12111961305226
2026-01-18 21:00:00,985.9295227524973,1768770450.3170059,165.32084168564919,164.26759569093798
2026-01-18 21:15:00,985.6796,1768771350.9115279,164.4152314709236,163.2861168141278
2026-01-18 21:30:00,985.3831,1768772251.066546,164.57722805017102,163.3501055494909
2026-01-18 21:45:00,985.1681868743049,1768773151.031308,164.45159589041097,163.15526663926283
2026-01-18 22:00:00,984.9472555555556,1768774050.807199,166.06304218928165,164.68122776476017
2026-01-18 22:15:00,984.7092555555556,1768774950.888632,165.06738084378563,163.61595160877516
2026-01-18 22:30:00,984.4419555555556,1768775851.0488248,165.10827137970352,163.56901522276925
2026-01-18 22:45:00,984.1499888888889,1768776751.127752,165.5241094640821,163.88525056349775
2026-01-18 23:00:00,983.9938222222222,1768777650.9392788,165.6204218928164,163.9294007873033
2026-01-18 23:15:00,983.8084444444445,1768778550.9728668,165.68148004561002,163.92904664989234
2026-01-18 23:30:00,983.5610444444444,1768779450.9986796,165.0493968072976,163.22286637548302
2026-01-18 23:45:00,983.2959777777777,1768780351.0406854,165.16445610034208,163.2500851011479
2026-01-19 00:00:00,982.9890777777778,1768781250.6790915,164.65943721461187,162.65105387322674
2026-01-19 00:15:00,982.8493888888889,1768782150.2099855,165.07703306727478,163.01800625679374
2026-01-19 00:30:00,982.6072555555556,1768783050.2249472,164.68469099201823,162.5518204224293
2026-01-19 00:45:00,982.4184,1768783950.5205731,165.800062642369,163.59094484105347
2026-01-19 01:00:00,982.2625083240844,1768784850.599403,165.503677309008,163.2476027217456
2026-01-19 01:15:00,982.0639666666667,1768785750.554348,165.54563356164385,163.2241605842347
2026-01-19 01:30:00,981.8364777777778,1768786650.4236333,165.84298289623717,163.4429603072294
2026-01-19 01:45:00,981.6005561735261,1768787550.3933432,165.81279566210046,163.33612270704475
2026-01-19 02:00:00,981.3811986681466,1768788450.174226,166.14974116305586,163.59624752538363
2026-01-19 02:15:00,981.1451777777777,1768789350.4473088,166.67893500570125,164.03985643970304
2026-01-19 02:30:00,980.9234555555555,1768790250.6001606,166.00417123287673,163.30334438867808
2026-01-19 02:45:00,980.7676333333334,1768791150.5250535,166.03067730900798,163.27852644521693
2026-01-19 03:00:00,980.4965183537264,1768792050.8158038,166.13358380843783,163.29116178095543
2026-01-19 03:15:00,980.3717555555555,1768792950.6227612,164.9838196347032,162.1206109272908
2026-01-19 03:30:00,980.3206333333334,1768793850.7690792,166.28978791334094,163.38720851469654
2026-01-19 03:45:00,980.2227777777778,1768794750.7502673,166.26262671232874,163.32855307022731
2026-01-19 04:00:00,980.0729666666666,1768795650.6496663,165.95105929304447,162.97364610855882
2026-01-19 04:15:00,979.9645333333334,1768796550.5691776,165.81019292237443,162.79999737241576
2026-01-19 04:30:00,979.8019333333333,1768797450.349295,165.90147206385404,162.83665629784272
2026-01-19 04:45:00,979.6576333333334,1768798350.462735,166.230322690992,163.11235081578852
2026-01-19 05:00:00,979.3986333333332,1768799250.813963,166.04994754846066,162.85098029866177
2026-01-19 05:15:00,979.2703999999999,1768800150.6744304,166.25676141552512,163.01199737276147
2026-01-19 05:30:00,979.0478555555555,1768801050.5262587,166.75617331812998,163.42890588053714
2026-01-19 05:45:00,979.0047888888889,1768801950.926313,166.96731698973775,163.62174273279965
2026-01-19 06:00:00,978.8651942286348,1768802850.437503,166.3694606613455,162.9903543120068
2026-01-19 06:15:00,978.7885317018911,1768803750.4601386,166.763251995439,163.35109967029936
2026-01-19 06:30:00,978.7062666666666,1768804651.1049914,167.10923147092362,163.66307032837614
2026-01-19 06:45:00,978.6047444444445,1768805551.1530375,166.11031927023944,162.6517290187384
2026-01-19 07:00:00,978.4630444444443,1768806450.6956995,166.24807534246577,162.7404896750478
2026-01-19 07:15:00,978.2993111111111,1768807350.18786,166.5725165336374,163.00469829646624
2026-01-19 07:30:00,978.3132444444444,1768808250.37985,166.60722690992017,163.04320861832738
2026-01-19 07:45:00,978.3511888888888,1768809150.469719,166.42464310148233,162.8768906722978
2026-01-19 08:00:00,978.3952777777778,1768810050.5090115,166.2472622576967,162.71763858663036
2026-01-19 08:15:00,978.3996222222222,1768810950.5925348,166.70367502850627,163.16577890406973
2026-01-19 08:30:00,978.4153333333334,1768811850.6242902,167.11595781071836,163.5744517392389
2026-01-19 08:45:00,978.3732444444445,1768812750.6919732,167.0366100342075,163.48302327670817
2026-01-19 09:00:00,978.3725111111111,1768813650.4701698,167.1341881413911,163.57828556308542
2026-01-19 09:15:00,978.3756777777777,1768814550.6618812,167.12422805017104,163.56957331747023
2026-01-19 09:30:00,978.3211555555556,1768815450.7721157,166.83040022805017,163.26419105298953
2026-01-19 09:45:00,978.2544666666668,1768816350.8288727,167.2175370581528,163.6212274563358
2026-01-19 10:00:00,978.327311111111,1768817250.8783672,167.54640022805017,163.96690425676914
2026-01-19 10:15:00,978.3379,1768818150.9135616,167.25282668187,163.68306908354754
2026-01-19 10:30:00,978.3042888888889,1768819050.9037616,167.2974070695553,163.71569226800005
2026-01-19 10:45:00,978.3202333333334,1768819950.929237,167.6954994298746,164.11049498071574
2026-01-19 11:00:00,978.4113984461709,1768820850.3381963,166.9167377423033,163.37816776989752
2026-01-19 11:15:00,978.343788888889,1768821750.4961364,167.14402508551882,163.57851627211477
2026-01-19 11:30:00,978.3301666666666,1768822650.5554104,167.56073660205246,163.9818708615205
2026-01-19 11:45:00,978.2949276974416,1768823550.5343122,166.999700913242,163.42130011738132
2026-01-19 12:00:00,978.2607111111112,1768824450.2108295,166.77063740022803,163.18597716669373
2026-01-19 12:15:00,978.2300333333333,1768825350.290536,167.2458825541619,163.64096654824635
2026-01-19 12:30:00,978.2889222222221,1768826250.3111804,166.9260022805017,163.34721870145268
2026-01-19 12:45:00,978.3734666666667,1768827150.2881746,167.036834663626,163.48331578652858
2026-01-19 13:00:00,978.3224417314095,1768828050.1646466,167.19308656036446,163.61954539625924
2026-01-19 13:15:00,978.3719021134593,1768828950.3607333,166.76296575342465,163.21476240907413
2026-01-19 13:30:00,978.4348333333334,1768829850.3338428,166.5527582668187,163.02954549678114
2026-01-19 13:45:00,978.4837666666666,1768830750.3902833,166.1804754846066,162.681058159419
2026-01-19 14:00:00,978.5700887902332,1768831650.8855872,166.51212756264235,163.0338707605209
2026-01-19 14:15:00,978.6910555555555,1768832550.5359557,165.85829076396806,162.43298513193355
2026-01-19 14:30:00,978.8133222222222,1768833450.6135123,166.21799543899658,162.82507247548597
2026-01-19 14:45:00,978.8562777777777,1768834351.0675628,166.23091448118583,162.8517179789455
2026-01-19 15:00:00,978.90340378198,1768835251.2264915,166.5962910958904,163.22505066196462
2026-01-19 15:15:00,978.9261444444445,1768836150.8354902,167.68384492588368,164.2980690903846
2026-01-19 15:30:00,978.9271111111111,1768837050.7450163,166.85304789053592,163.48436310081163
2026-01-19 15:45:00,978.9868111111111,1768837950.5661635,166.1075929304447,162.77339250961086
2026-01-19 16:00:00,979.0095449500554,1768838850.575349,167.94479043280182,164.58119575605303
2026-01-19 16:15:00,979.0434222222223,1768839750.7168527,167.3311598173516,163.99096567821448
2026-01-19 16:30:00,979.1066333333333,1768840650.326066,167.29122462941848,163.9725561243156
2026-01-19 16:45:00,979.1301557285873,1768841550.7362769,167.38420524515394,164.07141074464627
2026-01-19 17:00:00,979.2359666666666,1768842451.0486157,167.54123261117445,164.26008764425643
2026-01-19 17:15:00,979.3643222222222,1768843350.6283224,168.7623584474886,165.49977900423696
2026-01-19 17:30:00,979.4361666666667,1768844250.1687388,168.00603648802735,164.78175416073583
2026-01-19 17:45:00,979.4200444444446,1768845150.2208014,167.45329646522234,164.2343262999225
2026-01-19 18:00:00,979.4329078801331,1768846050.1751513,168.69727448747153,165.45864789649158
2026-01-19 18:15:00,979.4586444444445,1768846950.7197876,168.107574686431,164.88875619116385
2026-01-19 18:30:00,979.5451835372637,1768847850.5931218,168.21002397260273,165.01780235293432
2026-01-19 18:45:00,979.6384888888888,1768848750.4778464,167.9426795895097,164.78627953759272
2026-01-19 19:00:00,979.6810333333333,1768849650.5326862,167.95146066134552,164.80891838464598
2026-01-19 19:15:00,979.6542111111111,1768850550.6148193,167.5215678449259,164.37825108262376
2026-01-19 19:30:00,979.6580888888889,1768851450.6329715,168.39985860889396,165.24134343590006
2026-01-19 19:45:00,979.6339999999999,1768852350.7294245,167.80685062713798,164.65152520231499
2026-01-19 20:00:00,979.6296555555555,1768853250.759538,167.50700228050172,164.3558869229802
2026-01-19 20:15:00,979.5381222222221,1768854150.7435575,167.80651995438996,164.61963099177405
2026-01-19 20:30:00,979.5695555555556,1768855050.7618234,167.860574686431,164.6830118927189
2026-01-19 20:45:00,979.6376666666666,1768855950.6055286,167.73783238312427,164.5850116825564
2026-01-19 21:00:00,979.6999111111112,1768856850.5806074,167.54191904218928,164.41324710111525
2026-01-19 21:15:00,979.7033777777777,1768857750.63169,167.07880957810718,163.95992251183623
2026-01-19 21:30:00,979.6919333333333,1768858650.7236626,165.65624857468643,162.56019581909572
2026-01-19 21:45:00,979.7272777777778,1768859550.6700292,160.64955986316988,157.65822452054462
2026-01-19 22:00:00,979.7633666666667,1768860450.7385302,157.99199315849486,155.06133395712322
2026-01-19 22:15:00,979.7018111111112,1768861350.850014,157.7945553021665,154.84849371408873
2026-01-19 22:30:00,979.6473444444445,1768862250.83585,159.41040136830102,156.41713158519048
2026-01-19 22:45:00,979.5642777777778,1768863150.860569,158.81905929304446,155.8110056647079
2026-01-19 23:00:00,979.5299112097669,1768864050.387924,155.88448405466968,152.92150052729752
2026-01-19 23:15:00,979.4570077864294,1768864950.7481291,154.7678892694064,151.80399380791368
2026-01-19 23:30:00,979.5045888888889,1768865850.7504745,153.8504629418472,150.91849778397622
2026-01-19 23:45:00,979.5559666666667,1768866750.803178,152.98463283922462,150.08458924622778
2026-01-20 00:00:00,979.5212777777778,1768867650.9379313,153.6625803876853,150.73922700914866
2026-01-20 00:15:00,979.5110222222222,1768868550.9310508,153.06473432155073,150.14967489576316
2026-01-20 00:30:00,979.5007222222223,1768869450.9423046,152.3556442417332,149.4510104432628
2026-01-20 00:45:00,979.4534666666666,1768870350.983208,151.72431698973773,148.81765374879672
2026-01-20 01:00:00,979.4604666666667,1768871250.755085,151.0098734321551,148.1189708165849
2026-01-20 01:15:00,979.4599333333333,1768872150.7804663,150.93166248574687,148.0420992131325
2026-01-20 01:30:00,979.4321666666666,1768873050.8131218,151.6183409350057,148.7073728645529
2026-01-20 01:45:00,979.4139444444445,1768873950.9047265,151.99296009122006,149.06936674086555
2026-01-20 02:00:00,979.3700666666667,1768874850.894153,151.71653021664767,148.78519671035514
2026-01-20 02:15:00,979.3759,1768875750.9325705,152.92734207525658,149.97436401669768
2026-01-20 02:30:00,979.3414888888889,1768876651.0165732,152.23329190421893,149.2834413607328
2026-01-20 02:45:00,979.2778777777778,1768877551.034977,152.4439007981756,149.47095201376257
2026-01-20 03:00:00,979.2583222222222,1768878451.0831985,154.01108437856328,151.00166654661535
2026-01-20 03:15:00,979.1578222222222,1768879350.6670728,154.72798515981734,151.67406934258702
2026-01-20 03:30:00,979.1856222222222,1768880250.243324,153.62776396807297,150.60393691512118
2026-01-20 03:45:00,979.080788888889,1768881150.2976089,155.096582668187,152.0119699421231
2026-01-20 04:00:00,979.0202666666668,1768882050.4250548,155.2477001140251,152.14166489571915
2026-01-20 04:15:00,978.960011111111,1768882950.4877038,156.35965678449259,153.21290971802077
2026-01-20 04:30:00,978.8756333333334,1768883850.5825095,155.61224059293045,152.45480555384125
2026-01-20 04:45:00,978.7876666666666,1768884750.6096683,155.5349623717218,152.35228913481527
2026-01-20 05:00:00,978.7391777777779,1768885650.7705557,154.76996009122007,151.5882395021946
2026-01-20 05:15:00,978.5792666666666,1768886550.8425913,156.14536602052453,152.88646588490923
2026-01-20 05:30:00,978.5056777777777,1768887450.9419732,158.0796259977195,154.75757749094421
2026-01-20 05:45:00,978.4839444444445,1768888351.0687766,156.5740992018244,153.27702680363836
2026-01-20 06:00:00,978.4826526082131,1768889250.5806797,156.90777993158494,153.60328416199064
2026-01-20 06:15:00,978.3493666666666,1768890150.6162677,157.22500342075259,153.87280325768714
2026-01-20 06:30:00,978.2859666666667,1768891050.6743712,157.4009521094641,154.02546887010877
2026-01-20 06:45:00,978.1883537263627,1768891950.488572,156.97042123287673,153.57418619985867
2026-01-20 07:00:00,978.1210222222222,1768892850.40656,157.12989623717218,153.70951040076665
2026-01-20 07:15:00,978.076588888889,1768893750.3625534,156.61275940706957,153.19001645574127
2026-01-20 07:30:00,978.0375111111111,1768894650.3741512,157.27545267958953,153.82620384686098
2026-01-20 07:45:00,977.9556333333334,1768895550.4752316,157.401755986317,153.92452910223864
2026-01-20 08:00:00,977.8526970033297,1768896450.3600624,157.19424031890662,153.6899539319076
2026-01-20 08:15:00,977.6414571746385,1768897350.6640391,158.04641552511416,154.45786274778396
2026-01-20 08:30:00,977.4310333333333,1768898250.626554,157.50175142531356,153.86080003330127
2026-01-20 08:45:00,977.1994,1768899150.6763544,158.351338654504,154.6191009740935
2026-01-20 09:00:00,977.0828333333334,1768900050.774612,157.95207753705816,154.1932983922993
2026-01-20 09:15:00,977.0226555555555,1768900950.8980923,157.20125313568985,153.44187263536782
2026-01-20 09:30:00,976.8132333333333,1768901850.9276245,157.40965108323832,153.58094686230456
2026-01-20 09:45:00,976.5899222222222,1768902751.0406349,157.78858038768527,153.88191696527855
2026-01-20 10:00:00,976.3730521642619,1768903650.5015357,157.70689167616874,153.73555503140108
2026-01-20 10:15:00,976.1348498331479,1768904550.1481483,157.90486529680368,153.85522851785575
2026-01-20 10:30:00,976.0378,1768905450.2955275,157.54899657924744,153.4786933743348
2026-01-20 10:45:00,975.7151222222222,1768906350.3248515,157.85314595210946,153.67577747475292
2026-01-20 11:00:00,975.5707666666666,1768907250.386336,157.98723033067276,153.76191431080213
2026-01-20 11:15:00,975.4284444444445,1768908150.421016,158.27602622576967,153.99914521515004
2026-01-20 11:30:00,975.2639888888889,1768909050.5213678,158.33983124287343,154.01056199814929
2026-01-20 11:45:00,975.1187,1768909950.602043,157.59231470923604,153.238949482335
2026-01-20 12:00:00,975.0520666666666,1768910850.6369545,157.84670923603196,153.46586331113295
2026-01-20 12:15:00,974.8968,1768911750.7414703,158.09687571265678,153.66136233284357
2026-01-20 12:30:00,974.6750222222222,1768912650.8696506,157.8261049030787,153.33016264815856
2026-01-20 12:45:00,974.3513777777778,1768913551.0131867,157.49110376282783,152.90569838031104
2026-01-20 13:00:00,974.1110666666667,1768914451.103652,157.336905359179,152.68258923117443
2026-01-20 13:15:00,973.9130333333333,1768915350.6969595,157.81947260273972,153.0902352964596
2026-01-20 13:30:00,973.6141,1768916250.295541,157.91096579247434,153.08743355106776
2026-01-20 13:45:00,973.4208,1768917150.3535619,159.18708665906502,154.26492381072032
2026-01-20 14:00:00,973.4078333333334,1768918050.401004,157.87545153933866,152.98987766849626
2026-01-20 14:15:00,973.2912333333334,1768918950.467781,158.38818700114027,153.45095721207713
2026-01-20 14:30:00,973.1895555555556,1768919850.4985876,158.62367502850626,153.6478563538587
2026-01-20 14:45:00,973.1739333333333,1768920750.2887275,157.5516488027366,152.6046900752582
2026-01-20 15:00:00,973.1069922308546,1768921650.2872994,157.5140660592255,152.5478625795677
2026-01-20 15:15:00,972.8975999999999,1768922550.8928998,158.32264424173317,153.26674822125287
2026-01-20 15:30:00,972.7538709677419,1768923450.6667166,156.48829223744292,151.44743360973902
2026-01-20 15:45:00,972.5683111111111,1768924350.5189114,157.119661345496,152.00204339938668
2026-01-20 16:00:00,972.382064372919,1768925250.5384383,158.1316560364465,152.92410209718506
2026-01-20 16:15:00,972.257,1768926150.633203,158.154051369863,152.90750856580078
2026-01-20 16:30:00,972.1139777777778,1768927050.2263896,158.22768757126568,152.93494953770158
2026-01-20 16:45:00,971.9001779755283,1768927950.6586726,158.20047206385405,152.84327469393492
2026-01-20 17:00:00,971.8733222222222,1768928850.901267,159.11710376282784,153.72060938899122
2026-01-20 17:15:00,971.7778777777778,1768929750.9409814,158.6517229190422,153.2417571061999
2026-01-20 17:30:00,971.7827333333333,1768930650.9896421,158.3122041049031,152.91530072989823
2026-01-20 17:45:00,971.8909333333334,1768931550.8349013,158.45669099201825,153.08798667831732
2026-01-20 18:00:00,971.8341777777778,1768932450.848058,158.05383124287343,152.68144428059853
2026-01-20 18:15:00,971.8036444444446,1768933350.833802,159.07007753705815,153.65376407113962
2026-01-20 18:30:00,971.8535444444444,1768934250.7269642,159.21275142531357,153.806929099425
2026-01-20 18:45:00,971.6996777777779,1768935150.661955,158.9354937286203,153.49184343311316
2026-01-20 19:00:00,971.6388901220867,1768936050.118789,159.35404903078677,153.87735410297446
2026-01-20 19:15:00,971.5508333333332,1768936950.2346392,159.59032497149371,154.0783720070563
2026-01-20 19:30:00,971.4107222222223,1768937850.783686,158.32351197263398,152.81248491830075
2026-01-20 19:45:00,971.442,1768938750.9045937,158.75950057012543,153.24288323698477
2026-01-20 20:00:00,971.4749555555555,1768939650.7082407,159.1344025085519,153.61488257711304
2026-01-20 20:15:00,971.4080444444444,1768940550.873156,158.80137400228048,153.27289235411484
2026-01-20 20:30:00,971.3561735261402,1768941450.3765318,158.2687694063927,152.74298309650726
2026-01-20 20:45:00,971.4207555555555,1768942350.2026489,158.8675473204105,153.34066013737984
2026-01-20 21:00:00,971.3641777777779,1768943250.2204025,159.18116191562143,153.6259796907786
2026-01-20 21:15:00,971.4820222222223,1768944150.2301764,158.48164766248576,152.98693049981884
2026-01-20 21:30:00,971.4863111111111,1768945050.6511345,158.58047380410022,153.08364335214674
2026-01-20 21:45:00,971.5785000000001,1768945951.0632527,158.53956328392243,153.07237144383245
2026-01-20 22:00:00,971.6942888888889,1768946851.0721366,159.02171037628278,153.5734519116632
2026-01-20 22:15:00,971.6975888888888,1768947750.6792362,158.4709315068493,153.04255340878322
2026-01-20 22:30:00,971.6818777777778,1768948650.2962441,157.52311288483466,152.1224219528821
2026-01-20 22:45:00,971.7704444444445,1768949550.3905928,158.6612565564424,153.24868733595926
2026-01-20 23:00:00,971.7829777777777,1768950450.3726516,158.26144925883693,152.86635086410865
2026-01-20 23:15:00,972.0043888888889,1768951350.3640487,157.6408472063854,152.3343471012605
2026-01-20 23:30:00,972.0297777777778,1768952250.3871455,158.1941778791334,152.87681412610215
2026-01-20 23:45:00,972.1382555555555,1768953150.4128532,158.43033295324972,153.13825193601045
2026-01-21 00:00:00,972.1810444444444,1768954050.446477,157.73142987457243,152.47574243759374
2026-01-21 00:15:00,972.1489666666666,1768954950.497701,158.26229304446977,152.97910221610812
2026-01-21 00:30:00,972.0607666666666,1768955850.5674124,158.53617673888257,153.2168131585829
2026-01-21 00:45:00,972.1911,1768956750.644485,159.18773204104903,153.8866147120907
2026-01-21 01:00:00,972.3400444444445,1768957650.7466013,158.83827594070695,153.5945431576329
2026-01-21 01:15:00,972.3877444444444,1768958550.7320414,158.43402508551884,153.21825417232927
2026-01-21 01:30:00,972.4528999999999,1768959450.7308197,158.77569441277083,153.56868588276114
2026-01-21 01:45:00,972.4963666666667,1768960350.7561212,158.51921208665905,153.33394408080994
2026-01-21 02:00:00,972.727311111111,1768961250.7912858,158.19484378563283,153.09088072990897
2026-01-21 02:15:00,972.7974,1768962150.866717,159.33275256556442,154.21369209308273
2026-01-21 02:30:00,973.1164222222221,1768963050.9239018,158.46855758266818,153.47515479973154
2026-01-21 02:45:00,973.2199333333333,1768963951.040615,158.93145952109467,153.955339404686
2026-01-21 03:00:00,973.3694666666667,1768964850.6561456,159.09461643835616,154.15948497329805
2026-01-21 03:15:00,973.4538777777778,1768965750.185945,158.1715210946408,153.29090086885333
2026-01-21 03:30:00,973.5533888888889,1768966650.230327,158.39991904218928,153.5428066440268
2026-01-21 03:45:00,973.4728,1768967550.2926397,159.42253363740022,154.50915874029957
2026-01-21 04:00:00,973.5635000000001,1768968450.360883,159.67866704675026,154.78547370070078
2026-01-21 04:15:00,973.9130444444444,1768969350.4935462,158.10797833523372,153.37009903968246
2026-01-21 04:30:00,973.9460777777779,1768970250.588116,159.9727605473204,155.18925350181559
2026-01-21 04:45:00,974.1412444444445,1768971150.6764388,159.62863169897378,154.9158718263191
2026-01-21 05:00:00,974.1567555555556,1768972050.7128174,159.1174344355758,154.42455729855342
2026-01-21 05:15:00,974.1622555555556,1768972950.7382085,159.62882326111745,154.92256778670736
2026-01-21 05:30:00,974.2397666666667,1768973850.8508515,159.86673660205244,155.1775209491451
2026-01-21 05:45:00,974.3760444444445,1768974750.8956127,159.14532953249716,154.51938358982332
2026-01-21 06:00:00,974.6105333333333,1768975650.912099,159.346574686431,154.7873538739896
2026-01-21 06:15:00,974.8403999999999,1768976550.868878,158.37613112884836,153.91542041327028
2026-01-21 06:30:00,974.8794111111112,1768977450.9001775,160.17506841505133,155.6758357979838
2026-01-21 06:45:00,975.032688888889,1768978350.9538543,159.80852223489165,155.36720708619586
2026-01-21 07:00:00,975.0947,1768979251.1216784,159.70459977194983,155.28543043212179
2026-01-21 07:15:00,975.3624666666667,1768980150.7323136,159.84350570776255,155.50374786175365
2026-01-21 07:30:00,975.3628555555556,1768981050.4756541,160.4610205245154,156.1046185401352
2026-01-21 07:45:00,975.5561555555556,1768981950.51121,160.25420068415053,155.96369762243862
2026-01-21 08:00:00,975.7098555555556,1768982850.5043147,159.6012668187001,155.37600006810922
2026-01-21 08:15:00,975.7721111111111,1768983750.5277605,160.28083922462943,156.05701116957624
2026-01-21 08:30:00,976.0007555555555,1768984650.6531818,160.34566818700117,156.19154004313796
2026-01-21 08:45:00,976.1990111111112,1768985550.6928456,160.06271379703534,155.97775089737877
2026-01-21 09:00:00,976.2426444444444,1768986450.758015,160.36513340935008,156.28609042534825
2026-01-21 09:15:00,976.3760333333333,1768987350.82057,160.29638768529077,156.26077465771777
2026-01-21 09:30:00,976.6346666666666,1768988250.8974597,161.52210376282784,157.53709979322483
2026-01-21 09:45:00,976.7813444444444,1768989150.9049752,161.11816989737744,157.1892371836192
2026-01-21 10:00:00,976.8390555555555,1768990050.9285152,161.12455416191563,157.21361066236975
2026-01-21 10:15:00,976.9824000000001,1768990951.0465107,160.8724321550741,157.01261568214423
2026-01-21 10:30:00,977.0684333333334,1768991851.0805147,161.00700342075257,157.17099973940427
2026-01-21 10:45:00,977.2691222222222,1768992751.062007,161.46740250855188,157.6837078213124
2026-01-21 11:00:00,977.4368111111112,1768993650.621537,161.32953767123286,157.6019209151314
2026-01-21 11:15:00,977.5205000000001,1768994550.6568217,160.81236332574034,157.12299289295677
2026-01-21 11:30:00,977.6414777777777,1768995450.7238362,160.6437785388128,156.99625731359498
2026-01-21 11:45:00,977.8346333333334,1768996350.2434294,161.38958722919043,157.78607467537938
2026-01-21 12:00:00,977.8596111111111,1768997250.1815195,160.24576168757127,156.6756151338184
2026-01-21 12:15:00,977.9577333333333,1768998150.189188,160.55897035347778,157.01265560095874
2026-01-21 12:30:00,978.0688,1768999050.270504,161.27005131128848,157.74306679939463
2026-01-21 12:45:00,978.2144555555556,1768999950.3191347,160.907496009122,157.43429628109024
2026-01-21 13:00:00,978.3705777777778,1769000850.3242745,161.20529304446976,157.77492199869081
2026-01-21 13:15:00,978.4779505300353,1769001722.1517339,160.57711922141118,157.1938684645409
2026-01-21 13:30:00,,,,
2026-01-21 13:45:00,978.7205255878284,1769003638.5820818,161.11086118980168,157.79289952898512
2026-01-21 14:00:00,978.8808666666667,1769004450.1676393,161.80373888255414,158.52233504111535
2026-01-21 14:15:00,979.0617666666667,1769005350.6199195,161.51714367160776,158.29881417520764
2026-01-21 14:30:00,979.2665666666667,1769006250.608485,160.94879019384265,157.80640976329477
2026-01-21 14:45:00,979.3184777777777,1769007150.6803355,160.93672063854046,157.81095928919638
2026-01-21 15:00:00,979.4333,1769008050.7378664,161.40380273660207,158.30531934158486
2026-01-21 15:15:00,979.6019777777778,1769008950.8208637,160.85189737742303,157.8172405028512
2026-01-21 15:30:00,979.6752555555555,1769009850.8962996,161.02909464082097,158.01425090461387
2026-01-21 15:45:00,979.7918333333333,1769010750.9873972,160.76027366020526,157.7872475705201
2026-01-21 16:00:00,979.9516426193119,1769011650.4696114,160.7192086659065,157.79736892381425
2026-01-21 16:15:00,980.1082666666666,1769012550.5243094,161.14501368301026,158.2650013457989
2026-01-21 16:30:00,980.3334927697442,1769013450.4894989,160.1258196347032,157.33487839802976
2026-01-21 16:45:00,980.5349666666667,1769014350.197475,160.0113979475485,157.28581624923606
2026-01-21 17:00:00,980.6619644839068,1769015250.1468747,159.7790410022779,157.09731416094434
2026-01-21 17:15:00,980.8673971078977,1769016150.264747,159.77901369863014,157.16184639310288
2026-01-21 17:30:00,980.9860666666667,1769017050.3669686,160.37335689851767,157.7838981470333
2026-01-21 17:45:00,981.1103555555555,1769017950.430064,159.94020524515392,157.3968608502161
2026-01-21 18:00:00,981.252974472808,1769018850.406896,160.23341913439637,157.7303963583445
2026-01-21 18:15:00,981.3699,1769019750.92643,160.3300478905359,157.86242764574428
2026-01-21 18:30:00,981.5696333333333,1769020650.936139,160.27121778791334,157.86755322125666
2026-01-21 18:45:00,981.7255888888889,1769021550.9484367,159.78241847206388,157.43518278919802
2026-01-21 19:00:00,981.8406111111111,1769022451.5286047,159.32229418472065,157.0179347688186
2026-01-21 19:15:00,982.0986333333333,1769023350.9881876,159.75138426453822,157.52208612727634
2026-01-21 19:30:00,982.3029555555555,1769024250.9668083,159.70369897377424,157.53943073623057
2026-01-21 19:45:00,982.4276863181314,1769025151.0633032,160.21635958904108,158.08457499204064
2026-01-21 20:00:00,982.5553163152052,1769026050.492065,159.3744908883827,157.29405366627327
2026-01-21 20:15:00,982.7140555555555,1769026951.0465236,159.57485404789054,157.54180952774558
2026-01-21 20:30:00,982.8691111111111,1769027851.1203668,158.69401710376283,156.72078810501452
2026-01-21 20:45:00,983.0410456062292,1769028751.0383186,158.44491438356164,156.52859884920346
2026-01-21 21:00:00,983.1414555555556,1769029650.7866478,159.03310490307868,157.1412294027544
2026-01-21 21:15:00,983.2297333333332,1769030550.8476691,157.97952109464083,156.1277419314208
2026-01-21 21:30:00,983.3722111111111,1769031450.9005466,159.04058266818697,157.2211607832517
2026-01-21 21:45:00,983.5147999999999,1769032350.9924233,159.17238996579246,157.39633974611706
2026-01-21 22:00:00,983.6886459489456,1769033250.5293217,158.68078221208665,156.96478326300482
2026-01-21 22:15:00,983.937988888889,1769034150.5565414,159.43830672748004,157.7927852057197
2026-01-21 22:30:00,984.1145828698553,1769035050.424588,158.67561757990865,157.09344129101694
2026-01-21 22:45:00,984.1692777777778,1769035950.2050133,159.38193044469784,157.8099732733732
2026-01-21 23:00:00,984.3658379578247,1769036850.1924798,159.42646013667425,157.91613162214938
2026-01-21 23:15:00,984.5124888888889,1769037750.8045275,159.00247434435576,157.5423631571778
2026-01-21 23:30:00,984.6052333333333,1769038650.8532534,158.71738996579248,157.2890693621842
2026-01-21 23:45:00,984.5760066740824,1769039550.7911282,159.0857591324201,157.6449083843732
2026-01-22 00:00:00,984.6310222222222,1769040450.5254023,159.21146636259977,157.7868375790575
2026-01-22 00:15:00,984.7461444444446,1769041350.5274265,159.43568529076396,158.04543508432621
2026-01-22 00:30:00,984.7816444444444,1769042250.4842706,158.57517445838087,157.20358880863068
2026-01-22 00:45:00,984.8442555555556,1769043150.482742,159.3674104903079,158.008757415516
2026-01-22 01:00:00,984.9204328523863,1769044050.428288,159.35912528473804,158.0246167860544
2026-01-22 01:15:00,984.9728333333334,1769044951.0336366,159.5478038768529,158.22829695080202
2026-01-22 01:30:00,985.0933926585094,1769045850.7749445,159.6107397260274,158.32888374677876
2026-01-22 01:45:00,985.1998444444445,1769046750.741129,159.6072896237172,158.359172997496
2026-01-22 02:00:00,985.265205327414,1769047650.1816068,159.44811060433295,158.22192044274504
2026-01-22 02:15:00,985.2975555555556,1769048550.1805472,160.04617331813,158.82565968625264
2026-01-22 02:30:00,985.5232703003337,1769049450.690597,159.7927685290764,158.64578858921269
2026-01-22 02:45:00,985.5995666666666,1769050350.8675618,160.29344811858607,159.16716023891865
2026-01-22 03:00:00,985.5729189789123,1769051251.1373963,160.71111047835993,159.5733831806798
2026-01-22 03:15:00,985.6224444444445,1769052151.0357225,159.70873660205245,158.59381352869957
2026-01-22 03:30:00,985.8172666666667,1769053050.5374959,159.68281621004567,158.62987129418389
2026-01-22 03:45:00,985.9023111111111,1769053950.4555976,159.85737742303309,158.83029442537259
2026-01-22 04:00:00,985.9286888888888,1769054850.6088119,160.1396936218679,159.11919094367732
2026-01-22 04:15:00,986.0165406006673,1769055750.9230115,159.73133675799087,158.7413253098946
2026-01-22 04:30:00,986.1863111111111,1769056650.6905777,159.59963740022806,158.66430611742575
2026-01-22 04:45:00,986.2556888888888,1769057550.7245839,159.7729064994299,158.8586007598821
2026-01-22 05:00:00,986.3312652608213,1769058450.20187,160.49352337514253,159.5992159180026
2026-01-22 05:15:00,986.3599,1769059350.2321665,159.5896465222349,158.7094646263543
2026-01-22 05:30:00,986.4078642936597,1769060250.725832,160.00774800456102,159.14052555472048
2026-01-22 05:45:00,986.4021,1769061150.9712415,160.14601710376283,159.2762090120256
2026-01-22 06:00:00,986.4758268590455,1769062050.3755035,160.48156784492588,159.63347407566656
2026-01-22 06:15:00,986.5807786429366,1769062950.5431032,160.60750969213225,159.7922878118599
2026-01-22 06:30:00,986.6322222222221,1769063851.088039,159.48645153933865,158.6932466551284
2026-01-22 06:45:00,986.6676666666666,1769064751.1311488,159.52919726339795,158.7470327854999
2026-01-22 07:00:00,986.8145615982243,1769065650.4876835,159.47930900798175,158.74401966363874
2026-01-22 07:15:00,986.8771,1769066550.5723372,160.03718244013683,159.31924688137283
2026-01-22 07:30:00,986.8438375973304,1769067450.262512,160.56719520547946,159.8362485514337
2026-01-22 07:45:00,986.883288888889,1769068350.200445,160.47831014823262,159.76037313258658
2026-01-22 08:00:00,986.9187680355161,1769069250.163955,159.8659179954442,159.16201412259957
2026-01-22 08:15:00,986.8444111111111,1769070150.7377944,160.1229156214367,159.39417428137122
2026-01-22 08:30:00,986.8651555555556,1769071050.7698312,159.64866476624857,158.9286754442141
2026-01-22 08:45:00,986.8452391546163,1769071950.7410157,160.88165296803655,160.14972373194982
2026-01-22 09:00:00,986.6541333333333,1769072850.4947264,160.0057001140251,159.21688983527864
2026-01-22 09:15:00,986.4971666666665,1769073750.620753,160.6066670467503,159.7647307199408
2026-01-22 09:30:00,986.3904666666666,1769074650.6525617,160.06417787913344,159.19111039477866
2026-01-22 09:45:00,986.3076666666666,1769075550.7582111,160.3852827822121,159.48405109055136
2026-01-22 10:00:00,986.3069589345172,1769076450.2408814,160.2431607753706,159.34250214722098
2026-01-22 10:15:00,986.1542777777778,1769077350.2687414,160.17837856328393,159.22945394943176
2026-01-22 10:30:00,986.0118222222222,1769078250.3777387,160.39946864310147,159.4038118655897
2026-01-22 10:45:00,985.8236262513904,1769079150.733848,160.6783614595211,159.62088217270409
2026-01-22 11:00:00,985.611588888889,1769080050.6311252,161.07303652968037,159.94511668553235
2026-01-22 11:15:00,985.3721666666665,1769080950.6475904,159.894367881549,158.69869152397453
2026-01-22 11:30:00,985.0469,1769081850.7075026,160.6304589041096,159.3255977887405
2026-01-22 11:45:00,984.7835333333334,1769082750.254786,159.61113911060434,158.2311907131731
2026-01-22 12:00:00,984.5427888888889,1769083650.2239108,161.08691562143673,159.61733563935672
2026-01-22 12:15:00,984.2375,1769084550.3049233,160.3166282782212,158.75711238765535
2026-01-22 12:30:00,983.9029333333333,1769085450.4572783,160.2785575826682,158.61324310862202
2026-01-22 12:45:00,983.5853888888888,1769086350.5828722,161.44681413911061,159.66792579929654
2026-01-22 13:00:00,983.336770255272,1769087250.580025,161.9371366742597,160.0732315880758
2026-01-22 13:15:00,983.0099222222223,1769088151.0885606,160.88170923603192,158.9260288926853
2026-01-22 13:30:00,982.631288888889,1769089050.5834486,162.67266210045662,160.57356784586077
2026-01-22 13:45:00,982.3893103448275,1769089950.5069566,159.9062827822121,157.7665146103366
2026-01-22 14:00:00,982.0822974472809,1769090850.1834822,161.15851539338655,158.90438925407076
2026-01-22 14:15:00,981.8018222222222,1769091750.1966043,161.9600273660205,159.60513478087387
2026-01-22 14:30:00,981.3921245828699,1769092650.3015857,160.926102622577,158.4563516680888
2026-01-22 14:45:00,981.1877333333333,1769093550.8721194,161.93434435575827,159.38395311299672
2026-01-22 15:00:00,980.7606437291897,1769094450.3686128,162.66526339794754,159.9666619464758
2026-01-22 15:15:00,980.3234555555556,1769095350.5182207,161.88930330672747,159.06443196052794
2026-01-22 15:30:00,979.9867555555555,1769096250.565745,161.76039224629417,158.83077765480144
2026-01-22 15:45:00,979.4444827586208,1769097150.3050807,162.43417351598174,159.31947322252668
2026-01-22 16:00:00,978.8364333333333,1769098050.2598617,162.4082930444698,159.1004893964847
2026-01-22 16:15:00,978.4193666666666,1769098950.309561,162.5671277080958,159.12330361698776
2026-01-22 16:30:00,978.1093,1769099850.347854,161.57047776510834,158.04972442006402
2026-01-22 16:45:00,977.7565666666666,1769100750.3455298,162.40308209806156,158.75215175635256
2026-01-22 17:00:00,977.4406992230854,1769101650.2712915,162.1766047835991,158.4306480158347
2026-01-22 17:15:00,977.0730333333333,1769102550.8260753,162.22513340935006,158.36156461125282
2026-01-22 17:30:00,976.7078086763071,1769103450.5276308,162.29982191780823,158.31878823473906
2026-01-22 17:45:00,976.346588888889,1769104350.5265262,162.82764196123148,158.71895515729258
2026-01-22 18:00:00,975.9422,1769105250.5835953,162.48527023945266,158.25717596008366
2026-01-22 18:15:00,975.3159777777778,1769106150.601702,162.54879361459518,158.1208846771299
2026-01-22 18:30:00,974.7453777777778,1769107050.4907556,163.3150171037628,158.68504112331044
2026-01-22 18:45:00,974.2201666666666,1769107950.35756,162.95635005701254,158.17030937694753
2026-01-22 19:00:00,973.9715982241953,1769108850.2826765,164.04042027334853,159.14340464122645
2026-01-22 19:15:00,973.4115555555555,1769109750.8690033,163.18210490307868,158.13348988839869
2026-01-22 19:30:00,972.7481979977753,1769110651.017002,164.5148299086758,159.21361104868174
2026-01-22 19:45:00,972.0961666666667,1769111550.5174508,163.8185222348917,158.33312973017544
2026-01-22 20:00:00,971.5545726970033,1769112450.5853426,164.1839111617312,158.51448975720405
2026-01-22 20:15:00,971.1696888888889,1769113350.665691,164.0999212328767,158.31149010429965
2026-01-22 20:30:00,970.5758398220245,1769114250.3522506,164.62679247434437,158.6312586054263
2026-01-22 20:45:00,970.0223444444445,1769115150.8922257,164.1652930444698,158.01155231796477
2026-01-22 21:00:00,969.4664,1769116050.9159157,164.30865336374004,157.97379178027492
2026-01-22 21:15:00,969.0183333333333,1769116950.9655218,165.76564196123147,159.23184977816894
2026-01-22 21:30:00,968.7431222222222,1769117851.0551639,164.88721664766248,158.30089202411713
2026-01-22 21:45:00,968.2788111111112,1769118751.0404549,164.48480045610034,157.76797522131122
2026-01-22 22:00:00,967.4033555555557,1769119651.1351366,166.00972177879135,158.95207082409786
2026-01-22 22:15:00,966.9215555555555,1769120550.63929,167.14324543378996,159.88326667665905
2026-01-22 22:30:00,966.3791444444444,1769121450.2098382,166.6366944127708,159.22589252624667
2026-01-22 22:45:00,965.7351666666666,1769122350.1954663,166.31487685290764,158.7138390304065
2026-01-22 23:00:00,965.352319644839,1769123250.1354785,166.76701025056948,159.02349873960424
2026-01-22 23:15:00,965.0390666666666,1769124150.6846979,166.71978335233752,158.8788949719921
2026-01-22 23:30:00,964.5252725250278,1769125050.516767,167.0778904109589,159.05663139676088
2026-01-22 23:45:00,963.9282333333333,1769125950.4337687,166.71009578107183,158.51709936032847
2026-01-23 00:00:00,963.7002888888888,1769126850.4759948,168.2436316989738,159.90235506482023
2026-01-23 00:15:00,963.202988888889,1769127750.5066173,168.53456670467503,160.01963123298475
2026-01-23 00:30:00,963.0611222222221,1769128650.5378716,167.48320524515395,158.9762748368277
2026-01-23 00:45:00,962.8394444444443,1769129550.601052,167.73514823261118,159.14484755466648
2026-01-23 01:00:00,962.665611111111,1769130450.577394,168.5064298745724,159.8210550660455
2026-01-23 01:15:00,962.6824555555555,1769131350.6056693,167.46052109464082,158.8344067241769
2026-01-23 01:30:00,962.3077888888889,1769132250.6087701,167.88635689851768,159.11902928243748
2026-01-23 01:45:00,962.2557222222223,1769133150.5995328,167.06464538198404,158.323741382332
2026-01-23 02:00:00,962.0343666666666,1769134050.6416435,168.0986157354618,159.23310402993047
2026-01-23 02:15:00,961.7841888888889,1769134950.7207181,168.275740022805,159.32114962301068
2026-01-23 02:30:00,961.6202777777778,1769135850.7742116,169.5755496009122,160.4991675843239
2026-01-23 02:45:00,961.5906888888888,1769136750.8620503,168.79499885974914,159.75094114904465
2026-01-23 03:00:00,961.4654555555555,1769137650.913656,168.5653899657925,159.4936818750321
2026-01-23 03:15:00,961.2495333333334,1769138550.98782,168.1077810718358,158.99202553517534
2026-01-23 03:30:00,961.1073444444445,1769139451.0556107,168.18016761687574,159.01526003523736
2026-01-23 03:45:00,961.1613666666667,1769140351.0302184,168.39772177879132,159.23816254389249
2026-01-23 04:00:00,961.23628190899,1769141250.4121273,167.9994811858609,158.88538731091688
2026-01-23 04:15:00,961.1192658509456,1769142150.7286627,168.670244013683,159.48243238916382
2026-01-23 04:30:00,961.1989,1769143051.06541,167.8803842645382,158.76088147071502
2026-01-23 04:45:00,961.4785444444444,1769143951.075557,169.29425883694412,160.18751840258622
2026-01-23 05:00:00,961.9445333333334,1769144850.6131258,167.70360159817352,158.83038382710376
2026-01-23 05:15:00,961.9595666666667,1769145750.6734798,168.0662494305239,159.17862981779538
2026-01-23 05:30:00,962.1412444444445,1769146650.682599,168.06978424657532,159.2398278723591
2026-01-23 05:45:00,962.4952666666667,1769147550.1857219,168.43863625997722,159.70233767572878
2026-01-23 06:00:00,962.857280799112,1769148450.139556,168.89201366742597,160.2481822694117
2026-01-23 06:15:00,963.1065072302558,1769149350.2110372,168.73511301369862,160.1791335859194
2026-01-23 06:30:00,963.3878333333334,1769150250.6616442,167.68359681093395,159.27052487307736
2026-01-23 06:45:00,963.7644888888889,1769151150.6570969,168.22339269406393,159.90364979114602
2026-01-23 07:00:00,964.0318423973363,1769152050.123579,168.493215261959,160.24578951901154
2026-01-23 07:15:00,964.5203444444445,1769152950.70471,168.39628164196122,160.3101478019349
2026-01-23 07:30:00,964.9331590656284,1769153850.4701667,167.5234931506849,159.61099440807527
2026-01-23 07:45:00,965.3246777777779,1769154750.3683472,167.3476282782212,159.56833508723255
2026-01-23 08:00:00,965.8336222222222,1769155650.3328347,167.64863740022807,160.01814937790596
2026-01-23 08:15:00,966.503711111111,1769156550.2917492,167.78103762827823,160.3592894526583
2026-01-23 08:30:00,967.0526666666666,1769157450.3408682,167.12364994298744,159.9064478560793
2026-01-23 08:45:00,967.6227444444444,1769158350.3780327,166.7087023945268,159.69138900421873
2026-01-23 09:00:00,968.1194444444444,1769159250.396257,167.70303876852907,160.80353342731624
2026-01-23 09:15:00,968.5868111111112,1769160150.4179502,166.90347776510833,160.1865290586722
2026-01-23 09:30:00,969.1242666666667,1769161050.4309013,166.35139338654503,159.82837203597862
2026-01-23 09:45:00,969.5182777777778,1769161950.5279584,165.93268415051313,159.55176216169184
2026-01-23 10:00:00,969.965449500555,1769162850.559475,166.87813667425968,160.6044287266224
2026-01-23 10:15:00,970.3525333333332,1769163750.5988529,166.63342237442922,160.49311484788316
2026-01-23 10:30:00,970.8204888888889,1769164650.1759865,166.28515507411632,160.3076444357557
2026-01-23 10:45:00,971.0778309232481,1769165550.6058717,165.79822805017105,159.92050850805146
2026-01-23 11:00:00,971.6925666666667,1769166451.0620713,166.27308095781072,160.57582947679197
2026-01-23 11:15:00,972.0325333333333,1769167350.6682563,166.1196598173516,160.53678243264923
2026-01-23 11:30:00,972.2744111111111,1769168250.256402,164.67557810718355,159.21823687301654
2026-01-23 11:45:00,972.448788888889,1769169150.3730605,165.85203762827823,160.4116432760553
2026-01-23 12:00:00,972.801211111111,1769170050.402234,165.54168072976054,160.22436038068523
2026-01-23 12:15:00,972.9304333333333,1769170950.389653,164.8509464082098,159.59705459532086
2026-01-23 12:30:00,972.9819,1769171850.5010495,165.35631128848345,160.10279228031195
2026-01-23 12:45:00,973.0911222222222,1769172750.558557,165.4236921322691,160.2030240125504
2026-01-23 13:00:00,973.2543618201998,1769173650.4346628,166.25604214123007,161.06168028166175
2026-01-23 13:15:00,973.4080222222223,1769174551.0859194,164.9146077537058,159.81126230467964
2026-01-23 13:30:00,973.6164333333332,1769175451.0863173,165.63786431014825,160.57905638257066
2026-01-23 13:45:00,973.7052502780867,1769176350.6886709,164.88571347031964,159.8782745402074
2026-01-23 14:00:00,974.1173029966703,1769177250.319605,165.15186545039907,160.26836733569948
2026-01-23 14:15:00,974.3530111111111,1769178150.3348846,165.50700342075257,160.68873739398117
2026-01-23 14:30:00,974.5056729699667,1769179050.6803021,165.33558152793614,160.5713247125306
2026-01-23 14:45:00,974.6288666666667,1769179951.0081906,165.94833637400228,161.20613687961378
2026-01-23 15:00:00,974.7280355160932,1769180850.4284036,165.1949156214367,160.50607739939676
2026-01-23 15:15:00,974.8403555555556,1769181750.439679,164.02847776510833,159.40855286009963
2026-01-23 15:30:00,974.9975444444445,1769182650.7267315,165.31343443557583,160.7078332644348
2026-01-23 15:45:00,975.1325444444445,1769183550.8596234,164.6328449258837,160.08942315991357
2026-01-23 16:00:00,975.3528111111111,1769184450.8121948,164.95033751425314,160.4688301103957
2026-01-23 16:15:00,975.6296777777778,1769185351.0497942,164.6634629418472,160.2784765512769
2026-01-23 16:30:00,975.8716333333333,1769186251.1117296,164.6458141391106,160.33886872585646
2026-01-23 16:45:00,976.0835000000001,1769187150.7320685,164.88293378995436,160.63783878661835
2026-01-23 17:00:00,976.3847666666667,1769188050.2498772,164.84005245153932,160.69285511409058
2026-01-23 17:15:00,976.6534593993326,1769188950.5796626,165.2514025085519,161.18044881036937
2026-01-23 17:30:00,976.7990111111112,1769189850.7774231,164.2583660205245,160.2585207029135
2026-01-23 17:45:00,977.0923333333334,1769190750.842356,164.84515051311286,160.92539474543116
2026-01-23 18:00:00,977.7072222222222,1769191650.9050372,165.3617457240593,161.62835092776888
2026-01-23 18:15:00,978.2119444444444,1769192551.0184488,164.4541368301026,160.90357451255227
2026-01-23 18:30:00,978.3117333333334,1769193450.9404714,164.33811516533638,160.822151078633
2026-01-23 18:45:00,978.4712777777777,1769194351.062675,164.60267844925883,161.13246148731048
2026-01-23 19:00:00,978.7407547169812,1769195250.5731559,164.38114367160776,161.00234665111032
2026-01-23 19:15:00,978.9931777777778,1769196150.685314,164.47746978335235,161.17804238660548
2026-01-23 19:30:00,979.1292880978866,1769197050.3270357,164.76760958904111,161.50632134189297
2026-01-23 19:45:00,979.7519111111111,1769197950.4662948,163.9784937286203,160.93310123955297
2026-01-23 20:00:00,979.9729855715872,1769198850.4675808,164.48552391799547,161.50210711225859
2026-01-23 20:15:00,979.9833555555556,1769199750.9728894,164.69236830102622,161.7085535745038
2026-01-23 20:30:00,980.0600777777778,1769200650.9717612,164.32507525655643,161.37267480418132
2026-01-23 20:45:00,980.3073777777777,1769201551.021336,164.33502508551882,161.462285366679
2026-01-23 21:00:00,980.5930700778642,1769202451.5066376,163.54502397260273,160.77793405425442
2026-01-23 21:15:00,980.8387777777778,1769203351.0782845,165.47122690992018,162.75150566819568
2026-01-23 21:30:00,981.0373333333333,1769204250.8429244,164.06898061573548,161.43640246230282
2026-01-23 21:45:00,981.1692333333334,1769205150.9376352,164.10974002280503,161.51911098386836
2026-01-23 22:00:00,981.4194894561598,1769206050.4862041,163.85650513112884,161.3506113969473
2026-01-23 22:15:00,981.5951777777777,1769206950.463498,163.9346921322691,161.48433452269666
2026-01-23 22:30:00,981.8358888888889,1769207850.5475965,163.45967502850627,161.09395311797633
2026-01-23 22:45:00,981.9030812013349,1769208750.1125758,162.70999543378997,160.37667420973028
2026-01-23 23:00:00,982.0369367369589,1769209650.1007023,162.8721833712984,160.57951947390552
2026-01-23 23:15:00,982.0790777777777,1769210550.7006207,163.66004218928163,161.36988804510764
2026-01-23 23:30:00,982.2667964404894,1769211450.5637202,162.7473287671233,160.530204270206
2026-01-23 23:45:00,982.6301,1769212350.3371859,163.39383010262256,161.28504654541362
2026-01-24 00:00:00,982.864051054384,1769213250.308584,163.65753075170844,161.62094893070338
2026-01-24 00:15:00,982.9399111111111,1769214150.8666074,162.89364424173317,160.8909768984442
2026-01-24 00:30:00,983.1678420467185,1769215050.9785018,163.17099429223745,161.23840280647065
2026-01-24 00:45:00,983.598611111111,1769215950.489734,163.29405701254277,161.49908567737015
2026-01-24 01:00:00,983.6589555555556,1769216850.584639,163.5937172177879,161.81498003032902
2026-01-24 01:15:00,983.7857444444444,1769217750.6951437,162.89571037628278,161.16542533264197
2026-01-24 01:30:00,983.9954444444444,1769218650.7012107,162.55256328392247,160.89338770153753
2026-01-24 01:45:00,984.2284333333333,1769219550.565562,162.95660205245153,161.36847905105327
2026-01-24 02:00:00,984.4425777777777,1769220450.5884168,162.97158722919042,161.45245167257195
2026-01-24 02:15:00,984.6014333333333,1769221350.6259453,162.45641049030786,160.993218350508
2026-01-24 02:30:00,984.6925666666667,1769222250.6443388,162.97966362599772,161.54119960795836
2026-01-24 02:45:00,984.7832888888889,1769223150.6832905,162.8370809578107,161.42916314691107
2026-01-24 03:00:00,984.8824222222222,1769224050.7594926,161.60548802736602,160.23998588239473
2026-01-24 03:15:00,985.0131888888889,1769224950.8860018,162.75242075256557,161.41943852569028
2026-01-24 03:30:00,985.1258444444444,1769225850.9177766,162.3488928164196,161.05549908802965
2026-01-24 03:45:00,985.2187444444445,1769226750.9846513,162.24110604332955,160.9784780484429
2026-01-24 04:00:00,985.3188013318535,1769227650.464481,162.79389066059224,161.559287669387
2026-01-24 04:15:00,985.3774444444444,1769228550.9640765,162.74192474344358,161.52665959472262
2026-01-24 04:30:00,985.2845050055618,1769229450.8534272,162.48159703196345,161.23830228383005
2026-01-24 04:45:00,985.1789888888889,1769230350.9747565,162.66590649942987,161.38713994913692
2026-01-24 05:00:00,985.2059333333334,1769231251.0399282,163.14493956670466,161.87113001094562
2026-01-24 05:15:00,985.2748666666666,1769232150.650584,162.61333333333334,161.36591992189744
2026-01-24 05:30:00,985.3993111111112,1769233050.214071,162.6607936145952,161.4531950395074
2026-01-24 05:45:00,985.5087222222223,1769233950.2169948,162.01584036488026,160.84822325689555
2026-01-24 06:00:00,985.6248333333334,1769234850.2950566,162.61731698973773,161.4828607099483
2026-01-24 06:15:00,985.7113666666668,1769235750.3376794,162.9748677309008,161.86592826654302
2026-01-24 06:30:00,985.7720666666667,1769236650.4134426,163.0099464082098,161.9204242023058
2026-01-24 06:45:00,985.8254222222223,1769237550.4140823,162.41172633979477,161.34341872058644
2026-01-24 07:00:00,985.862,1769238450.4618845,161.7737708095781,160.7214167520974
2026-01-24 07:15:00,985.965911111111,1769239350.5265377,162.23679589509695,161.21493037844596
2026-01-24 07:30:00,985.9960777777778,1769240250.6145298,162.8829441277081,161.86677444593516
2026-01-24 07:45:00,985.9803333333334,1769241150.6486151,162.55100570125427,161.53182032952373
2026-01-24 08:00:00,985.900499445061,1769242050.1878102,161.52441847206387,160.48604324717994
2026-01-24 08:15:00,985.8755333333334,1769242950.2002897,163.30339338654505,162.2454803708623
2026-01-24 08:30:00,985.9193111111111,1769243850.2384539,162.22905245153933,161.19221189353442
2026-01-24 08:45:00,985.9289098998888,1769244750.8132238,161.7756111744584,160.74475453686986
2026-01-24 09:00:00,985.8994888888889,1769245651.0042324,161.75914937286203,160.7189403264938
2026-01-24 09:15:00,985.8427888888889,1769246551.0905485,162.48411858608893,161.42094137704578
2026-01-24 09:30:00,985.8633555555556,1769247450.6819444,162.323401826484,161.2679095805995
2026-01-24 09:45:00,985.7964222222222,1769248350.2658787,162.64560205245155,161.56638492959215
2026-01-24 10:00:00,985.7582019977802,1769249250.2902234,162.97560706150344,161.88182543409692
2026-01-24 10:15:00,985.5776555555556,1769250150.9269605,162.35017673888257,161.20237303462767
2026-01-24 10:30:00,985.4324,1769251050.9548638,162.705409350057,161.50816744438052
2026-01-24 10:45:00,985.3108453837598,1769251950.8254972,161.85906963470322,160.62900024526013
2026-01-24 11:00:00,985.2255160932298,1769252850.4213362,162.29360478359908,161.0327491212781
2026-01-24 11:15:00,985.3490444444444,1769253750.9961684,162.2587890535918,161.03798447313355
2026-01-24 11:30:00,985.2441111111111,1769254651.0745757,163.5438700114025,162.2793361264505
2026-01-24 11:45:00,985.0520777777778,1769255550.647819,162.75999086757992,161.43950255706915
2026-01-24 12:00:00,984.9437486095662,1769256450.9982016,162.58658152793615,161.23256394143277
2026-01-24 12:15:00,984.9590555555556,1769257350.8222773,163.1041778791334,161.7508015070147
2026-01-24 12:30:00,984.9816222222222,1769258250.7896526,162.98848802736603,161.64336694492135
2026-01-24 12:45:00,984.9625555555556,1769259150.8893383,161.90333865450398,160.5610503125143
2026-01-24 13:00:00,984.9469478357381,1769260050.3540986,161.64513911060433,160.29998750504126
2026-01-24 13:15:00,984.8505444444444,1769260950.4512858,162.7722873432155,161.38663658507917
2026-01-24 13:30:00,984.7482000000001,1769261850.563096,163.47129076396806,162.04651700093646
2026-01-24 13:45:00,984.6916222222222,1769262750.6320586,163.28779247434434,161.84630319070564
2026-01-24 14:00:00,984.5204338153504,1769263650.4823742,162.81196575342466,161.31943553285686
2026-01-24 14:15:00,984.2767666666666,1769264550.3108323,162.4517628278221,160.88411120736836
2026-01-24 14:30:00,984.1403,1769265450.23937,163.6909167616876,162.06706782396904
2026-01-24 14:45:00,983.9203444444445,1769266350.2453368,163.18092474344357,161.4910776879939
2026-01-24 15:00:00,983.6959045504994,1769267250.1588938,161.98173804100227,160.23236814509175
2026-01-24 15:15:00,983.5237777777777,1769268150.753212,163.82868072976055,162.00358431871578
2026-01-24 15:30:00,983.3382313681868,1769269050.6083436,163.3936894977169,161.51349138900125
2026-01-24 15:45:00,983.1450333333332,1769269950.4723122,162.94819726339793,161.0108995073135
2026-01-24 16:00:00,982.8869,1769270850.5207322,163.50654047890535,161.47921669730934
2026-01-24 16:15:00,982.5946888888889,1769271750.5887835,164.41579589509692,162.28232910268235
2026-01-24 16:30:00,982.5445111111111,1769272650.646062,164.94046864310147,162.78385658930665
2026-01-24 16:45:00,982.4442222222222,1769273550.756935,164.1317206385405,161.95319557044968
2026-01-24 17:00:00,982.2215666666666,1769274450.8128073,164.6483489167617,162.39063616840477
2026-01-24 17:15:00,982.0665555555555,1769275350.8799813,164.58183124287345,162.27471404023325
2026-01-24 17:30:00,982.0740444444444,1769276251.02523,164.39292246294184,162.09088113703126
2026-01-24 17:45:00,981.9114777777778,1769277151.0358794,165.4132041049031,163.04385587092403
2026-01-24 18:00:00,981.6037444444445,1769278051.0866444,164.3985347776511,161.94401865623783
2026-01-24 18:15:00,981.1502666666668,1769278950.63696,164.4725502283105,161.87005349648825
2026-01-24 18:30:00,980.8417555555556,1769279850.6242297,164.60412186788153,161.89961675338532
2026-01-24 18:45:00,980.6239999999999,1769280750.9494755,163.54893272519953,160.7917229162534
2026-01-24 19:00:00,980.2411431742509,1769281650.1625621,165.45484264538197,162.54099429876868
2026-01-24 19:15:00,979.9045222222223,1769282550.199126,165.60163968072976,162.57571643376485
2026-01-24 19:30:00,979.5386222222222,1769283450.2195356,164.95618928164197,161.8235940520935
2026-01-24 19:45:00,979.194126807564,1769284350.7515347,165.32671379703532,162.07537520826293
2026-01-24 20:00:00,979.1355777777778,1769285250.9445639,165.04449600912199,161.77976234992036
2026-01-24 20:15:00,978.9712,1769286150.9894886,165.24021550741162,161.91837001973548
2026-01-24 20:30:00,978.5657555555555,1769287051.0221584,165.43263169897378,161.9755206265371
2026-01-24 20:45:00,978.3499777777778,1769287951.0421681,164.80464766248576,161.29103875516216
2026-01-24 21:00:00,978.2241666666667,1769288850.6108203,165.289551369863,161.72490569223694
2026-01-24 21:15:00,978.1563777777778,1769289750.2268453,164.78367616875715,161.20808251477138
2026-01-24 21:30:00,977.8517999999999,1769290650.231077,166.2399110604333,162.53368052753743
2026-01-24 21:45:00,977.5167333333334,1769291550.2521908,165.2682805017104,161.475465598414
2026-01-24 22:00:00,977.484550499445,1769292450.2187605,165.66143572241182,161.84918026013818
2026-01-24 22:15:00,977.439,1769293351.0627902,165.08815051311288,161.27439475097202
2026-01-24 22:30:00,977.3010789766407,1769294250.6540546,166.05117009132422,162.17042770364696
2026-01-24 22:45:00,977.0621333333333,1769295150.6648698,165.89066552511414,161.93626782562913
2026-01-24 23:00:00,976.8657888888889,1769296050.2267268,166.0284982896237,162.007184105219
2026-01-24 23:15:00,976.6936555555556,1769296950.3103466,165.91318244013684,161.8389359351598
2026-01-24 23:30:00,976.6282222222222,1769297850.3501573,165.6535621436716,161.5645462064711
2026-01-24 23:45:00,976.4324555555555,1769298750.3822849,166.29410604332955,162.12578875107275
2026-01-25 00:00:00,976.4217444444445,1769299650.4111538,165.96496009122006,161.80142696683123
2026-01-25 00:15:00,976.6188666666667,1769300550.4690976,166.08315279361457,161.98050191657902
2026-01-25 00:30:00,976.4400444444445,1769301450.5209258,165.03207753705817,160.89783622267655
2026-01-25 00:45:00,976.3310777777779,1769302350.5750458,165.98306043329532,161.7897326972212
2026-01-25 01:00:00,976.235038845727,1769303250.5124793,165.8003861047836,161.5806343337895
2026-01-25 01:15:00,976.0944222222222,1769304150.9917955,165.43453363740025,161.17875790283003
2026-01-25 01:30:00,975.9789444444446,1769305051.004072,164.7161550741163,160.44180030357597
2026-01-25 01:45:00,975.8067777777777,1769305951.0181,166.54335461801597,162.16573566299806
2026-01-25 02:00:00,975.7857333333334,1769306851.0207846,165.714582668187,161.3519568501268
2026-01-25 02:15:00,975.886211111111,1769307751.02891,165.14876966932724,160.83335663452044
2026-01-25 02:30:00,975.9067519466074,1769308651.058134,165.19176484018266,160.88183748081536
2026-01-25 02:45:00,975.8499777777778,1769309550.7380617,165.5443614595211,161.20692887787519
2026-01-25 03:00:00,975.8863666666667,1769310450.833718,165.61616191562146,161.2885858858888
2026-01-25 03:15:00,975.9874777777778,1769311350.9925508,165.4258928164196,161.1358705071009
2026-01-25 03:30:00,975.7461777777778,1769312250.9977896,165.67225313568983,161.29798072372424
2026-01-25 03:45:00,975.6841000000001,1769313150.9905765,166.21487457240593,161.80618485131285
2026-01-25 04:00:00,975.7468035516093,1769314050.250175,166.01579589509691,161.6326551566199
2026-01-25 04:15:00,975.8222222222222,1769314950.2967284,166.02613112884833,161.66710111671827
2026-01-25 04:30:00,976.118787541713,1769315850.697173,166.83361801596354,162.54977203079358
2026-01-25 04:45:00,976.0366111111111,1769316750.976228,165.36677537058154,161.0941155696394
2026-01-25 05:00:00,976.2795782463929,1769317650.4826689,167.01238654503993,162.7762876691188
2026-01-25 05:15:00,976.398911111111,1769318550.5445447,165.59642417331816,161.4347640873694
2026-01-25 05:30:00,976.6611333333333,1769319450.583206,166.1956100342075,162.1038837969851
2026-01-25 05:45:00,976.6825666666667,1769320350.6910486,166.86826339794754,162.76695360129588
2026-01-25 06:00:00,976.7256333333333,1769321251.1135077,165.8271345496009,161.7653465411369
2026-01-25 06:15:00,976.8314571746384,1769322150.3988175,166.0816621004566,162.04793310658766
2026-01-25 06:30:00,977.0261,1769323050.3129551,165.8711778791334,161.9055762982924
2026-01-25 06:45:00,977.2364777777777,1769323950.3123436,165.86741733181302,161.9700411165238
2026-01-25 07:00:00,977.3416222222222,1769324850.3843415,165.40402394526797,161.55150496978715
2026-01-25 07:15:00,977.5668555555555,1769325750.3937888,165.3642850627138,161.5854641414915
2026-01-25 07:30:00,977.7429222222222,1769326650.431174,165.81391106043327,162.08187989846473
2026-01-25 07:45:00,977.8954111111111,1769327550.5523555,166.13511288483468,162.44538700135195
2026-01-25 08:00:00,977.9943555555556,1769328450.6452067,165.76025085518813,162.11092713015643
2026-01-25 08:15:00,978.107488888889,1769329350.7291434,166.17788027366018,162.55613903017414
2026-01-25 08:30:00,978.2685555555555,1769330250.8284948,165.87557354618016,162.31269879563533
2026-01-25 08:45:00,978.6107111111112,1769331150.876076,166.6499030786773,163.18202542289194
2026-01-25 09:00:00,978.8789900110988,1769332050.4250257,165.63809236031926,162.27831817904774
2026-01-25 09:15:00,979.0459555555556,1769332950.5072455,165.55496465222348,162.25104824280604
2026-01-25 09:30:00,979.2374444444445,1769333850.488441,165.63378791334094,162.3904784956227
2026-01-25 09:45:00,979.4300222469411,1769334750.6745028,165.22955188141393,162.05656286787394
2026-01-25 10:00:00,979.6585682574918,1769335650.5228164,165.47848574686432,162.37491964687916
2026-01-25 10:15:00,979.9856888888888,1769336550.5028136,165.51712542759407,162.5191265809271
2026-01-25 10:30:00,980.2317999999999,1769337450.5081236,165.13304789053592,162.22183535423
2026-01-25 10:45:00,980.3599333333333,1769338350.503152,165.45388141391106,162.5786709000737
2026-01-25 11:00:00,980.7249944382647,1769339250.889668,165.9083184931507,163.14428269137974
2026-01-25 11:15:00,981.0433185349611,1769340150.7553155,165.3052744874715,162.65480634242437
2026-01-25 11:30:00,981.2213236929922,1769341050.2663107,165.47068721461184,162.87554193123862
2026-01-25 11:45:00,981.4029111111112,1769341950.3575807,165.1364104903079,162.60555132943986
2026-01-25 12:00:00,981.6166592674806,1769342850.2986357,165.66651138952162,163.19727929604946
2026-01-25 12:15:00,981.8197777777777,1769343750.8303003,164.819078677309,162.4284484770965
2026-01-25 12:30:00,981.932,1769344650.83797,164.03298631698974,161.69004440994897
2026-01-25 12:45:00,981.9550666666667,1769345551.01796,165.14243443557584,162.79115580903095
2026-01-25 13:00:00,982.112958843159,1769346450.7122693,164.94779109589044,162.6506381960613
2026-01-25 13:15:00,982.3126777777777,1769347350.7163134,165.74277423033067,163.49984494996855
2026-01-25 13:30:00,982.4626777777777,1769348250.7163525,165.14329076396808,162.9573539223781
2026-01-25 13:45:00,982.5924777777778,1769349150.8367028,165.07283580387687,162.93012271713215
2026-01-25 14:00:00,982.7356,1769350050.8281584,164.79245496009122,162.69994662263807
2026-01-25 14:15:00,982.8494999999999,1769350950.9280987,165.20256328392244,163.14200697287274
2026-01-25 14:30:00,982.8407666666666,1769351850.9936187,165.18458266818698,163.1214014156686
2026-01-25 14:45:00,982.8824444444444,1769352751.052192,165.27174230330672,163.2210772298689
2026-01-25 15:00:00,982.8975888888889,1769353651.1054533,164.76357354618017,162.72414240739622
2026-01-25 15:15:00,982.9611777777777,1769354550.6834822,166.16431735159819,164.1284200716629
2026-01-25 15:30:00,983.0166111111112,1769355450.2811937,164.80232497149373,162.8011634707802
2026-01-25 15:45:00,983.1885777777778,1769356350.330453,164.88943671607754,162.9432494136923
2026-01-25 16:00:00,983.3392888888889,1769357250.4148808,164.92471607753706,163.02724500269662
2026-01-25 16:15:00,983.4661666666667,1769358150.3971336,165.30629874572406,163.44590757925275
2026-01-25 16:30:00,983.5221222222223,1769359050.2635374,164.3704070695553,162.53873749387986
2026-01-25 16:45:00,983.5316333333333,1769359950.3354547,164.80618700114027,162.9727613653323
2026-01-25 17:00:00,983.5801111111111,1769360850.4128232,164.82390763968075,163.00608844614294
2026-01-25 17:15:00,983.5452333333333,1769361750.5119414,164.87156784492586,163.04184954236229
2026-01-25 17:30:00,983.5384555555555,1769362650.507847,165.6452041049031,163.80467963231965
2026-01-25 17:45:00,983.6176777777778,1769363550.5906606,165.39413340935005,163.58231530065714
2026-01-25 18:00:00,983.7425,1769364450.6564283,165.04115849486885,163.27396241736315
2026-01-25 18:15:00,983.8914777777777,1769365350.6195529,164.20849942987456,162.49862929645232
2026-01-25 18:30:00,984.001288888889,1769366250.6119888,164.50806727480048,162.83083514472227
2026-01-25 18:45:00,984.1086444444445,1769367150.656936,163.762984036488,162.1281553373825
2026-01-25 19:00:00,984.1411777777778,1769368050.6435483,164.39900114025085,162.76841360265007
2026-01-25 19:15:00,984.1911888888889,1769368950.6842709,165.18131927023944,163.55933107871462
2026-01-25 19:30:00,984.3187777777778,1769369850.7036843,165.63216875712658,164.04760943958354
2026-01-25 19:45:00,984.3733444444443,1769370750.6692936,165.0667001140251,163.505393400954
2026-01-25 20:00:00,984.504461709212,1769371650.2126017,164.85544191343965,163.33896091581786
2026-01-25 20:15:00,984.5400444444444,1769372550.7511108,163.823409350057,162.32797360397367
2026-01-25 20:30:00,984.6997,1769373450.8670993,164.9366431014823,163.48323906070829
2026-01-25 20:45:00,984.8486540600668,1769374350.5278883,164.96262671232876,163.55771162006857
2026-01-25 21:00:00,984.9610876803551,1769375250.3011649,164.13416628701594,162.7729050115885
2026-01-25 21:15:00,985.0619222222222,1769376150.9259462,165.0638551881414,163.72789898145214
2026-01-25 21:30:00,985.0740333333333,1769377051.005095,164.60372748004562,163.2754501964596
2026-01-25 21:45:00,985.0601112347052,1769377950.9775736,164.23343493150685,162.90360975712986
2026-01-25 22:00:00,985.1000332963373,1769378850.5463247,163.96502619589978,162.6503605282599
2026-01-25 22:15:00,985.2169,1769379750.6229444,164.16416210045662,162.88596721144654
2026-01-25 22:30:00,985.2771,1769380650.2632852,163.37012542759408,162.1176307574064
2026-01-25 22:45:00,985.3496666666666,1769381550.3664267,164.1091368301026,162.87461326961943
2026-01-25 23:00:00,985.3354111111112,1769382450.375835,165.71974458380842,164.46841585892147
2026-01-25 23:15:00,985.4263292547274,1769383350.8345778,163.326590649943,162.1228094558505
2026-01-25 23:30:00,985.5788555555555,1769384251.0131187,164.45064880273662,163.28838680848918
2026-01-25 23:45:00,985.6167999999999,1769385150.6236157,163.01876027397262,161.87890255706765
2026-01-26 00:00:00,985.6718333333333,1769386050.1831443,164.84521208665905,163.71060156505337
2026-01-26 00:15:00,985.6535222222223,1769386950.3072226,164.9873124287343,163.84572334255
2026-01-26 00:30:00,985.6763333333333,1769387850.3805006,164.1396590649943,163.01137187894668
2026-01-26 00:45:00,985.8741444444444,1769388750.6518872,164.0127126567845,162.94975188595214
2026-01-26 01:00:00,985.8234444444445,1769389650.5142837,164.4285296803653,163.346309858043
2026-01-26 01:15:00,985.7701222222223,1769390550.4976022,163.8323945267959,162.73674239435329
2026-01-26 01:30:00,985.8075333333333,1769391450.8896189,164.8603534777651,163.7700799084641
2026-01-26 01:45:00,985.8786444444445,1769392350.7227437,163.51895433789954,162.46065573713528
2026-01-26 02:00:00,985.8601333333334,1769393250.6248665,162.89137058152792,161.83114225849255
2026-01-26 02:15:00,985.8726444444444,1769394151.0225966,164.33718700114025,163.271633507565
2026-01-26 02:30:00,985.8901555555556,1769395050.8035612,163.4778926940639,162.42359915439508
2026-01-26 02:45:00,985.8863222222222,1769395950.5044332,164.35984606613454,163.29861271557147
2026-01-26 03:00:00,985.8857602663707,1769396850.0661933,163.8706590649943,162.81240129440917
2026-01-26 03:15:00,985.9951111111112,1769397750.5335233,164.6166419612315,163.58934007241413
2026-01-26 03:30:00,986.0332444444444,1769398650.9228106,165.18104332953249,164.16273892120867
2026-01-26 03:45:00,986.0995444444445,1769399550.7889771,164.43297716894978,163.44095525605138
2026-01-26 04:00:00,986.1092324805339,1769400450.697673,163.71757990867582,162.7330270740413
2026-01-26 04:15:00,986.2416888888889,1769401350.5757122,164.73114709236032,163.78388164420977
2026-01-26 04:30:00,986.1991111111112,1769402250.9296503,163.3377708095781,162.3846892467948
2026-01-26 04:45:00,986.2074222222222,1769403150.7396731,163.32100570776257,162.37072090970443
2026-01-26 05:00:00,986.2253999999999,1769404050.4895923,164.0595792474344,163.1108616885486
2026-01-26 05:15:00,986.2559222222222,1769404950.8856077,163.7493785632839,162.81239330998739
2026-01-26 05:30:00,986.3627777777779,1769405850.755656,164.29501598173516,163.38982304313322
2026-01-26 05:45:00,986.4771111111112,1769406750.4963791,164.0724937286203,163.20584225866904
2026-01-26 06:00:00,986.5461444444445,1769407650.5350802,164.446921322691,163.60087834796852
2026-01-26 06:15:00,986.6142888888888,1769408550.6447947,163.72207069555301,162.90195713058603
2026-01-26 06:30:00,986.6935777777778,1769409450.640557,164.44382554161913,163.64604514433518
2026-01-26 06:45:00,986.7949555555555,1769410350.5206807,164.1684937286203,163.40517702100865
2026-01-26 07:00:00,986.8631409544951,1769411250.5254595,164.4416013667426,163.69933710684623
2026-01-26 07:15:00,986.7888,1769412151.0405252,164.67665678449256,163.908959411573
2026-01-26 07:30:00,986.7371888888889,1769413051.0706983,163.71380843785633,162.9337804616411
2026-01-26 07:45:00,986.8362068965517,1769413950.991594,164.28300342465752,163.53264561885896
2026-01-26 08:00:00,986.8171698113208,1769414850.1453588,163.91327822120869,163.15839688556903
2026-01-26 08:15:00,986.9654888888889,1769415750.1563394,164.00256670467502,163.29570671586472
2026-01-26 08:30:00,987.0581979977753,1769416650.3016336,164.8649179019384,164.184781159885
2026-01-26 08:45:00,987.181211111111,1769417550.8887818,163.4952565564424,162.86083334811946
2026-01-26 09:00:00,987.1866592674805,1769418450.312676,163.6699190421893,163.03659456564412
2026-01-26 09:15:00,987.2926333333334,1769419350.3328612,163.44200684150513,162.8440751165044
2026-01-26 09:30:00,987.4525806451613,1769420250.7281618,163.5704937286203,163.0242341863262
2026-01-26 09:45:00,987.4108111111111,1769421150.9517758,163.06087913340934,162.502745603544
2026-01-26 10:00:00,987.5089222222222,1769422050.943682,162.96419156214367,162.43825984902006
2026-01-26 10:15:00,987.4784666666667,1769422950.9591935,162.45920752565564,161.92504220475948
2026-01-26 10:30:00,987.4946222222222,1769423850.9796212,165.1418038768529,164.60413664491816
2026-01-26 10:45:00,987.5950222222222,1769424751.0250266,163.21144469783354,162.71273174874204
2026-01-26 11:00:00,987.5774444444444,1769425651.0300605,163.26551311288483,162.76091290010365
2026-01-26 11:15:00,987.5603333333333,1769426551.1043456,162.75610604332954,162.2475276749538
2026-01-26 11:30:00,987.5790888888889,1769427451.102352,163.82007411630556,163.31429705883914
2026-01-26 11:45:00,987.5125666666667,1769428350.9214551,163.90863625997721,163.380847416181
2026-01-26 12:00:00,987.464539400666,1769429250.322235,162.40654732041048,161.86804632461815
2026-01-26 12:15:00,987.481888888889,1769430150.3488195,163.160236031927,162.6248788048295
2026-01-26 12:30:00,987.5298666666666,1769431050.4594796,162.2280763968073,161.71129410086868
2026-01-26 12:45:00,987.4558509454951,1769431950.321418,162.1338493150685,161.59344450098916
2026-01-26 13:00:00,987.4732519422863,1769432850.22991,162.38348519362188,161.84788085451265
2026-01-26 13:15:00,987.4359222222223,1769433750.7775543,162.7838677309008,162.23482995961908
2026-01-26 13:30:00,987.5139333333333,1769434650.7787654,163.5778118586089,163.05153394909453
2026-01-26 13:45:00,987.4284333333334,1769435550.8258948,162.4040638540479,161.8538828564358
2026-01-26 14:00:00,987.3367964404894,1769436450.9632201,163.16891552511416,162.586342871818
2026-01-26 14:15:00,987.3012444444445,1769437350.559139,163.03206955530217,162.4384350602866
2026-01-26 14:30:00,987.2215666666666,1769438250.6439219,163.34115735461802,162.72046492880574
2026-01-26 14:45:00,987.2834666666666,1769439150.723566,163.24467616875714,162.6444845099582
2026-01-26 15:00:00,987.2303884572698,1769440050.1343355,163.51587685290764,162.89739456530552
2026-01-26 15:15:00,987.0940888888889,1769440950.2408137,162.3842189281642,161.7259246654027
2026-01-26 15:30:00,987.0527111111111,1769441850.3047383,163.3605313568985,162.68481556247625
2026-01-26 15:45:00,986.926551724138,1769442750.830174,163.10221778791333,162.3865921125552
2026-01-26 16:00:00,986.8053052164262,1769443650.480113,163.18372862029648,162.42835279174662
2026-01-26 16:15:00,986.8269333333333,1769444550.5149186,163.17949030786772,162.4311601067031
2026-01-26 16:30:00,986.7680867630701,1769445450.6183157,163.29526339794754,162.52727279831603
2026-01-26 16:45:00,986.6409333333334,1769446350.6671402,163.1677089041096,162.35902393942845
2026-01-26 17:00:00,986.4194672586015,1769447250.0325086,163.8562334851936,162.97193458553193
2026-01-26 17:15:00,986.1646555555556,1769448150.5497851,163.85944241733182,162.89209142082186
2026-01-26 17:30:00,985.9471555555555,1769449050.5745566,163.19074344355758,162.156786592649
2026-01-26 17:45:00,985.7402113459399,1769449950.4197788,163.11762442922372,162.01705998774716
2026-01-26 18:00:00,985.4531555555556,1769450850.3965209,163.64792246294186,162.4504885845799
2026-01-26 18:15:00,985.2499111111111,1769451750.467242,163.8666111744584,162.60146799589563
2026-01-26 18:30:00,985.1175222222222,1769452650.585159,164.2068392246294,162.89593235897425
2026-01-26 18:45:00,984.8992444444444,1769453550.685985,163.64724743443557,162.26995262452263
2026-01-26 19:00:00,984.5804222222223,1769454450.665116,164.38887913340935,162.90143625182472
2026-01-26 19:15:00,984.2230888888889,1769455350.6601174,163.59172291904218,161.99567866944784
2026-01-26 19:30:00,983.8093222222222,1769456250.7433884,164.3786077537058,162.64024052221936
2026-01-26 19:45:00,983.5849000000001,1769457150.7137022,162.8045621436716,161.0105561373877
2026-01-26 20:00:00,983.2643951165372,1769458050.6992023,163.79130216647664,161.88262128615014
2026-01-26 20:15:00,982.9051222222223,1769458950.7389622,164.26766362599773,162.23681517256165
2026-01-26 20:30:00,982.5181090100111,1769459850.7627988,164.77623603192703,162.61318444870156
2026-01-26 20:45:00,982.3551,1769460750.7604713,164.82927822120868,162.61250709185055
2026-01-26 21:00:00,982.0162222222223,1769461650.8435884,164.67651425313568,162.35172554914254
2026-01-26 21:15:00,981.6083555555556,1769462550.945989,164.68145381984039,162.22420969878226
2026-01-26 21:30:00,981.2736444444445,1769463450.9645054,165.01289509692134,162.4419268348635
2026-01-26 21:45:00,980.9068,1769464351.0307648,164.7456716077537,162.05992160387228
2026-01-26 22:00:00,980.7133222222222,1769465251.0855334,165.1946385404789,162.43870057707676
2026-01-26 22:15:00,980.6633,1769466150.9586935,164.65769327251994,161.8945156962989
2026-01-26 22:30:00,980.4973555555556,1769467050.790846,165.162834663626,162.33729324977367
2026-01-26 22:45:00,980.3553111111111,1769467950.884322,164.84128164196125,161.9752193349653
2026-01-26 23:00:00,980.2658888888889,1769468850.9767458,166.00462941847206,163.08917001658824
2026-01-26 23:15:00,980.3190444444444,1769469751.0771818,164.71489167616875,161.83928771742427
2026-01-26 23:30:00,980.5649333333333,1769470651.1268773,165.18913454960094,162.38508897138254
2026-01-26 23:45:00,980.9015333333333,1769471550.6954637,165.30983219178083,162.61317214805456
2026-01-27 00:00:00,981.3819111111111,1769472450.2032168,165.25625541619158,162.71672528158823
2026-01-27 00:15:00,981.7647333333333,1769473350.2817967,163.84763968072977,161.45332459190593
2026-01-27 00:30:00,981.9496222222223,1769474250.8093994,164.0833576309795,161.74539677861029
2026-01-27 00:45:00,981.8546444444444,1769475151.0806682,164.99139110604335,162.60960050191517
2026-01-27 01:00:00,981.6532852386238,1769476050.4935744,165.07327594070696,162.62479807001165
2026-01-27 01:15:00,981.4866777777778,1769476950.5806081,164.83159521094643,162.3326014532554
2026-01-27 01:30:00,981.0977555555555,1769477850.6248827,165.98280843785633,163.3392593007718
2026-01-27 01:45:00,981.1201112347053,1769478750.3822587,165.29602625570774,162.67068831893158
2026-01-27 02:00:00,981.2228301886793,1769479650.2318852,165.7397574031891,163.140883722003
2026-01-27 02:15:00,981.2725555555556,1769480550.810573,166.29120980615735,163.6999683765941
2026-01-27 02:30:00,981.5002444444444,1769481450.847399,165.05286431014824,162.5549265130529
2026-01-27 02:45:00,981.541957730812,1769482350.8106053,165.10515525114155,162.6199923368717
2026-01-27 03:00:00,981.5218756936737,1769483250.3671806,165.4846161731207,162.98719525150372
2026-01-27 03:15:00,981.5933333333332,1769484150.9495678,165.75601368301028,163.27783017907
2026-01-27 03:30:00,981.7053888888888,1769485051.0282056,164.99670353477765,162.56630115027986
2026-01-27 03:45:00,981.6959065628477,1769485950.5956142,165.28286757990867,162.84516166627458
2026-01-27 04:00:00,981.8023418423973,1769486850.5284636,165.16003986332575,162.75878836463247
2026-01-27 04:15:00,981.7592666666667,1769487750.6328156,164.33555707762557,161.93234155355503
2026-01-27 04:30:00,981.7166963292548,1769488650.5702085,165.20132269099201,162.7715872835656
2026-01-27 04:45:00,981.6962111111111,1769489550.8166187,165.67656328392246,163.23315029878293
2026-01-27 05:00:00,981.7227746947835,1769490450.3167722,165.25513683010263,162.82658936621178
2026-01-27 05:15:00,981.8739666666667,1769491350.3431356,164.7386385404789,162.3667710863365
2026-01-27 05:30:00,982.0244777777777,1769492250.3809345,165.82710832383125,163.48877569058698
2026-01-27 05:45:00,982.0588111111111,1769493150.434594,165.86329874572408,163.53568485516587
2026-01-27 06:00:00,982.1468333333333,1769494050.6139407,164.51209806157354,162.23200354107522
2026-01-27 06:15:00,982.1690777777777,1769494950.5337408,165.34452337514253,163.06014586152378
2026-01-27 06:30:00,982.17191323693,1769495850.2954693,164.70178310502283,162.42720671262603
2026-01-27 06:45:00,982.1394,1769496750.2446735,164.9808244013683,162.6918147538093
2026-01-27 07:00:00,982.1432075471698,1769497650.1831818,165.37686218678817,163.0835996455733
2026-01-27 07:15:00,982.1438666666668,1769498550.7301583,165.6472234891676,163.3504272126252
2026-01-27 07:30:00,982.201679644049,1769499450.6313198,165.30074657534246,163.02760353776102
2026-01-27 07:45:00,982.382,1769500350.4160707,164.58500570125426,162.38025558934328
2026-01-27 08:00:00,982.5321975582685,1769501250.433008,165.47860706150342,163.310936872332
2026-01-27 08:15:00,982.5772555555556,1769502151.0645955,165.35781071835802,163.20642973566785
2026-01-27 08:30:00,982.5362,1769503051.1345348,164.99498061573547,162.83494911159485
2026-01-27 08:45:00,982.576129032258,1769503951.130328,164.62256621004565,162.4803850194441
2026-01-27 09:00:00,982.5421000000001,1769504850.787334,165.15882326111745,162.99857018304772
2026-01-27 09:15:00,982.6085111111112,1769505750.8564596,165.1356111744584,162.99730993426974
2026-01-27 09:30:00,982.7495666666666,1769506650.8390052,165.47104446978335,163.37448304100803
2026-01-27 09:45:00,982.8916777777778,1769507550.7073462,165.46559064994298,163.41553804994837
2026-01-27 10:00:00,982.9550166481687,1769508450.214363,164.87801368301027,162.85586983404883
2026-01-27 10:15:00,982.9997,1769509350.3187342,165.00692246294184,162.99776353621021
2026-01-27 10:30:00,983.0522024471636,1769510250.7445395,164.92702622576968,162.93594830619125
2026-01-27 10:45:00,983.179211111111,1769511150.9399633,164.2537662485747,162.31204108018412
2026-01-27 11:00:00,983.2634555555555,1769512050.9295456,166.19246522234891,164.2554946270786
2026-01-27 11:15:00,983.3319666666667,1769512950.9863424,164.83994526795897,162.94106328874065
2026-01-27 11:30:00,983.4515111111111,1769513850.596558,164.8726689497717,163.0123797984206
2026-01-27 11:45:00,983.4816666666667,1769514750.166796,164.96899087799315,163.11745240645388
2026-01-27 12:00:00,983.4830444444444,1769515650.6713903,164.36721526195902,162.52287869208965
2026-01-27 12:15:00,983.5140777777777,1769516550.692709,164.4170970319635,162.5822913749715
2026-01-27 12:30:00,983.5015555555556,1769517450.1717813,164.54508209806158,162.70477329544238
2026-01-27 12:45:00,983.4181888888888,1769518350.2484837,165.05889509692133,163.18562894314837
2026-01-27 13:00:00,983.4088666666668,1769519250.3636966,164.6707331812999,162.7988369849312
2026-01-27 13:15:00,983.4755,1769520150.3815484,163.8008494868871,161.96042418978044
2026-01-27 13:30:00,983.5047111111111,1769521050.4113607,164.50101140250854,162.66222207246994
2026-01-27 13:45:00,983.4555111111112,1769521950.5095103,164.9213842645382,163.06184993876343
2026-01-27 14:00:00,983.4685333333333,1769522850.539119,164.9157970353478,163.06057247384928
2026-01-27 14:15:00,983.4653555555556,1769523750.5718544,163.91159863169898,162.06664079952992
2026-01-27 14:30:00,983.5985888888889,1769524650.6831884,164.806732041049,162.99512573884408
2026-01-27 14:45:00,983.7025444444445,1769525550.7193909,164.29329646522234,162.5211204391482
2026-01-27 15:00:00,983.7497333333333,1769526450.835684,165.2698164196123,163.50253728221202
2026-01-27 15:15:00,983.811288888889,1769527350.9544759,163.7545724059293,162.02344188009116
2026-01-27 15:30:00,983.8322888888889,1769528251.0219595,164.04043671607752,162.31310118441078
2026-01-27 15:45:00,983.7411777777778,1769529151.0447357,164.20985860889397,162.45113417137466
2026-01-27 16:00:00,983.7168368479466,1769530050.471817,164.3263078677309,162.55842239358145
2026-01-27 16:15:00,983.7097777777777,1769530950.6017847,165.36952223489166,163.58810388417396
2026-01-27 16:30:00,983.7235222222222,1769531850.7335515,164.86977080957809,163.0982192832667
2026-01-27 16:45:00,983.7718242491658,1769532750.773404,163.727100456621,161.9834746068268
2026-01-27 17:00:00,983.7212208657048,1769533650.299725,164.11810364464694,162.35388162977966
2026-01-27 17:15:00,983.6297111111111,1769534550.9086354,163.9619498289624,162.16972348293177
2026-01-27 17:30:00,983.5954888888889,1769535450.9665658,164.28807411630558,162.48116167525185
2026-01-27 17:45:00,983.5857619577308,1769536350.503187,163.6168470319635,161.8141691001905
2026-01-27 18:00:00,983.6288013318534,1769537250.6230233,163.33961345496007,161.55389575241782
2026-01-27 18:15:00,983.5554949944382,1769538150.6705146,165.5023432155074,163.66898366553926
2026-01-27 18:30:00,983.5146666666666,1769539050.7259045,164.73415621436718,162.89600420398787
2026-01-27 18:45:00,983.5080222222222,1769539950.7241924,164.0422234891676,162.20963666682982
2026-01-27 19:00:00,983.5314333333332,1769540850.7972763,163.95823603192702,162.13417877472486
2026-01-27 19:15:00,983.5132777777778,1769541750.8832123,164.10885062713797,162.27722518912665
2026-01-27 19:30:00,983.46,1769542650.9643734,163.97024857468642,162.12289406426302
2026-01-27 19:45:00,983.4090455049944,1769543551.2348933,164.97664009111617,163.10132483243513
2026-01-27 20:00:00,983.4228031145717,1769544451.2018592,163.2126301369863,161.36180649960824
2026-01-27 20:15:00,983.4088,1769545350.7394416,164.03338654503992,162.1687137703979
2026-01-27 20:30:00,983.3520222222223,1769546250.7927392,164.27201140250855,162.3861851254922
2026-01-27 20:45:00,983.3044111111111,1769547150.7922912,163.76645724059293,161.87102022269437
2026-01-27 21:00:00,983.1493007769146,1769548051.1829953,163.8709715261959,161.92408486720115
2026-01-27 21:15:00,982.9793666666666,1769548950.9568264,164.13322690992018,162.12811293966135
2026-01-27 21:30:00,982.9206896551725,1769549850.947656,163.7407488584475,161.72144977305638
2026-01-27 21:45:00,982.7576333333334,1769550750.6629217,164.03157696693273,161.95586683496165
2026-01-27 22:00:00,982.5675111111111,1769551650.7274866,163.3532337514253,161.22479111210546
2026-01-27 22:15:00,982.4792888888888,1769552550.7522497,163.63995553021667,161.4792823578231
2026-01-27 22:30:00,982.4792222222221,1769553450.8825994,163.8300285062714,161.6668240881766
2026-01-27 22:45:00,982.3946888888889,1769554350.936515,164.50474116305585,162.3051851526203
2026-01-27 23:00:00,982.2495222222223,1769555250.9680412,163.8531904218928,161.6154169953793
2026-01-27 23:15:00,982.1395555555556,1769556150.9625366,164.50271379703534,162.22038811492575
2026-01-27 23:30:00,982.0761777777777,1769557051.025943,164.0094982896237,161.71351613877277
2026-01-27 23:45:00,981.9584888888888,1769557951.066287,164.51737058152793,162.17610154239708
2026-01-28 00:00:00,981.8717758046614,1769558850.4299262,164.90054503990876,162.52563435073816
2026-01-28 00:15:00,981.8606111111111,1769559750.539626,164.19496009122008,161.8265977631862
2026-01-28 00:30:00,981.8508333333333,1769560650.620208,164.23911174458382,161.8669471402489
2026-01-28 00:45:00,981.8184666666666,1769561550.6913667,164.56930900798176,162.1818763324536
2026-01-28 01:00:00,981.7616462736373,1769562451.1165442,165.3532305936073,162.9359082283449
2026-01-28 01:15:00,981.7613555555555,1769563350.6060963,164.00540364880274,161.607691392512
2026-01-28 01:30:00,981.8458777777778,1769564250.436725,163.42227936145952,161.06031626663008
2026-01-28 01:45:00,981.8493111111112,1769565150.5147636,163.97806271379704,161.60917652366274
2026-01-28 02:00:00,981.9230521642619,1769566050.4489293,163.44649430523918,161.10904629334576
2026-01-28 02:15:00,982.0431590656284,1769566950.9417472,164.1489394977169,161.84031742757813
2026-01-28 02:30:00,982.1456444444444,1769567850.6222055,164.33011744583808,162.05215980444993
2026-01-28 02:45:00,982.3061555555556,1769568750.716313,165.09032839224628,162.85410403980774
2026-01-28 03:00:00,982.3904222222222,1769569650.7464108,164.52736716077536,162.32612343436716
2026-01-28 03:15:00,982.4996555555555,1769570550.8148863,163.74545724059294,161.58997300636395
2026-01-28 03:30:00,982.6161555555556,1769571450.9733074,164.73335461801597,162.6027480973988
2026-01-28 03:45:00,982.7043111111111,1769572351.006109,163.95259179019385,161.86061870670417
2026-01-28 04:00:00,982.8791786903441,1769573250.5215757,163.6701082004556,161.6382601990997
2026-01-28 04:15:00,983.0725111111111,1769574150.9266663,163.692921322691,161.72331074292285
2026-01-28 04:30:00,983.2345828698553,1769575050.5890203,164.417901826484,162.49223029485952
2026-01-28 04:45:00,983.4141111111111,1769575950.8560843,163.56763968072977,161.70997905980138
2026-01-28 05:00:00,983.6648723640399,1769576850.325562,164.259244013683,162.47519328157924
2026-01-28 05:15:00,983.8596222222222,1769577750.3969069,163.3510763968073,161.63983585566217
2026-01-28 05:30:00,984.0520444444445,1769578650.395309,164.03364196123147,162.37772911309327
2026-01-28 05:45:00,984.216084538376,1769579550.601771,164.1169464082098,162.51350131991478
2026-01-28 06:00:00,984.4830854605993,1769580450.453892,163.91563169897375,162.40085268706144
2026-01-28 06:15:00,984.6015444444445,1769581350.455645,163.0000478905359,161.53199528118589
2026-01-28 06:30:00,984.7403666666667,1769582250.5618343,163.68270125427594,162.25354289965267
2026-01-28 06:45:00,984.9147274749722,1769583150.4649234,162.90848515981736,161.54241020655266
2026-01-28 07:00:00,985.0617203107658,1769584050.0619977,163.64237585421412,162.3178589452639
2026-01-28 07:15:00,985.2291,1769584950.6129725,163.33025313568987,162.06250540339778
2026-01-28 07:30:00,985.3929922135707,1769585850.1456943,163.4827694063927,162.26701774827498
2026-01-28 07:45:00,985.4599333333333,1769586750.2573042,164.09134777651082,162.8928773839201
2026-01-28 08:00:00,985.5247724750277,1769587650.2520328,164.5095603644647,163.3292143606257
2026-01-28 08:15:00,985.6795888888888,1769588550.8195658,162.81332383124288,161.69520661426694
2026-01-28 08:30:00,985.7279644048944,1769589450.5940664,163.38763584474884,162.2812746728927
2026-01-28 08:45:00,985.9283333333333,1769590350.4121065,163.6554298745724,162.6124072575797
2026-01-28 09:00:00,986.067988888889,1769591250.493731,162.94351197263396,161.95025479993257
2026-01-28 09:15:00,986.0759222222223,1769592150.5395725,163.53665792474345,162.5423640885509
2026-01-28 09:30:00,986.0563555555555,1769593050.5713174,163.31938540478905,162.32006032418315
2026-01-28 09:45:00,986.1835555555555,1769593950.3890698,162.73416077537058,161.77956807767848
2026-01-28 10:00:00,986.2150721420643,1769594850.2028728,163.16997949886104,162.22305541596486
2026-01-28 10:15:00,986.2965222222223,1769595750.7632084,162.30016077537059,161.38457194156138
2026-01-28 10:30:00,986.2025917686318,1769596650.3387516,162.94288812785388,161.9932384012684
2026-01-28 10:45:00,986.1680111111111,1769597550.481257,163.0225496009122,162.06122684301346
2026-01-28 11:00:00,986.1728190899001,1769598450.4469802,162.9414681093394,161.9821810847366
2026-01-28 11:15:00,986.0413777777778,1769599350.583039,162.7763904109589,161.77554168067286
2026-01-28 11:30:00,985.9321555555555,1769600250.1973383,162.98713112884835,161.94960577993527
2026-01-28 11:45:00,985.8135150166853,1769601150.5267074,161.67088141391108,160.60362217892117
2026-01-28 12:00:00,985.642688888889,1769602050.9690537,162.43304104903078,161.30563062156887
2026-01-28 12:15:00,985.524088888889,1769602951.0148528,162.92667616875713,161.75746611144638
2026-01-28 12:30:00,985.4320444444445,1769603851.1079693,163.40659863169898,162.20408179092573
2026-01-28 12:45:00,985.3618222222223,1769604750.722562,162.4867602739726,161.26836173088918
2026-01-28 13:00:00,985.3477469478357,1769605650.2885058,162.8915603644647,161.66557541017897
2026-01-28 13:15:00,985.2133555555556,1769606550.8599315,162.6262462941847,161.35888187759318
2026-01-28 13:30:00,985.0909666666666,1769607450.900759,162.46583010262256,161.16026254786678
2026-01-28 13:45:00,984.9699555061178,1769608350.459527,162.1577602739726,160.8157426439043
2026-01-28 14:00:00,984.9236182019978,1769609250.838387,162.57413097949885,161.21372635420317
2026-01-28 14:15:00,984.8399222222222,1769610150.5028806,163.21028392246293,161.81746682072995
2026-01-28 14:30:00,984.5987333333334,1769611050.5750163,162.61437400228053,161.14888893006923
2026-01-28 14:45:00,984.4975333333333,1769611950.5858467,162.12491904218928,160.63132987954052
2026-01-28 15:00:00,984.4573637374862,1769612850.660053,162.52625456621007,161.01603164953244
2026-01-28 15:15:00,984.3006666666666,1769613750.2013175,163.40717445838084,161.83803883547208
2026-01-28 15:30:00,984.0733666666667,1769614650.2927191,162.26474914481184,160.63354317882713
2026-01-28 15:45:00,983.9324111111112,1769615550.2977588,162.1508574686431,160.47555020843885
2026-01-28 16:00:00,983.8268812430632,1769616450.2775457,163.30773234624147,161.58636453262088
2026-01-28 16:15:00,983.6974193548386,1769617350.6237197,164.19973401826485,162.4269023051597
2026-01-28 16:30:00,983.4945444444445,1769618250.408724,162.25150855188141,160.4346019206145
2026-01-28 16:45:00,983.3860333333333,1769619150.4656446,163.29804218928163,161.43437773315978
2026-01-28 17:00:00,983.2240666666667,1769620050.505933,162.6064606613455,160.6986249141965
2026-01-28 17:15:00,983.0418333333333,1769620950.5723138,163.21077993158494,161.23707755199015
2026-01-28 17:30:00,982.8893111111112,1769621850.620142,162.405157354618,160.392263109321
2026-01-28 17:45:00,982.7898222222223,1769622750.6866791,163.09462029646522,161.04113386245342
2026-01-28 18:00:00,982.8414872364041,1769623650.5940726,164.05287927107062,162.00406664113177
2026-01-28 18:15:00,982.8525,1769624551.1227944,163.51651083238315,161.47795336262394
2026-01-28 18:30:00,982.7592880978866,1769625450.7344346,163.2824600456621,161.21676303905647
2026-01-28 18:45:00,982.6755333333333,1769626350.770945,163.30516761687574,161.21217649765237
2026-01-28 19:00:00,982.6222222222221,1769627250.8564637,162.5126567844926,160.4127183616042
2026-01-28 19:15:00,982.5885888888889,1769628151.0226097,163.32835803876853,161.20703515125956
2026-01-28 19:30:00,982.4863777777778,1769629051.1438763,163.1858369441277,161.033442953805
2026-01-28 19:45:00,982.3154333333333,1769629950.7104096,162.5680684931507,160.36898501795577
2026-01-28 20:00:00,982.136211111111,1769630850.228107,162.9537229190422,160.69181322462896
2026-01-28 20:15:00,982.0312444444445,1769631750.3064716,163.01431356898516,160.71781926534803
2026-01-28 20:30:00,981.7665777777777,1769632650.242038,162.9406567844926,160.56018777708616
2026-01-28 20:45:00,981.4211555555556,1769633550.1910279,162.91441733181298,160.4234657164721
2026-01-28 21:00:00,981.1634628190899,1769634450.0344768,163.2746047835991,160.6953045525233
2026-01-28 21:15:00,981.1283888888888,1769635350.6131647,164.0713911060433,161.46817674668816
2026-01-28 21:30:00,981.0354616240267,1769636250.412584,163.19383561643835,160.57469855239086
2026-01-28 21:45:00,980.8528666666666,1769637150.3817692,162.7036921322691,160.03396803492564
2026-01-28 22:00:00,980.8448444444444,1769638050.417935,163.47263055872293,160.78770956237
2026-01-28 22:15:00,980.6769444444444,1769638950.4625342,163.59384834663626,160.85291295663995
2026-01-28 22:30:00,980.7965888888889,1769639850.5173297,163.93828848346635,161.23015813625494
2026-01-28 22:45:00,980.7178555555556,1769640750.412781,162.62332155074117,159.9117306632239
2026-01-28 23:00:00,980.524794672586,1769641650.214774,163.1763189066059,160.39356390423208
2026-01-28 23:15:00,980.3997888888889,1769642550.801707,163.81002850627138,160.97621548252908
2026-01-28 23:30:00,980.3072222222222,1769643450.8961575,163.40032725199544,160.5438770341305
2026-01-28 23:45:00,980.353147942158,1769644350.9307678,162.72711643835615,159.8971209273134
2026-01-29 00:00:00,980.4923555555556,1769645250.570301,163.4749464082098,160.67667395411203
2026-01-29 00:15:00,980.5514666666667,1769646150.5682192,163.6939190421893,160.9109204595009
2026-01-29 00:30:00,980.6031666666667,1769647050.6744459,163.07223831242874,160.31638492636574
2026-01-29 00:45:00,980.7300333333333,1769647950.765907,163.32510490307868,160.60572403241272
2026-01-29 01:00:00,980.9637555555555,1769648850.821259,162.4061425313569,159.77673177713797
2026-01-29 01:15:00,980.9826222222223,1769649750.8254056,163.2708141391106,160.6334651788346
2026-01-29 01:30:00,980.9868555555555,1769650650.8617003,163.8813819840365,161.23553551036238
2026-01-29 01:45:00,981.1312333333334,1769651550.9208908,163.18803534777652,160.59975025290132
2026-01-29 02:00:00,981.2064555555556,1769652450.984805,163.7994275940707,161.2256990441505
2026-01-29 02:15:00,981.2693555555555,1769653351.0267365,163.1986134549601,160.65453437664857
2026-01-29 02:30:00,981.2980222222222,1769654251.0259473,163.35710376282782,160.81977407192056
2026-01-29 02:45:00,981.3703666666667,1769655150.8931272,163.26616305587228,160.7535034566148
2026-01-29 03:00:00,981.3545777777778,1769656050.9832835,163.67866248574688,161.15456555365768
2026-01-29 03:15:00,981.3041777777778,1769656951.1061919,163.15935005701255,160.62706944348636
2026-01-29 03:30:00,981.2180444444443,1769657850.662877,163.1608789954338,160.6009060864656
2026-01-29 03:45:00,981.2514,1769658750.6428154,162.49017539863328,159.95139592104528
2026-01-29 04:00:00,981.1776666666666,1769659650.7139394,162.05098858447488,159.49554903952492
2026-01-29 04:15:00,980.9863666666668,1769660550.260221,163.80869897377423,161.1638683765971
2026-01-29 04:30:00,980.9449777777778,1769661450.3583164,163.0667001140251,160.42056991083598
2026-01-29 04:45:00,981.0652111111111,1769662350.457588,163.80685290763967,161.18746758551364
2026-01-29 05:00:00,981.189,1769663250.0967617,163.16634207525658,160.59695428168752
2026-01-29 05:15:00,981.1897555555556,1769664150.4904742,163.1350820980616,160.566429190304
2026-01-29 05:30:00,981.2880111111111,1769665050.6428452,162.10974116305584,159.58859067061715
2026-01-29 05:45:00,981.3134777777777,1769665950.7109115,163.85033181299886,161.3103273056386
2026-01-29 06:00:00,981.2097669256383,1769666850.5943182,162.75321298405467,160.19698421257803
2026-01-29 06:15:00,981.1585428253616,1769667750.9671931,162.99195776255706,160.4155441005697
2026-01-29 06:30:00,981.1453666666666,1769668650.7581468,163.13632611174458,160.553399409564
2026-01-29 06:45:00,980.9845888888889,1769669550.8532317,163.07743101482328,160.44383689205125
2026-01-29 07:00:00,980.9275471698113,1769670451.2500663,163.01342141230066,160.36256524645466
2026-01-29 07:15:00,980.9541333333333,1769671351.0046983,163.0798312428734,160.43642569940343
2026-01-29 07:30:00,981.1080999999999,1769672251.0424948,163.6048574686431,161.0025120392501
2026-01-29 07:45:00,981.3604560622915,1769673151.0962353,162.5092602739726,160.00507785221745
2026-01-29 08:00:00,981.6318111111111,1769674050.6740232,162.57837514253134,160.16002457745697
2026-01-29 08:15:00,981.6915777777778,1769674950.7727313,163.78841049030785,161.37134877243057
2026-01-29 08:30:00,981.6967777777777,1769675850.8987503,163.55089509692132,161.13901428315248
2026-01-29 08:45:00,981.7975,1769676750.638721,162.36196009122008,159.99984030395836
2026-01-29 09:00:00,981.8852111111112,1769677650.1540325,163.7444070695553,161.3904837738066
2026-01-29 09:15:00,981.9935666666668,1769678550.6048212,163.10006955530216,160.79025025317335
2026-01-29 09:30:00,982.0039666666667,1769679450.659573,162.72275028506272,160.42161130426916
2026-01-29 09:45:00,981.8428333333334,1769680350.797881,164.1164937286203,161.74351222352414
2026-01-29 10:00:00,981.810910099889,1769681250.256175,163.70173660205245,161.32445179854352
2026-01-29 10:15:00,981.9882000000001,1769682150.2190478,163.9527354618016,161.62910589702415
2026-01-29 10:30:00,982.2061333333332,1769683050.2578607,163.49930102622577,161.25236700362368
2026-01-29 10:45:00,982.3844160177974,1769683950.4605439,163.6620057012543,161.47040015443596
2026-01-29 11:00:00,982.6517444444445,1769684851.0191746,163.76305587229191,161.65650481482066
2026-01-29 11:15:00,982.8826111111111,1769685751.003696,163.27471265678452,161.248880154133
2026-01-29 11:30:00,983.1100333333333,1769686651.0227983,163.040913340935,161.09123649838966
2026-01-29 11:45:00,983.3567333333334,1769687551.091138,163.6233261117446,161.7464706810609
2026-01-29 12:00:00,983.4616555555556,1769688450.6529272,163.6396015981735,161.7965080143802
2026-01-29 12:15:00,983.6083666666667,1769689350.1956575,163.72892132269098,161.93232929319495
2026-01-29 12:30:00,983.6751777777777,1769690250.3586547,163.55552565564423,161.78245257764794
2026-01-29 12:45:00,983.7725,1769691150.4732885,162.88836488027366,161.1538890168001
2026-01-29 13:00:00,983.8508777777778,1769692050.5266893,163.38779247434437,161.67333978946468
2026-01-29 13:15:00,983.8094444444444,1769692950.5602975,163.96816077537056,162.234173836361
2026-01-29 13:30:00,983.8531333333334,1769693850.5852804,164.50252337514252,162.77710795519573
2026-01-29 13:45:00,983.9455,1769694750.6563811,163.19812998859751,161.51623061799873
2026-01-29 14:00:00,983.9519777777778,1769695650.7650433,163.68811630558724,162.0032660264435
2026-01-29 14:15:00,984.0619666666666,1769696550.8215747,163.09363740022803,161.4504177214073
2026-01-29 14:30:00,984.0140555555555,1769697450.8874881,163.2826944127708,161.62208219600424
2026-01-29 14:45:00,983.8886222222222,1769698350.8995085,163.80307069555303,162.09649645639044
2026-01-29 15:00:00,983.8122111111111,1769699250.8947535,163.35843101482328,161.63178641601158
2026-01-29 15:15:00,984.0695666666667,1769700150.9557362,163.2514002280502,161.609047477986
2026-01-29 15:30:00,984.3503,1769701050.9414623,164.0537023945268,162.49448790057488
2026-01-29 15:45:00,984.5174555555554,1769701950.9939923,163.1348449258837,161.63839200152017
2026-01-29 16:00:00,984.6852888888889,1769702850.5632691,163.33664269406393,161.892671511784
2026-01-29 16:15:00,984.6231888888889,1769703750.2170444,163.51641391106043,162.05072551835957
2026-01-29 16:30:00,984.5789,1769704650.3211012,163.90655302166476,162.4229798917081
2026-01-29 16:45:00,984.6836999999999,1769705550.3897932,164.1265803876853,162.6751088460457
2026-01-29 17:00:00,984.7002555555555,1769706450.4531333,164.05051311288483,162.60509822693157
2026-01-29 17:15:00,984.6783777777778,1769707350.5244074,163.7351630558723,162.28542560924825
2026-01-29 17:30:00,984.7984888888889,1769708250.602899,164.21798403648802,162.8030758349326
2026-01-29 17:45:00,984.9816777777778,1769709150.6595812,163.25196807297604,161.9046905161581
2026-01-29 18:00:00,985.1419444444443,1769710050.7398076,163.53581527936146,162.2381896170196
2026-01-29 18:15:00,985.2341222222223,1769710950.7846394,163.44395553021664,162.17695422426533
2026-01-29 18:30:00,985.4019888888889,1769711850.9011478,163.21033637400228,161.9995255722417
2026-01-29 18:45:00,985.5727,1769712750.993401,163.4737206385405,162.31636481877533
2026-01-29 19:00:00,985.5757777777778,1769713651.0499125,163.32055074116306,162.16527754285465
2026-01-29 19:15:00,985.6695777777777,1769714551.0473597,163.4082542759407,162.28280209128206
2026-01-29 19:30:00,985.7199888888889,1769715451.0171962,163.00660433295323,161.90024077700568
2026-01-29 19:45:00,985.7116222222222,1769716351.0216477,162.7572497149373,161.64987362265208
2026-01-29 20:00:00,985.7067924528301,1769717250.5723357,163.31989737742302,162.20712626062652
2026-01-29 20:15:00,985.7402555555554,1769718150.5901134,162.61343899657925,161.5162906057445
2026-01-29 20:30:00,985.7744111111111,1769719050.5787687,163.29958608893955,162.20888857353754
2026-01-29 20:45:00,985.7481646273637,1769719950.6796236,162.96298858447489,161.86604219225674
2026-01-29 21:00:00,985.7961666666666,1769720850.254022,162.88268415051311,161.80181119656936
2026-01-29 21:15:00,985.9966888888889,1769721750.3911004,163.89530216647663,162.8730158041079
2026-01-29 21:30:00,986.2899444444444,1769722650.4460034,163.0555496009122,162.13356639797374
2026-01-29 21:45:00,986.5447444444445,1769723550.469873,162.47577993158495,161.63942545156127
2026-01-29 22:00:00,986.7064927857936,1769724450.467386,163.73970387243736,162.9495483759255
2026-01-29 22:15:00,986.9064444444444,1769725351.0382235,162.20438084378563,161.48620028193932
2026-01-29 22:30:00,986.9445,1769726250.6063495,161.59905821917806,160.89580329272016
2026-01-29 22:45:00,987.0157666666667,1769727150.1963956,162.1606180159635,161.47793361322115
2026-01-29 23:00:00,987.0273303670745,1769728051.0752985,161.79607297605472,161.11864949390215
2026-01-29 23:15:00,986.9104444444445,1769728951.048861,162.27139224629417,161.55420741141523
2026-01-29 23:30:00,986.8227555555554,1769729850.913177,162.92067388825544,162.17217555755366
2026-01-29 23:45:00,986.8275,1769730750.8941538,162.38245952109463,161.6379676392691
2026-01-30 00:00:00,986.8418645948946,1769731650.6665807,162.80420387243734,162.06243423063117
2026-01-30 00:15:00,986.8307777777778,1769732551.1574073,162.0140376282782,161.27229211492497
2026-01-30 00:30:00,986.768275862069,1769733450.9597895,161.7818299086758,161.02101800482086
2026-01-30 00:45:00,986.8211777777777,1769734350.847928,161.92780387685292,161.18335841550692
2026-01-30 01:00:00,986.9565222222222,1769735250.9034283,162.02779703534776,161.32655526246194
2026-01-30 01:15:00,986.9979444444444,1769736151.0289462,162.60733409350058,161.9169975042924
2026-01-30 01:30:00,987.0686111111111,1769737051.1008577,162.3037069555302,161.63750254408527
2026-01-30 01:45:00,987.1579333333334,1769737950.6698012,163.20785388127854,162.56697733151964
2026-01-30 02:00:00,987.2508111111111,1769738850.2913806,162.44510262257697,161.83728058886538
2026-01-30 02:15:00,987.3001777777777,1769739750.340523,161.96708323831245,161.37698231408194
2026-01-30 02:30:00,987.3422888888889,1769740650.8412616,162.06205466970385,161.48520780272776
2026-01-30 02:45:00,987.3444444444444,1769741551.1646965,161.91236488027366,161.33674636122072
2026-01-30 03:00:00,987.2877888888889,1769742450.6828203,162.44183447488584,161.8459936374091
2026-01-30 03:15:00,987.1916555555556,1769743350.2270725,162.17787913340936,161.55194245126873
2026-01-30 03:30:00,987.1161,1769744250.3612769,162.57642987457243,161.9244845208235
2026-01-30 03:45:00,987.0441777777778,1769745150.3984773,162.96921436716076,162.2923473824458
2026-01-30 04:00:00,986.9383444444444,1769746050.465465,161.94852109464082,161.2417602805821
2026-01-30 04:15:00,986.9706111111111,1769746950.5399632,162.90388825541618,162.20342530598867
2026-01-30 04:30:00,987.0166111111112,1769747850.619197,161.98492588369442,161.30325355508788
2026-01-30 04:45:00,986.9813555555555,1769748750.7258437,162.53709806157354,161.84169001718712
2026-01-30 05:00:00,986.7241555555556,1769749650.7469869,161.93561231470923,161.15985574595263
2026-01-30 05:15:00,986.5800888888889,1769750550.751712,163.033503990878,162.20574432913278
2026-01-30 05:30:00,986.6371777777779,1769751450.7821815,163.37684606613456,162.5659035294606
2026-01-30 05:45:00,986.6586,1769752350.8555107,162.99030216647662,162.18822700708523
2026-01-30 06:00:00,986.6153777777778,1769753250.8839498,162.41646408209806,161.60324247317098
2026-01-30 06:15:00,986.7247111111111,1769754151.0121043,162.91250627137973,162.13225001472927
2026-01-30 06:30:00,986.9059333333333,1769755051.0014594,162.58842873432155,161.86838228596824
2026-01-30 06:45:00,987.0687444444444,1769755950.837936,162.04611402508553,161.38100998453586
2026-01-30 07:00:00,987.020488888889,1769756850.8127394,162.5021698973774,161.81957587484368
2026-01-30 07:15:00,986.8237777777778,1769757750.9220629,162.76190079817562,162.01446313999753
2026-01-30 07:30:00,986.7307888888889,1769758650.9705985,162.62952565564424,161.85259210795573
2026-01-30 07:45:00,986.7939666666666,1769759551.1046124,162.4930661345496,161.7372196030456
2026-01-30 08:00:00,986.8471920088791,1769760450.6304572,162.51967502850627,161.78092549773717
2026-01-30 08:15:00,986.8232111111112,1769761350.7068517,162.66793044469782,161.9207408083188
2026-01-30 08:30:00,986.7116685205784,1769762250.4434485,162.10126255707763,161.32068355238007
2026-01-30 08:45:00,986.6973222222223,1769763150.2860136,162.5351778791334,161.74786837479775
2026-01-30 09:00:00,986.7601553829078,1769764050.2590084,162.61216400911164,161.84481875425465
2026-01-30 09:15:00,986.7603888888889,1769764950.9138556,163.27631584948688,162.50591244228661
2026-01-30 09:30:00,986.7732035595105,1769765850.9209666,162.56030707762557,161.79742879651337
2026-01-30 09:45:00,986.9417888888888,1769766750.635717,162.65918700114022,161.95044041915884
2026-01-30 10:00:00,987.0385444444444,1769767650.6866646,162.10507297605474,161.42997627863554
2026-01-30 10:15:00,987.0604666666666,1769768550.7695115,162.7145929304447,162.04406242526346
2026-01-30 10:30:00,987.0966222222222,1769769450.8680348,162.76008095781071,162.1010842867569
2026-01-30 10:45:00,987.1423777777777,1769770350.9383764,163.21941847206384,162.57343859205017
2026-01-30 11:00:00,987.2742730299667,1769771250.2982855,162.78615165336373,162.18466366227537
2026-01-30 11:15:00,987.4725222222222,1769772150.3119767,163.37620068415052,162.83708432936234
2026-01-30 11:30:00,987.4514666666666,1769773050.3527389,161.71889851767386,161.17846345824475
2026-01-30 11:45:00,987.3056333333334,1769773950.3384,162.7132896237172,162.12223894108092
2026-01-30 12:00:00,987.2251724137931,1769774850.8632882,162.8955114155251,162.2776826938006
2026-01-30 12:15:00,987.114550499445,1769775751.0449674,164.46731321184512,163.8072776148743
2026-01-30 12:30:00,987.1641999999999,1769776650.7536275,162.8771277080958,162.23958322759322
2026-01-30 12:45:00,987.5186222222222,1769777550.792781,163.09860661345496,162.57539503686965
2026-01-30 13:00:00,987.8651222222222,1769778450.7527142,163.1993614595211,162.7886000861537
2026-01-30 13:15:00,987.8838932146831,1769779350.5299962,162.30221803652967,161.89979263586736
2026-01-30 13:30:00,987.9877666666667,1769780250.445717,162.10817331812999,161.73982650602127
2026-01-30 13:45:00,988.0605666666667,1769781150.4591067,163.4984982896237,163.150745360748
2026-01-30 14:00:00,988.0407214206436,1769782050.3914764,162.6503451025057,162.29795433849884
2026-01-30 14:15:00,988.1618666666666,1769782950.9437199,163.1788369441277,162.8647569760095
2026-01-30 14:30:00,988.2081222222222,1769783851.0416028,165.94795553021663,165.64386886517997
2026-01-30 14:45:00,988.1790888888889,1769784750.6618738,163.2756826484018,162.967029487744
2026-01-30 15:00:00,987.9525917686318,1769785650.4691086,162.3806305587229,162.00026757483226
2026-01-30 15:15:00,987.6520444444445,1769786550.954924,162.8753774230331,162.39621069905934
2026-01-30 15:30:00,987.5392666666667,1769787451.0263875,162.84947206385405,162.33376213983166
2026-01-30 15:45:00,987.7136666666667,1769788351.1426342,163.90879475484607,163.4467304574885
2026-01-30 16:00:00,987.7007222222222,1769789251.135453,164.05951995438997,163.5927954671966
2026-01-30 16:15:00,987.6413111111111,1769790150.667443,163.25033789954338,162.7665739776472
2026-01-30 16:30:00,987.6372666666667,1769791050.1589475,163.7476875712657,163.26112923382988
2026-01-30 16:45:00,987.7073555555555,1769791950.2273338,162.33812884834663,161.87844903132068
2026-01-30 17:00:00,987.9432666666667,1769792850.2944598,163.55364196123148,163.1674881613802
2026-01-30 17:15:00,988.0447111111112,1769793750.3670514,163.57767730900798,163.22457985555727
2026-01-30 17:30:00,988.1184222222223,1769794650.4670472,163.28085290763966,162.95241721374637
2026-01-30 17:45:00,988.1287222222222,1769795550.3676586,163.86714595210947,163.5408998510297
2026-01-30 18:00:00,988.0595888888888,1769796450.4031286,163.45357582668186,163.10559948321009
2026-01-30 18:15:00,988.009088888889,1769797350.3713949,162.85395553021664,162.49084331450183
2026-01-30 18:30:00,988.0247111111111,1769798250.4656925,162.39062713797034,162.03361056738277
2026-01-30 18:45:00,987.9530888888889,1769799150.4953575,163.13215621436717,162.75019465752803
2026-01-30 19:00:00,987.9089444444445,1769800050.4476511,163.24529304446978,162.84868822187795
2026-01-30 19:15:00,987.9155111111111,1769800950.5149326,162.48466248574687,162.09203441162214
2026-01-30 19:30:00,987.8324555555555,1769801850.5403383,163.15496351197262,162.73368160395037
2026-01-30 19:45:00,987.7351777777777,1769802750.6002,163.81245724059292,163.35769238163
2026-01-30 20:00:00,987.5026082130966,1769803650.636354,163.28037471526196,162.751367349122
2026-01-30 20:15:00,987.5390666666666,1769804550.7183654,162.98673401826483,162.4705244263662
2026-01-30 20:30:00,987.7985317018911,1769805450.6681082,163.06160889395665,162.62953362126837
2026-01-30 20:45:00,988.0266222222222,1769806350.8531342,163.77378221208664,163.41434937321597
2026-01-30 21:00:00,988.0054273029967,1769807250.3831973,162.08320524515392,161.7206272437024
2026-01-30 21:15:00,987.7529888888889,1769808150.409596,163.69792702394525,163.24929531497952
2026-01-30 21:30:00,987.596785317019,1769809050.878925,163.26927023945268,162.7709545574324
2026-01-30 21:45:00,987.4905666666667,1769809951.1271963,163.40032725199544,162.86700886656942
2026-01-30 22:00:00,987.388288888889,1769810850.679408,163.6611712328767,163.09363636328737
2026-01-30 22:15:00,987.2411777777778,1769811750.7092557,162.24746013667425,161.63726338202903
2026-01-30 22:30:00,987.4410888888889,1769812651.012067,164.15867046750287,163.60668635235194
2026-01-30 22:45:00,987.4871444444444,1769813550.6479049,163.0933196347032,162.55989064808333
2026-01-30 23:00:00,987.4024555555555,1769814450.2100759,163.3660684150513,162.80416960563065
2026-01-30 23:15:00,987.4457555555555,1769815350.2541325,163.25580957810718,162.70837994037743
2026-01-30 23:30:00,987.4464888888889,1769816250.3075535,163.3772212086659,162.8296232698711
2026-01-30 23:45:00,987.4061999999999,1769817150.298388,163.43746522234892,162.87654060282546
2026-01-31 00:00:00,987.3560777777778,1769818050.3429894,163.5476488027366,162.97000837146882
2026-01-31 00:15:00,987.3786777777777,1769818950.4292736,163.64454047890536,163.07392860707355
2026-01-31 00:30:00,987.5952444444443,1769819850.466402,163.45699885974915,162.9576080148416
2026-01-31 00:45:00,987.6997222222221,1769820750.5136325,163.49654960091218,163.03110061658435
2026-01-31 01:00:00,987.7601886792453,1769821650.4929295,163.33337813211847,162.8880910117781
2026-01-31 01:15:00,987.7393777777778,1769822551.068251,162.47472633979476,162.02503620179195
2026-01-31 01:30:00,987.7269222222222,1769823451.0833688,162.60167730900798,162.1475964747981
2026-01-31 01:45:00,987.6904555555556,1769824350.6452162,163.16341666666665,162.69590073415083
2026-01-31 02:00:00,987.5466629588432,1769825250.9405856,163.30558266818701,162.7908364174685
2026-01-31 02:15:00,987.6511555555556,1769826151.0420043,163.0359646522235,162.55603650431414
2026-01-31 02:30:00,987.4573888888888,1769827051.0940387,163.42520638540478,162.88099837984322
2026-01-31 02:45:00,987.3120444444445,1769827950.621906,163.09449885844748,162.5041470967088
2026-01-31 03:00:00,987.3018,1769828850.6561015,163.24158656036448,162.64736988850075
2026-01-31 03:15:00,987.5154666666666,1769829751.0404522,164.5447354618016,164.01584965596632
2026-01-31 03:30:00,987.4189777777777,1769830650.659112,163.76865296803652,163.2107625859167
2026-01-31 03:45:00,987.3108333333333,1769831550.2165773,162.66985518814138,162.0806479096393
2026-01-31 04:00:00,987.3499666666668,1769832450.339162,164.73302850627138,164.14919510518564
2026-01-31 04:15:00,987.2837111111111,1769833350.369709,163.03337856328392,162.43404318157243
2026-01-31 04:30:00,987.2681555555556,1769834250.3995519,163.25955644241733,162.65432916095574
2026-01-31 04:45:00,987.3629444444445,1769835150.4225988,164.22433409350057,163.646551047802
2026-01-31 05:00:00,987.3291120976693,1769836050.4506736,163.76294191343965,163.17574055293764
2026-01-31 05:15:00,987.2244333333333,1769836950.9814649,163.74203534777652,163.1207548183188
2026-01-31 05:30:00,987.1080200222469,1769837850.8944542,164.50811301369862,163.84577368395693
2026-01-31 05:45:00,987.0069333333333,1769838750.5494153,162.79618928164197,162.10796523743258
2026-01-31 06:00:00,986.9803662597114,1769839650.551479,163.28290432801825,162.5839836956808
2026-01-31 06:15:00,986.9705222222223,1769840550.6127992,164.9664029680365,164.2570423050414
2026-01-31 06:30:00,986.8662333333334,1769841450.1726992,163.9566738882554,163.2176079751264
2026-01-31 06:45:00,986.7376555555555,1769842350.231289,163.72909920182443,162.9491504573028
2026-01-31 07:00:00,986.5982202447163,1769843250.8323147,163.15525655644242,162.33276524765105
2026-01-31 07:15:00,986.5887333333334,1769844151.0811892,163.96407183580388,163.1344078492752
2026-01-31 07:30:00,986.4646777777779,1769845051.1687675,163.82880045610034,162.95938389748594
2026-01-31 07:45:00,986.3563111111112,1769845950.6985059,163.22720662100457,162.3257974129088
2026-01-31 08:00:00,986.3947777777778,1769846850.32912,163.79270125427593,162.90070115911772
2026-01-31 08:15:00,986.5028,1769847750.397941,163.06331927023945,162.21033217853784
2026-01-31 08:30:00,986.5219000000001,1769848650.4419844,163.78340706955532,162.93287710293558
2026-01-31 08:45:00,986.6001555555555,1769849550.3191156,163.52933979475483,162.70559244409912
2026-01-31 09:00:00,986.816411111111,1769850450.295349,164.0241140250855,163.268474505692
2026-01-31 09:15:00,986.9122111111111,1769851350.3729386,163.68525313568986,162.96239531188806
2026-01-31 09:30:00,986.9742888888889,1769852250.5033672,163.72212086659064,163.0193387297199
2026-01-31 09:45:00,987.0650333333333,1769853150.5125422,163.20899885974913,162.53791546354063
2026-01-31 10:00:00,987.0699111111112,1769854050.6256695,163.4732120866591,162.80263051983633
2026-01-31 10:15:00,987.0638111111111,1769854950.6907668,164.28937856328392,163.61345291312415
2026-01-31 10:30:00,987.0416444444444,1769855850.7467496,163.86194982896237,163.18054822446152
2026-01-31 10:45:00,986.9741888888889,1769856750.7978911,164.63889395667047,163.9321437572556
2026-01-31 11:00:00,986.8321333333333,1769857650.8779922,163.52900570125428,162.78076555708967
2026-01-31 11:15:00,986.7312,1769858550.889467,163.6554606613455,162.87375981055123
2026-01-31 11:30:00,986.6163777777779,1769859451.0244792,162.4571630558723,161.64406095438747
2026-01-31 11:45:00,986.6869111111112,1769860351.0682,163.03368985176738,162.24058734412515
2026-01-31 12:00:00,986.5374444444444,1769861250.6242027,164.1640810502283,163.31665149158147
2026-01-31 12:15:00,986.3844666666668,1769862150.2527385,164.84226111744584,163.94116434912496
2026-01-31 12:30:00,986.3711999999999,1769863050.340913,164.03129646522237,163.1303043208283
2026-01-31 12:45:00,986.259511111111,1769863950.4178598,164.12218015963512,163.18423300581486
2026-01-31 13:00:00,986.0753666666667,1769864850.5316782,163.6572029646522,162.6619954856325
2026-01-31 13:15:00,985.9154111111112,1769865750.6982698,164.06563854047891,163.01578844001762
2026-01-31 13:30:00,985.8773666666666,1769866650.694911,163.9096875712657,162.84844396685082
2026-01-31 13:45:00,985.8627,1769867550.7080843,163.83195781071836,162.76644292018588
2026-01-31 14:00:00,985.829388888889,1769868450.7509446,163.13318244013684,162.0614149279263
2026-01-31 14:15:00,985.8472222222222,1769869350.8532312,163.45797149372862,162.38986195405897
2026-01-31 14:30:00,985.8696555555555,1769870250.9150443,164.11094868871152,163.04588745720633
2026-01-31 14:45:00,985.8292,1769871150.727533,165.265661345496,164.17982165209077
2026-01-31 15:00:00,985.7974555555555,1769872050.8151588,164.35798859749144,163.26774654045704
2026-01-31 15:15:00,985.7779222222223,1769872950.905693,164.2465142531357,163.15063776699816
2026-01-31 15:30:00,985.7900333333332,1769873850.9099464,164.03493272519955,162.94441476962575
2026-01-31 15:45:00,985.7917,1769874750.7940202,163.29607297605472,162.21100772436262
2026-01-31 16:00:00,985.8897336293007,1769875650.2661414,164.26682212086658,163.20730293360992
2026-01-31 16:15:00,985.8905777777778,1769876550.3675718,164.47832155074119,163.4177140918953
2026-01-31 16:30:00,985.8258999999999,1769877450.5056148,164.2841299885975,163.2036620715758
2026-01-31 16:45:00,985.8037597330367,1769878350.406641,164.30105022831052,163.2132437002503
2026-01-31 17:00:00,985.8206777777777,1769879250.2487285,164.32790649942987,163.24544565508037
2026-01-31 17:15:00,985.8163555555554,1769880150.2791138,164.82850741163054,163.74133354979443
2026-01-31 17:30:00,985.8438000000001,1769881050.3953552,163.64986316989737,162.5793869523987
2026-01-31 17:45:00,985.8124666666668,1769881950.1992059,164.22861573546183,163.14412972811633
2026-01-31 18:00:00,985.7607,1769882850.3018734,165.52317559863172,164.4131178274107
2026-01-31 18:15:00,985.8737333333333,1769883750.4418445,164.22959179019387,163.1650912751102
2026-01-31 18:30:00,985.8578,1769884650.4657922,164.36654275940708,163.29595077736568
2026-01-31 18:45:00,985.8459333333334,1769885550.4568717,164.25227936145953,163.1785588103742
2026-01-31 19:00:00,985.8389999999999,1769886450.4974597,164.48274572405927,163.4052527077086
2026-01-31 19:15:00,985.8590111111112,1769887350.5141423,164.55720752565566,163.48576965805728
2026-01-31 19:30:00,985.9313777777778,1769888250.6103575,163.91468529076397,162.8710020656575
2026-01-31 19:45:00,985.8515111111112,1769889150.726279,164.9577537058153,163.8812496305214
2026-01-31 20:00:00,985.8476777777777,1769890050.7674131,164.45146180159634,163.37700919401337
2026-01-31 20:15:00,985.8304777777777,1769890950.7931478,163.48783010262255,162.41408629470902
2026-01-31 20:30:00,985.8236,1769891850.5845916,164.2981630558723,163.2168520465815
2026-01-31 20:45:00,985.8364888888889,1769892750.662026,164.03420410490307,162.95883097596214
2026-01-31 21:00:00,985.7766777777778,1769893650.7786038,164.57772748004558,163.47923420922282
2026-01-31 21:15:00,985.6692222222222,1769894550.7848446,164.46733181299888,163.3344692264726
2026-01-31 21:30:00,985.7469,1769895450.7858145,164.44431242873432,163.3369817378964
2026-01-31 21:45:00,985.6050777777778,1769896350.817625,164.56574686431014,163.4112411966293
2026-01-31 22:00:00,985.6959333333334,1769897250.9309895,165.1118928164196,163.9833505692211
2026-01-31 22:15:00,985.5852111111111,1769898150.9821181,164.71979703534777,163.5577118114892
2026-01-31 22:30:00,985.6383555555556,1769899050.5853262,163.8121689497717,162.67377646682755
2026-01-31 22:45:00,985.5953999999999,1769899950.6153462,163.79155125284737,162.63932892437438
2026-01-31 23:00:00,985.5543507214206,1769900850.57465,163.85069327251995,162.68469817117025
2026-01-31 23:15:00,985.4554222222223,1769901750.584909,164.24155416191562,163.04051571582895
2026-01-31 23:30:00,985.3701223581758,1769902650.1615813,164.40299429223742,163.1729356603879
2026-01-31 23:45:00,985.2677222222222,1769903550.2046378,164.031488027366,162.77087006281795
2026-02-01 00:00:00,985.0764999999999,1769904450.2745903,165.02742303306727,163.69653428647592
2026-02-01 00:15:00,984.9547333333333,1769905350.3905075,163.56046180159635,162.2018972078528
2026-02-01 00:30:00,985.0351222222223,1769906250.6282682,164.44731128848346,163.10760232248563
2026-02-01 00:45:00,984.9373222222223,1769907150.7125506,164.02856328392244,162.66044625257993
2026-02-01 01:00:00,984.8410777777779,1769908050.661987,164.38606271379703,162.98358832880584
2026-02-01 01:15:00,984.7679888888889,1769908950.7564378,164.36922462941848,162.94307350269608
2026-02-01 01:30:00,984.6544,1769909850.7703068,163.8765188141391,162.41774076116275
2026-02-01 01:45:00,984.5522,1769910750.8687897,164.37947206385402,162.8829202050119
2026-02-01 02:00:00,984.5281333333334,1769911650.7488992,165.2726009122007,163.76003527869884
2026-02-01 02:15:00,984.492311111111,1769912550.687101,164.5105290763968,162.9932599019886
2026-02-01 02:30:00,984.5384222222223,1769913450.7921705,164.65430330672748,163.1507535438637
2026-02-01 02:45:00,984.4639888888888,1769914350.8934698,164.2269566704675,162.70308637768167
2026-02-01 03:00:00,984.4943666666666,1769915250.9722085,163.9389156214367,162.42758615467187
2026-02-01 03:15:00,984.7176,1769916151.0686862,164.53576624857467,163.0917332712502
2026-02-01 03:30:00,984.609511111111,1769917051.1287696,164.27156898517674,162.79465831909621
2026-02-01 03:45:00,984.4790555555555,1769917951.1107547,165.12018928164196,163.59296016490458
2026-02-01 04:00:00,984.3912555555555,1769918851.0405655,164.41797377423032,162.8686373429553
2026-02-01 04:15:00,984.3178999999999,1769919751.096691,164.2053888255416,162.63419362206162
2026-02-01 04:30:00,984.1968479467259,1769920651.1517856,165.05528164196122,163.436380850866
2026-02-01 04:45:00,984.1810444444444,1769921550.6851346,164.0610399543379,162.44675638164807
2026-02-01 05:00:00,984.1813904338154,1769922450.2795289,164.88122805017105,163.258987183575
2026-02-01 05:15:00,984.1591786903441,1769923350.4075747,164.11866248574688,162.4967055530169
2026-02-01 05:30:00,984.0453948832036,1769924250.4960947,166.04385974914481,164.36546790434735
2026-02-01 05:45:00,984.0439111111111,1769925150.519921,164.3257229190422,162.66421549959205
2026-02-01 06:00:00,984.0590888888889,1769926050.5736165,164.50725769669327,162.84885806054982
2026-02-01 06:15:00,984.1045444444445,1769926950.5819104,164.4477149372862,162.8047156372503
2026-02-01 06:30:00,984.0799444444444,1769927850.6495166,164.40147206385404,162.75092723437575
2026-02-01 06:45:00,984.0249333333334,1769928750.6765828,164.38776966932724,162.71945866673224
2026-02-01 07:00:00,983.9651111111111,1769929650.6656265,164.95577080957813,163.2621607932504
2026-02-01 07:15:00,983.9804444444444,1769930550.7183185,165.03573774230333,163.34631591127035
2026-02-01 07:30:00,983.8767666666666,1769931450.7627904,164.93883010262257,163.21655291821023
2026-02-01 07:45:00,983.8267888888888,1769932350.796921,164.82933979475484,163.09190314224375
2026-02-01 08:00:00,983.8241065482797,1769933250.2331264,164.66647206385406,162.92987810182476
2026-02-01 08:15:00,983.8263444444444,1769934150.338959,164.38882782212087,162.6558899446145
2026-02-01 08:30:00,983.7698331479421,1769935050.5714877,164.70787457240596,162.953154970497
2026-02-01 08:45:00,983.7381333333334,1769935951.120735,164.21643899657926,162.4566548980986
2026-02-01 09:00:00,983.703806881243,1769936850.6430001,166.28654503990876,164.49328384221425
2026-02-01 09:15:00,983.6921333333333,1769937750.6692524,165.37975256556442,163.59245091245967
2026-02-01 09:30:00,983.6295773081202,1769938650.5750492,164.86108333333334,163.0589851522261
2026-02-01 09:45:00,983.5620222222223,1769939550.3286145,163.98427137970353,162.16984536307268
2026-02-01 10:00:00,983.5427444444445,1769940450.4151437,165.37234207525654,163.5362522111934
2026-02-01 10:15:00,983.6221,1769941350.4964263,164.88656784492588,163.0817522491062
2026-02-01 10:30:00,983.6619888888889,1769942250.6217542,164.73399315849485,162.94384639431848
2026-02-01 10:45:00,983.6624333333333,1769943150.7342124,165.06244355758267,163.26887268571232
2026-02-01 11:00:00,983.6464444444445,1769944050.7765243,164.29085404789052,162.50047079163585
2026-02-01 11:15:00,983.6040777777777,1769944950.8891041,164.39801482326112,162.59268616303785
2026-02-01 11:30:00,983.4945222222223,1769945850.941185,164.71920980615735,162.87466240081605
2026-02-01 11:45:00,983.4767888888888,1769946750.9487207,166.70005929304446,164.82748408916223
2026-02-01 12:00:00,983.4940222222223,1769947650.9852586,164.59684606613456,162.75350615248212
2026-02-01 12:15:00,983.5825777777777,1769948551.0189283,165.38129190421893,163.55813228451456
2026-02-01 12:30:00,983.7799889012209,1769949451.1003766,163.74932725199545,162.0081101541304
2026-02-01 12:45:00,983.7493214682981,1769950350.6808074,164.08918150684931,162.33439352876673
2026-02-01 13:00:00,983.6308768035517,1769951250.2555933,163.86136902050114,162.07061994624303
2026-02-01 13:15:00,983.6627222222222,1769952150.8386192,164.96901140250856,163.17655004552847
2026-02-01 13:30:00,983.7421802002225,1769953050.5080397,164.81877511415524,163.0538559415742
2026-02-01 13:45:00,983.7265333333334,1769953950.5645533,164.98827936145952,163.21643736488156
2026-02-01 14:00:00,983.6946333333333,1769954850.643475,165.05079361459522,163.26786344301965
2026-02-01 14:15:00,983.6467555555556,1769955750.7441416,164.53975256556444,162.74675816646524
2026-02-01 14:30:00,983.7541666666667,1769956650.7797863,165.05670353477765,163.29315113614854
2026-02-01 14:45:00,983.7209555555555,1769957550.7645028,164.47049030786772,162.7023939053581
2026-02-01 15:00:00,983.6852888888889,1769958450.9352043,165.63200684150513,163.83973621206468
2026-02-01 15:15:00,983.6648,1769959351.0271633,164.4381254275941,162.65210829027498
2026-02-01 15:30:00,983.6654666666666,1769960251.0985432,164.91148004561003,163.12053914035505
2026-02-01 15:45:00,983.5786111111111,1769961151.1350393,164.15791334093498,162.34695226123281
2026-02-01 16:00:00,983.6394783573808,1769962050.7961152,165.04767312072892,163.24676792133056
2026-02-01 16:15:00,983.6322111111111,1769962950.8284419,165.0679270239453,163.26442784276077
2026-02-01 16:30:00,983.6397219132368,1769963850.3803515,164.34666666666666,162.55348962785
2026-02-01 16:45:00,983.6507333333334,1769964750.813653,164.85781984036487,163.06265670192124
2026-02-01 17:00:00,983.6964927857936,1769965650.2683055,164.17149372862028,162.3986659728461
2026-02-01 17:15:00,983.7149000000001,1769966550.3074732,164.49109578107183,162.72080712317631
2026-02-01 17:30:00,983.7570555555556,1769967450.3166747,164.13674686431014,162.38396198103462
2026-02-01 17:45:00,983.7669555555556,1769968350.4048498,164.95599087799317,163.19768872704924
2026-02-01 18:00:00,983.8587875417129,1769969250.1028602,163.96488584474884,162.24694428207656
2026-02-01 18:15:00,983.8333333333333,1769970150.2599752,165.0484709236032,163.31086199271073
2026-02-01 18:30:00,983.8734444444444,1769971050.3330116,164.82724515393386,163.10504938399092
2026-02-01 18:45:00,983.9176777777777,1769971950.4164405,165.2336259977195,163.52164973713423
2026-02-01 19:00:00,983.9870888888888,1769972850.4330802,165.2232120866591,163.53404430774833
2026-02-01 19:15:00,984.0183000000001,1769973750.5597923,164.84145153933866,163.16637159811432
2026-02-01 19:30:00,984.0635000000001,1769974650.5790722,165.59427023945267,163.9263586052243
2026-02-01 19:45:00,984.0342777777778,1769975550.3923025,165.27726111744585,163.6029805227066
2026-02-01 20:00:00,983.9934628190899,1769976450.39668,164.55356492027335,162.87331958579418
2026-02-01 20:15:00,984.0288320355951,1769977350.8404737,166.6450525114155,164.95511939240106
2026-02-01 20:30:00,984.0238222222222,1769978250.5819652,164.7191698973774,163.0471333084115
2026-02-01 20:45:00,984.0076444444444,1769979150.7216554,165.5012896237172,163.81601342508432
2026-02-01 21:00:00,984.0425971143175,1769980050.2840183,165.54720182440138,163.8729132996149
2026-02-01 21:15:00,984.0277444444444,1769980950.350074,164.90125997719497,163.22865545555246
2026-02-01 21:30:00,984.0617222222222,1769981850.404095,164.82235689851765,163.16164005925285
2026-02-01 21:45:00,984.0993214682982,1769982750.8890178,164.7179851767389,163.07058216673894
2026-02-01 22:00:00,984.0924084350721,1769983650.5458622,165.84638882554162,164.1854301959427
2026-02-01 22:15:00,984.0452222222223,1769984550.690622,165.05351083238313,163.3850731363046
2026-02-01 22:30:00,984.0803555555556,1769985450.7456021,165.4654526795895,163.80436046564063
2026-02-01 22:45:00,984.1651444444444,1769986350.7427466,164.91002850627137,163.28219882852318
2026-02-01 23:00:00,984.1886318131257,1769987250.937233,164.3964383561644,162.78132476584813
2026-02-01 23:15:00,984.2158888888889,1769988150.4900336,164.15146750285064,162.5476215339936
2026-02-01 23:30:00,984.2421444444444,1769989050.657819,163.96336145952108,162.3698793843285
2026-02-01 23:45:00,984.211688888889,1769989950.689375,165.03881755986316,163.42492894018199
2026-02-02 00:00:00,,,,
2026-02-02 00:15:00,,,,
2026-02-02 00:30:00,,,,
2026-02-02 00:45:00,,,,
2026-02-02 01:00:00,,,,
2026-02-02 01:15:00,,,,
2026-02-02 01:30:00,,,,
2026-02-02 01:45:00,,,,
2026-02-02 02:00:00,,,,
2026-02-02 02:15:00,,,,
2026-02-02 02:30:00,,,,
2026-02-02 02:45:00,,,,
2026-02-02 03:00:00,,,,
2026-02-02 03:15:00,,,,
2026-02-02 03:30:00,,,,
2026-02-02 03:45:00,,,,
2026-02-02 04:00:00,,,,
2026-02-02 04:15:00,,,,
2026-02-02 04:30:00,,,,
2026-02-02 04:45:00,,,,
2026-02-02 05:00:00,,,,
2026-02-02 05:15:00,,,,
2026-02-02 05:30:00,,,,
2026-02-02 05:45:00,,,,
2026-02-02 06:00:00,,,,
2026-02-02 06:15:00,,,,
2026-02-02 06:30:00,,,,
2026-02-02 06:45:00,,,,
2026-02-02 07:00:00,,,,
2026-02-02 07:15:00,,,,
2026-02-02 07:30:00,,,,
2026-02-02 07:45:00,,,,
2026-02-02 08:00:00,,,,
2026-02-02 08:15:00,,,,
2026-02-02 08:30:00,,,,
2026-02-02 08:45:00,,,,
2026-02-02 09:00:00,,,,
2026-02-02 09:15:00,,,,
2026-02-02 09:30:00,,,,
2026-02-02 09:45:00,,,,
2026-02-02 10:00:00,,,,
2026-02-02 10:15:00,,,,
2026-02-02 10:30:00,,,,
2026-02-02 10:45:00,,,,
2026-02-02 11:00:00,,,,
2026-02-02 11:15:00,,,,
2026-02-02 11:30:00,,,,
2026-02-02 11:45:00,,,,
2026-02-02 12:00:00,,,,
2026-02-02 12:15:00,,,,
2026-02-02 12:30:00,,,,
2026-02-02 12:45:00,,,,
2026-02-02 13:00:00,,,,
2026-02-02 13:15:00,,,,
2026-02-02 13:30:00,,,,
2026-02-02 13:45:00,,,,
2026-02-02 14:00:00,,,,
2026-02-02 14:15:00,,,,
2026-02-02 14:30:00,,,,
2026-02-02 14:45:00,,,,
2026-02-02 15:00:00,,,,
2026-02-02 15:15:00,,,,
2026-02-02 15:30:00,,,,
2026-02-02 15:45:00,,,,
2026-02-02 16:00:00,,,,
2026-02-02 16:15:00,,,,
2026-02-02 16:30:00,,,,
2026-02-02 16:45:00,,,,
2026-02-02 17:00:00,,,,
2026-02-02 17:15:00,,,,
2026-02-02 17:30:00,,,,
2026-02-02 17:45:00,,,,
2026-02-02 18:00:00,,,,
2026-02-02 18:15:00,,,,
2026-02-02 18:30:00,,,,
2026-02-02 18:45:00,,,,
2026-02-02 19:00:00,,,,
2026-02-02 19:15:00,,,,
2026-02-02 19:30:00,,,,
2026-02-02 19:45:00,,,,
2026-02-02 20:00:00,,,,
2026-02-02 20:15:00,,,,
2026-02-02 20:30:00,,,,
2026-02-02 20:45:00,,,,
2026-02-02 21:00:00,,,,
2026-02-02 21:15:00,,,,
2026-02-02 21:30:00,,,,
2026-02-02 21:45:00,,,,
2026-02-02 22:00:00,,,,
2026-02-02 22:15:00,,,,
2026-02-02 22:30:00,,,,
2026-02-02 22:45:00,,,,
2026-02-02 23:00:00,,,,
2026-02-02 23:15:00,,,,
2026-02-02 23:30:00,,,,
2026-02-02 23:45:00,,,,
2026-02-03 00:00:00,,,,
2026-02-03 00:15:00,,,,
2026-02-03 00:30:00,,,,
2026-02-03 00:45:00,,,,
2026-02-03 01:00:00,,,,
2026-02-03 01:15:00,,,,
2026-02-03 01:30:00,,,,
2026-02-03 01:45:00,,,,
2026-02-03 02:00:00,,,,
2026-02-03 02:15:00,,,,
2026-02-03 02:30:00,,,,
2026-02-03 02:45:00,,,,
2026-02-03 03:00:00,,,,
2026-02-03 03:15:00,,,,
2026-02-03 03:30:00,,,,
2026-02-03 03:45:00,,,,
2026-02-03 04:00:00,,,,
2026-02-03 04:15:00,,,,
2026-02-03 04:30:00,,,,
2026-02-03 04:45:00,,,,
2026-02-03 05:00:00,,,,
2026-02-03 05:15:00,,,,
2026-02-03 05:30:00,,,,
2026-02-03 05:45:00,,,,
2026-02-03 06:00:00,,,,
2026-02-03 06:15:00,,,,
2026-02-03 06:30:00,,,,
2026-02-03 06:45:00,,,,
2026-02-03 07:00:00,,,,
2026-02-03 07:15:00,,,,
2026-02-03 07:30:00,,,,
2026-02-03 07:45:00,,,,
2026-02-03 08:00:00,,,,
2026-02-03 08:15:00,,,,
2026-02-03 08:30:00,,,,
2026-02-03 08:45:00,,,,
2026-02-03 09:00:00,,,,
2026-02-03 09:15:00,,,,
2026-02-03 09:30:00,,,,
2026-02-03 09:45:00,,,,
2026-02-03 10:00:00,,,,
2026-02-03 10:15:00,,,,
2026-02-03 10:30:00,,,,
2026-02-03 10:45:00,,,,
2026-02-03 11:00:00,,,,
2026-02-03 11:15:00,,,,
2026-02-03 11:30:00,,,,
2026-02-03 11:45:00,,,,
2026-02-03 12:00:00,,,,
2026-02-03 12:15:00,,,,
2026-02-03 12:30:00,,,,
2026-02-03 12:45:00,,,,
2026-02-03 13:00:00,,,,
2026-02-03 13:15:00,,,,
2026-02-03 13:30:00,,,,
2026-02-03 13:45:00,,,,
2026-02-03 14:00:00,,,,
2026-02-03 14:15:00,,,,
2026-02-03 14:30:00,,,,
2026-02-03 14:45:00,,,,
2026-02-03 15:00:00,,,,
2026-02-03 15:15:00,,,,
2026-02-03 15:30:00,,,,
2026-02-03 15:45:00,,,,
2026-02-03 16:00:00,,,,
2026-02-03 16:15:00,,,,
2026-02-03 16:30:00,,,,
2026-02-03 16:45:00,,,,
2026-02-03 17:00:00,,,,
2026-02-03 17:15:00,,,,
2026-02-03 17:30:00,,,,
2026-02-03 17:45:00,,,,
2026-02-03 18:00:00,,,,
2026-02-03 18:15:00,,,,
2026-02-03 18:30:00,,,,
2026-02-03 18:45:00,,,,
2026-02-03 19:00:00,,,,
2026-02-03 19:15:00,,,,
2026-02-03 19:30:00,,,,
2026-02-03 19:45:00,,,,
2026-02-03 20:00:00,,,,
2026-02-03 20:15:00,,,,
2026-02-03 20:30:00,,,,
2026-02-03 20:45:00,,,,
2026-02-03 21:00:00,,,,
2026-02-03 21:15:00,,,,
2026-02-03 21:30:00,,,,
2026-02-03 21:45:00,,,,
2026-02-03 22:00:00,,,,
2026-02-03 22:15:00,,,,
2026-02-03 22:30:00,,,,
2026-02-03 22:45:00,,,,
2026-02-03 23:00:00,,,,
2026-02-03 23:15:00,,,,
2026-02-03 23:30:00,,,,
2026-02-03 23:45:00,,,,
2026-02-04 00:00:00,,,,
2026-02-04 00:15:00,,,,
2026-02-04 00:30:00,,,,
2026-02-04 00:45:00,,,,
2026-02-04 01:00:00,,,,
2026-02-04 01:15:00,,,,
2026-02-04 01:30:00,,,,
2026-02-04 01:45:00,,,,
2026-02-04 02:00:00,,,,
2026-02-04 02:15:00,,,,
2026-02-04 02:30:00,,,,
2026-02-04 02:45:00,,,,
2026-02-04 03:00:00,,,,
2026-02-04 03:15:00,,,,
2026-02-04 03:30:00,,,,
2026-02-04 03:45:00,,,,
2026-02-04 04:00:00,,,,
2026-02-04 04:15:00,,,,
2026-02-04 04:30:00,,,,
2026-02-04 04:45:00,,,,
2026-02-04 05:00:00,,,,
2026-02-04 05:15:00,,,,
2026-02-04 05:30:00,,,,
2026-02-04 05:45:00,,,,
2026-02-04 06:00:00,,,,
2026-02-04 06:15:00,,,,
2026-02-04 06:30:00,,,,
2026-02-04 06:45:00,,,,
2026-02-04 07:00:00,,,,
2026-02-04 07:15:00,,,,
2026-02-04 07:30:00,,,,
2026-02-04 07:45:00,,,,
2026-02-04 08:00:00,,,,
2026-02-04 08:15:00,,,,
2026-02-04 08:30:00,,,,
2026-02-04 08:45:00,,,,
2026-02-04 09:00:00,,,,
2026-02-04 09:15:00,,,,
2026-02-04 09:30:00,,,,
2026-02-04 09:45:00,,,,
2026-02-04 10:00:00,,,,
2026-02-04 10:15:00,,,,
2026-02-04 10:30:00,,,,
2026-02-04 10:45:00,,,,
2026-02-04 11:00:00,,,,
2026-02-04 11:15:00,,,,
2026-02-04 11:30:00,,,,
2026-02-04 11:45:00,,,,
2026-02-04 12:00:00,,,,
2026-02-04 12:15:00,,,,
2026-02-04 12:30:00,,,,
2026-02-04 12:45:00,,,,
2026-02-04 13:00:00,,,,
2026-02-04 13:15:00,,,,
2026-02-04 13:30:00,,,,
2026-02-04 13:45:00,,,,
2026-02-04 14:00:00,,,,
2026-02-04 14:15:00,,,,
2026-02-04 14:30:00,,,,
2026-02-04 14:45:00,,,,
2026-02-04 15:00:00,,,,
2026-02-04 15:15:00,,,,
2026-02-04 15:30:00,,,,
2026-02-04 15:45:00,,,,
2026-02-04 16:00:00,,,,
2026-02-04 16:15:00,,,,
2026-02-04 16:30:00,,,,
2026-02-04 16:45:00,,,,
2026-02-04 17:00:00,,,,
2026-02-04 17:15:00,,,,
2026-02-04 17:30:00,,,,
2026-02-04 17:45:00,,,,
2026-02-04 18:00:00,,,,
2026-02-04 18:15:00,,,,
2026-02-04 18:30:00,,,,
2026-02-04 18:45:00,,,,
2026-02-04 19:00:00,,,,
2026-02-04 19:15:00,,,,
2026-02-04 19:30:00,,,,
2026-02-04 19:45:00,,,,
2026-02-04 20:00:00,,,,
2026-02-04 20:15:00,,,,
2026-02-04 20:30:00,,,,
2026-02-04 20:45:00,,,,
2026-02-04 21:00:00,,,,
2026-02-04 21:15:00,,,,
2026-02-04 21:30:00,,,,
2026-02-04 21:45:00,,,,
2026-02-04 22:00:00,,,,
2026-02-04 22:15:00,,,,
2026-02-04 22:30:00,,,,
2026-02-04 22:45:00,,,,
2026-02-04 23:00:00,,,,
2026-02-04 23:15:00,,,,
2026-02-04 23:30:00,,,,
2026-02-04 23:45:00,,,,
2026-02-05 00:00:00,990.7648888888888,1770250050.590372,161.43800570125427,161.9682994785288
2026-02-05 00:15:00,990.8063444444444,1770250950.5462809,161.8282143671608,162.37325189586522
2026-02-05 00:30:00,990.905488888889,1770251850.534053,161.50967502850625,162.085776338738
2026-02-05 00:45:00,990.9929222222222,1770252750.6178303,160.97967502850625,161.58213870055533
2026-02-05 01:00:00,991.1306,1770253650.711804,160.6504355758267,161.29607473091096
2026-02-05 01:15:00,991.2770333333334,1770254550.8714945,161.68738198403648,162.38473864412975
2026-02-05 01:30:00,991.4621333333333,1770255450.8594897,161.4989464082098,162.25554623303645
2026-02-05 01:45:00,991.4215888888889,1770256350.8589966,161.22523603192704,161.96741927159908
2026-02-05 02:00:00,991.4549000000001,1770257250.8778222,161.22946978335233,161.98246378487426
2026-02-05 02:15:00,991.4888777777778,1770258150.9739618,160.59980957810717,161.36082785404815
2026-02-05 02:30:00,991.6380222222222,1770259051.072432,161.1093511972634,161.92107604218938
2026-02-05 02:45:00,991.8384,1770259950.6804907,161.61132762557077,162.49068760113306
2026-02-05 03:00:00,992.0166555555556,1770260850.2052345,161.25146180159635,162.18667472016224
2026-02-05 03:15:00,992.189388888889,1770261750.265424,160.41715621436714,161.40328021905043
2026-02-05 03:30:00,992.2996,1770262650.299994,160.84494526795893,161.86937467321985
2026-02-05 03:45:00,992.2538000000001,1770263550.3308718,162.59544697833522,163.61603750002712
2026-02-05 04:00:00,992.1442,1770264450.4148715,161.53381755986317,162.51211781070376
2026-02-05 04:15:00,992.0443507214206,1770265349.9159691,161.13631548974942,162.07983799960044
2026-02-05 04:30:00,992.000467185762,1770266250.4844584,162.1915496009122,163.12693315936767
2026-02-05 04:45:00,991.9721555555556,1770267151.068187,161.26795553021665,162.18882865962976
2026-02-05 05:00:00,991.9707333333333,1770268050.6177413,161.02311415525114,161.9421285541118
2026-02-05 05:15:00,991.8849,1770268950.1926255,162.00701368301029,162.90367600398915
2026-02-05 05:30:00,991.924988888889,1770269850.2725048,161.25713911060433,162.1626524109497
2026-02-05 05:45:00,991.9167,1770270750.7366123,161.1263200455581,162.02841265938596
2026-02-05 06:00:00,992.009688888889,1770271651.0992377,161.36176510832385,162.29535642385034
2026-02-05 06:15:00,992.1166888888889,1770272550.7203066,161.91513812785388,162.8867851380535
2026-02-05 06:30:00,991.9365666666666,1770273450.2465835,161.91743101482325,162.83042246246353
2026-02-05 06:45:00,991.8020444444445,1770274350.321626,162.10969555302168,162.97991636779702
2026-02-05 07:00:00,991.8524639289677,1770275250.3574154,162.0000728929385,162.8861296837393
2026-02-05 07:15:00,991.8379444444445,1770276150.9217896,162.17905131128848,163.06135181936673
2026-02-05 07:30:00,991.8711345939934,1770277050.589378,162.21929680365295,163.1126433654371
2026-02-05 07:45:00,991.9725666666667,1770277950.7014344,161.2227217787913,162.14346993210808
2026-02-05 08:00:00,992.1171444444444,1770278850.8045702,161.50085176738884,162.4701606881111
2026-02-05 08:15:00,992.1593111111112,1770279750.9101298,160.65961117445838,161.63750192366192
2026-02-05 08:30:00,992.2633111111111,1770280651.049527,161.1041961231471,162.11851008172562
2026-02-05 08:45:00,992.3303555555556,1770281551.1199746,161.1464675028506,162.18279305511803
2026-02-05 09:00:00,992.2551498335183,1770282450.5849042,161.77781299885973,162.79371082638332
2026-02-05 09:15:00,992.2094215795328,1770283350.1995108,161.309002283105,162.30711145257652
2026-02-05 09:30:00,992.1930555555556,1770284250.2781622,161.71066932725202,162.70593805002892
2026-02-05 09:45:00,992.0494111111111,1770285150.2881107,161.1547251995439,162.09999607616865
2026-02-05 10:00:00,992.0930965593784,1770286050.249572,162.25347380410022,163.2194495189427
2026-02-05 10:15:00,992.2020222222222,1770286950.7955773,161.89705017103762,162.8963872472568
2026-02-05 10:30:00,992.1551333333333,1770287850.924874,161.8573694412771,162.84118998045898
2026-02-05 10:45:00,992.1551167964406,1770288750.6562712,161.60986529680366,162.59217604958536
2026-02-05 11:00:00,992.0463485016647,1770289650.1462324,161.87488939566703,162.82338714314753
2026-02-05 11:15:00,991.9404666666666,1770290550.252682,162.6149692132269,163.53316936996046
2026-02-05 11:30:00,991.9693222222222,1770291450.2299728,162.552740022805,163.48002314597485
2026-02-05 11:45:00,992.0937931034482,1770292350.681456,162.53581870011402,163.50370312961167
2026-02-05 12:00:00,992.0652386237514,1770293250.386297,161.6569794754846,162.61034373322397
2026-02-05 12:15:00,991.9281888888888,1770294150.484058,161.86735005701254,162.77733166950836
2026-02-05 12:30:00,991.7300888888889,1770295050.6259763,162.85535005701254,163.70601280912854
2026-02-05 12:45:00,991.5602113459399,1770295950.848823,162.6096689497717,163.4035217952084
2026-02-05 13:00:00,991.4992341842398,1770296850.378593,162.30850911161733,163.08100206266704
2026-02-05 13:15:00,991.4570222222223,1770297750.9448698,162.83333181299886,163.59451073757475
2026-02-05 13:30:00,991.4811790878754,1770298650.6671817,161.95842351598174,162.72337418719854
2026-02-05 13:45:00,991.4683,1770299550.5878613,161.958354618016,162.71911356231243
2026-02-05 14:00:00,991.4416555555556,1770300450.6874084,163.17070353477766,163.92842138930394
2026-02-05 14:15:00,991.4076777777777,1770301350.4763007,161.91238996579247,162.65321100883554
2026-02-05 14:30:00,991.1891555555557,1770302250.4850183,162.74086202964654,163.41403889327088
2026-02-05 14:45:00,991.092211111111,1770303150.5594194,163.79996465222348,164.4456352165226
2026-02-05 15:00:00,990.9922777777778,1770304050.7147048,163.2165222348917,163.82714611411123
2026-02-05 15:15:00,990.9179111111112,1770304950.7512949,162.83240478905358,163.41728420723888
2026-02-05 15:30:00,990.8825222222222,1770305850.8604841,162.84884834663626,163.42221975771312
2026-02-05 15:45:00,990.8630333333333,1770306750.8840795,162.7166202964652,163.28316160949151
2026-02-05 16:00:00,990.8600111111111,1770307650.8768525,163.6230832383124,164.19178819269942
2026-02-05 16:15:00,990.8361666666667,1770308550.942816,163.4836465222349,164.04404357154735
2026-02-05 16:30:00,990.9038222222222,1770309450.7703977,164.88656100342075,165.4741560071126
2026-02-05 16:45:00,991.0683666666667,1770310350.868217,162.94981755986316,163.58433565307672
2026-02-05 17:00:00,991.2223418423973,1770311250.2685404,163.01780159635118,163.7029890474101
2026-02-05 17:15:00,991.2173666666666,1770312150.4059052,163.53829988597494,164.22404097174027
2026-02-05 17:30:00,991.1942714126808,1770313050.633604,162.6763055872292,163.35088676445747
2026-02-05 17:45:00,991.3062444444445,1770313950.6764488,164.1595684931507,164.87721989029592
2026-02-05 18:00:00,991.3941509433962,1770314850.1702626,163.681493166287,164.42596025598758
2026-02-05 18:15:00,991.4488333333334,1770315750.7625177,163.18527708095783,163.94541612148055
2026-02-05 18:30:00,991.4644605116796,1770316650.4225082,163.27888470319635,164.04458680856288
2026-02-05 18:45:00,991.4812111111111,1770317550.4624634,162.25660889395667,163.02297837449146
2026-02-05 19:00:00,991.3646222222222,1770318450.540048,163.06507183580388,163.79706155570594
2026-02-05 19:15:00,991.3862222222223,1770319350.6916375,162.13299315849488,162.8678345693541
2026-02-05 19:30:00,991.4676666666667,1770320250.821595,163.21160889395668,163.9780469817311
2026-02-05 19:45:00,991.3965444444444,1770321150.8623593,162.53720068415052,163.27724483306764
2026-02-05 20:00:00,991.3750777777777,1770322050.8916183,161.83022690992019,162.5600727582415
2026-02-05 20:15:00,991.3400110987791,1770322950.967858,163.03528050171036,163.75907570199124
2026-02-05 20:30:00,991.3746051167965,1770323851.0382044,162.3034344355758,163.03526030417092
2026-02-05 20:45:00,991.3942111111111,1770324751.140741,162.62097263397948,163.36063585149753
2026-02-05 21:00:00,991.468423973363,1770325650.5813243,161.9238369441277,162.68447408734474
2026-02-05 21:15:00,991.3965555555556,1770326550.6174204,161.56629646522234,162.301923620621
2026-02-05 21:30:00,991.3464333333333,1770327450.6534777,162.82320182440137,163.54815617704872
2026-02-05 21:45:00,991.3185317018911,1770328350.3034828,162.80606735159816,163.52182010896075
2026-02-05 22:00:00,991.3014,1770329250.2943976,163.01651539338656,163.7275833939818
2026-02-05 22:15:00,991.2736777777777,1770330150.4436717,163.95140820980617,164.65742456277147
2026-02-05 22:30:00,991.2884444444445,1770331050.5903802,162.1939897377423,162.89724902868062
2026-02-05 22:45:00,991.2517666666666,1770331950.691189,162.2065142531357,162.89787794667726
2026-02-05 23:00:00,991.0621753607104,1770332850.5669684,163.49935307517083,164.13397861108552
2026-02-05 23:15:00,990.9434333333334,1770333751.1253755,162.60895781071838,163.20136493776064
2026-02-05 23:30:00,990.8884760845384,1770334650.721346,164.89392123287672,165.47646353858957
2026-02-05 23:45:00,990.8281777777778,1770335550.8478658,162.5344914481186,163.08902911726642
2026-02-06 00:00:00,990.7946836847947,1770336450.2825866,163.9855598631699,164.53402610466415
2026-02-06 00:15:00,990.7994555555556,1770337350.3805063,162.6682291904219,163.2138471499767
2026-02-06 00:30:00,990.7417908787542,1770338250.7650921,164.5141938426454,165.0469676357792
2026-02-06 00:45:00,990.7705333333333,1770339150.9898503,162.465322690992,163.0008311011018
2026-02-06 01:00:00,990.8687569367369,1770340050.4474864,162.92524401368303,163.49438324912938
2026-02-06 01:15:00,990.8345444444444,1770340950.538494,162.998755986317,163.55696025236676
2026-02-06 01:30:00,990.7882777777778,1770341850.5684485,162.78846864310148,163.33083851456
2026-02-06 01:45:00,990.691588888889,1770342750.6294107,162.31085062713797,162.82014035511614
2026-02-06 02:00:00,990.5887333333334,1770343650.9914813,162.3349441277081,162.8108140163719
2026-02-06 02:15:00,990.4887319243604,1770344550.489093,162.8579600456621,163.30269884085166
2026-02-06 02:30:00,990.4404111111112,1770345450.4225216,162.97468529076397,163.40395045711526
2026-02-06 02:45:00,990.3416333333333,1770346350.4402106,163.1486009122007,163.54601154662922
2026-02-06 03:00:00,990.2625222222222,1770347250.4961035,163.19322690992018,163.56486460415758
2026-02-06 03:15:00,990.1693333333334,1770348150.5316389,163.59037514253134,163.93236106041434
2026-02-06 03:30:00,990.0946888888889,1770349050.6026204,162.85418928164196,163.17027487448055
2026-02-06 03:45:00,990.1090222222223,1770349950.6391706,163.217409350057,163.53888796854983
2026-02-06 04:00:00,990.0743333333334,1770350850.71199,162.94883124287344,163.25845395904432
2026-02-06 04:15:00,990.0322888888888,1770351750.7970605,162.55400114025085,162.84917924861512
2026-02-06 04:30:00,990.0101666666666,1770352650.9516366,162.27469441277083,162.56217270227535
2026-02-06 04:45:00,989.9011222222222,1770353550.687852,162.79194754846066,163.04478004689398
2026-02-06 05:00:00,989.9364222222222,1770354450.770087,162.2710022805017,162.53450022846076
2026-02-06 05:15:00,989.9628333333334,1770355350.8239667,162.2220410490308,162.49404256278555
2026-02-06 05:30:00,989.9994,1770356250.7398686,162.862740022805,163.1477469138782
2026-02-06 05:45:00,989.9406666666666,1770357150.6247027,163.3509851767389,163.6176257421454
2026-02-06 06:00:00,989.9060555555556,1770358050.694366,162.99616077537058,163.2509211722499
2026-02-06 06:15:00,989.9032666666666,1770358950.7684572,162.72585860889396,162.97928746301957
2026-02-06 06:30:00,990.0637333333334,1770359850.8436632,161.97832269099203,162.28266089329318
2026-02-06 06:45:00,990.1870888888889,1770360750.7765954,164.56445838084377,164.91433680851517
2026-02-06 07:00:00,990.2673888888888,1770361650.7352962,163.1037662485747,163.4767913816358
2026-02-06 07:15:00,990.3515,1770362550.7798867,163.12909692132268,163.52968700032764
2026-02-06 07:30:00,990.3969222222222,1770363450.8954194,161.52275256556442,161.93410815016753
2026-02-06 07:45:00,990.4239777777777,1770364350.975775,162.1042702394527,162.52590101439705
2026-02-06 08:00:00,990.4507000000001,1770365250.6349852,162.3411780821918,162.77212408416412
2026-02-06 08:15:00,990.3932333333333,1770366150.1969657,162.17626681870013,162.58808718746965
2026-02-06 08:30:00,990.4068555555555,1770367050.2735312,162.52706499429874,162.94421542238297
2026-02-06 08:45:00,990.2452666666667,1770367950.330938,162.33633181299885,162.7004030432234
2026-02-06 09:00:00,990.2314444444445,1770368850.3801086,162.12791448118588,162.4870263687909
2026-02-06 09:15:00,990.2077333333333,1770369750.5040212,162.13777423033068,162.48920217542678
2026-02-06 09:30:00,990.2497777777778,1770370650.5769408,161.89931698973774,162.2638721021681
2026-02-06 09:45:00,990.2954111111112,1770371550.6138613,162.18883922462942,162.5688827087395
2026-02-06 10:00:00,990.230499445061,1770372450.5539842,161.19137129840547,161.54810342519121
2026-02-06 10:15:00,990.1199333333333,1770373350.6100893,162.1512397260274,162.47416388881348
2026-02-06 10:30:00,990.0886985539488,1770374250.3124025,162.2488403648803,162.56180341798682
2026-02-06 10:45:00,989.9780000000001,1770375150.7653308,161.6954298745724,161.9714614667944
2026-02-06 11:00:00,989.9707103218647,1770376050.142307,162.11526681870012,162.3896475642217
2026-02-06 11:15:00,989.9342666666666,1770376950.1808195,161.60313340935005,161.8648490435393
2026-02-06 11:30:00,989.9206229143492,1770377850.5934641,162.38787001140253,162.64641824796297
2026-02-06 11:45:00,989.9364777777778,1770378750.8743901,162.27825655644241,162.54178434419458
2026-02-06 12:00:00,989.8534222222223,1770379650.98021,162.82531356898517,163.06264097024984
2026-02-06 12:15:00,989.7767,1770380551.027412,162.52765792474344,162.73957807541498
2026-02-06 12:30:00,989.7368111111111,1770381450.9314513,162.60301254275942,162.80204244521983
2026-02-06 12:45:00,989.6300888888888,1770382350.9918988,162.82161231470923,162.9861175941292
2026-02-06 13:00:00,989.5940954495006,1770383250.5234036,163.17890877993156,163.33201686515244
2026-02-06 13:15:00,989.5505555555557,1770384150.5812678,162.8692896237172,163.00791188593337
2026-02-06 13:30:00,989.5353111111111,1770385050.7164826,162.66117217787914,162.79465380218076
2026-02-06 13:45:00,989.4263848720801,1770385950.8279195,163.97831392694064,164.07712791015766
2026-02-06 14:00:00,989.3603444444445,1770386850.4012854,162.4623204104903,162.53875117488826
2026-02-06 14:15:00,989.3275111111111,1770387750.4925876,161.79375256556443,161.8592396949894
2026-02-06 14:30:00,989.2773222222223,1770388650.6234407,162.93821664766247,162.98780583187306
2026-02-06 14:45:00,989.2174111111111,1770389550.6766129,163.59576168757127,163.62594379246482
2026-02-06 15:00:00,989.1167555555555,1770390450.4919994,162.1891220068415,162.18639138873047
2026-02-06 15:15:00,989.0445222222223,1770391350.6077807,162.79399885974914,162.76774184620496
2026-02-06 15:30:00,989.0071555555555,1770392250.662594,163.00366818700115,162.9651979683715
2026-02-06 15:45:00,988.9304444444444,1770393150.689159,162.4147993158495,162.35155782753407
2026-02-06 16:00:00,988.8807,1770394050.7145443,163.55622805017106,163.47627722717206
2026-02-06 16:15:00,988.8019555555557,1770394950.6412263,162.98451425313567,162.879189217141
2026-02-06 16:30:00,988.6921333333333,1770395850.7004316,162.51983694412772,162.37914260154028
2026-02-06 16:45:00,988.6457444444444,1770396750.7839766,163.34314595210947,163.18659807396838
2026-02-06 17:00:00,988.4494339622642,1770397650.3031054,163.5438038768529,163.32292709339418
2026-02-06 17:15:00,988.1985222222222,1770398550.359051,163.98638198403648,163.68274701037677
2026-02-06 17:30:00,988.0182666666666,1770399450.3507862,163.78261003420752,163.42042686126575
2026-02-06 17:45:00,987.9113000000001,1770400350.403415,163.11311288483466,162.7175957731186
2026-02-06 18:00:00,987.7706785317018,1770401251.0558262,162.4888494868871,162.0492644702586
2026-02-06 18:15:00,987.5682574916759,1770402150.5806184,162.64660091220068,162.14093436468556
2026-02-06 18:30:00,987.4092658509455,1770403050.516924,163.78463013698632,163.2235148669658
2026-02-06 18:45:00,987.2538111111112,1770403950.2528915,163.27947890535918,162.6695108939188
2026-02-06 19:00:00,987.1869888888889,1770404850.3382163,163.66646750285062,163.03326386058814
2026-02-06 19:15:00,987.1309333333334,1770405750.4073658,162.64186545039908,161.994463458872
2026-02-06 19:30:00,987.0416666666667,1770406650.4897833,163.5362953249715,162.8562551563847
2026-02-06 19:45:00,986.9557777777778,1770407550.5355344,163.17675712656785,162.47030085705458
2026-02-06 20:00:00,986.8164594894562,1770408450.5379097,164.04247949886104,163.2867711710083
2026-02-06 20:15:00,986.6745111111111,1770409350.6427073,164.62970319634704,163.82477373107736
2026-02-06 20:30:00,986.4117908787541,1770410250.453331,163.19415165336375,162.3109339353366
2026-02-06 20:45:00,986.1570222222223,1770411150.868224,163.1844378563284,162.21859522104182
2026-02-06 21:00:00,985.9577222222222,1770412050.8775666,163.84201254275942,162.8073699555185
2026-02-06 21:15:00,985.7602333333333,1770412950.8767476,163.64608551881415,162.54846447481106
2026-02-06 21:30:00,985.5839,1770413850.9471588,164.29040935005702,163.13092565647625
2026-02-06 21:45:00,985.4344666666667,1770414750.9620872,163.7702827822121,162.56587711213172
2026-02-06 22:00:00,985.2947555555556,1770415651.04249,163.7714629418472,162.52163009237856
2026-02-06 22:15:00,985.1094666666667,1770416550.644188,164.19999771689498,162.88652116483433
2026-02-06 22:30:00,984.9347111111111,1770417450.679382,163.82255808656038,162.45531090783308
2026-02-06 22:45:00,984.771711111111,1770418350.9822183,163.52184606613457,162.10425399912447
2026-02-06 23:00:00,984.6533296337403,1770419250.5788689,164.13590992018243,162.67447460494742
2026-02-06 23:15:00,984.5629222222223,1770420150.7321675,164.4907046750285,162.99663546146795
2026-02-06 23:30:00,984.4435038932147,1770421050.6018076,164.41885273972605,162.88652823718263
2026-02-06 23:45:00,984.2942888888888,1770421950.5425003,163.81545952109462,162.2403338165317
2026-02-07 00:00:00,984.0812555555556,1770422850.6017325,164.20416191562143,162.55602428234374
2026-02-07 00:15:00,983.9311444444445,1770423750.6930668,163.7085222348917,162.01671107952183
2026-02-07 00:30:00,983.6664999999999,1770424650.7516985,164.09549030786772,162.31374651027127
2026-02-07 00:45:00,983.4561,1770425550.8840926,164.68128050171038,162.82464518355698
2026-02-07 01:00:00,983.2849389567148,1770426450.2897673,164.31014709236032,162.40209263429898
2026-02-07 01:15:00,983.0838333333334,1770427350.408732,165.27917331812998,163.29417406259023
2026-02-07 01:30:00,982.8277641824249,1770428250.4935954,164.8561117445838,162.79279966856438
2026-02-07 01:45:00,982.5084111111111,1770429150.6362746,164.33264840182648,162.1722743936231
2026-02-07 02:00:00,982.3334666666666,1770430050.259482,165.34811630558724,163.11730968402108
2026-02-07 02:15:00,982.1154222222223,1770430950.3228981,165.17441391106044,162.87490738160602
2026-02-07 02:30:00,982.0074333333333,1770431850.4282448,166.2461197263398,163.896291464041
2026-02-07 02:45:00,981.8963222222222,1770432750.5211234,165.21736031927023,162.8458812011554
2026-02-07 03:00:00,981.7109888888888,1770433650.547913,165.57801254275938,163.14087464082104
2026-02-07 03:15:00,981.5612333333333,1770434550.6277237,165.40169897377424,162.91835306095177
2026-02-07 03:30:00,981.4196333333333,1770435450.7767007,165.47937742303304,162.94871163353972
2026-02-07 03:45:00,981.3414666666666,1770436350.9541829,165.81220752565565,163.25092822935937
2026-02-07 04:00:00,981.1923333333334,1770437250.6075573,165.4430011415525,162.83884828304906
2026-02-07 04:15:00,981.0882555555555,1770438150.6309147,165.6396719817768,162.99849085620042
2026-02-07 04:30:00,980.9543666666666,1770439051.1477294,165.3116590649943,162.6321531095328
2026-02-07 04:45:00,980.8108666666667,1770439950.6574938,165.88767579908674,163.15200195090964
2026-02-07 05:00:00,980.7939844617092,1770440850.159193,167.07101480637812,164.31027843737814
2026-02-07 05:15:00,980.6745555555556,1770441750.70014,165.16555758266819,162.3975130675019
2026-02-07 05:30:00,980.6195666666666,1770442650.755738,165.6395188141391,162.84562069810355
2026-02-07 05:45:00,980.5569076751947,1770443550.626442,165.86253310502283,163.04443965043697
2026-02-07 06:00:00,980.4585000000001,1770444450.3997762,166.8594709236032,163.99215960964455
2026-02-07 06:15:00,980.3385000000001,1770445350.4369636,165.43368529076398,162.55185753376932
2026-02-07 06:30:00,980.2163222222222,1770446250.2063963,165.59561687571266,162.67121382523413
2026-02-07 06:45:00,980.1726666666666,1770447150.2850134,166.1311961231471,163.18308647482687
2026-02-07 07:00:00,980.0716648168702,1770448050.8184206,165.3789874715262,162.41141525031077
2026-02-07 07:15:00,980.0168111111111,1770448950.4367905,166.12089167616875,163.12210998742276
2026-02-07 07:30:00,979.9491555555556,1770449850.4516819,166.49102622576967,163.46344302427383
2026-02-07 07:45:00,979.8463777777778,1770450750.5142462,164.7563204104903,161.72703494213553
2026-02-07 08:00:00,979.8067296996663,1770451650.6469376,165.99866552511415,162.93361720637284
2026-02-07 08:15:00,979.8253052164262,1770452550.1767466,166.60981890660594,163.53956162245788
2026-02-07 08:30:00,979.8489999999999,1770453450.7969797,165.25899315849486,162.221316076296
2026-02-07 08:45:00,979.8480444444444,1770454350.9039795,165.4420809578107,162.40072811555203
2026-02-07 09:00:00,979.7969333333333,1770455251.3915946,166.31797149372863,163.24382899137532
2026-02-07 09:15:00,979.7998333333334,1770456151.0511196,166.86815621436716,163.7847943076361
2026-02-07 09:30:00,979.8114333333333,1770457051.0700696,166.12859407069556,163.06268067998252
2026-02-07 09:45:00,979.8530255839822,1770457951.2310739,168.1365182648402,165.0472773144309
2026-02-07 10:00:00,979.8230111111111,1770458850.8597217,165.86533295324972,162.80804792975442
2026-02-07 10:15:00,979.8407555555555,1770459750.9061723,165.74999087799316,162.70060583928577
2026-02-07 10:30:00,979.8041222222222,1770460650.9314,165.32223489167617,162.2688301608168
2026-02-07 10:45:00,979.8341333333333,1770461551.0000155,166.94495210946408,163.8714123743276
2026-02-07 11:00:00,979.8678357380688,1770462450.4170575,166.48749714937287,163.43339521354315
2026-02-07 11:15:00,979.9134555555555,1770463350.5376701,165.2651425313569,162.24826667188162
2026-02-07 11:30:00,980.0922246941045,1770464250.5155513,166.4036278538813,163.42438924594086
2026-02-07 11:45:00,980.1904666666666,1770465150.2188516,166.48330672748003,163.5347703742075
2026-02-07 12:00:00,980.1601222222223,1770466050.2709708,165.44131014823262,162.5013659600035
2026-02-07 12:15:00,980.202,1770466950.345908,166.40159407069555,163.4582753000607
2026-02-07 12:30:00,980.1689888888889,1770467850.4315996,166.63071379703536,163.67253596525882
2026-02-07 12:45:00,980.1527555555555,1770468750.3391242,164.5818722919042,161.65481885319147
2026-02-07 13:00:00,980.261211111111,1770469650.4347336,165.68724059293044,162.7758324727504
2026-02-07 13:15:00,980.2795,1770470550.4668713,165.77550969213226,162.86850779208365
2026-02-07 13:30:00,980.27,1770471450.3954082,166.3638437856328,163.44341953731404
2026-02-07 13:45:00,980.3243555555555,1770472350.4252405,166.15715621436715,163.25810725635583
2026-02-07 14:00:00,980.3797336293007,1770473250.3598754,165.87455466970385,162.99848852444583
2026-02-07 14:15:00,980.4176666666666,1770474150.9452763,165.31093044469782,162.45696137302883
2026-02-07 14:30:00,980.3951333333333,1770475051.0362685,165.82486202964654,162.9546763255442
2026-02-07 14:45:00,980.4368854282536,1770475950.678158,165.80297602739728,162.9467753083325
2026-02-07 15:00:00,980.4121222222223,1770476850.8120177,166.57302508551882,163.6954516869233
2026-02-07 15:15:00,980.4715666666666,1770477750.906503,165.26368871151655,162.42804403229957
2026-02-07 15:30:00,980.5041111111111,1770478650.9262984,166.03700912200682,163.19871765328517
2026-02-07 15:45:00,980.4725222222222,1770479550.781446,165.6298164196123,162.78820071576789
2026-02-07 16:00:00,980.5044333333333,1770480450.6972222,165.70338540478906,162.870901971285
2026-02-07 16:15:00,980.5239777777778,1770481350.6696692,166.26457468643102,163.428886582219
2026-02-07 16:30:00,980.5404555555556,1770482250.7429998,166.03528050171036,163.20888162369613
2026-02-07 16:45:00,980.5556666666666,1770483150.8047953,166.429433295325,163.6013018405295
2026-02-07 17:00:00,980.6229555555556,1770484050.914536,166.52970581527936,163.72190227915561
2026-02-07 17:15:00,980.6912222222222,1770484951.0852942,166.6412291904219,163.85391528879617
2026-02-07 17:30:00,980.7730444444444,1770485851.0816672,166.26469897377424,163.51043846644353
2026-02-07 17:45:00,980.9442777777778,1770486750.6570058,166.30723630136987,163.6082919344675
2026-02-07 18:00:00,980.9796111111111,1770487650.2551928,165.88461687571268,163.20406373742213
2026-02-07 18:15:00,981.1958888888889,1770488550.2880614,166.82282554161915,164.19812120660558
2026-02-07 18:30:00,981.2809444444445,1770489450.3200285,165.99812998859747,163.41419719462772
2026-02-07 18:45:00,981.427811111111,1770490350.5917323,166.42143735763096,163.87904501526853
2026-02-07 19:00:00,981.5540954495006,1770491250.5537946,165.8876442417332,163.39466973154967
2026-02-07 19:15:00,981.5605777777778,1770492150.5961626,165.2724549600912,162.79083608363044
2026-02-07 19:30:00,981.6116555555557,1770493050.6184301,165.09729874572406,162.6349231082972
2026-02-07 19:45:00,981.6645828698554,1770493950.3621337,165.56926369863012,163.11711463624528
2026-02-07 20:00:00,981.7203999999999,1770494850.4684384,166.41462941847206,163.96826359536985
2026-02-07 20:15:00,981.7928666666667,1770495750.5282667,168.03538882554162,165.589194804795
2026-02-07 20:30:00,981.9747222222222,1770496650.6264234,165.7880604332953,163.4340141058703
2026-02-07 20:45:00,982.0477000000001,1770497550.6759708,165.57694982896237,163.24972655434794
2026-02-07 21:00:00,982.0878690344061,1770498451.1406279,165.97166059225512,163.65203652477274
2026-02-07 21:15:00,982.1855888888889,1770499350.7022746,165.53783808437856,163.25618075381948
2026-02-07 21:30:00,982.1701888888889,1770500250.5597165,165.34918928164197,163.06510967099953
2026-02-07 21:45:00,982.1940444444444,1770501150.5765655,165.71755872291905,163.43618811343282
2026-02-07 22:00:00,982.1800666666667,1770502050.7644143,166.0268472063854,163.7366413272131
2026-02-07 22:15:00,982.2348222222223,1770502950.8798196,165.50062827822123,163.23555629129925
2026-02-07 22:30:00,982.2555728587319,1770503850.678578,165.30869634703197,163.05301794316023
2026-02-07 22:45:00,982.3592111111111,1770504750.625951,165.9968392246294,163.7657122062011
2026-02-07 23:00:00,982.4866888888889,1770505650.7417092,166.54851083238313,164.35186599729892
2026-02-07 23:15:00,982.5337888888889,1770506550.8144166,166.42711060433297,164.24753833287787
2026-02-07 23:30:00,982.631288888889,1770507450.9114153,166.21413568985176,164.06934299540552
2026-02-07 23:45:00,982.6689777777777,1770508350.7985594,166.74880729760548,164.6095227441486
2026-02-08 00:00:00,982.6129888888889,1770509250.7693548,166.26245039908778,164.1110276881325
2026-02-08 00:15:00,982.7435222222223,1770510150.893454,164.57957354618014,162.4923429235071
2026-02-08 00:30:00,982.8949555555555,1770511050.9279733,165.94636145952109,163.89142669699217
2026-02-08 00:45:00,983.0141888888888,1770511951.003553,166.52421208665905,164.50134513731172
2026-02-08 01:00:00,983.1636777777778,1770512851.0074239,166.95262713797035,164.97387212965302
2026-02-08 01:15:00,983.3198777777777,1770513751.0641289,166.02567844925883,164.10916951446183
2026-02-08 01:30:00,983.3598555555556,1770514650.665937,165.8959121004566,163.99401282509484
2026-02-08 01:45:00,983.4695444444445,1770515550.2129736,166.45332839224628,164.5811401509357
2026-02-08 02:00:00,983.4587333333334,1770516450.2252893,166.0147126567845,164.1439085631945
2026-02-08 02:15:00,983.5543777777779,1770517350.3092933,165.7752166476625,163.93846802015807
2026-02-08 02:30:00,983.6294777777778,1770518250.3690038,164.8835496009122,163.0811733777519
2026-02-08 02:45:00,983.5522888888888,1770519150.446189,165.10262599771949,163.2726473909277
2026-02-08 03:00:00,983.7230999999999,1770520050.4720058,164.48990992018244,162.72230264865826
2026-02-08 03:15:00,983.7647111111111,1770520950.5163653,166.2511721778791,164.47832607829454
2026-02-08 03:30:00,983.8929888888889,1770521850.5195897,165.49842303306727,163.77561614972515
2026-02-08 03:45:00,983.9111888888889,1770522750.5860019,165.85042303306727,164.12992611772827
2026-02-08 04:00:00,983.9711111111111,1770523650.3311858,165.20358380843786,163.5093915832801
2026-02-08 04:15:00,983.9544666666667,1770524550.427106,165.03729304446978,163.3393686841651
2026-02-08 04:30:00,984.0474333333333,1770525450.472412,164.73390992018244,163.06942402648872
2026-02-08 04:45:00,984.1658111111111,1770526350.51046,165.01654161915621,163.38787839903037
2026-02-08 05:00:00,984.3254716981132,1770527251.0826352,165.11148177676537,163.53409308809938
2026-02-08 05:15:00,984.3462555555556,1770528150.6138296,164.42959635119726,162.86549184466014
2026-02-08 05:30:00,984.4100444444445,1770529050.7861862,164.91842987457238,163.3705165523587
2026-02-08 05:45:00,984.441957730812,1770529950.8142402,165.1406392694064,163.60108206784537
2026-02-08 06:00:00,984.5173444444445,1770530850.4241254,165.12396807297606,163.60923235718926
2026-02-08 06:15:00,984.6149777777778,1770531750.5206811,164.1356488027366,162.66173857478628
2026-02-08 06:30:00,984.6658444444444,1770532650.5778048,166.11697605473202,164.64202257462367
2026-02-08 06:45:00,984.6737777777777,1770533550.7338688,165.23345838084379,163.76894810537678
2026-02-08 07:00:00,984.7761487236404,1770534450.261308,164.6306795895097,163.20492337503933
2026-02-08 07:15:00,984.8485777777778,1770535350.2419991,164.1594663625998,162.76136660681797
2026-02-08 07:30:00,985.0003222222222,1770536250.3150392,165.23104561003422,163.87354577107132
2026-02-08 07:45:00,985.0978333333334,1770537150.384884,164.15313112884834,162.83624077365192
2026-02-08 08:00:00,985.1658954393771,1770538050.596986,164.7056381278539,163.40655745497588
2026-02-08 08:15:00,985.3855,1770538950.318867,164.6511550741163,163.42426579255704
2026-02-08 08:30:00,985.4387333333334,1770539850.4907691,164.873417331813,163.66229552644845
2026-02-08 08:45:00,985.5135888888889,1770540750.2172027,163.61627936145953,162.438709258791
2026-02-08 09:00:00,985.5988790233074,1770541650.1802382,163.41321640091115,162.26478458178414
2026-02-08 09:15:00,985.7598555555555,1770542550.7229483,164.34921436716078,163.2467538950721
2026-02-08 09:30:00,985.804638487208,1770543450.5590127,164.46387671232876,163.37527927373156
2026-02-08 09:45:00,985.8137555555555,1770544350.4221673,164.73840250855187,163.65097197227135
2026-02-08 10:00:00,986.0153607103218,1770545250.4108808,164.61911617312074,163.59842431469139
2026-02-08 10:15:00,986.0672777777778,1770546151.07004,164.2637434435576,163.2622063210753
2026-02-08 10:30:00,986.2189555555556,1770547051.0949473,164.58355416191563,163.62969756203705
2026-02-08 10:45:00,986.3119243604004,1770547950.831211,164.8867785388128,163.96164838167272
2026-02-08 11:00:00,986.3531631520533,1770548850.1442063,164.06720410490308,163.16012883176654
2026-02-08 11:15:00,986.417011111111,1770549750.2174518,164.03577423033067,163.149704944192
2026-02-08 11:30:00,986.4958,1770550650.3841207,164.2319737742303,163.37058622604192
2026-02-08 11:45:00,986.5603670745273,1770551550.633334,164.95259179019385,164.10861529881973
2026-02-08 12:00:00,986.6138000000001,1770552451.113151,164.87186431014823,164.04583081985086
2026-02-08 12:15:00,986.7524111111111,1770553351.0696952,164.49652793614592,163.71775484838633
2026-02-08 12:30:00,986.7353222222222,1770554251.1436214,164.6807958950969,163.89554874933327
2026-02-08 12:45:00,986.8355222222222,1770555151.131486,164.51620068415053,163.76455350577498
2026-02-08 13:00:00,986.9259267480577,1770556050.5906084,163.84409350057012,163.12500888009814
2026-02-08 13:15:00,986.935788888889,1770556950.6932864,164.29444811858608,163.57661336557712
2026-02-08 13:30:00,987.0886999999999,1770557850.7316725,165.0829384264538,164.4119317388414
2026-02-08 13:45:00,987.0739666666667,1770558750.746137,164.89830900798177,164.2232135949412
2026-02-08 14:00:00,987.1779222222223,1770559650.8142545,164.8981984036488,164.25725080101506
2026-02-08 14:15:00,987.2406117908788,1770560550.7761815,164.5735582191781,163.95442764599284
2026-02-08 14:30:00,987.2450555555556,1770561450.4277935,164.50089851767387,163.88349780535063
2026-02-08 14:45:00,987.2945555555556,1770562350.510958,163.82970125427593,163.2309787299633
2026-02-08 15:00:00,987.471,1770563250.5671177,165.64169669327254,165.09460192770436
2026-02-08 15:15:00,987.5602111111111,1770564150.6753492,164.6364732041049,164.12197896780174
2026-02-08 15:30:00,987.6224555555555,1770565050.7335165,165.0116944127708,164.51650680060055
2026-02-08 15:45:00,987.7907666666666,1770565950.883541,165.625850627138,165.18441536575853
2026-02-08 16:00:00,987.8174472807991,1770566850.43909,164.9678529076397,164.5369510380615
2026-02-08 16:15:00,987.9895555555555,1770567750.5713952,164.6567126567845,164.28316274854495
2026-02-08 16:30:00,988.1333222222222,1770568650.6203334,164.6812611174458,164.35490623775985
2026-02-08 16:45:00,988.2504560622915,1770569550.2290633,164.58425799086757,164.29658021647154
2026-02-08 17:00:00,988.304,1770570450.259605,164.4836408209806,164.21372327310362
2026-02-08 17:15:00,988.2990444444445,1770571350.3905106,164.274661345496,164.0034612682204
2026-02-08 17:30:00,988.3545666666666,1770572250.4189389,164.04242075256556,163.7897910164773
2026-02-08 17:45:00,988.4882333333334,1770573150.5055385,164.22679247434436,164.01772034434148
2026-02-08 18:00:00,988.4432,1770574050.6126544,164.41120296465223,164.1871076158122
2026-02-08 18:15:00,988.6974555555555,1770574950.6163633,164.54527023945266,164.40457245382302
2026-02-08 18:30:00,988.7177888888889,1770575850.6441925,164.66942873432157,164.5353157512314
2026-02-08 18:45:00,988.7327444444444,1770576750.622889,163.95855416191563,163.82992040350987
2026-02-08 19:00:00,988.7496111111111,1770577650.3151853,164.69077423033067,164.56711731212798
2026-02-08 19:15:00,988.7222999999999,1770578550.374886,164.4515518814139,164.31909886217392
2026-02-08 19:30:00,988.7860333333333,1770579450.558059,164.11895324971496,164.00767229194923
2026-02-08 19:45:00,988.8351111111111,1770580350.6231737,163.92652565564424,163.8314553518529
2026-02-08 20:00:00,988.8685349611542,1770581250.5558016,164.06603644646927,163.98184667537407
2026-02-08 20:15:00,988.9734777777777,1770582150.678874,164.77354680365298,164.72356345818497
2026-02-08 20:30:00,989.0732444444444,1770583050.258447,164.05966020524514,164.04262212005875
2026-02-08 20:45:00,989.1239444444445,1770583950.2722785,164.39413568985177,164.39373154765104
2026-02-08 21:00:00,989.2445161290323,1770584851.006799,164.31891562143673,164.35814076163064
2026-02-08 21:15:00,989.3004555555556,1770585750.9692616,164.08927480045608,164.1468086517092
2026-02-08 21:30:00,989.4096777777778,1770586651.0220673,164.4180889395667,164.51167081711623
2026-02-08 21:45:00,989.5094333333333,1770587551.076436,163.66934777651085,163.7951791914026
2026-02-08 22:00:00,989.5917647058824,1770588450.4747112,164.0418323831243,164.19498474075422
2026-02-08 22:15:00,989.6269888888888,1770589350.620381,163.48275712656783,163.64691577338598
2026-02-08 22:30:00,989.734104560623,1770590250.4127884,163.68737671232876,163.88684676352355
2026-02-08 22:45:00,989.6790333333333,1770591150.4286778,163.3025370581528,163.48353067327477
2026-02-08 23:00:00,989.7336071032187,1770592050.283765,163.2774339407745,163.4762417891556
2026-02-08 23:15:00,989.7808555555556,1770592950.7500079,163.78697149372863,164.0018966982996
2026-02-08 23:30:00,989.7694994438265,1770593850.730486,164.68168150684932,164.89403561871134
2026-02-08 23:45:00,989.8871111111112,1770594750.409665,163.1686111744584,163.41744928567974
2026-02-09 00:00:00,989.9570444444445,1770595650.4311543,164.0757194982896,164.34892631196038
2026-02-09 00:15:00,989.9486,1770596550.5939538,164.01454618015964,164.2848765200672
2026-02-09 00:30:00,989.9621666666666,1770597450.7295938,164.00198745724057,164.27675441320636
2026-02-09 00:45:00,990.0307555555555,1770598350.865729,163.40840136830104,163.70462893428123
2026-02-09 01:00:00,990.0725,1770599250.6649127,163.3408928164196,163.65066044402727
2026-02-09 01:15:00,990.1060666666667,1770600150.5979931,163.86018129988597,164.18195544345087
2026-02-09 01:30:00,990.1624666666668,1770601050.6594594,163.47194298745725,163.81143163030504
2026-02-09 01:45:00,990.1476333333334,1770601950.689682,163.51445952109466,163.84917552873023
2026-02-09 02:00:00,990.139078801332,1770602850.5668392,164.01147266514806,164.3443942616785
2026-02-09 02:15:00,990.2458222222222,1770603751.070813,163.31815963511974,163.684614679505
2026-02-09 02:30:00,990.3677308120133,1770604651.0593333,162.99870776255707,163.4042819320072
2026-02-09 02:45:00,990.4194111111111,1770605550.7971826,162.89925085518814,163.32145768666194
2026-02-09 03:00:00,990.4570333333334,1770606450.8491628,162.90785632839226,163.34237560769054
2026-02-09 03:15:00,990.5411888888889,1770607350.941803,164.1768928164196,164.64250579016158
2026-02-09 03:30:00,990.6364111111111,1770608251.0572124,163.36398859749144,163.85849910821486
2026-02-09 03:45:00,990.6440444444445,1770609151.083293,163.05333181299886,163.54939878605592
2026-02-09 04:00:00,990.7591897891232,1770610050.5836549,163.97795781071835,164.51471967526183
2026-02-09 04:15:00,990.7462736373749,1770610950.3598733,162.9310684931507,163.4601808855324
2026-02-09 04:30:00,990.8520777777777,1770611850.2265985,163.8399384264538,164.40678849628287
2026-02-09 04:45:00,991.0086111111111,1770612750.2786717,163.08654275940705,163.70202787305948
2026-02-09 05:00:00,991.0831222222222,1770613650.3409884,163.1802542759407,163.82050413147573
2026-02-09 05:15:00,991.014811111111,1770614550.3927767,163.0710695553022,163.6885259985523
2026-02-09 05:30:00,991.0542777777778,1770615450.4364917,163.67719954389966,164.30992007098754
2026-02-09 05:45:00,991.0906,1770616350.4917884,162.35803192702394,162.9974934319036
2026-02-09 06:00:00,991.2551666666666,1770617250.5066013,162.43644355758266,163.12989654537856
2026-02-09 06:15:00,991.2339222222222,1770618150.5765052,162.9531094640821,163.6418150295878
2026-02-09 06:30:00,991.2316111111111,1770619050.6676288,163.26869327251995,163.95797477054057
2026-02-09 06:45:00,991.3331444444444,1770619950.6447213,164.20329418472062,164.93000973198082
2026-02-09 07:00:00,991.3201775804661,1770620850.5446508,163.71538154897496,164.43567325291468
2026-02-09 07:15:00,991.3820111111111,1770621751.0985336,162.46909236031928,163.20408253928503
2026-02-09 07:30:00,991.4592658509455,1770622650.9579563,162.9226917808219,163.685022921723
2026-02-09 07:45:00,991.4429444444445,1770623550.7523527,163.21326795895095,163.9716061522485
2026-02-09 08:00:00,991.4385777777778,1770624450.7844841,162.40567046750283,163.158831391981
2026-02-09 08:15:00,991.4304888888889,1770625350.8777854,163.21335689851767,163.9676108388065
2026-02-09 08:30:00,991.4330299667037,1770626250.91317,163.30672437357632,164.06224357845642
2026-02-09 08:45:00,991.4003333333334,1770627151.0007262,163.00280615735463,163.74621107085017
2026-02-09 09:00:00,991.4155394883204,1770628051.3802156,163.54606506849316,164.29694418990601
2026-02-09 09:15:00,991.4537222222223,1770628950.8621159,163.49383352337514,164.25701592219087
2026-02-09 09:30:00,991.4111333333333,1770629850.8508415,162.1537970353478,162.89684841720268
2026-02-09 09:45:00,991.3232111111112,1770630750.8581781,162.57100912200684,163.28725664932173
2026-02-09 10:00:00,991.2769777777778,1770631650.9507437,162.66490649942986,163.36646106477096
2026-02-09 10:15:00,991.2163333333333,1770632550.978205,164.34815735461802,165.03695321980135
2026-02-09 10:30:00,991.2334777777777,1770633451.0224893,163.43509920182439,164.12569596079342
2026-02-09 10:45:00,991.3142333333334,1770634351.048129,162.82124743443558,163.5356610496536
2026-02-09 11:00:00,991.3530000000001,1770635251.0889966,163.0352725199544,163.76332184076523
2026-02-09 11:15:00,991.3687444444445,1770636151.150128,163.5905724059293,164.32627584090508
2026-02-09 11:30:00,991.3867888888889,1770637050.6871848,162.50128881278536,163.23798446671657
2026-02-09 11:45:00,991.4034555555555,1770637950.1903346,163.44414139110603,164.19058437261015
2026-02-09 12:00:00,991.4284128745837,1770638850.1209848,163.56202733485193,164.31721032622374
2026-02-09 12:15:00,991.3730333333333,1770639750.7073817,163.94972405929303,164.6884553345882
2026-02-09 12:30:00,991.346088888889,1770640650.7825832,163.49582440136828,164.2236604082419
2026-02-09 12:45:00,991.3977308120134,1770641550.452162,162.94683561643836,163.6891332546337
2026-02-09 13:00:00,991.3973222222223,1770642450.4244616,163.14994526795897,163.89303423376003
2026-02-09 13:15:00,991.4131555555556,1770643350.468537,164.41787229190422,165.17196656930054
2026-02-09 13:30:00,991.3783111111111,1770644250.51048,164.17128164196123,164.91275195687098
2026-02-09 13:45:00,991.3500777777778,1770645150.568919,163.6008677309008,164.3304823470625
2026-02-09 14:00:00,991.2502888888889,1770646050.6699147,163.76868757126567,164.46622353841238
2026-02-09 14:15:00,991.2486555555556,1770646950.7141907,163.48387685290763,164.17966341161494
2026-02-09 14:30:00,991.2982555555556,1770647850.743128,163.42600684150514,164.13782877076468
2026-02-09 14:45:00,991.3290666666667,1770648750.7844865,164.32243899657925,165.0483357774186
2026-02-09 15:00:00,991.2716333333333,1770649650.9932137,163.03146066134548,163.73284600002242
2026-02-09 15:15:00,991.368788888889,1770650551.1146927,163.1306009122007,163.86425031808383
2026-02-09 15:30:00,991.3628888888888,1770651451.17628,163.4650501710376,164.19826614901731
2026-02-09 15:45:00,991.4644999999999,1770652350.9810586,164.4981858608894,165.2696189746032
2026-02-09 16:00:00,991.4694666666667,1770653250.608028,163.55241552511416,164.3210455879529
2026-02-09 16:15:00,991.5364111111111,1770654150.1910763,163.97865678449259,164.77134958460633
2026-02-09 16:30:00,991.5671222222222,1770655050.246369,163.79512086659065,164.59703603696607
2026-02-09 16:45:00,991.6894777777778,1770655950.694415,164.66009339407745,165.50673971702483
2026-02-09 17:00:00,991.7398890122086,1770656850.4604292,163.73122805017104,164.58969185247642
2026-02-09 17:15:00,991.7193222222222,1770657750.55831,163.61785062713798,164.46895464105197
2026-02-09 17:30:00,991.6473,1770658650.667074,163.65470353477764,164.482304780698
2026-02-09 17:45:00,991.7505895439376,1770659550.6573124,163.61206050228313,164.47341936229014
2026-02-09 18:00:00,991.7319222222222,1770660450.4512353,163.79752565564422,164.65371352077435
2026-02-09 18:15:00,991.7292888888888,1770661350.5390198,163.71648574686432,164.57138326248645
2026-02-09 18:30:00,991.7466777777778,1770662250.5466843,164.34308323831243,165.20699816368068
2026-02-09 18:45:00,991.8217222222222,1770663150.608714,164.0484503990878,164.93556964410385
2026-02-09 19:00:00,991.9886681465039,1770664050.5982482,164.02081207289294,164.96285241649008
2026-02-09 19:15:00,992.0538222222223,1770664950.6712482,163.8266392694064,164.78903635281043
2026-02-09 19:30:00,992.1394555555556,1770665850.227219,164.2604526795895,165.2536982197815
2026-02-09 19:45:00,992.173448275862,1770666750.561068,163.75340022805017,164.75478028315936
2026-02-09 20:00:00,992.1877136514984,1770667650.4893563,163.64309464082098,164.64849763671657
2026-02-09 20:15:00,992.2174555555555,1770668550.5836341,162.87531242873433,163.88574652375243
2026-02-09 20:30:00,992.1804333333333,1770669450.6113088,163.70178791334092,164.70515328416738
2026-02-09 20:45:00,992.2425777777778,1770670350.6291635,163.27811060433294,164.29929846916002
2026-02-09 21:00:00,992.2589432703004,1770671250.720829,163.49387671232876,164.5217989123373
2026-02-09 21:15:00,992.3180444444444,1770672150.2258422,163.5397787913341,164.58744306039867
2026-02-09 21:30:00,992.3721888888889,1770673050.3027616,163.5529258836944,164.6184997645863
2026-02-09 21:45:00,992.4438111111111,1770673950.3461163,162.93369441277082,164.01872698879566
2026-02-09 22:00:00,992.5134888888888,1770674850.3951352,163.10264196123146,164.21168183392584
2026-02-09 22:15:00,992.5242555555556,1770675750.396596,162.93364196123147,164.04506509315507
2026-02-09 22:30:00,992.5602111111111,1770676650.4265301,163.59218129988597,164.71994130999383
2026-02-09 22:45:00,992.6773555555556,1770677550.428184,163.36939566704675,164.53416386462987
2026-02-09 23:00:00,992.6163,1770678450.4045262,162.8896111744584,164.03092745007686
2026-02-09 23:15:00,992.6355888888888,1770679350.402637,163.16137742303306,164.31093650781213
2026-02-09 23:30:00,992.6181555555555,1770680250.4862528,163.48180273660205,164.6278792634665
2026-02-09 23:45:00,992.6050666666666,1770681150.5712903,163.31819156214368,164.45881588284473
2026-02-10 00:00:00,992.7069256381798,1770682050.505251,163.32650227790432,164.50069297071522
2026-02-10 00:15:00,992.7994666666667,1770682950.5774555,163.19963470319635,164.40333860909382
2026-02-10 00:30:00,992.8965739710789,1770683850.3158162,163.31257354618018,164.54906517900298
2026-02-10 00:45:00,992.902011111111,1770684750.9015646,163.22766704675027,164.46530425741437
2026-02-10 01:00:00,992.8445444444445,1770685651.017962,163.85764538198404,165.08108485248715
2026-02-10 01:15:00,992.7270333333333,1770686550.635742,163.43048744292236,164.61204551285226
2026-02-10 01:30:00,992.7375666666667,1770687450.2251441,163.34190763968073,164.5262912857013
2026-02-10 01:45:00,992.8336222222222,1770688350.2457745,162.94797149372863,164.16103285861624
2026-02-10 02:00:00,992.7860666666668,1770689250.2910147,163.4496545039909,164.65078976893332
2026-02-10 02:15:00,992.9056444444445,1770690150.3452485,162.53465450399088,163.76822714712756
2026-02-10 02:30:00,992.9997,1770691050.4227808,162.64710376282784,163.91236068699422
2026-02-10 02:45:00,993.1310444444445,1770691950.22239,162.61384720638543,163.92190022924476
2026-02-10 03:00:00,993.2235849056603,1770692850.1511645,163.21589977220955,164.55924961805496
2026-02-10 03:15:00,993.1855283648499,1770693750.3529577,163.2761289954338,164.60744530167747
2026-02-10 03:30:00,993.0340444444445,1770694650.240208,164.11997377423035,165.40804968649172
2026-02-10 03:45:00,992.9713,1770695550.2946064,164.0616921322691,165.32856242865216
2026-02-10 04:00:00,992.8965149833518,1770696450.3095484,163.0129145785877,164.24711802056947
2026-02-10 04:15:00,992.9766888888889,1770697350.8676658,163.25760889395667,164.52004327954248
2026-02-10 04:30:00,992.8859222222222,1770698250.855346,163.03301824401368,164.26389384163232
2026-02-10 04:45:00,992.8491,1770699150.9744263,163.6363637400228,164.85965306383426
2026-02-10 05:00:00,992.8202777777778,1770700051.45615,163.64443899657925,164.85828525006582
2026-02-10 05:15:00,992.9055888888889,1770700950.9792454,163.67514367160774,164.91735384457846
2026-02-10 05:30:00,992.8910444444444,1770701851.0737777,162.6095461801596,163.8389030551732
2026-02-10 05:45:00,992.9341333333333,1770702751.1170557,163.7166590649943,164.96860192381462
2026-02-10 06:00:00,993.0059555555556,1770703650.8698027,162.65870319634703,163.92610123913428
2026-02-10 06:15:00,993.0553111111111,1770704550.6630695,164.25677107061503,165.5529619896042
2026-02-10 06:30:00,993.217274749722,1770705450.8018026,163.28859703196346,164.63046751226622
2026-02-10 06:45:00,993.2161888888888,1770706350.7995927,163.57102622576969,164.91485949872424
2026-02-10 07:00:00,993.1505666666667,1770707250.8404958,162.82586202964652,164.1420291923292
2026-02-10 07:15:00,993.1916333333334,1770708150.940039,163.20753363740025,164.540299647166
2026-02-10 07:30:00,993.2135444444444,1770709050.966992,163.41310262257696,164.75476708723656
2026-02-10 07:45:00,993.3206222222221,1770709950.9913874,163.43535233751425,164.8124912096959
2026-02-10 08:00:00,993.3875915649279,1770710850.4808633,163.93097833523373,165.3344366450625
2026-02-10 08:15:00,993.5419555555557,1770711750.5209234,163.29236716077537,164.74121051541445
2026-02-10 08:30:00,993.5971523915462,1770712650.699362,163.3592305936073,164.8268620453127
2026-02-10 08:45:00,993.7096666666666,1770713550.2818778,164.03737172177878,165.54834455648808
2026-02-10 09:00:00,993.6442888888888,1770714450.3309786,163.37303990877993,164.85633619235455
2026-02-10 09:15:00,993.7205444444444,1770715350.4193761,162.56635005701256,164.06734242788727
2026-02-10 09:30:00,993.7553666666666,1770716250.4671607,163.60032155074114,165.12236014479782
2026-02-10 09:45:00,993.7801888888889,1770717150.5651402,163.51780159635118,165.04726595102898
2026-02-10 10:00:00,993.7932630410655,1770718050.18336,163.00437243735763,164.5333366420356
2026-02-10 10:15:00,993.8022888888888,1770718950.7938397,163.62983922462942,165.16765177254427
2026-02-10 10:30:00,993.8431368186875,1770719850.8106232,163.4049600456621,164.9541346718744
2026-02-10 10:45:00,993.9351777777778,1770720750.6050348,163.00919954389965,164.58491644772323
2026-02-10 11:00:00,994.0369222222222,1770721650.7275047,163.3247787913341,164.9371056734101
2026-02-10 11:15:00,993.9980333333333,1770722550.864676,162.66383352337513,164.25685958545782
2026-02-10 11:30:00,994.0976333333333,1770723450.9310656,163.03639566704675,164.66586853986294
2026-02-10 11:45:00,994.1092,1770724350.957284,163.08366248574686,164.7174181872776
2026-02-10 12:00:00,993.986115427303,1770725250.5117319,162.81975142531357,164.4103855463421
2026-02-10 12:15:00,993.9380555555556,1770726150.6446013,163.82937628278222,165.41397341364558
2026-02-10 12:30:00,993.900022246941,1770727050.3279052,164.14490639269405,165.7199491712786
2026-02-10 12:45:00,993.9092222222222,1770727950.3990507,163.24995781071834,164.81944580466526
2026-02-10 13:00:00,993.8738401775804,1770728850.460376,162.7287730900798,164.28162475396934
2026-02-10 13:15:00,993.7812333333334,1770729750.4670126,163.54849714937288,165.0785934454975
2026-02-10 13:30:00,993.6655444444444,1770730650.5423741,163.59850057012545,165.0908619026327
2026-02-10 13:45:00,993.7022469410456,1770731550.5966203,163.3197685290764,164.82168553163146
2026-02-10 14:00:00,993.8007103218646,1770732451.134751,164.00292482915717,165.54372103508834
2026-02-10 14:15:00,993.7701333333333,1770733350.70489,163.3511277080958,164.87571721073965
2026-02-10 14:30:00,993.7497441601779,1770734250.2583773,163.61040410958904,165.1306795986089
2026-02-10 14:45:00,993.7469888888888,1770735150.4340143,162.7862816419612,164.29799397307337
2026-02-10 15:00:00,993.7913666666667,1770736050.4738317,163.65871835803875,165.19319372250249
2026-02-10 15:15:00,993.9029333333333,1770736950.5235548,163.4525017103763,165.02186134361824
2026-02-10 15:30:00,993.8573333333334,1770737850.567197,162.85494298745724,164.4035709792927
2026-02-10 15:45:00,993.7507444444444,1770738750.6340344,163.26082668187001,164.77818353088216
2026-02-10 16:00:00,993.755371809101,1770739650.5712216,163.600298405467,165.12233848245558
2026-02-10 16:15:00,993.7302000000001,1770740550.9191878,163.3577191780822,164.86920212081665
2026-02-10 16:30:00,993.6741333333333,1770741450.4347117,163.752425313569,165.24902934918515
2026-02-10 16:45:00,993.5830367074527,1770742350.6883032,162.96301140250853,164.4224412555938
2026-02-10 17:00:00,993.5377555555555,1770743250.9059334,163.486322690992,164.93550148984494
2026-02-10 17:15:00,993.4523333333334,1770744150.9836662,164.14015735461803,165.56684329627615
2026-02-10 17:30:00,993.4084666666666,1770745051.0017154,163.45596123147092,164.86223567709072
2026-02-10 17:45:00,993.3424,1770745950.737865,162.8492896237172,164.22864312860975
2026-02-10 18:00:00,993.3065666666666,1770746850.6743975,163.04733637400227,164.41658374847592
2026-02-10 18:15:00,993.3017555555556,1770747750.7333374,163.53883808437854,164.9106262030707
2026-02-10 18:30:00,993.3374111111111,1770748650.7833028,163.99032725199544,165.37769537576025
2026-02-10 18:45:00,993.4737444444445,1770749550.7875261,164.07854389965792,165.51178173533484
2026-02-10 19:00:00,993.4581666666667,1770750450.8159018,163.11419270239452,164.53388063696272
2026-02-10 19:15:00,993.375488888889,1770751350.910355,163.5175165336374,164.91344324670192
2026-02-10 19:30:00,993.4145888888888,1770752250.9096394,163.58414139110602,164.99353886174677
2026-02-10 19:45:00,993.3533,1770753150.9827387,163.67620980615735,165.06616582985458
2026-02-10 20:00:00,993.3266925638179,1770754050.3841584,164.12529418472064,165.51025603988552
2026-02-10 20:15:00,993.3329666666666,1770754950.444857,163.04060889395666,164.4184808386557
2026-02-10 20:30:00,993.2837,1770755850.5266821,163.66949486887114,165.03641920004435
2026-02-10 20:45:00,993.2937777777777,1770756750.5950239,163.297425313569,164.66456109048946
2026-02-10 21:00:00,993.2695555555556,1770757650.7165449,163.49337742303308,164.85416726069676
2026-02-10 21:15:00,993.2951946607341,1770758550.8838198,164.01273401826484,165.386327067764
2026-02-10 21:30:00,993.3147888888889,1770759450.551748,163.5339589509692,164.9100047408623
2026-02-10 21:45:00,993.3229444444445,1770760350.6237555,163.43824743443557,164.8161761790775
2026-02-10 22:00:00,993.341,1770761250.6442692,163.42991448118588,164.8137244709325
2026-02-10 22:15:00,993.3948777777778,1770762150.7121851,163.2005062713797,164.6001094138285
2026-02-10 22:30:00,993.3460111111111,1770763050.7545838,162.30663511972634,163.68257442191003
2026-02-10 22:45:00,993.4291888888889,1770763950.7312622,163.23305473204104,164.6442348748375
2026-02-10 23:00:00,993.4766814650388,1770764850.602322,163.08324601366743,164.50875617937785
2026-02-10 23:15:00,993.4179666666666,1770765750.6919303,162.72857420091324,164.13170912924437
2026-02-10 23:30:00,993.449299221357,1770766650.521444,163.6214709236032,165.04264698818812
2026-02-10 23:45:00,993.5383999999999,1770767550.9649248,163.52566818700114,164.9754083878367
2026-02-11 00:00:00,993.5625111111111,1770768451.0248585,163.73758380843785,165.19716873411878
2026-02-11 00:15:00,993.506711111111,1770769351.0559573,163.2367981755986,164.67354041957725
2026-02-11 00:30:00,993.521211111111,1770770250.6158113,162.91261301369863,164.35126803269924
2026-02-11 00:45:00,993.6152333333333,1770771150.541636,162.63387357630978,164.10092245789565
2026-02-11 01:00:00,993.7858333333332,1770772051.0545378,163.1236362599772,164.6512725071703
2026-02-11 01:15:00,993.7765222222223,1770772951.10221,163.11232383124286,164.63678820728947
2026-02-11 01:30:00,993.7665222222223,1770773850.6779263,163.4043915525114,164.928287024474
2026-02-11 01:45:00,993.8146666666667,1770774750.3081267,162.9523409350057,164.4878582119166
2026-02-11 02:00:00,993.7959888888888,1770775650.2145991,162.46827137970354,163.9931010497808
2026-02-11 02:15:00,993.8294117647059,1770776550.3028524,162.78536716077537,164.3241569061691
2026-02-11 02:30:00,993.7895,1770777450.4707632,163.3482166476625,164.87916517676803
2026-02-11 02:45:00,993.8032888888889,1770778350.5424018,163.32001140250856,164.85524186212552
2026-02-11 03:00:00,993.7762958843159,1770779250.5482748,163.37653819840364,164.9033973010146
2026-02-11 03:15:00,993.7284111111111,1770780150.5503955,162.44222576966934,163.94465146337842
2026-02-11 03:30:00,993.7041666666668,1770781050.5335994,162.9054344355758,164.40417237032142
2026-02-11 03:45:00,993.7762444444445,1770781950.5974183,162.5285062713797,164.0474230916228
2026-02-11 04:00:00,993.8607111111112,1770782850.6522038,162.8417297605473,164.39134265563217
2026-02-11 04:15:00,993.9408444444443,1770783750.682469,163.0014139110604,164.5789207728137
2026-02-11 04:30:00,994.0335849056604,1770784650.8270526,162.96866704675028,164.57637993649527
2026-02-11 04:45:00,994.1015111111112,1770785550.8646495,163.68025883694412,165.3174489460797
2026-02-11 05:00:00,994.1704888888889,1770786450.4366503,162.87829076396807,164.53015557711956
2026-02-11 05:15:00,994.2036777777778,1770787350.4781137,162.72676510832383,164.38800454011994
2026-02-11 05:30:00,994.3314222222222,1770788250.5335486,162.7733899657925,164.47712208937864
2026-02-11 05:45:00,994.4232146829811,1770789150.8399496,162.71126909920181,164.4445377767053
2026-02-11 06:00:00,994.4387777777778,1770790050.6494112,162.90502511415525,164.64548246873514
2026-02-11 06:15:00,994.4847,1770790950.2607918,162.3997309007982,164.1498653147041
2026-02-11 06:30:00,994.5815555555555,1770791850.3996217,162.72424287343216,164.5097387359263
2026-02-11 06:45:00,994.5613111111111,1770792750.4561963,162.71573204104902,164.49447418489805
2026-02-11 07:00:00,994.5728555555556,1770793650.5132768,163.1469509692132,164.93421512664747
2026-02-11 07:15:00,994.5541444444444,1770794550.6884172,162.9687354618016,164.74788193282185
2026-02-11 07:30:00,994.5279111111112,1770795450.753768,162.1866636259977,163.94867007235013
2026-02-11 07:45:00,994.47,1770796350.8016386,163.0231607753706,164.77516924955344
2026-02-11 08:00:00,994.540533926585,1770797250.9537678,163.19663740022804,164.9737810818747
2026-02-11 08:15:00,994.7009888888888,1770798151.0481334,163.15879247434435,164.98846198073338
2026-02-11 08:30:00,994.8020888888889,1770799050.6150165,163.11858219178083,164.9811565958604
2026-02-11 08:45:00,994.9997222222222,1770799950.2082953,162.51100342075256,164.43162166411727
2026-02-11 09:00:00,995.1815555555555,1770800850.3837845,162.50849714937286,164.4888940246483
2026-02-11 09:15:00,995.2684333333334,1770801750.449953,163.08913112884835,165.10528932300303
2026-02-11 09:30:00,995.2276444444444,1770802650.5289202,162.7593557582668,164.75799602804062
2026-02-11 09:45:00,995.2909444444444,1770803550.6853395,161.72171493728618,163.72833995804896
2026-02-11 10:00:00,995.3342397336294,1770804450.1543572,162.24420980615736,164.27154163700916
2026-02-11 10:15:00,995.4362666666666,1770805350.2097902,162.5034663625998,164.56761498079396
2026-02-11 10:30:00,995.464872080089,1770806250.7477725,162.79392474344357,164.87119496445135
2026-02-11 10:45:00,995.5081666666666,1770807150.9975533,161.9014526795895,163.98153325949093
2026-02-11 11:00:00,995.6087347391788,1770808050.4958878,163.3638631698974,165.4960164186141
2026-02-11 11:15:00,995.7071000000001,1770808950.5480924,162.53204903078677,164.6857413325263
2026-02-11 11:30:00,995.7752222222222,1770809850.6118085,163.43206157354618,165.62024313232274
2026-02-11 11:45:00,995.874827586207,1770810750.783323,162.51469520547946,164.7234056050899
2026-02-11 12:00:00,995.9343507214206,1770811650.3336947,162.5221617312073,164.7505853824996
2026-02-11 12:15:00,996.0737444444444,1770812550.911542,162.45655074116306,164.7299930199771
2026-02-11 12:30:00,996.1794438264739,1770813450.615398,162.07827283105024,164.38116773276252
2026-02-11 12:45:00,996.2882888888889,1770814350.5536492,162.80376510832383,165.152916438915
2026-02-11 13:00:00,996.3763222222223,1770815250.6824317,161.4444686431015,163.80284390103768
2026-02-11 13:15:00,996.4292888888889,1770816150.7557817,162.63565792474344,165.0289151719766
2026-02-11 13:30:00,996.3400222222222,1770817050.8447459,161.86638084378563,164.21899664872475
2026-02-11 13:45:00,996.2992777777778,1770817950.8996434,162.63243671607754,164.9827418047628
2026-02-11 14:00:00,996.306359600444,1770818850.3626862,162.18877423033067,164.53499806826926
2026-02-11 14:15:00,996.3614888888889,1770819750.4299412,162.5081322690992,164.8771540606578
2026-02-11 14:30:00,996.3921444444444,1770820650.6013606,162.43933979475486,164.81746357088377
2026-02-11 14:45:00,996.5174444444444,1770821550.625563,161.88166476624858,164.29279075427738
2026-02-11 15:00:00,996.682191323693,1770822450.612775,162.26901598173515,164.74018324399952
2026-02-11 15:15:00,996.7608,1770823350.3071868,161.87721550741162,164.36825561758891
2026-02-11 15:30:00,997.0137888888889,1770824250.4025528,161.69521550741163,164.26654911873632
2026-02-11 15:45:00,997.1716,1770825150.4363375,161.6684139110604,164.29116707504508
2026-02-11 16:00:00,997.2666222222222,1770826050.487697,162.67827822120867,165.34883509615779
2026-02-11 16:15:00,997.3413444444444,1770826950.585732,162.221070695553,164.90876482404437
2026-02-11 16:30:00,997.4083666666667,1770827850.3514907,162.27829190421895,164.98904846229024
2026-02-11 16:45:00,997.3975333333333,1770828750.3340993,162.15253021664768,164.85761405134727
2026-02-11 17:00:00,997.5003888888889,1770829650.4407253,162.72398859749146,165.4726417559552
2026-02-11 17:15:00,997.6468,1770830550.5418055,160.84574914481186,163.61057781038951
2026-02-11 17:30:00,997.7479,1770831450.6455731,161.31759064994299,164.12371240879534
2026-02-11 17:45:00,997.7310222222222,1770832350.6149375,161.1300615735462,163.92738770803996
2026-02-11 18:00:00,997.7803107658158,1770833250.3361592,162.21205694760818,165.0444360466871
2026-02-11 18:15:00,997.8103777777777,1770834150.8751423,161.86433523375143,164.70054658487516
2026-02-11 18:30:00,997.9145222222223,1770835050.9438071,161.73038996579248,164.59853478336024
2026-02-11 18:45:00,998.077508342603,1770835950.7856238,161.85613356164384,164.7802133519297
2026-02-11 19:00:00,998.1980222222222,1770836850.716993,161.2575769669327,164.21041778186574
2026-02-11 19:15:00,998.3116777777778,1770837750.7824557,161.99739566704673,165.00128590995521
2026-02-11 19:30:00,998.4533111111111,1770838650.8821394,161.66564652223488,164.7100354521617
2026-02-11 19:45:00,998.6492888888888,1770839550.984654,161.17451311288485,164.27402881899997
2026-02-11 20:00:00,998.9055111111111,1770840450.8177173,162.5537628278221,165.76472606870504
2026-02-11 20:15:00,999.0903444444444,1770841350.8195066,160.77730672748004,164.0137984363972
2026-02-11 20:30:00,999.1220333333334,1770842250.9755147,162.22743899657925,165.50361118836807
2026-02-11 20:45:00,999.2428777777777,1770843150.9071844,160.87379019384267,164.162296948219
2026-02-11 21:00:00,999.3624417314095,1770844050.3171866,161.06664994298745,164.39840659309948
2026-02-11 21:15:00,999.4548333333333,1770844950.3268566,161.71115735461802,165.0867484526986
2026-02-11 21:30:00,999.5517222222221,1770845850.4242053,160.8458472063854,164.2351976954033
2026-02-11 21:45:00,999.5837597330367,1770846750.7406096,160.27148346636258,163.65921707030094
2026-02-11 22:00:00,999.7177802441732,1770847651.5112393,161.42426195899773,164.8805512122654
2026-02-11 22:15:00,999.7239111111111,1770848551.1881692,161.12720182440137,164.5791486732091
2026-02-11 22:30:00,999.7728555555556,1770849450.999186,160.88426795895097,164.34709722379526
2026-02-11 22:45:00,999.8698777777777,1770850351.0361047,161.14044697833523,164.64073469124605
2026-02-11 23:00:00,999.9293214682981,1770851251.0278945,160.6226594285714,164.1312117466631
2026-02-11 23:15:00,1000.0593666666666,1770852150.4184477,160.370330672748,163.91599869479555
2026-02-11 23:30:00,1000.0808222222222,1770853050.419654,160.27364310148232,163.82420316142762
2026-02-11 23:45:00,1000.1005555555556,1770853950.2755623,160.76248574686431,164.33036063655504
2026-02-12 00:00:00,1000.1563111111111,1770854850.377266,160.7041550741163,164.28905443828074
2026-02-12 00:15:00,1000.1236444444445,1770855750.4618747,159.3791550741163,162.92385236540474
2026-02-12 00:30:00,1000.2821666666666,1770856650.5159683,160.62938654503992,164.25395735733815
2026-02-12 00:45:00,1000.3589111111111,1770857550.5936358,159.25800342075257,162.8766270740566
2026-02-12 01:00:00,1000.2257666666666,1770858450.687619,160.00599087799316,163.59803998877183
2026-02-12 01:15:00,1000.3010333333333,1770859350.7608697,160.4072291904219,164.03297645950008
2026-02-12 01:30:00,1000.3933111111111,1770860250.7716937,160.21506727480045,163.86671075432648
2026-02-12 01:45:00,1000.300611111111,1770861150.7975662,160.89869213226908,164.53540918915505
2026-02-12 02:00:00,1000.2819333333333,1770862050.8701806,160.05659977194983,163.6681693838113
2026-02-12 02:15:00,1000.3054444444444,1770862950.9159362,160.33873888255417,163.96438456230229
2026-02-12 02:30:00,1000.4208444444444,1770863850.766479,160.71712656784493,164.38926517030387
2026-02-12 02:45:00,1000.4599888888889,1770864750.6539993,160.6427354618016,164.32603874157093
2026-02-12 03:00:00,1000.5452444444444,1770865650.6664903,160.51633067274798,164.2247354302463
2026-02-12 03:15:00,1000.6207111111112,1770866550.6809845,160.10780501710377,163.83149738462353
2026-02-12 03:30:00,1000.6828888888889,1770867450.868235,160.9813968072976,164.74589244773082
2026-02-12 03:45:00,1000.7131444444444,1770868350.944352,161.47189965792475,165.2578651764916
2026-02-12 04:00:00,1000.7219644839067,1770869250.427015,160.77867046750285,164.55128479712536
2026-02-12 04:15:00,1000.7085111111112,1770870150.5167575,158.7595678449259,162.4804327710182
2026-02-12 04:30:00,1000.7403670745273,1770871050.6734724,160.13018472063854,163.893614585996
2026-02-12 04:45:00,1000.7030444444443,1770871950.7008402,159.85019520547945,163.59483263474098
2026-02-12 05:00:00,1000.6545726970033,1770872850.1604083,161.11551708428246,164.8738116207611
2026-02-12 05:15:00,1000.6943666666666,1770873750.711262,160.41614139110604,164.17118732193552
2026-02-12 05:30:00,1000.7292444444445,1770874650.9076014,160.26639110604333,164.0293732199576
2026-02-12 05:45:00,1000.6213666666667,1770875551.0653863,160.80458152793614,164.54469484651588
2026-02-12 06:00:00,1000.6284777777778,1770876451.646273,160.12964082098063,163.8563862487744
2026-02-12 06:15:00,1000.5750999999999,1770877351.040755,161.18847434435574,164.9222550173155
2026-02-12 06:30:00,1000.5574111111112,1770878251.099935,160.5949566704675,164.30917606372375
2026-02-12 06:45:00,1000.7311123470522,1770879151.1596212,160.66881278538813,164.44185789926618
2026-02-12 07:00:00,1000.6583129855716,1770880050.2017245,161.23881755986318,165.0012225902236
2026-02-12 07:15:00,1000.5890322580645,1770880950.4805465,160.1661254275941,163.8807907367248
2026-02-12 07:30:00,1000.3457555555556,1770881850.9042485,160.96976738882555,164.62295387872885
2026-02-12 07:45:00,1000.5046111111111,1770882750.9069057,160.34130444697834,164.03233467524078
2026-02-12 08:00:00,1000.5956444444445,1770883650.9619305,159.68364196123147,163.3892779415083
2026-02-12 08:15:00,1000.8291777777778,1770884550.6289399,160.17292009132422,163.96647570644606
2026-02-12 08:30:00,1000.9924444444445,1770885450.1812224,160.22514709236032,164.07350638116742
2026-02-12 08:45:00,1000.8908888888889,1770886350.2321339,160.26118129988598,164.07707681237952
2026-02-12 09:00:00,1000.4873777777777,1770887250.2767806,161.16090421892818,164.8651190489417
2026-02-12 09:15:00,1000.4281555555556,1770888150.3979714,160.62498859749144,164.2974243652407
2026-02-12 09:30:00,1000.5254716981133,1770889050.3102958,160.52608769931663,164.22822325874145
2026-02-12 09:45:00,1000.6655777777778,1770889950.496288,160.21818015963512,163.95915150786493
2026-02-12 10:00:00,1000.7468075639599,1770890851.1286316,161.34164196123146,165.13567097031572
2026-02-12 10:15:00,1000.7598333333334,1770891751.1689324,160.96435005701252,164.7537988932624
2026-02-12 10:30:00,1000.7258555555557,1770892650.6840155,160.42545776255707,164.19106183506008
2026-02-12 10:45:00,1000.7018777777779,1770893550.2680464,161.22118244013686,164.99755150803495
2026-02-12 11:00:00,1000.696614872364,1770894450.2334864,159.43185307517084,163.16459228584304
2026-02-12 11:15:00,1000.6187,1770895350.807543,161.6849897377423,165.4446978753717
2026-02-12 11:30:00,1000.5174666666667,1770896250.9313736,159.71875940706957,163.39965988459423
2026-02-12 11:45:00,1000.3229810901,1770897150.9460661,159.37613356164383,162.98572875864065
2026-02-12 12:00:00,1000.3592444444445,1770898050.6420603,160.8439076396807,164.49867550892856
2026-02-12 12:15:00,1000.2754222222222,1770898950.6874812,160.77084378563285,164.39638901342408
2026-02-12 12:30:00,1000.2338222222222,1770899850.6566637,160.62185404789054,164.23037487069172
2026-02-12 12:45:00,999.9348444444445,1770900750.6325114,159.9535313568985,163.44927305528012
2026-02-12 13:00:00,999.9345837957825,1770901650.516612,161.1447277904328,164.66641692847242
2026-02-12 13:15:00,1000.1090333333334,1770902551.0600364,160.73615165336375,164.30622797831083
2026-02-12 13:30:00,1000.0644716351501,1770903450.9123006,160.15341210045662,163.69595553202504
2026-02-12 13:45:00,1000.0358111111111,1770904350.6963828,160.64987571265678,164.19398872292095
2026-02-12 14:00:00,1000.0098222222223,1770905250.7582865,160.89423147092361,164.43518804027
2026-02-12 14:15:00,999.9967333333334,1770906150.8213918,160.47321322690993,164.00061080862497
2026-02-12 14:30:00,1000.0524555555555,1770907050.9313633,161.08437970353478,164.64355905981262
2026-02-12 14:45:00,999.997,1770907951.0010564,161.2142770809578,164.75805202388798
2026-02-12 15:00:00,999.9257666666666,1770908851.0630012,161.46009920182442,164.98577110247268
2026-02-12 15:15:00,999.8801777777777,1770909750.6291196,161.15742694063925,164.66147548321368
2026-02-12 15:30:00,999.8460555555555,1770910650.1632557,161.31006499429873,164.80618485823294
2026-02-12 15:45:00,999.8693888888889,1770911550.7270758,160.11947608200455,163.59742633526247
2026-02-12 16:00:00,999.8392444444445,1770912451.057494,160.75504675028506,164.23690025591455
2026-02-12 16:15:00,999.8649222222223,1770913351.115301,160.94022234891676,164.43453105175104
2026-02-12 16:30:00,999.8729444444444,1770914250.6667118,159.46094406392695,162.92574894230225
2026-02-12 16:45:00,999.8423666666666,1770915150.232971,160.75210832383124,164.23492373764145
2026-02-12 17:00:00,999.9000776914539,1770916050.141118,160.8147266514806,164.31786354858068
2026-02-12 17:15:00,999.8462555555556,1770916950.786809,161.03105929304448,164.52119799389126
2026-02-12 17:30:00,999.9404671857619,1770917850.4420002,161.3423698630137,164.8703182918136
2026-02-12 17:45:00,999.7894222222222,1770918750.6105437,160.30268301026226,163.7584201711451
2026-02-12 18:00:00,999.7965593784684,1770919650.578486,162.10439407744875,165.60133558868588
2026-02-12 18:15:00,999.7315666666666,1770920550.6496346,161.00728652968036,164.45918237824958
2026-02-12 18:30:00,999.7148832035595,1770921450.4099567,160.58407981755988,164.02142939581535
2026-02-12 18:45:00,999.7093666666666,1770922350.8621972,160.48983580387687,163.92335947273332
2026-02-12 19:00:00,999.7014206437292,1770923250.3348224,160.8144549600912,164.25231321347422
2026-02-12 19:15:00,999.7149222222222,1770924150.4075491,160.40668871151652,163.8402539664964
2026-02-12 19:30:00,999.7254333333334,1770925050.5345256,161.982842645382,165.45362423198867
2026-02-12 19:45:00,999.6976777777777,1770925950.6151109,161.55676738882553,165.00925942452218
2026-02-12 20:00:00,999.6637777777777,1770926850.6179388,160.7051607753706,164.12832557394898
2026-02-12 20:15:00,999.6199111111112,1770927750.728577,160.7434196123147,164.1529970372307
2026-02-12 20:30:00,999.546318131257,1770928650.2667685,161.08087442922374,164.4733997537787
2026-02-12 20:45:00,999.5811111111111,1770929550.4188957,161.21337742303308,164.62014824643643
2026-02-12 21:00:00,999.5616777777778,1770930450.4785774,161.89757468643103,165.31237874172234
2026-02-12 21:15:00,999.5406333333334,1770931350.560358,160.57422348916762,163.9542141312909
2026-02-12 21:30:00,999.5536999999999,1770932250.5806136,160.36520752565565,163.74507765648198
2026-02-12 21:45:00,999.4973222222222,1770933150.6780202,160.9573489167617,164.3311687707046
2026-02-12 22:00:00,999.4086222222222,1770934050.823029,160.26858038768532,163.5989379689902
2026-02-12 22:15:00,999.3314999999999,1770934950.8492062,161.4792189281642,164.80931051952194
2026-02-12 22:30:00,999.3368111111112,1770935850.9458544,161.23846294184722,164.56533760345755
2026-02-12 22:45:00,999.3252666666667,1770936750.7483578,160.5941117445838,163.90390693948856
2026-02-12 23:00:00,999.2980022197559,1770937650.5450919,160.92146697038726,164.22905338292253
2026-02-12 23:15:00,999.2092333333334,1770938550.6106706,160.36170547945204,163.62873367154955
2026-02-12 23:30:00,999.1627030033371,1770939450.5992227,161.28704332953248,164.55760875717516
2026-02-12 23:45:00,999.1012222222223,1770940350.870792,161.1379087799316,164.3852357612544
2026-02-13 00:00:00,999.0586111111111,1770941250.9660518,160.9921505131129,164.222544098714
2026-02-13 00:15:00,999.0205888888889,1770942151.0512094,160.90495096921322,164.1211138758641
2026-02-13 00:30:00,998.8971,1770943050.9215515,159.49480159635118,162.64260441351962
2026-02-13 00:45:00,998.9306555555555,1770943950.8643305,160.93311516533637,164.1203185874123
2026-02-13 01:00:00,998.9010099889013,1770944850.274191,161.2539612314709,164.43776886581077
2026-02-13 01:15:00,998.8689888888889,1770945750.3019874,161.36797263397946,164.54349325136897
2026-02-13 01:30:00,998.7592547274749,1770946650.6397448,161.27532725199544,164.41293733223253
2026-02-13 01:45:00,998.6453,1770947550.7013648,160.75946461187215,163.84969143936817
2026-02-13 02:00:00,998.5002885682575,1770948450.1069107,160.9264521640091,163.9723263184291
2026-02-13 02:15:00,998.4409111111111,1770949350.672328,161.48768871151654,164.52464618658587
2026-02-13 02:30:00,998.4256952169076,1770950250.3750708,160.69266894977167,163.7096931301864
2026-02-13 02:45:00,998.3902888888889,1770951150.4841144,159.95596009122008,162.94761331238917
2026-02-13 03:00:00,998.3586681465039,1770952050.554223,160.68791002277902,163.6829010123087
2026-02-13 03:15:00,998.3071555555555,1770952951.1195288,160.52604903078677,163.5011775584659
2026-02-13 03:30:00,998.1731111111111,1770953850.7332551,160.9497100456621,163.88874790256946
2026-02-13 03:45:00,998.0534149054505,1770954750.5754645,160.2273740022805,163.1141686030635
2026-02-13 04:00:00,998.0024084350721,1770955650.3250601,162.11609350057014,165.02008185874746
2026-02-13 04:15:00,997.8957555555555,1770956550.3839037,160.44941049030788,163.28870939006313
2026-02-13 04:30:00,997.870188888889,1770957450.4430656,161.63978221208666,164.49173460120082
2026-02-13 04:45:00,997.7671222222223,1770958350.486795,161.0934424173318,163.90196611343507
2026-02-13 05:00:00,997.6931924360401,1770959250.8520806,161.41545838084377,164.205315021762
2026-02-13 05:15:00,997.5784888888888,1770960150.6718097,161.237198630137,163.98635033511863
2026-02-13 05:30:00,997.4589666666667,1770961050.180259,161.0674732041049,163.77457694772193
2026-02-13 05:45:00,997.3915222222223,1770961950.2213387,160.82264880273658,163.5035814137347
2026-02-13 06:00:00,997.2936182019978,1770962850.1421657,160.85608656036447,163.50555774520896
2026-02-13 06:15:00,997.2506777777777,1770963750.6547666,160.37916761687572,163.0067836763936
2026-02-13 06:30:00,997.1477111111111,1770964650.6395943,160.75429190421892,163.3544103330531
2026-02-13 06:45:00,997.1043937708565,1770965550.4310484,161.6040799086758,164.20371687093777
2026-02-13 07:00:00,997.1243507214207,1770966450.8208938,160.98480523917996,163.58100929249161
2026-02-13 07:15:00,997.0932444444444,1770967350.4214976,161.4368757126568,164.03016525944523
2026-02-13 07:30:00,997.0653444444445,1770968250.455395,161.8048734321551,164.39490092898717
2026-02-13 07:45:00,996.9947497219132,1770969150.786982,161.12499885974916,163.68103186776136
2026-02-13 08:00:00,996.9149333333334,1770970051.167451,161.88461573546178,164.42644910530336
2026-02-13 08:15:00,996.8575777777778,1770970951.158631,161.99100684150514,164.5156378586063
2026-02-13 08:30:00,996.8392555555556,1770971851.038447,161.95593500570126,164.4739922594846
2026-02-13 08:45:00,996.7362333333334,1770972750.986469,161.54900456100344,164.02693462403238
2026-02-13 09:00:00,996.668834628191,1770973650.3792787,162.58439338654506,165.05595421456476
2026-02-13 09:15:00,996.6193111111112,1770974550.3941486,161.4265678449259,163.86429666822679
2026-02-13 09:30:00,996.4647444444445,1770975450.4608796,162.1137765108324,164.51101928263932
2026-02-13 09:45:00,996.3630033370412,1770976350.0692816,162.13761643835616,164.5017351576913
2026-02-13 10:00:00,996.2016222222222,1770977250.25062,162.64655758266818,164.96484412738886
2026-02-13 10:15:00,996.2217111111111,1770978150.299659,162.42798061573546,164.74977081521112
2026-02-13 10:30:00,996.2212,1770979050.3911815,162.47704561003422,164.79936869636126
2026-02-13 10:45:00,996.1978333333334,1770979950.4137492,162.35440022805017,164.66727468428326
2026-02-13 11:00:00,996.2329078801331,1770980850.1911485,162.7749555808656,165.10540278858267
2026-02-13 11:15:00,996.183,1770981750.42691,161.90417445838085,164.20576356140074
2026-02-13 11:30:00,996.022688888889,1770982650.2042513,162.46012998859752,164.7168020815247
2026-02-13 11:45:00,995.9241333333333,1770983550.3079848,162.3010969213227,164.523127413437
2026-02-13 12:00:00,995.7512666666667,1770984450.9191415,162.23974686431015,164.40408762548256
2026-02-13 12:15:00,995.5918555555555,1770985350.8772953,161.409740022805,163.51086896304386
2026-02-13 12:30:00,995.5000444938821,1770986250.6435337,161.20470433789953,163.27318093361663
2026-02-13 12:45:00,995.3953666666666,1770987150.5064824,161.81491220068412,163.8569106350346
2026-02-13 13:00:00,995.3371032186459,1770988050.559208,161.15664236902052,163.17131891315057
2026-02-13 13:15:00,995.2092777777777,1770988950.6123064,161.28973059360732,163.2643269161502
2026-02-13 13:30:00,995.1084111111111,1770989850.2037082,162.74305929304447,164.7022187742098
2026-02-13 13:45:00,994.9144938820912,1770990750.496006,162.43081185860888,164.32247011678515
2026-02-13 14:00:00,994.7415427302997,1770991650.2666168,162.5172371721779,164.353042004462
2026-02-13 14:15:00,994.6258777777778,1770992550.2955713,161.84823375142534,163.63862259360124
2026-02-13 14:30:00,994.4971555555555,1770993450.334315,161.8975781071836,163.64637752958072
2026-02-13 14:45:00,994.338711111111,1770994350.4344652,162.73663397947547,164.44237856895933
2026-02-13 15:00:00,994.2785650723026,1770995250.9231374,163.22569327251995,164.9167246300974
2026-02-13 15:15:00,994.3086777777778,1770996150.671878,162.4460410958904,164.13888022783243
2026-02-13 15:30:00,994.2821111111111,1770997050.2445352,162.36947548460662,164.05279982785294
2026-02-13 15:45:00,994.1960111111111,1770997950.2396967,162.9136157354618,164.57423919053267
2026-02-13 16:00:00,994.1027444444444,1770998850.3575327,163.75131927023946,165.38962811252642
2026-02-13 16:15:00,994.0201333333333,1770999750.4406104,162.9716157354618,164.57493007180062
2026-02-13 16:30:00,994.0742555555556,1771000650.285107,163.05876054732042,164.68075702641332
2026-02-13 16:45:00,994.0076333333334,1771001550.2169094,163.1068905359179,164.7074179684749
2026-02-13 17:00:00,993.9068555555555,1771002450.3265674,163.58340022805015,165.15531220632516
2026-02-13 17:15:00,993.8597333333332,1771003350.4294195,163.02269327251994,164.57370639526238
2026-02-13 17:30:00,993.8156777777778,1771004250.4314368,163.29723033067276,164.83633087247338
2026-02-13 17:45:00,993.7525666666667,1771005150.2562678,162.769834663626,164.2832269205663
2026-02-13 18:00:00,993.6105333333333,1771006050.2510524,163.0950912200684,164.5647536278853
2026-02-13 18:15:00,993.5047444444446,1771006950.4110916,163.36013683010262,164.79731644544546
2026-02-13 18:30:00,993.3907,1771007850.5110712,163.3580581527936,164.7576358085998
2026-02-13 18:45:00,993.2628222222222,1771008750.5289757,163.68385176738883,165.04400435560686
2026-02-13 19:00:00,993.151288888889,1771009650.6048503,163.3529612314709,164.67362694674
2026-02-13 19:15:00,993.0268666666666,1771010550.6847284,163.13463169897375,164.41261402088762
2026-02-13 19:30:00,992.9016555555556,1771011450.777276,163.8038551881414,165.0457438503761
2026-02-13 19:45:00,992.7525888888889,1771012350.8883529,163.89734777651083,165.09071887439129
2026-02-13 20:00:00,992.5441444444444,1771013251.0053442,163.46458950969213,164.5861811491025
2026-02-13 20:15:00,992.3460111111111,1771014150.5898752,164.4207625570776,165.48332633658148
2026-02-13 20:30:00,992.1091666666667,1771015050.1834521,163.59404446978337,164.57329060513584
2026-02-13 20:45:00,991.9785777777778,1771015950.306806,163.0072725199544,163.94018321345916
2026-02-13 21:00:00,991.8104888888889,1771016850.2118065,163.99149714937286,164.87460418584612
2026-02-13 21:15:00,991.6736777777778,1771017750.1969113,164.07634321550742,164.91477663294702
2026-02-13 21:30:00,991.5180222222222,1771018650.357992,164.4044811858609,165.1931569240602
2026-02-13 21:45:00,991.3290444444444,1771019550.4395957,164.1340843785633,164.8591417730459
2026-02-13 22:00:00,991.1730521642619,1771020450.374677,163.82967312072893,164.5020556794064
2026-02-13 22:15:00,991.0039888888889,1771021350.940031,164.4485370581528,165.0676363434225
2026-02-13 22:30:00,990.7327030033371,1771022250.8288107,163.99874771689497,164.52686182832085
2026-02-13 22:45:00,990.4914777777777,1771023150.6987967,164.2867913340935,164.73633671802665
2026-02-13 23:00:00,990.2657158712542,1771024050.599158,164.79086902050113,165.16719997194127
2026-02-13 23:15:00,990.0642888888889,1771024950.671901,164.50804680365297,164.81732119004985
2026-02-13 23:30:00,989.7833777777778,1771025850.1937113,164.46702736602055,164.68367569182632
2026-02-13 23:45:00,989.4182536151279,1771026750.7242208,164.66457240592928,164.76112047943124
2026-02-14 00:00:00,989.1535444444444,1771027650.9217157,164.68174572405928,164.6910902987655
2026-02-14 00:15:00,988.9220333333334,1771028550.9824085,164.48524629418472,164.41843270327368
2026-02-14 00:30:00,988.7218444444444,1771029451.048876,164.15987457240593,164.02750702935063
2026-02-14 00:45:00,988.4701222222222,1771030351.079756,164.98916647662486,164.77315523354665
2026-02-14 01:00:00,988.2461666666667,1771031250.8330128,164.51744355758268,164.22847368068398
2026-02-14 01:15:00,988.0278333333334,1771032150.8867087,165.63388255416191,165.27076769193215
2026-02-14 01:30:00,987.7321888888889,1771033050.872443,164.97958950969215,164.52060106799348
2026-02-14 01:45:00,987.3488333333333,1771033950.955906,165.6104754846066,165.0231582543913
2026-02-14 02:00:00,987.0956222222221,1771034851.054207,165.08614709236033,164.4174036144522
2026-02-14 02:15:00,986.7195555555555,1771035750.6984122,165.17385616438358,164.38107439527636
2026-02-14 02:30:00,986.5258888888889,1771036650.2881236,165.10511516533637,164.24903188356436
2026-02-14 02:45:00,986.4209888888888,1771037550.26863,166.00548460661346,165.1100891062847
2026-02-14 03:00:00,986.1572475027747,1771038450.213314,165.0134817767654,164.036887455314
2026-02-14 03:15:00,986.0878333333334,1771039350.7596931,166.28070011402508,165.2736597920293
2026-02-14 03:30:00,985.89,1771040250.482239,166.0146974885845,164.94399239699277
2026-02-14 03:45:00,985.7620777777778,1771041150.4049027,165.3394686431015,164.2310954238844
2026-02-14 04:00:00,985.5173888888888,1771042050.5267339,165.7434754846066,164.55184623207074
2026-02-14 04:15:00,985.2938777777778,1771042950.6193554,166.04140022805015,164.7739549306014
2026-02-14 04:30:00,985.0292888888888,1771043850.6562352,165.79644355758268,164.4438250435681
2026-02-14 04:45:00,984.9199000000001,1771044750.6777604,165.04808665906498,163.66576312233744
2026-02-14 05:00:00,984.5964,1771045650.7417517,165.481574686431,163.98948503919354
2026-02-14 05:15:00,984.325011111111,1771046550.7765737,166.3078289623717,164.7188592639809
2026-02-14 05:30:00,984.1622666666667,1771047450.7977753,165.72315621436718,164.08635572841948
2026-02-14 05:45:00,983.9531333333334,1771048350.8648643,165.79801368301028,164.09182535462622
2026-02-14 06:00:00,983.9192452830189,1771049250.3447301,166.7140034207526,164.98720628916297
2026-02-14 06:15:00,983.8567999999999,1771050150.3397768,166.9345849486887,165.18487174828078
2026-02-14 06:30:00,983.8201779755284,1771051050.7374535,166.80828848346636,165.04780983805566
2026-02-14 06:45:00,983.8670666666667,1771051951.0284193,166.28007069555304,164.54059627282925
2026-02-14 07:00:00,983.9708666666667,1771052851.1051965,165.989834663626,164.28749897732445
2026-02-14 07:15:00,983.9240111111112,1771053750.650211,166.33847488584473,164.61713648556108
2026-02-14 07:30:00,983.821411111111,1771054650.6092331,166.49305580865604,164.7363103825108
2026-02-14 07:45:00,983.8720555555556,1771055551.1152325,166.3010889395667,164.56303660785892
2026-02-14 08:00:00,983.8199444444444,1771056450.7377112,166.18488356164386,164.4309074723912
2026-02-14 08:15:00,983.7097,1771057350.2358112,167.19195438996582,165.3908784349943
2026-02-14 08:30:00,983.6939444444445,1771058250.3212423,166.69227366020525,164.89138452516255
2026-02-14 08:45:00,983.6791888888889,1771059150.3327887,165.95644925883695,164.15866515532798
2026-02-14 09:00:00,983.6221087680356,1771060050.2770698,166.43244191343965,164.6107083739767
2026-02-14 09:15:00,983.4931333333334,1771060950.8685417,166.35721322690995,164.49386631549285
2026-02-14 09:30:00,983.2846777777778,1771061850.9439929,166.42586659064992,164.4931573785773
2026-02-14 09:45:00,982.9896662958844,1771062750.8565426,166.66684474885844,164.63417044566035
2026-02-14 10:00:00,982.6236,1771063650.7572212,167.06144697833523,164.90318489092698
2026-02-14 10:15:00,982.4625666666667,1771064550.9136279,166.65985860889396,164.4538110094284
2026-02-14 10:30:00,982.2628555555556,1771065450.975716,166.7842337514253,164.5108174189091
2026-02-14 10:45:00,981.9265777777778,1771066350.9587884,167.07507981755987,164.68690065161672
2026-02-14 11:00:00,981.6684555555555,1771067251.0160801,166.81566818700114,164.346332278682
2026-02-14 11:15:00,981.6327,1771068151.0985432,167.68938312428736,165.195300082686
2026-02-14 11:30:00,981.4151666666667,1771069050.9903717,167.22450741163058,164.6656824381546
2026-02-14 11:45:00,981.1083333333332,1771069950.8623776,167.89914709236032,165.22857257658728
2026-02-14 12:00:00,981.0646059933407,1771070850.2749207,166.7143204104903,164.04824412697207
2026-02-14 12:15:00,981.1194111111112,1771071750.2839336,166.86251311288484,164.21206528540884
2026-02-14 12:30:00,981.0638666666667,1771072650.2889757,166.58197491448118,163.91777270720743
2026-02-14 12:45:00,980.9716444444443,1771073550.3437572,167.1227787913341,164.41959824525657
2026-02-14 13:00:00,980.8467408231368,1771074450.6891203,167.0968207762557,164.3529983984634
2026-02-14 13:15:00,980.6935849056604,1771075350.4662805,167.7571047835991,164.95190571639785
2026-02-14 13:30:00,980.4251666666667,1771076250.582789,168.7257970353478,165.81536006817797
2026-02-14 13:45:00,980.3081888888888,1771077150.7341754,168.14242417331812,165.20339532722787
2026-02-14 14:00:00,980.1250166852058,1771078050.7960882,167.85405593607305,164.8596611150561
2026-02-14 14:15:00,979.9478444444445,1771078950.2257051,168.41370581527937,165.3507257465093
2026-02-14 14:30:00,979.7083777777777,1771079850.209763,168.24128506271379,165.10234889445084
2026-02-14 14:45:00,979.5753,1771080750.241078,168.28766590649943,165.10391522202403
2026-02-14 15:00:00,979.3976666666666,1771081650.2817996,167.79603192702393,164.56310804818295
2026-02-14 15:15:00,979.2714444444445,1771082550.3876045,167.9567001140251,164.679103070918
2026-02-14 15:30:00,979.0977333333333,1771083450.4634242,167.74182554161916,164.41129161621203
2026-02-14 15:45:00,978.9414555555555,1771084350.5272403,168.2411071835804,164.84912739813225
2026-02-14 16:00:00,978.8238956714762,1771085250.5526803,168.2236492027335,164.7932706840385
2026-02-14 16:15:00,978.7285650723026,1771086150.9440897,168.4755673515982,165.00858804062594
2026-02-14 16:30:00,978.6478999999999,1771087050.8469248,168.528582668187,165.03388529159957
2026-02-14 16:45:00,978.4463777777778,1771087950.955214,168.57678791334092,165.0145693173246
2026-02-14 17:00:00,978.3627555555555,1771088851.0563278,169.32331356898518,165.71760237365007
2026-02-14 17:15:00,978.3036555555556,1771089750.6234186,169.35977853881278,165.73369994700838
2026-02-14 17:30:00,978.2379333333333,1771090650.1575603,168.28818700114024,164.66340621410822
2026-02-14 17:45:00,978.1783666666666,1771091550.1852443,167.54764766248576,163.9192880325379
2026-02-14 18:00:00,978.1158777777778,1771092450.2478008,168.43365336374004,164.76551335597068
2026-02-14 18:15:00,978.0565222222223,1771093350.2469423,168.39604218928164,164.7091673069871
2026-02-14 18:30:00,978.0632222222223,1771094250.2628498,168.56577765108324,164.87739591086105
2026-02-14 18:45:00,978.0351333333333,1771095150.3373997,168.80628848346635,165.10336873344716
2026-02-14 19:00:00,978.0377555555555,1771096050.3623228,169.0567605473204,165.34921362684747
2026-02-14 19:15:00,978.0248888888888,1771096950.4046538,168.50376738882554,164.80410702703753
2026-02-14 19:30:00,977.9160333333333,1771097850.5607982,168.3563819840365,164.62411320856535
2026-02-14 19:45:00,978.1896333333333,1771098750.6163483,168.00957012542762,164.37491111954586
2026-02-14 20:00:00,978.5445,1771099650.676784,168.07353021664767,164.55423571229107
2026-02-14 20:15:00,978.7587333333333,1771100550.7313359,167.83616533637402,164.39226253631875
2026-02-14 20:30:00,979.0686888888889,1771101450.7726526,168.37404789053593,165.02137492835348
2026-02-14 20:45:00,979.3117111111111,1771102350.6139219,167.68799885974914,164.4288868700563
2026-02-14 21:00:00,979.2951720310766,1771103250.525031,168.85339863325743,165.56615971913573
2026-02-14 21:15:00,979.2385444444444,1771104151.042128,168.25719156214367,164.96287565356334
2026-02-14 21:30:00,979.2977333333333,1771105051.0790534,168.21085860889397,164.936973572301
2026-02-14 21:45:00,979.3490989988876,1771105950.606702,169.0763493150685,165.80265150000776
2026-02-14 22:00:00,979.3928,1771106850.6595335,169.51698289623718,166.24928331077052
2026-02-14 22:15:00,979.3445555555555,1771107750.6706865,167.7771961231471,164.52715778494294
2026-02-14 22:30:00,979.3760333333333,1771108650.7513275,168.17446408209807,164.9271129552461
2026-02-14 22:45:00,979.3128222222222,1771109550.8327465,168.01012314709234,164.74511658782887
2026-02-14 23:00:00,979.2492452830188,1771110450.1980712,168.45118244013685,165.1566029649959
2026-02-14 23:15:00,979.1459444444445,1771111350.2892034,169.20505245153936,165.8614579409079
2026-02-14 23:30:00,979.1299111111111,1771112250.2941978,168.5143409350057,165.17909847505055
2026-02-14 23:45:00,979.1778754171302,1771113151.029644,168.01290193842647,164.70338298793015
2026-02-15 00:00:00,979.2114206437292,1771114050.3994107,167.72452565564427,164.43171857101643
2026-02-15 00:15:00,979.1441,1771114950.3169894,168.75410262257697,165.41880894147184
2026-02-15 00:30:00,979.0854393770857,1771115850.0213668,168.34265525114154,164.99613481988771
2026-02-15 00:45:00,978.9798666666667,1771116750.1789007,168.1400992018244,164.7628128400651
2026-02-15 01:00:00,978.9886237513873,1771117650.068145,169.4603348519362,166.0594384135488
2026-02-15 01:15:00,978.9562402669633,1771118550.555355,168.16970776255707,164.78403998780564
2026-02-15 01:30:00,978.9204555555556,1771119450.282687,168.75430900798176,165.3450377070921
2026-02-15 01:45:00,978.9325222222221,1771120350.4431329,168.25083352337515,164.85571219272552
2026-02-15 02:00:00,979.0141111111111,1771121250.5812223,168.66303192702392,165.28656176819547
2026-02-15 02:15:00,979.0244,1771122150.7082121,168.0143204104903,164.65422500963663
2026-02-15 02:30:00,978.9830666666667,1771123050.7294106,168.9677354618016,165.57488475424023
2026-02-15 02:45:00,979.1097444444445,1771123950.7906878,167.97798631698973,164.64671852381397
2026-02-15 03:00:00,979.126614872364,1771124850.279157,168.9222451539339,165.57783786587555
2026-02-15 03:15:00,978.9621333333333,1771125750.3082185,168.71791220068414,165.323156238168
2026-02-15 03:30:00,978.9839265850947,1771126650.494682,168.6660820980616,165.27957280545908
2026-02-15 03:45:00,979.029988888889,1771127550.9842951,168.9847708095781,165.60711861322542
2026-02-15 04:00:00,978.9458222222222,1771128451.0736244,168.7156385404789,165.3155352779539
2026-02-15 04:15:00,979.0445777777777,1771129350.643444,168.28586872146118,164.92699824944282
2026-02-15 04:30:00,979.0473111111111,1771130250.5810797,168.32196241457856,164.96327333397355
2026-02-15 04:45:00,978.9341888888889,1771131151.0569894,168.47998289623717,165.08078784543724
2026-02-15 05:00:00,978.8875027746948,1771132050.5101957,168.36821892816423,164.95587577251402
2026-02-15 05:15:00,978.9048222222223,1771132950.5543535,168.6059794754846,165.19453964949616
2026-02-15 05:30:00,978.7911222222222,1771133850.6053958,168.55536602052453,165.10740057496088
2026-02-15 05:45:00,978.7563070077864,1771134750.7596335,168.2237808219178,164.77112479350353
2026-02-15 06:00:00,978.7876,1771135650.435502,168.59094982896238,165.14109315031868
2026-02-15 06:15:00,978.7192,1771136550.3538778,169.37453591790194,165.8859500594877
2026-02-15 06:30:00,978.7827222222222,1771137450.2532635,168.96485290763968,165.5057304862687
2026-02-15 06:45:00,978.8776222222223,1771138350.2448235,168.40016761687573,164.9839166558048
2026-02-15 07:00:00,978.8594111111111,1771139250.2852323,168.88696009122006,165.45480747033008
2026-02-15 07:15:00,978.7946222222222,1771140150.3765855,169.60418015963512,166.1359231388582
2026-02-15 07:30:00,978.8050666666667,1771141050.3648906,168.252590649943,164.81541522645952
2026-02-15 07:45:00,978.7937777777777,1771141950.407867,168.5523797035348,165.10535223655833
2026-02-15 08:00:00,978.8189888888888,1771142850.4501283,168.24069099201824,164.80834759562296
2026-02-15 08:15:00,978.8441666666668,1771143750.4660547,168.2594424173318,164.83501661571307
2026-02-15 08:30:00,978.8702222222222,1771144650.5482852,168.0729612314709,164.66091114508546
2026-02-15 08:45:00,978.8195666666667,1771145550.5860271,169.71574344355759,166.2534990467322
2026-02-15 09:00:00,978.7918444444445,1771146450.6159077,168.6630182440137,165.21308930751684
2026-02-15 09:15:00,978.7372,1771147350.7361405,169.55938084378562,166.07296627702274
2026-02-15 09:30:00,978.7330555555557,1771148250.7656205,167.91149714937288,164.45760255487724
2026-02-15 09:45:00,978.7705555555556,1771149150.8097858,168.36857810718357,164.91764983953422
2026-02-15 10:00:00,978.7831742508324,1771150050.28642,168.28708437856326,164.84198655768654
2026-02-15 10:15:00,978.7696444444445,1771150950.448951,169.22560319270238,165.75680705929582
2026-02-15 10:30:00,978.7255777777777,1771151850.520536,168.24208323831243,164.77892419758734
2026-02-15 10:45:00,978.7177222222222,1771152750.4891891,167.59803876852908,164.14555805480487
2026-02-15 11:00:00,978.696318131257,1771153650.7540836,167.9384526795895,164.4719186237601
2026-02-15 11:15:00,978.6789444444445,1771154550.685929,168.91133219178082,165.41896828075505
2026-02-15 11:30:00,978.6941777777778,1771155450.215683,168.13999771949827,164.66859853321782
2026-02-15 11:45:00,978.6810444444444,1771156350.287427,168.9492770809578,165.45682354911483
2026-02-15 12:00:00,978.6348501664817,1771157250.2684414,169.20721753986334,165.69412301557654
2026-02-15 12:15:00,978.5645717463849,1771158150.5942883,168.48568036529682,164.96437795537173
2026-02-15 12:30:00,978.5114888888888,1771159050.3912797,169.45314595210945,165.89401059763028
2026-02-15 12:45:00,978.4866888888889,1771159950.5472856,168.48842759407069,164.94137355578155
2026-02-15 13:00:00,978.3478555555556,1771160850.6431658,168.1271698973774,164.54202695284698
2026-02-15 13:15:00,978.3088222222223,1771161750.6900575,168.86032155074116,165.24664412572014
2026-02-15 13:30:00,978.2736111111111,1771162650.7792952,168.98866704675027,165.36059750674713
2026-02-15 13:45:00,978.1866444444444,1771163550.794736,168.869669327252,165.21541561858197
2026-02-15 14:00:00,978.0596448390678,1771164450.2609134,168.17831470923605,164.49723408828092
2026-02-15 14:15:00,978.0506777777778,1771165350.2707207,169.29432497149372,165.5858474964171
2026-02-15 14:30:00,977.9793888888889,1771166250.2480323,168.57601482326112,164.85976527912203
2026-02-15 14:45:00,977.8798777777778,1771167150.3537402,168.8861698973774,165.1302151476582
2026-02-15 15:00:00,977.7894327030034,1771168050.8323507,167.8735860889396,164.1104621102821
2026-02-15 15:15:00,977.751288888889,1771168950.9700983,170.27613112884833,166.4464524140067
2026-02-15 15:30:00,977.6243333333333,1771169851.0756316,168.86858380843785,165.0286542967135
2026-02-15 15:45:00,977.5933444444444,1771170750.670149,169.22011872146118,165.36194651801347
2026-02-15 16:00:00,977.4965,1771171650.2792873,168.4216795895097,164.54983701697807
2026-02-15 16:15:00,977.3496111111111,1771172550.31262,169.52761459521093,165.58169633650164
2026-02-15 16:30:00,977.2586666666667,1771173450.3857067,169.58217673888254,165.60486406952253
2026-02-15 16:45:00,977.1376111111111,1771174350.3118954,169.28876282782213,165.2783112111042
2026-02-15 17:00:00,977.035860155383,1771175250.221283,169.18559681093393,165.14397866254768
2026-02-15 17:15:00,976.8957333333333,1771176150.8082416,169.54751995438994,165.4508812346301
2026-02-15 17:30:00,976.6822803114571,1771177050.4007282,169.46853424657533,165.30321998522078
2026-02-15 17:45:00,976.4368111111112,1771177950.3711004,169.0694458380844,164.83299793057935
2026-02-15 18:00:00,976.2690444444445,1771178850.4706867,170.07904675028504,165.76167292739336
2026-02-15 18:15:00,976.0721555555555,1771179750.530159,170.08253135689853,165.69980732858562
2026-02-15 18:30:00,975.8836444444445,1771180650.5783286,170.11535461801597,165.66931200446004
2026-02-15 18:45:00,975.6680222222222,1771181550.6501682,169.27616191562143,164.78097578237387
2026-02-15 19:00:00,975.5148777777778,1771182450.7497373,169.07377651083237,164.53356227049449
2026-02-15 19:15:00,975.4166,1771183350.817718,168.66773660205246,164.10616678515447
2026-02-15 19:30:00,975.1587,1771184250.9311874,170.13681870011402,165.4501567820707
2026-02-15 19:45:00,974.9002333333333,1771185150.886377,170.06773546180162,165.29750666000564
2026-02-15 20:00:00,974.8151444444444,1771186050.9605894,169.96835005701251,165.17279778423332
2026-02-15 20:15:00,974.6689444444445,1771186951.0668657,170.07133979475486,165.22456300390542
2026-02-15 20:30:00,974.5260777777778,1771187851.1172707,169.79607297605472,164.91001385403783
2026-02-15 20:45:00,974.3978333333334,1771188750.684469,169.80032191780822,164.87184730749647
2026-02-15 21:00:00,974.3308102108768,1771189650.2058196,169.75560250569475,164.80633273089774
2026-02-15 21:15:00,974.2617333333334,1771190550.7439628,170.41910832383124,165.42763783215318
2026-02-15 21:30:00,974.1867777777777,1771191450.827617,169.42180957810717,164.43489688521845
2026-02-15 21:45:00,974.0744222222222,1771192350.9706163,169.3901938426454,164.36727245291664
2026-02-15 22:00:00,974.092211111111,1771193251.532464,169.58418244013683,164.5613633368981
2026-02-15 22:15:00,974.1831111111111,1771194150.6617515,169.34336643835616,164.35755741765217
2026-02-15 22:30:00,974.1505561735262,1771195050.2381773,169.4377126567845,164.4384189803196
2026-02-15 22:45:00,973.9622444444445,1771195950.792599,169.29889965792475,164.24183270988388
2026-02-15 23:00:00,973.8732555555555,1771196850.8339498,169.6879236031927,164.58994030110833
2026-02-15 23:15:00,973.7965111111112,1771197750.8729832,169.57056898517672,164.45086808352477
2026-02-15 23:30:00,973.6554111111112,1771198650.9666123,169.38057126567844,164.22025730840383
2026-02-15 23:45:00,973.5992777777777,1771199551.001867,170.11373888255417,164.9125731659317
2026-02-16 00:00:00,973.4928111111111,1771200450.6422207,169.7783413242009,164.5523878468124
2026-02-16 00:15:00,973.4034777777778,1771201350.20551,170.2227525655644,164.9536452982021
2026-02-16 00:30:00,973.4188444444444,1771202250.2331123,169.2959931584949,164.06061502913238
2026-02-16 00:45:00,973.4915666666666,1771203150.5477753,169.41855808656038,164.20327042626883
2026-02-16 01:00:00,973.5377888888889,1771204050.820996,169.57483675799088,164.36993268586042
2026-02-16 01:15:00,973.5824555555555,1771204950.3366423,169.38451995438996,164.2001253264393
2026-02-16 01:30:00,973.7378444444445,1771205850.4376466,168.91773090079818,163.79852043381953
2026-02-16 01:45:00,973.8051444444444,1771206750.501029,168.84361573546178,163.7486904886465
2026-02-16 02:00:00,973.8755049944506,1771207650.4193454,169.30419589977222,164.21847983712883
2026-02-16 02:15:00,973.9654777777777,1771208551.0052705,169.35117331812998,164.29360735081934
2026-02-16 02:30:00,973.9223444444444,1771209451.0331683,168.6433990877993,163.59285713220888
2026-02-16 02:45:00,973.9517999999999,1771210351.0657408,169.76344811858607,164.68906460193847
2026-02-16 03:00:00,974.133214682981,1771211250.9144647,169.60570205479453,164.59574304742546
2026-02-16 03:15:00,974.2567999999999,1771212150.810168,169.60790992018244,164.63857448708643
2026-02-16 03:30:00,974.2279111111112,1771213050.8926709,170.01495096921323,165.02415465215975
2026-02-16 03:45:00,974.2886,1771213950.9095435,168.98460661345496,164.043966183729
2026-02-16 04:00:00,974.2703888888889,1771214850.918885,168.83134891676167,163.8892199980135
2026-02-16 04:15:00,974.2826111111112,1771215750.9931855,169.37843899657926,164.4243145524076
2026-02-16 04:30:00,974.4328888888889,1771216650.9532273,169.63768187001142,164.72547658784066
2026-02-16 04:45:00,974.4497888888889,1771217551.014989,169.82190193842644,164.90993604985044
2026-02-16 05:00:00,974.5488901220866,1771218450.58769,169.14631927023947,164.28645283616254
2026-02-16 05:15:00,974.6144888888889,1771219350.6609397,169.73377423033065,164.87865945326595
2026-02-16 05:30:00,974.5791777777778,1771220250.7563426,169.5711881413911,164.70909149179792
2026-02-16 05:45:00,974.6067999999999,1771221150.8961112,169.67958608893957,164.8234866869623
2026-02-16 06:00:00,974.6743270300333,1771222050.7092159,169.50426255707762,164.67541936213337
2026-02-16 06:15:00,974.7598222222223,1771222950.4761043,169.23412542759408,164.44109335033522
2026-02-16 06:30:00,974.7749444444444,1771223850.4713845,170.26219270239451,165.4450475238568
2026-02-16 06:45:00,974.8120555555556,1771224750.502871,169.7950376282782,165.00335590167725
2026-02-16 07:00:00,974.9296888888889,1771225650.576826,168.69635119726343,163.97424796436025
2026-02-16 07:15:00,975.0754,1771226550.587633,169.05203648802737,164.36787047853448
2026-02-16 07:30:00,975.2613888888889,1771227450.646434,168.77373090079817,164.1583281957962
2026-02-16 07:45:00,975.3454777777777,1771228350.7394488,168.0096875712657,163.44266403423833
2026-02-16 08:00:00,975.3190555555556,1771229250.7924147,169.40161915621437,164.7880502456424
2026-02-16 08:15:00,975.2885777777778,1771230150.8833683,168.88484720638542,164.27533852332905
2026-02-16 08:30:00,975.3743111111112,1771231050.6994345,169.2996157354618,164.70702578806714
2026-02-16 08:45:00,975.2892222222222,1771231950.7377717,168.9475370581528,164.3365291424179
2026-02-16 09:00:00,975.2475666666667,1771232850.8235009,168.1820171037628,163.57827371885142
2026-02-16 09:15:00,975.2413333333333,1771233750.9332595,169.37006727480045,164.73174903851915
2026-02-16 09:30:00,975.2159333333334,1771234651.0168993,169.00821436716078,164.37145544484264
2026-02-16 09:45:00,975.2513555555555,1771235551.03048,169.4360661345496,164.79924374932443
2026-02-16 10:00:00,975.4566925638179,1771236450.5300195,168.21271835803879,163.67657827818186
2026-02-16 10:15:00,975.7151333333334,1771237350.542086,169.36942303306728,164.8872956345957
2026-02-16 10:30:00,975.7500333333332,1771238250.6610327,168.93827251995438,164.47903515915328
2026-02-16 10:45:00,975.741746384872,1771239150.5748982,168.25060502283105,163.8068041605359
2026-02-16 11:00:00,975.7257666666666,1771240050.2957668,168.78151311288482,164.3184384051697
2026-02-16 11:15:00,975.8490444444444,1771240950.3773415,168.43370923603194,164.0202665986414
2026-02-16 11:30:00,975.8773222222222,1771241850.5153918,168.81502736602053,164.40089062896985
2026-02-16 11:45:00,975.9547555555556,1771242750.6577685,168.66529076396807,164.2805089102405
2026-02-16 12:00:00,976.0153163152053,1771243650.2151055,168.70269099201826,164.33684036910083
2026-02-16 12:15:00,975.9579666666666,1771244550.3370667,169.03728164196121,164.6438865390259
2026-02-16 12:30:00,976.0483648498332,1771245450.7801058,168.5755496009122,164.22384362133505
2026-02-16 12:45:00,976.0772777777778,1771246350.9875622,169.2148779931585,164.8562006988498
2026-02-16 13:00:00,976.191288888889,1771247251.0228655,169.2255952109464,164.90423940440112
2026-02-16 13:15:00,976.1520777777778,1771248151.0683646,168.9589361459521,164.6314784899856
2026-02-16 13:30:00,976.1264111111111,1771249050.6130042,168.72902283105023,164.39901445963116
2026-02-16 13:45:00,976.1375333333333,1771249950.1820974,168.57401938426455,164.25164243453426
2026-02-16 14:00:00,976.0923418423973,1771250850.176185,168.89254783599088,164.54713062149227
2026-02-16 14:15:00,976.1618222222222,1771251750.8183084,168.84799771949827,164.52658788109215
2026-02-16 14:30:00,976.2213014460513,1771252650.548488,169.03110616438357,164.72460415923192
2026-02-16 14:45:00,976.1686777777778,1771253550.488602,169.1855473204105,164.8577587766267
2026-02-16 15:00:00,976.2505555555556,1771254450.5719116,169.7821698973774,165.4662134629062
2026-02-16 15:15:00,976.3209333333334,1771255350.5748534,169.1629441277081,164.8859357321472
2026-02-16 15:30:00,976.3048555555556,1771256250.6338806,168.53289395667048,164.2665331827503
2026-02-16 15:45:00,976.4042888888888,1771257150.7131276,168.85361003420755,164.61186298453205
2026-02-16 16:00:00,976.3859444444445,1771258050.7945337,169.3541858608894,165.093806699022
2026-02-16 16:15:00,976.4179888888889,1771258950.909567,169.19847434435576,164.9525836472316
2026-02-16 16:30:00,976.4777888888889,1771259850.9271975,169.3509692132269,165.12099907864695
2026-02-16 16:45:00,976.571,1771260750.6368632,168.92712314709237,164.73844768848295
2026-02-16 17:00:00,976.6222888888889,1771261650.743398,168.91370125427594,164.74225662951977
2026-02-16 17:15:00,976.7420888888888,1771262550.8430362,169.52976738882555,165.3827295256074
2026-02-16 17:30:00,976.7422111111111,1771263450.9324298,168.501992018244,164.3801357821506
2026-02-16 17:45:00,976.8676777777778,1771264350.997881,169.0986944127708,165.00364150182676
2026-02-16 18:00:00,976.9583795782464,1771265250.5254667,169.669677309008,165.59083298859187
2026-02-16 18:15:00,977.0660333333333,1771266150.6048594,168.55148004561002,164.53493888498284
2026-02-16 18:30:00,977.1082313681868,1771267050.3561609,169.9470787671233,165.91128249451336
2026-02-16 18:45:00,977.1648333333334,1771267950.2467542,168.45956328392248,164.47771006222217
2026-02-16 19:00:00,977.2220532741399,1771268850.232949,168.69669248291572,164.72808465806733
2026-02-16 19:15:00,977.3652999999999,1771269750.8450568,168.29501710376283,164.38294662766225
2026-02-16 19:30:00,977.3556333333333,1771270650.928311,169.13141961231472,165.19671286348782
2026-02-16 19:45:00,977.3450945494994,1771271550.7855904,169.00383219178082,165.06861438034667
2026-02-16 20:00:00,977.4134333333334,1771272450.6977682,168.75088027366021,164.84408134157331
2026-02-16 20:15:00,977.4289111111111,1771273350.8310885,169.55937058152793,165.63898143102534
2026-02-16 20:30:00,977.5839555555556,1771274250.9347034,168.79685860889396,164.9452392855674
2026-02-16 20:45:00,977.6631222222221,1771275150.8801982,168.7436567844926,164.91936158951
2026-02-16 21:00:00,977.6498779134295,1771276050.385968,168.42817331812998,164.606667772001
2026-02-16 21:15:00,977.7848444444445,1771276950.4403188,168.76809578107182,164.9834061219085
2026-02-16 21:30:00,977.9099332591769,1771277850.59294,168.11703420752565,164.3880659279762
2026-02-16 21:45:00,977.9802222222222,1771278751.0653462,168.6769030786773,164.9587043891007
2026-02-16 22:00:00,978.1060044395116,1771279650.5254092,168.32000456100343,164.6510882475161
2026-02-16 22:15:00,978.2520444444444,1771280550.5666502,167.68945039908778,164.08219657518683
2026-02-16 22:30:00,978.3854838709677,1771281450.4342928,168.70023744292237,165.11529996248163
2026-02-16 22:45:00,978.4760222222222,1771282350.2868364,168.11198631698974,164.56934634996844
2026-02-16 23:00:00,978.609334073252,1771283250.1932256,167.97931662870158,164.48332172898546
2026-02-16 23:15:00,978.7232777777779,1771284150.7370288,167.40219156214368,163.95556697383324
2026-02-16 23:30:00,978.8110333333333,1771285050.7825036,167.96698061573545,164.53760329365628
2026-02-16 23:45:00,978.9229111111111,1771285950.8546867,168.42171379703535,165.01997220470992
2026-02-17 00:00:00,979.0501001112347,1771286850.929336,167.63175342465752,164.28775313863989
2026-02-17 00:15:00,979.1392555555556,1771287750.651502,168.0495245153934,164.72656024790106
2026-02-17 00:30:00,979.1982222222223,1771288650.7093642,168.3461448118586,165.03677744728
2026-02-17 00:45:00,979.2791222222222,1771289550.7392058,167.0081778791334,163.751605284736
2026-02-17 01:00:00,979.3377666666668,1771290450.708497,168.05885632839224,164.80112425801354
2026-02-17 01:15:00,979.3844555555556,1771291350.817901,167.9054401368301,164.666057390849
2026-02-17 01:30:00,979.4294111111111,1771292250.855635,167.583078677309,164.36469276631104
2026-02-17 01:45:00,979.4748222222223,1771293150.940883,167.74172519954388,164.53523530381474
2026-02-17 02:00:00,979.435615982242,1771294050.438124,167.24728620296466,164.03738474106535
2026-02-17 02:15:00,979.4802333333333,1771294950.5361848,167.90487913340934,164.69705282479768
2026-02-17 02:30:00,979.5813888888889,1771295850.6337028,167.71469555302167,164.5437883752915
2026-02-17 02:45:00,979.7037931034482,1771296750.2767432,166.8834908675799,163.76838588153046
2026-02-17 03:00:00,979.7832333333333,1771297650.4232588,166.8175849486887,163.72972157236245
2026-02-17 03:15:00,979.9200444444446,1771298550.505751,166.97942075256555,163.93341141583005
2026-02-17 03:30:00,980.0490222222222,1771299450.5660706,167.54524971493728,164.53135492890118
2026-02-17 03:45:00,980.151111111111,1771300350.4615571,167.71415507411632,164.73085287291602
2026-02-17 04:00:00,980.1944111111111,1771301250.2816243,167.07842873432156,164.12064707654605
2026-02-17 04:15:00,980.3592555555556,1771302150.2976525,166.96604446978336,164.06433361778872
2026-02-17 04:30:00,980.4104444444445,1771303050.38447,167.68544697833522,164.78810337209282
2026-02-17 04:45:00,980.5467,1771303950.226518,166.9655347776511,164.12535002194352
2026-02-17 05:00:00,980.6985127635959,1771304850.2879677,167.12398633257402,164.3309937307201
2026-02-17 05:15:00,980.8568666666666,1771305750.917359,167.13077080957808,164.38972008888516
2026-02-17 05:30:00,980.9924222222222,1771306651.016165,167.08825655644245,164.39246567953515
2026-02-17 05:45:00,981.1868075639599,1771307550.6734135,166.98622374429223,164.3559634192695
2026-02-17 06:00:00,981.3395888888888,1771308450.7467341,166.9139566704675,164.33504162993262
2026-02-17 06:15:00,981.6635666666667,1771309350.8001645,165.1520558722919,162.70575514528656
2026-02-17 06:30:00,981.989511111111,1771310250.8330877,166.81655302166476,164.45276706908746
2026-02-17 06:45:00,982.3177666666667,1771311150.90984,166.40182668187,164.1516494043217
2026-02-17 07:00:00,982.6570699223086,1771312050.4531953,165.80361573546182,163.6725593831438
2026-02-17 07:15:00,982.7615333333333,1771312950.5430267,165.08593386545041,162.99815293123999
2026-02-17 07:30:00,982.8771857619577,1771313850.222825,166.04132077625573,163.9793822573955
2026-02-17 07:45:00,983.0386333333332,1771314750.2340715,165.66744583808438,163.6629876352322
2026-02-17 08:00:00,983.1425,1771315650.2629893,166.4047411630559,164.42551532433416
2026-02-17 08:15:00,983.2261888888888,1771316550.2794442,165.97446066134552,164.0278049111645
2026-02-17 08:30:00,983.4200555555556,1771317450.3683589,166.45274458380842,164.56427389665507
2026-02-17 08:45:00,983.6169888888888,1771318350.4681923,164.74810604332953,162.94314037336315
2026-02-17 09:00:00,983.6994450610432,1771319250.4455452,166.97375512528473,165.171642037756
2026-02-17 09:15:00,983.7980222222222,1771320151.0613823,166.18344925883696,164.422279146218
2026-02-17 09:30:00,983.875311111111,1771321051.1162667,165.1933352337514,163.46792465450048
2026-02-17 09:45:00,983.9404338153504,1771321951.3253493,166.0520582191781,164.339081471027
2026-02-17 10:00:00,983.9915111111112,1771322850.8892334,165.74368301026226,164.05064510121258
2026-02-17 10:15:00,983.9910555555555,1771323750.9000819,165.67404561003423,163.98156962732313
2026-02-17 10:30:00,984.0557000000001,1771324651.0455964,165.28539794754846,163.6180448997047
2026-02-17 10:45:00,984.0325555555556,1771325551.1400476,165.5540433295325,163.87639443013506
2026-02-17 11:00:00,984.0479222222223,1771326450.719708,166.6873207762557,165.0032587841535
2026-02-17 11:15:00,984.063788888889,1771327350.2500432,166.01053363740024,164.33852423335202
2026-02-17 11:30:00,984.1022777777778,1771328250.5121775,166.60890660592256,164.9435670654086
2026-02-17 11:45:00,984.1957222222222,1771329151.028018,164.83785404789054,163.22071835393297
2026-02-17 12:00:00,984.1954111111112,1771330051.1086376,165.7926431014823,164.16603833690314
2026-02-17 12:15:00,984.2109222222223,1771330951.128001,165.98495096921323,164.36155823859494
2026-02-17 12:30:00,984.1717222222221,1771331850.6924508,165.72527625570777,164.09155795505762
2026-02-17 12:45:00,984.2165666666666,1771332750.2869828,165.9444606613455,164.3233189577716
2026-02-17 13:00:00,984.2722444444445,1771333650.368925,165.97029988597492,164.3672079370139
2026-02-17 13:15:00,984.2829666666667,1771334550.3986394,166.92479703534778,165.31603075813388
2026-02-17 13:30:00,984.3507888888889,1771335450.3348005,165.96712086659065,164.38988141909212
2026-02-17 13:45:00,984.3661777777778,1771336350.2985287,166.3260353477765,164.75045559428577
2026-02-17 14:00:00,984.3983000000001,1771337250.200061,165.79812656784492,164.23809865570848
2026-02-17 14:15:00,984.4595777777778,1771338150.2157755,165.61713112884834,164.07891378945587
2026-02-17 14:30:00,984.4785555555555,1771339050.2497776,166.187,164.6497390912207
2026-02-17 14:45:00,984.4013555555555,1771339950.3138237,166.85494526795895,165.28598361408896
2026-02-17 15:00:00,984.28,1771340850.3789053,166.3998985176739,164.79521325185416
2026-02-17 15:15:00,984.2335222222223,1771341750.4411137,165.50249144811858,163.89122506171134
2026-02-17 15:30:00,984.2584777777778,1771342650.4845243,165.81492246294187,164.20881001215596
2026-02-17 15:45:00,984.2638888888889,1771343550.3950942,165.5043055872292,163.90297561086265
2026-02-17 16:00:00,984.2988777777778,1771344450.4694388,166.42209464082097,164.82341820788938
2026-02-17 16:15:00,984.2702222222222,1771345350.5715985,166.24838540478905,164.64194156669961
2026-02-17 16:30:00,984.2039111111111,1771346250.6548412,166.12414253135688,164.49708182621313
2026-02-17 16:45:00,984.1601222222223,1771347150.5078723,166.85349144811858,165.2048184158798
2026-02-17 17:00:00,984.1479111111112,1771348050.4234788,166.22897035347776,164.582448672314
2026-02-17 17:15:00,984.1234777777777,1771348950.3574674,166.4163603192702,164.7599310483915
2026-02-17 17:30:00,984.0745888888888,1771349850.400113,167.19710034207523,165.51671530863564
2026-02-17 17:45:00,984.0337222222223,1771350750.5167391,166.49411516533638,164.8073245582103
2026-02-17 18:00:00,984.0036888888889,1771351650.5855622,167.070921322691,165.3683535341203
2026-02-17 18:15:00,983.9177666666667,1771352550.713397,166.6910558722919,164.96400859007687
2026-02-17 18:30:00,983.8645444444445,1771353450.7962625,166.26797035347778,164.52779256038377
2026-02-17 18:45:00,983.8283777777777,1771354350.802788,166.18798631698974,164.43675095659788
2026-02-17 19:00:00,983.7906888888888,1771355250.84799,166.07644697833524,164.31400089243607
2026-02-17 19:15:00,983.7267999999999,1771356150.7910235,166.27227251995438,164.486729191317
2026-02-17 19:30:00,983.7168444444444,1771357050.7948315,166.29791790193843,164.5088235898908
2026-02-17 19:45:00,983.7078333333334,1771357950.8578491,166.21271721778788,164.42157625722473
2026-02-17 20:00:00,983.6261444444445,1771358850.8748565,166.13012884834663,164.3130305854479
2026-02-17 20:15:00,983.5473222222223,1771359750.9770908,166.03938768529076,164.19739508362912
2026-02-17 20:30:00,983.5248888888888,1771360651.0681865,166.14680273660207,164.29624691333692
2026-02-17 20:45:00,983.6107555555556,1771361551.0878122,167.22063511972635,165.38651880855915
2026-02-17 21:00:00,983.6640555555555,1771362450.6315668,166.4456815068493,164.63761450837097
2026-02-17 21:15:00,983.5897333333332,1771363350.2644377,166.82043215507412,164.9837685699578
2026-02-17 21:30:00,983.5627000000001,1771364250.352699,166.22290193842645,164.38392912441574
2026-02-17 21:45:00,983.6428333333334,1771365150.3033988,166.40159635119727,164.5870222881926
2026-02-17 22:00:00,983.5851054384018,1771366050.0969605,166.65840091116172,164.82199569669413
2026-02-17 22:15:00,983.6164222222221,1771366950.659994,167.0892189281642,165.25841693963622
2026-02-17 22:30:00,983.5434444444445,1771367850.6795263,165.87074686431015,164.0293529711006
2026-02-17 22:45:00,983.5146941045606,1771368750.4733787,166.8193881278539,164.95797754065234
2026-02-17 23:00:00,983.4250222222222,1771369650.4444873,166.50283010262257,164.61542634769083
2026-02-17 23:15:00,983.3903555555556,1771370550.5641546,165.86582896237172,163.97427669834434
2026-02-17 23:30:00,983.3359777777778,1771371450.3523042,166.6656738882554,164.74708196944607
2026-02-17 23:45:00,983.2321888888889,1771372350.348922,166.36863968072976,164.41933376440372
2026-02-18 00:00:00,983.2064150943396,1771373250.1975067,165.72015717539864,163.7700072238436
2026-02-18 00:15:00,983.2277888888889,1771374150.7701144,165.4989942987457,163.55843851154293
2026-02-18 00:30:00,983.269232480534,1771375050.7322261,166.07402283105023,164.1403291217858
2026-02-18 00:45:00,983.3272111111111,1771375950.511711,166.31643443557584,164.3989803412723
2026-02-18 01:00:00,983.3616315205327,1771376850.454471,165.97021640091117,164.06804802752993
2026-02-18 01:15:00,983.3270555555556,1771377750.9809859,166.0085245153934,164.0945692479522
2026-02-18 01:30:00,983.3419333333333,1771378651.0328052,166.8498164196123,164.93106922253216
2026-02-18 01:45:00,983.2928253615128,1771379551.1605082,166.01761187214615,164.09231762592447
2026-02-18 02:00:00,983.1801886792454,1771380450.2326224,166.0256362599772,164.06328570388095
2026-02-18 02:15:00,983.2563,1771381350.3451023,166.4838574686431,164.54113591794973
2026-02-18 02:30:00,983.2525555555555,1771382250.3697278,165.4247251995439,163.49313841302208
2026-02-18 02:45:00,983.266084538376,1771383150.5041597,165.93604446978335,164.0029247738693
2026-02-18 03:00:00,983.2870555555555,1771384051.0595195,166.60054846066137,164.66659374140266
2026-02-18 03:15:00,983.3425444444445,1771384950.6211576,166.46362442922376,164.5495194965233
2026-02-18 03:30:00,983.4080666666667,1771385850.1628318,165.76565336374003,163.88104844142595
2026-02-18 03:45:00,983.4475777777777,1771386750.6475244,166.47167312072892,164.59204731047296
2026-02-18 04:00:00,983.4739444444444,1771387651.127041,165.84197263397948,163.97810363379423
2026-02-18 04:15:00,983.5298444444445,1771388551.124294,165.75749486887116,163.91289973738677
2026-02-18 04:30:00,983.4979222222223,1771389450.7232242,166.6152089041096,164.75055015109362
2026-02-18 04:45:00,983.5540666666666,1771390350.2723792,165.90151197263395,164.06326194015236
2026-02-18 05:00:00,983.5540066592674,1771391250.3292708,165.34344305239182,163.51135700589936
2026-02-18 05:15:00,983.5696885428254,1771392150.464746,165.79346575342467,163.96153560654304
2026-02-18 05:30:00,983.6801777777778,1771393050.5899444,165.44128278221208,163.6494030703385
2026-02-18 05:45:00,983.7081333333334,1771393950.5933046,165.86464538198402,164.07735375842594
2026-02-18 06:00:00,983.8395449500554,1771394850.537896,165.742930523918,164.00004781049745
2026-02-18 06:15:00,983.8630888888889,1771395751.0953324,164.7851915621437,163.06005799876905
2026-02-18 06:30:00,983.9127888888889,1771396651.1445527,166.4241676168757,164.69824583113814
2026-02-18 06:45:00,984.0685317018911,1771397551.2146666,165.55309246575342,163.8872448407573
2026-02-18 07:00:00,984.2085000000001,1771398450.8652506,165.52717331813,163.90746377564267
2026-02-18 07:15:00,984.2860555555555,1771399350.8599975,165.6969874572406,164.10106818160412
2026-02-18 07:30:00,984.409,1771400250.9201672,165.37891220068417,163.8263346068733
2026-02-18 07:45:00,984.5113444444444,1771401150.9656448,164.6713181299886,163.15877680187316
2026-02-18 08:00:00,984.5436736958935,1771402050.4452243,165.89424287343215,164.38109701163796
2026-02-18 08:15:00,984.5338,1771402950.4826388,165.8185473204105,164.3028473041886
2026-02-18 08:30:00,984.6177666666667,1771403850.5817573,165.50446636259974,164.01917924560283
2026-02-18 08:45:00,984.617552836485,1771404750.5784988,165.23122602739727,163.74832102309392
2026-02-18 09:00:00,984.6683573806881,1771405650.7710164,164.70778246013666,163.2461616694939
2026-02-18 09:15:00,984.792011111111,1771406550.5200074,165.60996807297607,164.18093941661007
2026-02-18 09:30:00,984.9251666666667,1771407450.6076813,165.11206157354616,163.73092685249932
2026-02-18 09:45:00,985.0340823136819,1771408350.8085816,165.52924429223742,164.180379637287
2026-02-18 10:00:00,985.1075915649278,1771409250.2978523,164.8134453302961,163.4944485198597
2026-02-18 10:15:00,985.2060956618465,1771410150.6561096,165.53728424657533,164.24484896999456
2026-02-18 10:30:00,985.2596222222222,1771411050.4760163,164.67471151653365,163.40650303159373
2026-02-18 10:45:00,985.3091555555557,1771411950.5172215,165.4488859749145,164.19098039176126
2026-02-18 11:00:00,985.336614872364,1771412850.4411168,164.8601230068337,163.615679083154
2026-02-18 11:15:00,985.3555666666667,1771413750.9055903,165.30809578107184,164.06648893312908
2026-02-18 11:30:00,985.3885650723026,1771414650.8558838,165.0504098173516,163.82154975712433
2026-02-18 11:45:00,985.4787444444445,1771415550.662485,165.85967502850627,164.6544838938457
2026-02-18 12:00:00,985.5192999999999,1771416450.6816053,165.36264310148232,164.174379391121
2026-02-18 12:15:00,985.5705444444444,1771417350.7101564,164.9474834663626,163.77898767852497
2026-02-18 12:30:00,985.5959222222223,1771418250.794682,165.89386316989737,164.72702378283375
2026-02-18 12:45:00,985.6485666666667,1771419150.599058,165.5850273660205,164.43767277037134
2026-02-18 13:00:00,985.7383444444444,1771420050.6166542,165.56554846066135,164.44785371119863
2026-02-18 13:15:00,985.8416888888889,1771420950.6613665,165.43615279361458,164.35329805458326
2026-02-18 13:30:00,985.8352,1771421850.6956882,164.63401596351198,163.55428898926675
2026-02-18 13:45:00,985.8658888888889,1771422750.7691257,165.08869099201826,164.01604873290216
2026-02-18 14:00:00,985.8749278579357,1771423650.3117979,165.49272633979476,164.4204312691619
2026-02-18 14:15:00,985.8567666666667,1771424550.3303113,165.2909954389966,164.21404271178642
2026-02-18 14:30:00,985.8424333333334,1771425450.3628647,165.38136259977193,164.29911111037657
2026-02-18 14:45:00,985.8999888765295,1771426350.8116477,165.77813112884834,164.7122423100803
2026-02-18 15:00:00,985.9673222222223,1771427251.0633109,166.3766134549601,165.32913945705758
2026-02-18 15:15:00,985.9602,1771428151.1118915,164.82181870011402,163.78180038273024
2026-02-18 15:30:00,986.0144666666667,1771429051.1402516,164.78272633979475,163.76072722658074
2026-02-18 15:45:00,986.0036777777777,1771429950.65807,165.72226826484018,164.6908883159748
2026-02-18 16:00:00,986.0723862375139,1771430850.1148448,165.7981264236902,164.7889175977827
2026-02-18 16:15:00,986.1331,1771431750.6614287,165.1015598631699,164.11651807228392
2026-02-18 16:30:00,986.2492992213571,1771432650.5069697,165.1430890410959,164.1959539258959
2026-02-18 16:45:00,986.3987666666667,1771433550.3917212,166.35882098061572,165.45416598304314
2026-02-18 17:00:00,986.4796226415095,1771434450.9558158,165.76081776765375,164.88607658929055
2026-02-18 17:15:00,986.580611111111,1771435350.5397532,164.89515393386543,164.0581135845232
2026-02-18 17:30:00,986.6629922135706,1771436250.6285565,165.03822260273972,164.22751226663843
2026-02-18 17:45:00,986.8406222222221,1771437150.2300024,164.40364310148232,163.654179444112
2026-02-18 18:00:00,986.9274583795783,1771438050.1967955,166.59753075170843,165.866869843736
2026-02-18 18:15:00,987.0066666666667,1771438950.8663266,164.88554047890537,164.1883960948624
2026-02-18 18:30:00,987.0689111111111,1771439850.9296792,165.06431470923604,164.38687752472
2026-02-18 18:45:00,987.1598444444445,1771440750.957241,165.6230022805017,164.9732726084489
2026-02-18 19:00:00,987.2679310344828,1771441651.0888793,165.21954794520548,164.6069807703564
2026-02-18 19:15:00,987.2515333333333,1771442550.7281733,165.63084036488027,165.01133658239397
2026-02-18 19:30:00,987.3149222222222,1771443450.7871175,164.91168187001142,164.3156981918854
2026-02-18 19:45:00,987.3799,1771444350.8044984,164.9076921322691,164.33307748165774
2026-02-18 20:00:00,987.4045222222223,1771445250.824966,165.60400684150514,165.03509276983402
2026-02-18 20:15:00,987.4915888888889,1771446150.8009095,165.66798289623716,165.12760075813114
2026-02-18 20:30:00,987.5318777777778,1771447050.8532383,165.40920752565563,164.8829548377464
2026-02-18 20:45:00,987.6187,1771447950.8553677,164.65212542759406,164.15678385027405
2026-02-18 21:00:00,987.741211111111,1771448850.9082108,165.55418129988595,165.0965733398737
2026-02-18 21:15:00,987.9394555555556,1771449750.9308589,164.49485290763968,164.1052260364645
2026-02-18 21:30:00,988.0616555555556,1771450650.9752517,165.06932155074117,164.71858628135774
2026-02-18 21:45:00,988.0863666666668,1771451551.0130138,164.5605142531357,164.21897595126035
2026-02-18 22:00:00,988.1338512763597,1771452450.3886151,164.7864275940707,164.4600383185661
2026-02-18 22:15:00,988.258,1771453350.4449985,165.2530205245154,164.9666627939067
2026-02-18 22:30:00,988.3384111111111,1771454250.5495245,164.33613454960093,164.07775086628334
2026-02-18 22:45:00,988.4489888888888,1771455150.555013,164.28389053591792,164.0618681770035
2026-02-18 23:00:00,988.4888320355951,1771456050.9872854,165.33079452054795,165.12051463508155
2026-02-18 23:15:00,988.5324111111112,1771456950.5336847,163.56176624857468,163.36797457370417
2026-02-18 23:30:00,988.6026333333334,1771457850.3821511,164.8654503990878,164.69324271658613
2026-02-18 23:45:00,988.6266444444444,1771458750.4111366,164.92060661345496,164.7562530898003
2026-02-19 00:00:00,988.6992999999999,1771459650.4644222,164.77379475484605,164.63350887827522
2026-02-19 00:15:00,988.7008111111111,1771460550.5691946,164.30342759407068,164.16403832032682
2026-02-19 00:30:00,988.7750777777778,1771461450.5770206,164.40606955530217,164.29099408048393
2026-02-19 00:45:00,988.8167111111111,1771462350.6117918,164.32343671607754,164.22209273680423
2026-02-19 01:00:00,988.8739888888889,1771463250.7220566,164.73163169897379,164.6488963371469
2026-02-19 01:15:00,988.9279444444444,1771464150.7533464,164.93781984036488,164.87277156597133
2026-02-19 01:30:00,989.0051,1771465050.8017228,164.03094070695553,163.99155385459974
2026-02-19 01:45:00,989.008911111111,1771465950.931156,163.6105872291904,163.57254809301216
2026-02-19 02:00:00,989.0530632630412,1771466850.4195569,163.49984036488027,163.4762619972945
2026-02-19 02:15:00,989.1374333333333,1771467750.4792452,165.05478221208665,165.05882930612282
2026-02-19 02:30:00,989.1507119021134,1771468650.339905,164.6813801369863,164.68979170669218
2026-02-19 02:45:00,989.0944555555557,1771469550.2785385,164.64549486887114,164.63537999354236
2026-02-19 03:00:00,988.96,1771470450.421599,164.49468757126567,164.440356175646
2026-02-19 03:15:00,988.9688444444444,1771471350.4775054,163.97700456100344,163.92574379092866
2026-02-19 03:30:00,989.1130222222222,1771472250.5568244,163.69914937286205,163.69517107007073
2026-02-19 03:45:00,989.1714999999999,1771473150.6235662,163.99695781071836,164.0121532812499
2026-02-19 04:00:00,989.2478357380688,1771474050.1087825,163.57133751425312,163.611470446101
2026-02-19 04:15:00,989.2618222222222,1771474950.652885,164.12896013667427,164.17382224852844
2026-02-19 04:30:00,989.2932591768632,1771475850.6981618,163.7796312785388,163.8346985109028
2026-02-19 04:45:00,989.4295111111111,1771476750.831402,164.4297913340935,164.5299060958015
2026-02-19 05:00:00,989.4333666666666,1771477650.9064174,164.0759190421893,164.17708432798787
2026-02-19 05:15:00,989.4969333333333,1771478550.9290667,163.08822576966935,163.2095301201123
2026-02-19 05:30:00,989.620911111111,1771479450.8488436,164.29882554161915,164.46180449398705
2026-02-19 05:45:00,989.6616777777778,1771480350.7871985,163.7468312428734,163.92262724868692
2026-02-19 06:00:00,989.7793444444444,1771481250.8295832,164.28685290763968,164.5019369064681
2026-02-19 06:15:00,989.7987333333334,1771482150.9657607,165.86763169897378,166.09122577380623
2026-02-19 06:30:00,989.8084333333334,1771483051.1163192,163.46129418472063,163.684819905898
2026-02-19 06:45:00,989.9172888888888,1771483950.665204,163.58996004566208,163.8493296482417
2026-02-19 07:00:00,989.9387014428413,1771484850.1938508,163.43052050113894,163.6966474910276
2026-02-19 07:15:00,989.9127888888889,1771485750.7567077,164.80055188141392,165.06035531060087
2026-02-19 07:30:00,989.9478666666666,1771486650.8217785,164.47799885974914,164.74885143495908
2026-02-19 07:45:00,989.9451501668522,1771487550.4582307,163.99932305936073,164.2684949066675
2026-02-19 08:00:00,989.952230854606,1771488450.4535143,165.1414749430524,165.41486388797873
2026-02-19 08:15:00,990.0243666666667,1771489351.0720851,164.1828118586089,164.47834159866733
2026-02-19 08:30:00,990.1135150166853,1771490251.0358841,163.90155251141553,164.22585430117775
2026-02-19 08:45:00,990.1636888888888,1771491150.8648186,163.86567046750284,164.206378172643
2026-02-19 09:00:00,990.135948945616,1771492050.3764417,164.34265336374003,164.67521639072407
2026-02-19 09:15:00,990.0933222222222,1771492950.3819864,163.7699236031927,164.08733804943847
2026-02-19 09:30:00,990.1055222222222,1771493850.5092664,164.37675712656784,164.69936633668328
2026-02-19 09:45:00,990.1985205784205,1771494750.6380463,164.85545547945205,165.20972980189657
2026-02-19 10:00:00,990.318923418424,1771495650.1742983,164.48459908883828,164.87777516575076
2026-02-19 10:15:00,990.3599888888889,1771496550.7789528,164.08787685290764,164.49361408458432
2026-02-19 10:30:00,990.4822691879867,1771497450.357703,163.82663470319636,164.27189548685084
2026-02-19 10:45:00,990.5542666666666,1771498350.5283773,163.82652451539337,164.2954410113796
2026-02-19 11:00:00,990.5687236403995,1771499250.5725152,164.63286788154898,165.10886623371988
2026-02-19 11:15:00,990.6284111111111,1771500151.143507,164.54668529076397,165.04213518495948
2026-02-19 11:30:00,990.6619911012235,1771501050.9914358,162.97780251141552,163.47950741304214
2026-02-19 11:45:00,990.6719555555557,1771501950.8513124,164.06546066134553,164.57379351342684
2026-02-19 12:00:00,990.7650444444445,1771502850.9663067,164.08513568985177,164.62417601245383
2026-02-19 12:15:00,990.7610888888889,1771503751.0454206,164.06440592930446,164.6020759615711
2026-02-19 12:30:00,990.6367666666666,1771504651.0682707,164.09860433295324,164.59545560582646
2026-02-19 12:45:00,990.6593777777779,1771505551.1124332,163.72215735461802,164.22529530107536
2026-02-19 13:00:00,990.6562555555555,1771506450.6745627,163.88651484018266,164.38913135502364
2026-02-19 13:15:00,990.5947333333332,1771507350.244328,163.67751539338656,164.15929080532985
2026-02-19 13:30:00,990.6658046614872,1771508250.260624,164.49472063854049,165.0023536534438
2026-02-19 13:45:00,990.7362333333334,1771509150.289511,163.88096807297606,164.40986374460385
2026-02-19 14:00:00,990.7009899888766,1771510050.3760731,163.8010456100342,164.31810069956464
2026-02-19 14:15:00,990.7341666666667,1771510950.3926976,163.76897149372863,164.2968266220499
2026-02-19 14:30:00,990.7636111111111,1771511850.4469018,164.08264424173316,164.6212044648187
2026-02-19 14:45:00,990.7335555555555,1771512750.5136502,163.84044697833522,164.36833158949696
2026-02-19 15:00:00,990.6607325194229,1771513650.5204387,163.66014350797266,164.16353567615005
2026-02-19 15:15:00,990.6673222222223,1771514551.1016817,163.76133409350058,164.26720243739663
2026-02-19 15:30:00,990.6484444444445,1771515451.1673276,163.88174800456102,164.38178187141378
2026-02-19 15:45:00,990.7012444444445,1771516350.6895013,163.47117351598172,163.98727078475932
2026-02-19 16:00:00,990.6703559510566,1771517250.7433627,163.94424287343216,164.45167403379645
2026-02-19 16:15:00,990.6901555555555,1771518150.9432542,164.4626875712657,164.97825627210844
2026-02-19 16:30:00,990.6904666666666,1771519051.037631,163.56607183580388,164.0789318588254
2026-02-19 16:45:00,990.7226333333333,1771519951.081711,163.9512314709236,164.47588009995812
2026-02-19 17:00:00,990.6905222222222,1771520851.0748596,164.3320638540479,164.84734395487922
2026-02-19 17:15:00,990.6919333333333,1771521751.1430655,163.3622086659065,163.87491017672926
2026-02-19 17:30:00,990.7041666666668,1771522650.6758664,164.02056392694064,164.53935732266356
2026-02-19 17:45:00,990.6826555555556,1771523550.237346,164.4893717217788,165.00254901709425
2026-02-19 18:00:00,990.6849722530521,1771524450.496257,162.94798862343572,163.45711443995808
2026-02-19 18:15:00,990.7130666666667,1771525350.6607852,164.3153778538813,164.83803783045806
2026-02-19 18:30:00,990.6819021134594,1771526249.9507556,164.24890410958906,164.7610829130872
2026-02-19 18:45:00,990.6201555555556,1771527150.2458358,164.11208095781075,164.6035044496343
2026-02-19 19:00:00,990.6090444444444,1771528050.306705,163.90272976054732,164.38987321425492
2026-02-19 19:15:00,990.6426555555555,1771528950.392723,164.15276282782213,164.65171729956424
2026-02-19 19:30:00,990.7796333333333,1771529850.4687412,163.6545290763968,164.19694563417548
2026-02-19 19:45:00,990.7994333333332,1771530750.4388397,163.82463283922465,164.37412227526224
2026-02-19 20:00:00,990.8222666666667,1771531650.364243,163.7549418472064,164.3117009268075
2026-02-19 20:15:00,990.7840621531631,1771532550.4060805,163.4513717217788,163.99456753318995
2026-02-19 20:30:00,990.8512458286986,1771533450.459781,163.3885724059293,163.953588046527
2026-02-19 20:45:00,990.9259222222223,1771534350.4877036,162.88828050171037,163.47597984794663
2026-02-19 21:00:00,990.9533407325195,1771535250.5071976,163.76977220956718,164.36966526497596
2026-02-19 21:15:00,990.9802555555555,1771536150.6366181,162.99971461187215,163.60559351987092
2026-02-19 21:30:00,990.9606,1771537050.185238,163.40914595210947,164.01009919296624
2026-02-19 21:45:00,990.9181868743049,1771537950.528035,162.8539486887115,163.43899563154935
2026-02-19 22:00:00,990.8793118756937,1771538850.2856734,164.2093717217788,164.78647532694131
2026-02-19 22:15:00,990.7962333333334,1771539750.361282,163.80544697833525,164.35382019464856
2026-02-19 22:30:00,990.8549555555555,1771540650.4259343,164.35407753705817,164.92365563940314
2026-02-19 22:45:00,990.9296555555555,1771541550.4622707,163.4441117445838,164.03504131499017
2026-02-19 23:00:00,991.0864404894327,1771542450.391591,163.75188698630137,164.39547069784004
2026-02-19 23:15:00,991.1367555555556,1771543350.260636,163.32297263397948,163.98137124732617
2026-02-19 23:30:00,990.9991,1771544250.4090464,163.00334435575826,163.61540312226114
2026-02-19 23:45:00,990.9091222222222,1771545150.5768192,162.15332725199542,162.7329069764548
2026-02-20 00:00:00,990.9079134295228,1771546050.4250736,163.90095330296128,164.48638185390698
2026-02-20 00:15:00,990.8016222222222,1771546950.999899,162.83364994298745,163.38053073371702
2026-02-20 00:30:00,990.8506,1771547850.6274712,163.48798515981736,164.05313268006478
2026-02-20 00:45:00,990.8759844271412,1771548750.415655,162.99127936145953,163.56301355827273
2026-02-20 01:00:00,990.7153111111111,1771549650.8218431,164.76308095781073,165.2879069611241
2026-02-20 01:15:00,990.8036888888888,1771550550.8945515,163.6208962371722,164.17109958628603
2026-02-20 01:30:00,990.8019222222222,1771551451.0642545,163.4765222348917,164.0256605432833
2026-02-20 01:45:00,990.7248444444444,1771552351.078756,163.73246750285065,164.25714246091104
2026-02-20 02:00:00,990.7495333333334,1771553250.6136823,163.86465410958905,164.397870056085
2026-02-20 02:15:00,990.692311111111,1771554150.210331,163.06200456100342,163.5738874901676
2026-02-20 02:30:00,990.7016222222222,1771555050.6511402,163.42112642369023,163.9371895516573
2026-02-20 02:45:00,990.8021000000001,1771555951.066797,162.88566248574685,163.432874130988
2026-02-20 03:00:00,990.8056,1771556850.6141806,163.72353196347032,164.27470833607205
2026-02-20 03:15:00,990.677811111111,1771557750.19548,162.95790649942987,163.46472209912056
2026-02-20 03:30:00,990.6184333333334,1771558650.3390033,162.90240478905358,163.38964319277434
2026-02-20 03:45:00,990.5882888888889,1771559550.472083,163.02225769669326,163.49999704818018
2026-02-20 04:00:00,990.5711431742509,1771560450.5070322,163.44122323462415,163.9145694101279
2026-02-20 04:15:00,990.6275444444445,1771561351.0441992,163.31763169897377,163.80909697809898
2026-02-20 04:30:00,990.6629477196885,1771562250.622095,162.8698607305936,163.37154591636917
2026-02-20 04:45:00,990.6193222222223,1771563150.7330244,163.75631470923602,164.2463991367716
2026-02-20 05:00:00,990.5006992230853,1771564050.1789382,163.34432269099202,163.7943099679999
2026-02-20 05:15:00,990.5166444444444,1771564950.2043905,163.8789064994299,164.33560712035379
2026-02-20 05:30:00,990.4333444444444,1771565850.312512,163.78815621436715,164.21724305900847
2026-02-20 05:45:00,990.1604783092324,1771566750.5083284,164.1491527936146,164.4893936961054
2026-02-20 06:00:00,990.1612444444445,1771567651.0243835,162.96377537058152,163.30180949897255
2026-02-20 06:15:00,990.0478444444445,1771568551.0888627,164.29041049030786,164.5938623231472
2026-02-20 06:30:00,990.0869111111111,1771569451.087396,164.46959977194985,164.78625737210623
2026-02-20 06:45:00,990.2776111111111,1771570350.625067,164.55130707762558,164.93101468558552
2026-02-20 07:00:00,990.1793666666666,1771571250.145699,163.6480250855188,163.9934222890148
2026-02-20 07:15:00,989.9005666666667,1771572150.15207,164.12221436716078,164.37693026450845
2026-02-20 07:30:00,989.7064999999999,1771573050.2513433,164.37797605473202,164.5692017010536
2026-02-20 07:45:00,989.6925,1771573950.3186104,163.74705017103764,163.9329516561507
2026-02-20 08:00:00,989.6012111111111,1771574850.3987563,164.59144583808438,164.74822385212607
2026-02-20 08:15:00,989.7508,1771575750.499323,164.1937947548461,164.39937127679286
2026-02-20 08:30:00,989.6730555555556,1771576650.5488973,164.00274914481184,164.18255592279837
2026-02-20 08:45:00,989.4913111111111,1771577550.6593862,163.82833751425312,163.94834883829768
2026-02-20 09:00:00,989.3372444444445,1771578450.747042,163.96110262257696,164.03066010088472
2026-02-20 09:15:00,989.2284,1771579350.7340376,163.9989692132269,164.03283074415936
2026-02-20 09:30:00,989.0496333333333,1771580250.854072,164.05692018244014,164.03213623693068
2026-02-20 09:45:00,988.8792,1771581150.9595106,164.5330809578107,164.4521592647847
2026-02-20 10:00:00,988.7771333333334,1771582051.007233,166.28335233751426,166.16764599718508
2026-02-20 10:15:00,988.6788666666667,1771582951.0352325,164.55251311288484,164.40569678200725
2026-02-20 10:30:00,988.5389555555556,1771583850.975499,163.87512770809576,163.68310717147222
2026-02-20 10:45:00,988.345188888889,1771584750.7828338,165.17226339794757,164.91480057611403
2026-02-20 11:00:00,988.3194894561598,1771585650.1884646,163.54866590649942,163.28534097576056
2026-02-20 11:15:00,988.3130777777778,1771586550.3353198,164.5131402508552,164.2461562475779
2026-02-20 11:30:00,988.1076555555555,1771587450.4145415,165.25726681870012,164.92130426986145
2026-02-20 11:45:00,987.877786429366,1771588350.774176,164.9990615735462,164.58793917963763
2026-02-20 12:00:00,987.855294117647,1771589250.526282,165.40733979475485,164.9877780282696
2026-02-20 12:15:00,987.6737888888889,1771590150.6164644,164.43956214367162,163.96292411994534
2026-02-20 12:30:00,987.6557333333334,1771591050.8002825,164.82218244013683,164.33850081530903
2026-02-20 12:45:00,987.4441490545049,1771591950.8717732,164.33834817351598,163.78676231760673
2026-02-20 13:00:00,987.2212652608213,1771592850.3750224,165.2839339407745,164.6557597547325
2026-02-20 13:15:00,987.0834111111111,1771593751.0194924,165.351566704675,164.67772619974764
2026-02-20 13:30:00,986.9735888888889,1771594651.1110644,163.9237331812999,163.21985710953368
2026-02-20 13:45:00,986.8022691879867,1771595550.7426052,164.51233675799088,163.74981651459711
2026-02-20 14:00:00,986.6975333333332,1771596450.746541,163.4389007981756,162.64728239389345
2026-02-20 14:15:00,986.5731,1771597350.8353755,164.35448802736602,163.51773578667036
2026-02-20 14:30:00,986.4472222222222,1771598250.8924425,166.70268187001142,165.812225234124
2026-02-20 14:45:00,986.3898222222223,1771599151.0548697,165.57349144811857,164.6701612598155
2026-02-20 15:00:00,986.2474583795783,1771600050.462053,164.70234549600912,163.75713524739677
2026-02-20 15:15:00,985.9616111111111,1771600950.5159976,164.7174275940707,163.678529916438
2026-02-20 15:30:00,985.5893555555555,1771601850.5646527,165.13978677309007,163.97609772865738
2026-02-20 15:45:00,985.4692666666666,1771602750.6997266,165.56906499429874,164.362869909011
2026-02-20 16:00:00,985.1960177975528,1771603650.7361038,166.14264726027398,164.84216305386718
2026-02-20 16:15:00,984.9440555555556,1771604550.4079754,165.5803283922463,164.20147974758927
2026-02-20 16:30:00,984.6595333333333,1771605450.4917014,165.83403648802738,164.35952063429235
2026-02-20 16:45:00,984.3371777777778,1771606350.5357194,165.99701254275942,164.41501322200796
2026-02-20 17:00:00,984.0376581576027,1771607250.4990249,165.2627277904328,163.58970040713237
2026-02-20 17:15:00,983.9266777777779,1771608150.6244214,165.34008561643836,163.629951646382
2026-02-20 17:30:00,983.7340888888889,1771609050.157789,165.44372748004562,163.66946754422312
2026-02-20 17:45:00,983.4975417130145,1771609950.6574821,166.12643101482325,164.2671173641541
2026-02-20 18:00:00,983.4152888888889,1771610850.8957443,167.53372405929304,165.63141021544268
2026-02-20 18:15:00,983.3352222222222,1771611750.957559,165.430488027366,163.52586799297734
2026-02-20 18:30:00,983.1371777777779,1771612651.060419,165.7485553021665,163.77539086169102
2026-02-20 18:45:00,982.9164444444446,1771613550.6749082,166.41429680365297,164.36063124152327
2026-02-20 19:00:00,982.6713096559378,1771614450.2223232,166.58983485193622,164.4533567856935
2026-02-20 19:15:00,982.3415222222222,1771615350.6959014,165.6941037628278,163.46126274665644
2026-02-20 19:30:00,981.9244111111111,1771616250.719325,166.66793386545038,164.28486256056752
2026-02-20 19:45:00,981.5464888888888,1771617150.7981017,166.33081299885973,163.8286861439211
2026-02-20 20:00:00,981.4227555555555,1771618050.827282,168.6318825541619,166.05404261248805
2026-02-20 20:15:00,981.2103999999999,1771618950.9281945,167.6091938426454,164.97690512110287
2026-02-20 20:30:00,980.7409666666666,1771619851.0258958,166.75745039908782,163.98450635561767
2026-02-20 20:45:00,980.6852169076752,1771620751.0596564,167.45297374429222,164.65010468589725
2026-02-20 21:00:00,980.3278333333334,1771621650.6446376,166.88872177879136,163.97804928830737
2026-02-20 21:15:00,979.9655888888889,1771622550.7591546,167.18468529076398,164.14988310378004
2026-02-20 21:30:00,979.8938444444444,1771623450.8831074,166.93653591790195,163.88272119922036
2026-02-20 21:45:00,979.5895777777778,1771624350.9794436,166.87038084378563,163.71811806585362
2026-02-20 22:00:00,979.4784333333333,1771625251.0798655,167.1436841505131,163.94981026795807
2026-02-20 22:15:00,979.1818333333333,1771626150.6593478,167.56467465753425,164.26528518149408
2026-02-20 22:30:00,978.7999222222222,1771627050.221399,167.61650855188142,164.19063808710877
2026-02-20 22:45:00,978.4281,1771627950.7021365,168.17218564920273,164.6124991462642
2026-02-20 23:00:00,978.0576359600444,1771628850.603205,167.87062713797036,164.19562147138694
2026-02-20 23:15:00,977.6756333333334,1771629750.7770405,168.1578551881414,164.35094858955713
2026-02-20 23:30:00,977.3257777777778,1771630650.782804,167.57419270239453,163.66594062100785
2026-02-20 23:45:00,976.8716333333333,1771631550.7954953,167.77544241733182,163.71372977274845
2026-02-21 00:00:00,976.353448275862,1771632450.9806273,168.8235091324201,164.56578414167745
2026-02-21 00:15:00,975.9605666666668,1771633350.505748,168.17541049030785,163.80526779601212
2026-02-21 00:30:00,975.7300222222221,1771634250.4612486,168.9802850627138,164.51335443129062
2026-02-21 00:45:00,975.4131222222221,1771635150.4086692,168.1875245153934,163.63780369873845
2026-02-21 01:00:00,975.2397555555556,1771636050.4923816,169.94044241733184,165.28598248729028
2026-02-21 01:15:00,975.3294999999999,1771636950.6046255,169.57489167616876,164.96004957078372
2026-02-21 01:30:00,975.3242555555556,1771637850.492204,168.87282782212085,164.2753687356916
2026-02-21 01:45:00,975.1500888888888,1771638750.5238616,168.96710832383124,164.30983794554353
2026-02-21 02:00:00,974.8796444444445,1771639650.562848,168.5008118586089,163.7677899542234
2026-02-21 02:15:00,974.8472,1771640550.6975617,169.4972417331813,164.72554189048688
2026-02-21 02:30:00,974.5652555555555,1771641450.7562242,168.9070638540479,164.05944136193932
2026-02-21 02:45:00,974.3599222222223,1771642350.8306592,169.18591448118585,164.2628178759891
2026-02-21 03:00:00,974.1270588235294,1771643250.2936785,168.3738597491448,163.3982762325672
2026-02-21 03:15:00,973.8286,1771644150.4028816,169.4097457240593,164.3054448431985
2026-02-21 03:30:00,973.7851946607341,1771645050.4056106,168.82247945205478,163.72165944753516
2026-02-21 03:45:00,973.6295888888889,1771645950.1723235,168.26528962371722,163.13052860653286
2026-02-21 04:00:00,973.3686348501665,1771646850.1264007,169.14357175398635,163.89644799140333
2026-02-21 04:15:00,973.3428476084539,1771647750.3293314,168.90714383561644,163.65891363106212
2026-02-21 04:30:00,973.2476222222223,1771648650.3806605,168.49540364880275,163.22887688103177
2026-02-21 04:45:00,973.241888888889,1771649550.4139977,168.30660661345496,163.04411134120505
2026-02-21 05:00:00,973.2391342952276,1771650450.3803146,168.24759567198177,162.98604759014185
2026-02-21 05:15:00,973.0836555555557,1771651350.9200466,167.36429646522237,162.07996367594922
2026-02-21 05:30:00,972.9491888888889,1771652250.9332235,167.20646522234892,161.883574026972
2026-02-21 05:45:00,972.9158286985539,1771653150.5651233,167.43305479452056,162.09213508195947
2026-02-21 06:00:00,972.7755333333333,1771654050.555174,168.17581527936147,162.76552546557255
2026-02-21 06:15:00,972.4941333333333,1771654950.6255696,168.13394754846067,162.6334487715837
2026-02-21 06:30:00,972.1259777777777,1771655850.4395218,169.1186750285063,163.46555508442077
2026-02-21 06:45:00,972.1836111111111,1771656750.4246712,167.98476624857472,162.3882662816104
2026-02-21 07:00:00,972.2382444444444,1771657650.5090978,168.34160889395665,162.75100281648386
2026-02-21 07:15:00,972.3230888888888,1771658550.529724,169.62583124287343,164.02040636347692
2026-02-21 07:30:00,972.4201555555555,1771659450.329861,168.4049566704675,162.8714923105966
2026-02-21 07:45:00,972.6371,1771660350.350623,167.61019270239453,162.17319264768872
2026-02-21 08:00:00,972.8756111111111,1771661250.4112372,168.07594298745727,162.70142844507222
2026-02-21 08:15:00,972.7193666666666,1771662150.498812,168.7009794754846,163.25545483942955
2026-02-21 08:30:00,972.4852333333333,1771663050.5427792,169.44823261117446,163.90181954604742
2026-02-21 08:45:00,972.3481222222222,1771663950.623368,168.34492132269102,162.78997531081242
2026-02-21 09:00:00,972.1067999999999,1771664850.686902,167.79287001140253,162.17784713246004
2026-02-21 09:15:00,971.9131555555556,1771665750.8362687,167.69604903078678,162.02150488925986
2026-02-21 09:30:00,971.8045555555556,1771666650.9031162,168.9362645381984,163.1843061690383
2026-02-21 09:45:00,971.5935666666668,1771667550.974483,168.05447320410488,162.26405187921736
2026-02-21 10:00:00,971.3061820199779,1771668450.906097,168.9515872291904,163.03651996210172
2026-02-21 10:15:00,971.0445444444445,1771669350.7928188,169.39656100342077,163.38039973893254
2026-02-21 10:30:00,970.9443159065628,1771670250.8401935,169.83936944127709,163.7746486464289
2026-02-21 10:45:00,970.8260888888889,1771671151.066357,168.9385803876853,162.86751024727167
2026-02-21 11:00:00,970.6280777777778,1771672051.0694406,169.8143363740023,163.64697391009418
2026-02-21 11:15:00,970.4128444444445,1771672951.1291702,170.32513911060434,164.0685839166721
2026-02-21 11:30:00,970.3881,1771673850.657524,169.39694406392695,163.16640914466956
2026-02-21 11:45:00,970.3344999999999,1771674750.1788354,168.9083922462942,162.67838653766262
2026-02-21 12:00:00,970.312475027747,1771675649.983811,169.96076309794987,163.6847313519041
2026-02-21 12:15:00,970.3394111111111,1771676550.6001182,169.5653181299886,163.31268649714133
2026-02-21 12:30:00,970.2655172413793,1771677450.70072,170.02390525114154,163.73016436118684
2026-02-21 12:45:00,970.2469,1771678350.3778343,169.20248346636262,162.93308214031708
2026-02-21 13:00:00,970.2471,1771679250.435078,169.78639566704675,163.495424241556
2026-02-21 13:15:00,970.1285,1771680150.5189726,170.2713865450399,163.92355782667923
2026-02-21 13:30:00,970.145,1771681050.6093562,170.1211368301026,163.78431431263306
2026-02-21 13:45:00,970.1003555555556,1771681950.611527,169.80796807297605,163.46821419540132
2026-02-21 14:00:00,969.9712111111111,1771682850.6516967,169.6314914481186,163.25615360102452
2026-02-21 14:15:00,970.0128555555556,1771683750.736391,169.4171356898518,163.0634348798956
2026-02-21 14:30:00,969.9861111111111,1771684650.794449,169.13301482326114,162.78126226024915
2026-02-21 14:45:00,969.6600444444445,1771685550.876518,169.71431584948687,163.2342474449768
2026-02-21 15:00:00,969.5740333333333,1771686450.9705417,171.11544925883695,164.55357317182884
2026-02-21 15:15:00,969.6881444444444,1771687351.0200534,169.5380684150513,163.07389402320004
2026-02-21 15:30:00,969.6713777777778,1771688251.075149,170.0405427594071,163.55172541948872
2026-02-21 15:45:00,969.5434555555555,1771689151.0628116,170.41428620296466,163.86927625133458
2026-02-21 16:00:00,969.4591444444444,1771690050.7048197,169.29476141552513,162.7653002902945
2026-02-21 16:15:00,969.316288888889,1771690950.2684796,169.3706921322691,162.79178439931167
2026-02-21 16:30:00,969.1705666666667,1771691850.3229,169.8234709236032,163.17941112822695
2026-02-21 16:45:00,969.0892222222221,1771692750.8429575,169.6472277904328,162.98354544449006
2026-02-21 17:00:00,969.0290777777777,1771693650.6574082,169.38812671232878,162.7150477743877
2026-02-21 17:15:00,968.9362555555556,1771694550.2435794,170.05651311288483,163.3267794359312
2026-02-21 17:30:00,968.8002666666667,1771695450.2892,170.34831584948688,163.56254308600478
2026-02-21 17:45:00,968.8093333333334,1771696350.3162823,169.19634435575824,162.4594059262387
2026-02-21 18:00:00,968.878788888889,1771697250.3995488,169.421929304447,162.69860777029396
2026-02-21 18:15:00,968.8822444444445,1771698150.4457963,169.8656316989738,163.12582970378295
2026-02-21 18:30:00,968.8151222222223,1771699050.4830213,168.66531698973776,161.95139765264048
2026-02-21 18:45:00,968.7567555555556,1771699950.6627233,169.42342075256556,162.66033522101696
2026-02-21 19:00:00,968.758512763596,1771700850.1364524,169.47299315849486,162.70850060789272
2026-02-21 19:15:00,968.8548,1771701750.1916134,169.5199486887115,162.7849271174892
2026-02-21 19:30:00,969.0453111111111,1771702650.2245357,168.42155872291903,161.791810678658
2026-02-21 19:45:00,969.1557285873191,1771703550.5155315,169.87481870011402,163.22390607828825
2026-02-21 20:00:00,969.1463928967813,1771704450.2629647,168.64648232611174,162.04063578926912
2026-02-21 20:15:00,969.1549222222222,1771705350.3298469,169.4698654503991,162.83454488716035
2026-02-21 20:30:00,969.1477222222222,1771706250.419209,169.179251995439,162.552969155952
2026-02-21 20:45:00,969.31,1771707150.5082624,169.10628538812784,162.53560372224246
2026-02-21 21:00:00,969.3607991120978,1771708050.1042938,169.5301435079727,162.95954825180115
2026-02-21 21:15:00,969.2978111111111,1771708950.629643,169.32037856328392,162.73741101018362
2026-02-21 21:30:00,969.3172302558398,1771709850.2743404,168.339247716895,161.8007092621573
2026-02-21 21:45:00,969.2937222222223,1771710750.4133122,167.766425313569,161.2425549356795
2026-02-21 22:00:00,969.2277666666668,1771711650.501057,168.93281755986317,162.342173972908
2026-02-21 22:15:00,969.1644111111111,1771712550.5902474,168.2427194982896,161.65851375533538
2026-02-21 22:30:00,969.1724555555555,1771713450.654943,169.2216590649943,162.60175842606643
2026-02-21 22:45:00,969.2412666666667,1771714350.810574,168.02587229190422,161.47497148885182
2026-02-21 23:00:00,969.3086237513874,1771715250.3434863,168.16004218928163,161.6256822466839
2026-02-21 23:15:00,969.4418444444444,1771716150.4204252,169.23438084378563,162.701618938979
2026-02-21 23:30:00,969.6255888888888,1771717050.5132523,169.1580638540479,162.68802298380203
2026-02-21 23:45:00,969.8750723025584,1771717950.542236,168.3767671232877,162.01743083310308
2026-02-22 00:00:00,970.0931298557158,1771718850.0272372,170.09140546697037,163.73870322816677
2026-02-22 00:15:00,970.2772,1771719750.6026216,168.8198050171038,162.57443465602807
2026-02-22 00:30:00,970.4387986651835,1771720650.398444,168.4992705479452,162.31821047050394
2026-02-22 00:45:00,970.6245222222223,1771721550.5020127,168.86991562143672,162.73569564715865
2026-02-22 01:00:00,970.9185444444444,1771722450.516386,167.9885598631699,161.98157960987157
2026-02-22 01:15:00,971.0830555555556,1771723350.5744076,168.4147605473204,162.44597964028432
2026-02-22 01:30:00,971.3749888888889,1771724250.689108,169.51285860889396,163.60065313931602
2026-02-22 01:45:00,971.6519999999999,1771725150.7633567,168.58210604332956,162.79252870956412
2026-02-22 02:00:00,971.8415777777777,1771726050.8756673,169.01948004561004,163.27677763747127
2026-02-22 02:15:00,972.0413333333333,1771726950.973197,168.3125450399088,162.65883289123929
2026-02-22 02:30:00,972.1675111111111,1771727850.9948635,167.2233409350057,161.64700313157843
2026-02-22 02:45:00,972.4436333333333,1771728751.044929,169.1641014823261,163.61337545436797
2026-02-22 03:00:00,972.6555222222222,1771729651.0851333,168.1114583808438,162.66419125010455
2026-02-22 03:15:00,972.9044333333333,1771730550.7406898,167.9141506849315,162.55417980230067
2026-02-22 03:30:00,973.1438,1771731450.3514314,167.81018129988598,162.53131975217005
2026-02-22 03:45:00,973.2250777777778,1771732350.4503288,168.6071356898518,163.32975207950219
2026-02-22 04:00:00,973.324705882353,1771733250.4639475,168.2510307517084,163.0172721519875
2026-02-22 04:15:00,973.5516666666667,1771734151.005094,168.17467388825543,163.01727077296317
2026-02-22 04:30:00,973.726340378198,1771735050.6909773,167.84731621004568,162.75680089238648
2026-02-22 04:45:00,973.9383222222222,1771735950.694074,167.36640364880276,162.359293422623
2026-02-22 05:00:00,974.1841555555557,1771736850.7675376,167.83123489167616,162.8902863218428
2026-02-22 05:15:00,974.494688888889,1771737750.8248148,168.46307639680728,163.6051045545769
2026-02-22 05:30:00,974.7826,1771738650.8608453,168.3627229190422,163.601823419203
2026-02-22 05:45:00,974.9555,1771739550.9923844,167.92202166476625,163.23001933628953
2026-02-22 06:00:00,975.2604111111111,1771740450.626627,167.3395502283105,162.76304932341722
2026-02-22 06:15:00,975.4673222222223,1771741350.2128112,167.39210034207525,162.88155232684628
2026-02-22 06:30:00,975.7766777777778,1771742250.3642795,167.30538084378563,162.89792515616327
2026-02-22 06:45:00,975.9241111111111,1771743150.4185355,167.47103990877994,163.10730795375756
2026-02-22 07:00:00,975.9805888888889,1771744050.4224477,167.37832953249716,163.03542801532308
2026-02-22 07:15:00,976.0251555555556,1771744950.4954588,167.31680501710375,162.9900270499786
2026-02-22 07:30:00,976.1786,1771745850.5544906,167.24150057012542,162.96667494884272
2026-02-22 07:45:00,976.3937333333333,1771746750.6714842,167.95447662485748,163.73185997718687
2026-02-22 08:00:00,976.6024666666667,1771747650.7821717,167.5363740022805,163.39246572686073
2026-02-22 08:15:00,976.8150333333333,1771748550.806019,167.52214595210944,163.44806204955623
2026-02-22 08:30:00,977.0326555555555,1771749450.8733895,167.08892702394527,163.09635019857546
2026-02-22 08:45:00,977.1870555555556,1771750350.7113988,167.39417331813,163.44476660836006
2026-02-22 09:00:00,977.2953052164262,1771751250.5285163,167.95070387243734,164.0236738550568
2026-02-22 09:15:00,977.3288444444444,1771752151.0278084,166.70615051311287,162.8191419820896
2026-02-22 09:30:00,977.3290222222223,1771753051.0457544,166.79672177879135,162.9076593630807
2026-02-22 09:45:00,977.3270777777777,1771753950.6987038,166.76450456621006,162.87555992664537
2026-02-22 10:00:00,977.4847830923248,1771754850.8023572,167.0257833523375,163.18220698354816
2026-02-22 10:15:00,977.557011111111,1771755750.854256,167.04521664766247,163.22477018288555
2026-02-22 10:30:00,977.6997888888889,1771756650.8979504,167.03936145952107,163.2656636686091
2026-02-22 10:45:00,977.6710555555555,1771757551.0057073,166.71470923603192,162.9389820511366
2026-02-22 11:00:00,977.7503551609323,1771758450.5059223,167.3797172177879,163.6148761745925
2026-02-22 11:15:00,977.7317555555555,1771759350.618005,166.4277274800456,162.67824775108838
2026-02-22 11:30:00,977.8122999999999,1771760250.6717715,167.63441847206386,163.88415077767436
2026-02-22 11:45:00,977.7850500556174,1771761150.7377138,166.7601598173516,163.0205659345286
2026-02-22 12:00:00,977.8170699223086,1771762050.252443,166.33635876993168,162.61668221425964
2026-02-22 12:15:00,977.8219555555556,1771762950.8717442,166.87835575826682,163.14815301727566
2026-02-22 12:30:00,977.8532111111111,1771763850.9122057,167.06184606613456,163.3377519035702
2026-02-22 12:45:00,977.9230367074528,1771764750.6010466,166.73848630136985,163.04436813144832
2026-02-22 13:00:00,977.9614888888889,1771765650.656098,166.41071493728617,162.73637325090266
2026-02-22 13:15:00,977.9886444444445,1771766550.7474458,167.0259669327252,163.34691181916082
2026-02-22 13:30:00,977.9902222222222,1771767450.8384218,166.82641277080958,163.15226804110694
2026-02-22 13:45:00,977.9839777777778,1771768350.8699558,167.13318814139112,163.45024574011805
2026-02-22 14:00:00,978.0854555555555,1771769250.9656482,168.33015165336374,164.6542470998933
2026-02-22 14:15:00,978.1791666666667,1771770151.0620127,166.96021208665906,163.34483512995345
2026-02-22 14:30:00,978.3238111111111,1771771051.1161265,166.49483808437856,162.93666734371172
2026-02-22 14:45:00,978.3628666666667,1771771950.6619055,167.1885799086758,163.62836386581188
2026-02-22 15:00:00,978.4218423973363,1771772850.0911145,166.89769817767655,163.36294411022493
2026-02-22 15:15:00,978.4560511679645,1771773750.5124497,167.34318949771688,163.8102074038501
2026-02-22 15:30:00,978.4166,1771774650.304032,167.5687001140251,164.01801508089997
2026-02-22 15:45:00,978.4414333333333,1771775550.3506052,166.50858038768527,162.98845357814585
2026-02-22 16:00:00,978.5060266370699,1771776450.8344905,167.09216514806377,163.58083196983864
2026-02-22 16:15:00,978.4801444444445,1771777350.6189613,167.2862383124287,163.76234953611495
2026-02-22 16:30:00,978.6220555555556,1771778250.6383314,166.4412018244014,162.98136493206408
2026-02-22 16:45:00,978.7289655172415,1771779150.6048465,167.21849543378997,163.77751598115537
2026-02-22 17:00:00,978.8042999999999,1771780050.3683114,167.07698973774228,163.66357931775477
2026-02-22 17:15:00,978.8015222222223,1771780950.4391875,166.54615393386547,163.1426822260342
2026-02-22 17:30:00,978.7316444444444,1771781850.5658858,167.4558415051311,164.01085674965108
2026-02-22 17:45:00,978.7525999999999,1771782750.6273532,166.98457354618014,163.55613862510924
2026-02-22 18:00:00,978.7784222222223,1771783650.7126484,166.33403876852907,162.927374344226
2026-02-22 18:15:00,978.8744222222222,1771784550.8067498,167.04829760547318,163.65842394583586
2026-02-22 18:30:00,978.9856222222221,1771785450.8730748,167.16506043329534,163.809244456886
2026-02-22 18:45:00,979.0727777777778,1771786350.9559164,165.6559977194983,162.35877444487465
2026-02-22 19:00:00,979.097358490566,1771787250.4009068,167.11211744583807,163.79396365566424
2026-02-22 19:15:00,979.1015444444445,1771788150.4648237,166.85829190421893,163.5465472277935
2026-02-22 19:30:00,979.1739888888889,1771789050.5341535,166.55724059293047,163.27512611490914
2026-02-22 19:45:00,979.1894327030034,1771789950.5427432,166.31271689497717,163.04045676442524
2026-02-22 20:00:00,979.213473917869,1771790850.0907114,166.61679271070614,163.3464036866445
2026-02-22 20:15:00,979.2820888888888,1771791750.6792755,166.61670695553022,163.36873715880603
2026-02-22 20:30:00,979.352614015573,1771792650.371305,166.2686723744292,163.05048373641156
2026-02-22 20:45:00,979.3788555555554,1771793550.5139408,166.20055074116306,162.99223473133284
2026-02-22 21:00:00,979.4751387347392,1771794450.5769262,166.1850854214123,163.008454874716
2026-02-22 21:15:00,979.526852057842,1771795350.973959,166.62338470319634,163.4552808160521
2026-02-22 21:30:00,979.5630888888888,1771796250.7589433,166.80893842645384,163.64916632689045
2026-02-22 21:45:00,979.5366,1771797150.7647166,166.38155188141394,163.2212282085396
2026-02-22 22:00:00,979.5041731409545,1771798050.1348288,166.94158380843785,163.76000185579954
2026-02-22 22:15:00,979.560611111111,1771798950.163968,167.0636738882554,163.89826426273376
2026-02-22 22:30:00,979.5889444444445,1771799850.1990173,167.0287833523375,163.87332070085557
2026-02-22 22:45:00,979.5493111111111,1771800750.2547755,165.86850513112884,162.72206319558322
2026-02-22 23:00:00,979.5214777777778,1771801650.6071355,166.96749144811858,163.7910843386132
2026-02-22 23:15:00,979.5314888888888,1771802550.3766282,167.28688939566706,164.10769179381043
2026-02-22 23:30:00,979.6178,1771803450.4384181,166.50201368301026,163.36593037912604
2026-02-22 23:45:00,979.6724444444444,1771804350.53349,166.61031128848344,163.4900548576807
2026-02-23 00:00:00,979.7268666666666,1771805250.5402236,166.33986431014822,163.24243984122387
2026-02-23 00:15:00,979.7215906562848,1771806150.440906,166.39249885844748,163.29237120489822
2026-02-23 00:30:00,979.8053444444445,1771807050.1997173,166.9106795895097,163.82833768535104
2026-02-23 00:45:00,979.8681444444445,1771807950.3202589,166.50750057012544,163.45313260291977
2026-02-23 01:00:00,979.8850166481686,1771808850.3201346,167.06544191343966,164.0063734276231
2026-02-23 01:15:00,979.8370666666666,1771809750.8664088,167.12400684150512,164.04813303244296
2026-02-23 01:30:00,979.9189210233593,1771810650.859622,166.10050228310504,163.07015962977022
2026-02-23 01:45:00,979.9240111111112,1771811550.5760257,165.8558802736602,162.8316581581815
2026-02-23 02:00:00,979.9973333333334,1771812450.628845,165.99481299885974,162.99195769168065
2026-02-23 02:15:00,980.0611,1771813350.755702,166.3791197263398,163.39014865089757
2026-02-23 02:30:00,980.0669888888889,1771814250.8203638,166.46382668187002,163.4752592250858
2026-02-23 02:45:00,980.0476,1771815150.8858948,165.86635005701254,162.882192918226
2026-02-23 03:00:00,980.0478912319645,1771816050.3305936,166.78300342075255,163.78244986117647
2026-02-23 03:15:00,980.1093222222222,1771816950.325938,165.98391106043331,163.01776123714794
2026-02-23 03:30:00,980.1494111111111,1771817850.361663,166.8586488027366,163.89000713445762
2026-02-23 03:45:00,980.157063403782,1771818750.5787098,166.4567993158495,163.4978093419886
2026-02-23 04:00:00,980.2091444444444,1771819651.0271878,166.44842531356898,163.5066145009902
2026-02-23 04:15:00,980.2982777777778,1771820550.5997212,166.3706700913242,163.4593702851135
2026-02-23 04:30:00,980.3751666666666,1771821450.277199,166.4428654503991,163.55545156665445
2026-02-23 04:45:00,980.3908666666667,1771822350.4549396,166.02287913340936,163.14787384187645
2026-02-23 05:00:00,980.3640954495006,1771823250.4773133,166.08944533029612,163.2045487143333
2026-02-23 05:15:00,980.4341000000001,1771824151.0678523,166.96852223489168,164.09132913214705
2026-02-23 05:30:00,980.5295105672969,1771825050.7501504,165.4823002283105,162.66175396692668
2026-02-23 05:45:00,980.5514222222222,1771825950.7979658,165.51153819840366,162.6976233855426
2026-02-23 06:00:00,980.6557269700332,1771826850.3277245,166.0312086659065,163.24250915430017
2026-02-23 06:15:00,980.6978555555556,1771827750.3972452,166.46451311288484,163.68232654593083
2026-02-23 06:30:00,980.8479977753059,1771828650.7226496,166.15489395667046,163.42694937833463
2026-02-23 06:45:00,981.0285111111111,1771829551.115425,164.03094640820981,161.3961307646293
2026-02-23 07:00:00,981.1510321864595,1771830450.6263533,165.59335803876854,162.9733759592948
2026-02-23 07:15:00,981.2193666666666,1771831350.6889148,166.51522576966934,163.90305702930507
2026-02-23 07:30:00,981.1986,1771832250.8256536,165.08007753705814,162.4836737209085
2026-02-23 07:45:00,981.216829810901,1771833150.824458,165.81088584474887,163.20893819539464
2026-02-23 08:00:00,981.3321777777778,1771834050.5576627,166.37594754846066,163.80291711193811
2026-02-23 08:15:00,981.3981777777777,1771834950.6768255,165.2649749144812,162.73060486827595
2026-02-23 08:30:00,981.5937555555555,1771835850.7615788,166.01355644241733,163.53166056387272
2026-02-23 08:45:00,981.7074111111111,1771836750.828725,165.5193660205245,163.08192438907878
2026-02-23 09:00:00,981.9613555555555,1771837650.9135935,165.766661345496,163.40855035287578
2026-02-23 09:15:00,981.9669555555556,1771838551.005319,166.02963511972632,163.6696162873193
2026-02-23 09:30:00,982.1011777777778,1771839450.833752,165.38155986316988,163.07452363439643
2026-02-23 09:45:00,982.1817111111111,1771840350.7125437,166.8670513112885,164.56579673476594
2026-02-23 10:00:00,982.2475471698112,1771841250.6331723,165.6501116173121,163.38715190694117
2026-02-23 10:15:00,982.4488555555555,1771842151.1607518,165.71371151653364,163.51570387633396
2026-02-23 10:30:00,982.5233888888889,1771843051.1448107,164.85005359179019,162.687750924424
2026-02-23 10:45:00,982.4999777530589,1771843951.212268,165.45479794520546,163.27691780115077
2026-02-23 11:00:00,982.5602333333333,1771844850.7665682,165.32398061573545,163.16748473727358
2026-02-23 11:15:00,982.7534777777778,1771845750.8610406,166.15258950969212,164.04867594711527
2026-02-23 11:30:00,982.7824888888889,1771846650.9389486,165.66412770809578,163.57589007319427
2026-02-23 11:45:00,982.8574777777778,1771847550.9354346,166.30155416191562,164.22991059772312
2026-02-23 12:00:00,982.9604772475027,1771848450.190201,165.4522668187001,163.42486483670706
2026-02-23 12:15:00,983.1738555555555,1771849350.2479393,165.45360091220067,163.49594067109598
2026-02-23 12:30:00,983.2917222222221,1771850250.279451,165.12670809578105,163.21138550608393
2026-02-23 12:45:00,983.4076222222222,1771851150.312801,165.64440706955529,163.76103504205508
2026-02-23 13:00:00,983.5913681868743,1771852051.0130224,165.69005701254275,163.866374452884
2026-02-23 13:15:00,983.6643951165372,1771852950.941316,165.71047434435576,163.91050507318033
2026-02-23 13:30:00,983.7604333333334,1771853850.6290839,165.45918700114024,163.6933858689525
2026-02-23 13:45:00,983.7721777777779,1771854750.6904469,166.03579247434436,164.2676961567975
2026-02-23 14:00:00,983.8595773081202,1771855650.6734955,165.16217351598175,163.43194552151223
2026-02-23 14:15:00,983.8433222222222,1771856550.3480356,165.5891402508552,163.84911253175542
2026-02-23 14:30:00,983.8855111111111,1771857450.4379072,165.38282098061572,163.65876986636897
2026-02-23 14:45:00,983.9361777777777,1771858350.5286448,165.7599464082098,164.0485866570135
2026-02-23 15:00:00,984.1090888888889,1771859250.6407592,165.2068905359179,163.55779285426215
2026-02-23 15:15:00,984.1369,1771860150.6282265,165.13504218928165,163.4957554432416
2026-02-23 15:30:00,984.1776777777777,1771861050.72618,166.43913226909922,164.80033972567978
2026-02-23 15:45:00,984.257,1771861950.8797665,165.26006727480046,163.65884554525678
2026-02-23 16:00:00,984.3556714761377,1771862850.3044314,165.8360638540479,164.26167391997762
2026-02-23 16:15:00,984.4598222222223,1771863750.2822797,166.453078677309,164.90717785286762
2026-02-23 16:30:00,984.5043555555555,1771864650.3423414,165.71896351197262,164.1945042462948
2026-02-23 16:45:00,984.5742269187987,1771865550.4913075,165.21589851767388,163.71894391193464
2026-02-23 17:00:00,984.7707444444444,1771866450.6552062,165.51594292237442,164.0807465483087
2026-02-23 17:15:00,984.9760333333334,1771867350.3089623,165.4832953249715,164.11575048892206
2026-02-23 17:30:00,985.0425666666666,1771868250.4406185,165.74459635119726,164.3967664121788
2026-02-23 17:45:00,985.1447555555555,1771869150.5218194,165.4095188141391,164.0979482623331
2026-02-23 18:00:00,985.2941999999999,1771870050.704309,165.3566944127708,164.09458143612017
2026-02-23 18:15:00,985.3556888888888,1771870950.774917,164.78241847206388,163.54479989321712
2026-02-23 18:30:00,985.4961111111111,1771871850.5872672,165.77934663625996,164.58045552275456
2026-02-23 18:45:00,985.5929666666666,1771872750.6844041,164.91853819840364,163.7575909137459
2026-02-23 19:00:00,985.7690222222222,1771873650.8114321,166.33277537058154,165.2200381058314
2026-02-23 19:15:00,985.9027222222222,1771874550.9210827,165.761157354618,164.6962780118709
2026-02-23 19:30:00,986.0395888888888,1771875451.0270402,164.81240478905357,163.79845136253752
2026-02-23 19:45:00,986.1216111111112,1771876350.6184313,164.80102397260274,163.81401113717408
2026-02-23 20:00:00,986.1501222222223,1771877250.3185475,165.51525883694416,164.53335015415675
2026-02-23 20:15:00,986.2803666666666,1771878150.4048536,165.42296351197265,164.4844431551151
2026-02-23 20:30:00,986.4149555555555,1771879050.1998198,165.9984937286203,165.10114370299652
2026-02-23 20:45:00,986.5016888888889,1771879950.228885,164.52006499429876,163.65909395280812
2026-02-23 21:00:00,986.4933777777778,1771880850.3229501,165.34566590649945,164.47764030043348
2026-02-23 21:15:00,986.5726888888889,1771881750.406295,165.11991448118587,164.27913027076704
2026-02-23 21:30:00,986.5716666666667,1771882650.479223,165.28567046750285,164.44370603765555
2026-02-23 21:45:00,986.6704333333333,1771883550.2356775,166.1226157354618,165.30903873087817
2026-02-23 22:00:00,986.7869111111111,1771884450.3093135,165.37915393386547,164.60755977478496
2026-02-23 22:15:00,986.7377555555555,1771885350.418514,165.246755986317,164.45961054221547
2026-02-23 22:30:00,986.8518888888889,1771886250.2958512,165.7450661345496,164.9932051633589
2026-02-23 22:45:00,986.8505,1771887150.2489018,165.30535461801597,164.5550311900228
2026-02-23 23:00:00,986.9529555555555,1771888050.5095227,166.64023147092362,165.9178439439934
2026-02-23 23:15:00,987.0358888888888,1771888950.644943,165.14599087799317,164.4573566344984
2026-02-23 23:30:00,987.0123333333333,1771889850.7384937,165.0534606613455,164.35746900972592
2026-02-23 23:45:00,986.930188888889,1771890750.8533154,165.12310604332953,164.39980943271155
2026-02-24 00:00:00,986.982319644839,1771891650.7494323,165.58890763968074,164.88076047736837
2026-02-24 00:15:00,987.1614111111111,1771892550.6444714,165.2803671607754,164.63249747460532
2026-02-24 00:30:00,987.3465333333334,1771893450.7383306,165.00955872291905,164.4236162198899
2026-02-24 00:45:00,987.3425111111111,1771894350.732613,166.06861459521093,165.4775802455567
2026-02-24 01:00:00,987.4636151279199,1771895250.9797137,165.91892360319272,165.36847072216815
2026-02-24 01:15:00,987.509511111111,1771896151.1139982,165.15162485746865,164.61882756035237
2026-02-24 01:30:00,987.4300444444445,1771897050.6453362,164.73136643835616,164.17383017341473
2026-02-24 01:45:00,987.2896000000001,1771897950.2386768,164.44722690992018,163.84462372184413
2026-02-24 02:00:00,987.4080777777777,1771898850.3907933,164.5509897377423,163.98685931336652
2026-02-24 02:15:00,987.4937666666666,1771899750.5428321,164.811834663626,164.27496064960124
2026-02-24 02:30:00,987.4651777777777,1771900650.621286,164.63491904218927,164.08923880395898
2026-02-24 02:45:00,987.4812111111111,1771901550.361245,165.39500912200685,164.85209574781658
2026-02-24 03:00:00,987.5720777777777,1771902450.358824,164.2929612314709,163.78342756160592
2026-02-24 03:15:00,987.6429222222223,1771903350.3564384,165.88067274800457,165.38964720858928
2026-02-24 03:30:00,987.6766111111111,1771904250.5172422,164.34620410490308,163.87076164190245
2026-02-24 03:45:00,987.7068666666667,1771905150.695397,164.26744697833524,163.80214390422742
2026-02-24 04:00:00,987.8062819089901,1771906050.6865866,164.39001138952162,163.95695754077394
2026-02-24 04:15:00,987.8635333333333,1771906950.661033,164.44604561003422,164.03162516301174
2026-02-24 04:30:00,987.8630555555557,1771907850.7451594,164.34697833523373,163.9326509008008
2026-02-24 04:45:00,987.9362513904338,1771908750.7214143,165.3748915525114,164.98212293514672
2026-02-24 05:00:00,987.9901666666666,1771909650.7777605,164.45698631698974,164.084090066777
2026-02-24 05:15:00,987.9889555555555,1771910550.9140286,164.8122748004561,164.43817464885475
2026-02-24 05:30:00,988.0183777777778,1771911451.03368,164.9696795895097,164.60490795106435
2026-02-24 05:45:00,988.1000666666666,1771912350.6620154,164.6429885844749,164.30578102737945
2026-02-24 06:00:00,988.1191342952276,1771913249.7328963,165.35965945330295,165.0272773104521
2026-02-24 06:15:00,988.1101,1771914150.212322,163.95548574686433,163.62296960838228
2026-02-24 06:30:00,988.125,1771915050.2741702,165.24865906499429,164.91843475346903
2026-02-24 06:45:00,988.1933111111111,1771915950.3289042,163.7899030786773,163.48492801758053
2026-02-24 07:00:00,988.2429922135707,1771916850.8317091,164.7081095890411,164.41776093681335
2026-02-24 07:15:00,988.3266925638179,1771917750.4216979,164.9372471526196,164.6740588206285
2026-02-24 07:30:00,988.3021579532814,1771918650.8514113,164.04905593607305,163.77924816254549
2026-02-24 07:45:00,988.3554111111112,1771919550.6869376,164.14861459521094,163.8960981198167
2026-02-24 08:00:00,988.3831777777777,1771920450.7487617,163.95828848346636,163.71515619035404
2026-02-24 08:15:00,988.3375,1771921350.831729,165.06203420752567,164.8022088945822
2026-02-24 08:30:00,988.3116222222222,1771922250.8782246,165.11105359179018,164.84261937496242
2026-02-24 08:45:00,988.3308333333333,1771923150.8627267,164.65906955530215,164.3976865680942
2026-02-24 09:00:00,988.3785111111112,1771924050.9312673,164.3291322690992,164.08391859796964
2026-02-24 09:15:00,988.4590333333333,1771924951.0384161,164.8839030786773,164.66437772070495
2026-02-24 09:30:00,988.4966888888889,1771925851.0373037,164.88008095781072,164.67296192533652
2026-02-24 09:45:00,988.5579222222223,1771926750.967084,164.90640706955529,164.7194263706458
2026-02-24 10:00:00,988.6305222222222,1771927651.0408502,165.57276168757127,165.4090410853244
2026-02-24 10:15:00,988.4976444444444,1771928550.6272864,163.7221506849315,163.51679871958578
2026-02-24 10:30:00,988.4400111111111,1771929450.2379136,163.9866385404789,163.76207743891513
2026-02-24 10:45:00,988.4106444444445,1771930350.3247712,163.92081641961232,163.6867313042926
2026-02-24 11:00:00,988.3796666666666,1771931250.2977045,164.72869099201824,164.48326123378504
2026-02-24 11:15:00,988.4010000000001,1771932150.257703,164.86863511972635,164.6300209227065
2026-02-24 11:30:00,988.4511222222222,1771933050.2939792,164.44441619156214,164.22287757215872
2026-02-24 11:45:00,988.4553444444444,1771933950.369122,164.24210376282784,164.02222276832325
2026-02-24 12:00:00,988.4609988901221,1771934850.290543,165.45261161731207,165.23297863281306
2026-02-24 12:15:00,988.5051555555556,1771935750.8714178,164.708149372862,164.50403189539955
2026-02-24 12:30:00,988.5737555555555,1771936650.9156263,165.2748779931585,165.09270735294396
2026-02-24 12:45:00,988.6247666666667,1771937551.0228598,163.59917559863172,163.4355251698766
2026-02-24 13:00:00,988.6265072302558,1771938450.6694984,164.42851712328766,164.26460891818692
2026-02-24 13:15:00,988.6999555555554,1771939350.8043237,163.82514367160778,163.6858800722255
2026-02-24 13:30:00,988.7983555555556,1771940250.8770113,164.29508209806158,164.18772798150283
2026-02-24 13:45:00,988.8567888888888,1771941150.9132347,164.3409258836944,164.25273635993685
2026-02-24 14:00:00,988.8992555555556,1771942051.0000982,165.2693968072976,165.19473898642818
2026-02-24 14:15:00,988.9754666666666,1771942951.0825014,164.84386202964654,164.79451286900516
2026-02-24 14:30:00,989.0946333333334,1771943850.6356184,164.33888242009132,164.32884480929695
2026-02-24 14:45:00,989.1255555555556,1771944750.208533,164.65975712656783,164.65988290124935
2026-02-24 15:00:00,989.2527444444444,1771945650.3012652,164.91538426453818,164.95746641162725
2026-02-24 15:15:00,989.3336333333333,1771946550.4414358,164.09440706955533,164.16283547505995
2026-02-24 15:30:00,989.3198666666666,1771947450.3365166,164.24640592930444,164.310373644726
2026-02-24 15:45:00,989.2942555555555,1771948350.3344433,164.13588027366018,164.1913944800567
2026-02-24 16:00:00,989.2581354051055,1771949250.3523414,164.3121480637813,164.3558483428432
2026-02-24 16:15:00,989.2441444444444,1771950150.9381764,165.94249714937288,165.9819864744252
2026-02-24 16:30:00,989.2169444444444,1771951050.9830983,164.41887685290766,164.4490573300838
2026-02-24 16:45:00,989.1814794215795,1771951951.0537484,164.07560616438357,164.09408401764034
2026-02-24 17:00:00,989.2093007769146,1771952850.6139755,164.77997266514805,164.80769993473095
2026-02-24 17:15:00,989.2350555555556,1771953750.6978583,164.17823287671234,164.2143172814142
2026-02-24 17:30:00,989.2010901001112,1771954650.4171212,164.86356100342076,164.88859462213313
2026-02-24 17:45:00,989.1747111111112,1771955551.0480735,164.2527605473204,164.26903468863043
2026-02-24 18:00:00,989.2494666666666,1771956450.633368,163.8201598173516,163.86088828876862
2026-02-24 18:15:00,989.3037666666667,1771957350.2045462,163.89840592930446,163.95695861292205
2026-02-24 18:30:00,989.3263222222222,1771958250.203543,163.98261459521095,164.04859760995964
2026-02-24 18:45:00,989.3651444444445,1771959150.2685022,164.42017103762828,164.4991020610613
2026-02-24 19:00:00,989.3645333333334,1771960050.8122814,165.2303861047836,165.3095040324074
2026-02-24 19:15:00,989.2634555555555,1771960950.6288855,164.15969634703197,164.20510326261487
2026-02-24 19:30:00,989.1839555555556,1771961850.1864903,163.57166590649942,163.59089715100444
2026-02-24 19:45:00,989.2259222222223,1771962750.2343333,164.25073546180158,164.2838348562427
2026-02-24 20:00:00,989.1492896781353,1771963650.1871424,164.21694988610477,164.22487060395326
2026-02-24 20:15:00,989.149188888889,1771964550.7754307,164.28864424173318,164.29653529898246
2026-02-24 20:30:00,989.0662291434928,1771965450.5791962,164.73823858447486,164.71881890651204
2026-02-24 20:45:00,988.9929,1771966350.6311214,163.42502394526798,163.38179602023644
2026-02-24 21:00:00,988.8849222222223,1771967250.809925,164.0062896237172,163.9275030689796
2026-02-24 21:15:00,988.8967666666666,1771968150.9490695,163.7351242873432,163.66034488282168
2026-02-24 21:30:00,988.842488888889,1771969051.0974126,164.32536031927023,164.23248203223622
2026-02-24 21:45:00,988.7012444444445,1771969951.0497744,163.9334150513113,163.79448163840607
2026-02-24 22:00:00,988.6222333333333,1771970851.0114498,164.49272405929304,164.3273472081402
2026-02-24 22:15:00,988.6838888888889,1771971750.669,164.84850570776254,164.703079630278
2026-02-24 22:30:00,988.7409666666666,1771972650.2953393,163.18487913340934,163.05953376349686
2026-02-24 22:45:00,988.7462444444444,1771973550.1780055,164.08814367160775,163.96383520747943
2026-02-24 23:00:00,988.6289456159823,1771974450.094572,165.3718189066059,165.20777606327556
2026-02-24 23:15:00,988.5022691879867,1771975350.460268,163.90466666666669,163.70059991637822
2026-02-24 23:30:00,988.2882111111112,1771976250.523207,163.81917445838084,163.54518282439307
2026-02-24 23:45:00,988.1033333333332,1771977150.6420207,164.0652953249715,163.73034065074106
2026-02-25 00:00:00,987.9213222222222,1771978050.6457736,164.60875712656784,164.21290489616104
2026-02-25 00:15:00,987.7501888888889,1771978950.7506828,165.05562143671608,164.60234704501306
2026-02-25 00:30:00,987.6629222222223,1771979850.7790215,164.21509236031926,163.73554641796792
2026-02-25 00:45:00,987.5342222222222,1771980750.7918396,164.80565678449258,164.2820946039683
2026-02-25 01:00:00,987.3939666666666,1771981650.8263848,163.84446864310146,163.27815224881522
2026-02-25 01:15:00,987.1476777777777,1771982550.898718,164.18128506271378,163.53323180872198
2026-02-25 01:30:00,986.9129555555555,1771983451.0295005,165.55263169897378,164.82177266165763
2026-02-25 01:45:00,986.6032777777779,1771984351.1252613,164.51539908779932,163.68770679019283
2026-02-25 02:00:00,986.3976914539401,1771985250.6121464,164.04723375142532,163.1547982532516
2026-02-25 02:15:00,986.3375111111111,1771986150.6554224,165.08551311288483,164.1676687352578
2026-02-25 02:30:00,986.3742333333334,1771987050.7578626,165.14377537058152,164.2376689671778
2026-02-25 02:45:00,986.1847608453837,1771987950.3534527,165.41508561643835,164.44516311833934
2026-02-25 03:00:00,986.0994006659269,1771988850.3692257,165.338,164.34047083941624
2026-02-25 03:15:00,986.0166777777778,1771989750.9708328,164.4105085518814,163.39154052308893
2026-02-25 03:30:00,985.8095666666667,1771990650.5871258,165.03788926940638,163.9471083167463
2026-02-25 03:45:00,985.7183426028921,1771991550.4581409,164.63392474344354,163.5159777981668
2026-02-25 04:00:00,985.6772555555556,1771992450.7884436,164.18349258836946,163.05520483902967
2026-02-25 04:15:00,985.7015538290788,1771993350.9091659,165.14525769669328,164.01833111834281
2026-02-25 04:30:00,985.5939710789767,1771994250.939567,164.97526453819842,163.81424700112095
2026-02-25 04:45:00,985.4869888888888,1771995150.9934824,165.00899429874573,163.81268555790547
2026-02-25 05:00:00,985.27910099889,1771996050.505824,165.03984036488026,163.77520007188494
2026-02-25 05:15:00,985.0615555555555,1771996950.5256338,165.1594230330673,163.82257320454065
2026-02-25 05:30:00,984.8983759733036,1771997850.3753579,163.97994292237442,162.599565640472
2026-02-25 05:45:00,984.7717888888889,1771998750.3195906,164.92138996579249,163.4916905034509
2026-02-25 06:00:00,984.6971000000001,1771999650.4259334,164.82328962371722,163.37003491526326
2026-02-25 06:15:00,984.6135666666668,1772000550.4672682,165.3707206385405,163.88525715416378
2026-02-25 06:30:00,984.3612333333334,1772001450.3049316,165.3886237172178,163.82030390438214
2026-02-25 06:45:00,984.1841222222222,1772002350.3395846,165.00991676168755,163.38730242342825
2026-02-25 07:00:00,984.0121777777779,1772003250.4143114,164.90655188141392,163.22881174751848
2026-02-25 07:15:00,984.0219555555556,1772004150.5343957,165.72858950969214,164.0456940336183
2026-02-25 07:30:00,983.8424333333334,1772005050.6168008,165.15253819840368,163.4168078195545
2026-02-25 07:45:00,983.7072888888889,1772005950.7020917,164.61644583808436,162.84232929484352
2026-02-25 08:00:00,983.5732222222223,1772006850.7119174,165.299062713797,163.47375078269584
2026-02-25 08:15:00,983.4808888888889,1772007750.8033435,165.426157354618,163.56923340895293
2026-02-25 08:30:00,983.4222555555556,1772008650.799606,165.37675370581528,163.50120995456368
2026-02-25 08:45:00,983.3127444444444,1772009550.7373896,165.001984036488,163.09496522772918
2026-02-25 09:00:00,983.3330077691453,1772010450.4791708,164.88003416856495,162.9810297428094
2026-02-25 09:15:00,983.2534222222223,1772011351.0782185,166.05549258836942,164.11682509634974
2026-02-25 09:30:00,983.0681777777777,1772012250.666242,165.6784063926941,163.68348716457234
2026-02-25 09:45:00,982.8758843159065,1772013150.5876122,165.17618015963512,163.12456055562464
2026-02-25 10:00:00,982.7904550499446,1772014050.2950714,164.7059464082098,162.6323779782879
2026-02-25 10:15:00,982.7091,1772014950.357428,164.86009007981755,162.75809651467708
2026-02-25 10:30:00,982.5241666666667,1772015850.457659,165.722078677309,163.5485922533315
2026-02-25 10:45:00,982.2704222222222,1772016750.5708058,165.4983454960091,163.24492737672244
2026-02-25 11:00:00,982.2241,1772017650.801279,165.41911288483468,163.1516577983782
2026-02-25 11:15:00,982.1205,1772018550.6639223,166.20249030786772,163.89033560932162
2026-02-25 11:30:00,982.1206896551724,1772019450.4212172,165.94394178082192,163.6354459934469
2026-02-25 11:45:00,981.9841333333333,1772020350.2985988,165.32817673888255,162.9837280471878
2026-02-25 12:00:00,981.8499444444444,1772021250.3670979,164.72248232611173,162.34304761637273
2026-02-25 12:15:00,981.7537,1772022150.548072,166.1827765108324,163.75072445916587
2026-02-25 12:30:00,981.648411111111,1772023050.6394906,165.45337058152793,162.997665940876
2026-02-25 12:45:00,981.6141111111111,1772023950.6904316,165.63329304446978,163.16372452947815
2026-02-25 13:00:00,981.6462375138735,1772024850.6094205,165.65810933940776,163.19865645170267
2026-02-25 13:15:00,981.5998444444444,1772025750.6833138,165.54375342465755,163.0708669107004
2026-02-25 13:30:00,981.6017352614016,1772026650.61277,165.7068722919042,163.23216639742301
2026-02-25 13:45:00,981.6707444444444,1772027550.9070964,165.5110205245154,163.06174348936287
2026-02-25 14:00:00,981.6347333333333,1772028450.9756198,166.61132725199542,164.133945861811
2026-02-25 14:15:00,981.7135555555556,1772029351.051973,166.913590649943,164.45763862679576
2026-02-25 14:30:00,981.7157777777778,1772030251.0048215,166.71348004561005,164.26120248061804
2026-02-25 14:45:00,981.6239888888889,1772031150.9852622,166.88451539338655,164.3995391057459
2026-02-25 15:00:00,981.7244111111111,1772032051.0220544,166.6755575826682,164.226673462173
2026-02-25 15:15:00,981.7134295227526,1772032951.4149723,166.48177676537586,164.03213706722016
2026-02-25 15:30:00,981.6680888888889,1772033850.6014497,165.78412328767124,163.3299373379052
2026-02-25 15:45:00,981.5463070077864,1772034750.8137352,166.93844811858608,164.42712075073138
2026-02-25 16:00:00,981.4890122086571,1772035650.4087343,166.2858905359179,163.76561296334586
2026-02-25 16:15:00,981.3294327030034,1772036550.6657224,166.393070695553,163.81887605424546
2026-02-25 16:30:00,981.1963444444444,1772037450.6955643,165.43132077625572,162.8286580147908
2026-02-25 16:45:00,981.1904777777777,1772038350.24302,166.19759179019385,163.58095424168135
2026-02-25 17:00:00,981.2288111111111,1772039250.357521,166.63846978335232,164.02746594860554
2026-02-25 17:15:00,981.2115444444445,1772040150.4059067,167.10838996579247,164.48434281425148
2026-02-25 17:30:00,981.3166111111111,1772041050.47788,165.9339874572406,163.3627058989277
2026-02-25 17:45:00,981.4360555555555,1772041950.5659456,166.26423831242872,163.72694712665498
2026-02-25 18:00:00,981.4566925638179,1772042850.4567432,166.42679954441914,163.89379199301976
2026-02-25 18:15:00,981.5295,1772043751.1006923,166.21144013683008,163.70554657159775
2026-02-25 18:30:00,981.4482222222223,1772044651.1280825,166.36493272519954,163.83009136650557
2026-02-25 18:45:00,981.4321000000001,1772045550.6883721,165.69166438356163,163.16182022016696
2026-02-25 19:00:00,981.4727141268075,1772046450.7381651,166.35323717217787,163.826598668634
2026-02-25 19:15:00,981.6701444444444,1772047351.0471091,166.4197787913341,163.95685695618056
2026-02-25 19:30:00,981.9367555555556,1772048251.0545325,166.05365564424176,163.68340859699435
2026-02-25 19:45:00,982.1165111111112,1772049151.089899,166.0223922462942,163.711436954417
2026-02-25 20:00:00,982.2751444444444,1772050050.6422102,165.76632420091323,163.51080155687575
2026-02-25 20:15:00,982.3642222222221,1772050950.2420218,165.81480273660205,163.58776193527228
2026-02-25 20:30:00,982.549988888889,1772051850.3344617,166.0377229190422,163.86855942423978
2026-02-25 20:45:00,982.6697,1772052750.3637066,166.32463283922465,164.19102734760926
2026-02-25 21:00:00,982.7446614872365,1772053650.346599,165.54007972665147,163.4410401799869
2026-02-25 21:15:00,982.6976888888889,1772054550.9317913,166.47749258836944,164.35112597154588
2026-02-25 21:30:00,982.7401666666666,1772055451.0375767,164.68346408209806,162.59382471026606
2026-02-25 21:45:00,982.8007111111111,1772056351.0412633,165.86963055872292,163.78477144538695
2026-02-25 22:00:00,982.9003337041156,1772057251.0811384,165.2547890535918,163.21017364723016
2026-02-25 22:15:00,982.936847946726,1772058150.6633546,166.09267844925884,164.04967611557493
2026-02-25 22:30:00,982.9773555555555,1772059050.65028,165.4758779931585,163.45370423780014
2026-02-25 22:45:00,983.0330888888889,1772059950.7344902,165.97402052451542,163.9640347970768
2026-02-25 23:00:00,983.074404894327,1772060850.8570292,165.27503310502283,163.28700446119663
2026-02-25 23:15:00,983.1937624861265,1772061750.924667,166.17397266514806,164.21432680409288
2026-02-25 23:30:00,983.2632111111111,1772062650.9411318,165.22374914481185,163.29798908575455
2026-02-25 23:45:00,983.3985111111111,1772063551.0760703,166.0441071835804,164.15319931423127
2026-02-26 00:00:00,983.6066963292548,1772064450.9995816,164.70009703196348,162.89230415245527
2026-02-26 00:15:00,983.8707333333333,1772065350.8477776,165.62746180159635,163.8960162932377
2026-02-26 00:30:00,984.1113222222223,1772066250.9497995,165.87542645381984,164.2203889526128
2026-02-26 00:45:00,984.3402555555555,1772067151.0314107,165.7297525655644,164.15131074874375
2026-02-26 01:00:00,984.5758490566037,1772068050.5051255,165.44839224629416,163.9498630063506
2026-02-26 01:15:00,984.6804777777777,1772068950.5199943,165.0958449258837,163.6347470478096
2026-02-26 01:30:00,984.8082555555555,1772069850.643188,165.6547765108324,164.23069679398822
2026-02-26 01:45:00,984.8393659621802,1772070750.3408225,164.79774771689497,163.3912016123357
2026-02-26 02:00:00,984.9653829078801,1772071650.1751924,165.11947266514807,163.75144635722233
2026-02-26 02:15:00,985.0731888888888,1772072550.7570686,164.26156214367163,162.9357707982223
2026-02-26 02:30:00,985.0823222222223,1772073450.8345225,165.07111744583807,163.74178299000513
2026-02-26 02:45:00,985.1939444444445,1772074350.8723311,165.18380729760545,163.89014882050535
2026-02-26 03:00:00,985.3620244716351,1772075250.7337108,163.7956118721461,162.56746473158435
2026-02-26 03:15:00,985.5129333333333,1772076150.4592783,165.2796305587229,164.08987393594373
2026-02-26 03:30:00,985.7063,1772077050.625694,164.96078677309006,163.83667418311282
2026-02-26 03:45:00,985.9043666666666,1772077950.6634357,165.2589156214367,164.19780279691582
2026-02-26 04:00:00,985.8741444444444,1772078850.571093,164.87640478905357,163.8078464591064
2026-02-26 04:15:00,985.9904555555555,1772079750.6606336,164.15279703534776,163.1268709043639
2026-02-26 04:30:00,986.0427444444445,1772080650.818723,165.20641277080958,164.19107156624398
2026-02-26 04:45:00,986.1626,1772081550.9949713,164.85454846066136,163.88064908151887
2026-02-26 05:00:00,986.1958046614872,1772082450.706404,164.38338382687928,163.4231203716395
2026-02-26 05:15:00,986.3362666666667,1772083350.644091,164.63774429223744,163.72198193863755
2026-02-26 05:30:00,986.3364999999999,1772084250.1879954,164.31831927023944,163.40440990559983
2026-02-26 05:45:00,986.3844493882092,1772085150.7774334,164.19033409350058,163.29279538815973
2026-02-26 06:00:00,986.4507333333333,1772086050.9326303,164.00298517673886,163.12809471939548
2026-02-26 06:15:00,986.5930888888889,1772086950.979577,164.8511938426454,164.0184697643644
2026-02-26 06:30:00,986.6172333333333,1772087850.998034,164.6975393386545,163.87350450424114
2026-02-26 06:45:00,986.6914999999999,1772088751.032079,164.483417331813,163.68476465694414
2026-02-26 07:00:00,986.6867888888888,1772089651.0974078,163.72973888255416,162.93321050901804
2026-02-26 07:15:00,986.8269555555556,1772090550.6437201,164.56227511415523,163.80761083492453
2026-02-26 07:30:00,986.7855888888889,1772091450.2795131,163.9407548460661,163.17544018306285
2026-02-26 07:45:00,986.8600888888889,1772092350.2438548,163.99088939566707,163.24966308032867
2026-02-26 08:00:00,986.8816,1772093250.1821263,164.77848004561005,164.04075112642795
2026-02-26 08:15:00,986.7859777777777,1772094150.2649245,165.2047958950969,164.43370827891593
2026-02-26 08:30:00,986.8111111111111,1772095050.316551,165.4238882554162,164.66005473735567
2026-02-26 08:45:00,986.6864333333333,1772095950.3964458,164.85232497149374,164.05021867388862
2026-02-26 09:00:00,986.648179800222,1772096850.3007622,164.8588257403189,164.04413679678854
2026-02-26 09:15:00,986.6038153503894,1772097750.7015655,164.3541712328767,163.52746590330617
2026-02-26 09:30:00,986.6133222222222,1772098650.6370566,164.4562132269099,163.63210585305816
2026-02-26 09:45:00,986.5442555555555,1772099550.680592,166.65892816419614,165.80087854431707
2026-02-26 10:00:00,986.3852333333333,1772100450.7016778,164.07689509692133,163.1802323489911
2026-02-26 10:15:00,986.3083333333333,1772101350.8205745,163.80351311288484,162.88329099165642
2026-02-26 10:30:00,986.2517444444445,1772102250.9056458,165.61627366020525,164.66723001229258
2026-02-26 10:45:00,986.1314888888888,1772103150.9981685,164.7724469783352,163.78884100149313
2026-02-26 11:00:00,986.0471365149833,1772104050.4596574,164.69577537058154,163.68501031557815
2026-02-26 11:15:00,985.8502888888889,1772104950.554301,164.71419954389967,163.6388848813171
2026-02-26 11:30:00,985.8114444444445,1772105850.6141903,164.4305974914481,163.34444374571302
2026-02-26 11:45:00,985.8321888888889,1772106750.7230337,164.37223147092362,163.29323797904402
2026-02-26 12:00:00,985.7933888888889,1772107650.8182428,165.68740820980614,164.58700901696665
2026-02-26 12:15:00,985.8092436040045,1772108550.5916164,164.73649543378997,163.64760073926632
2026-02-26 12:30:00,985.8053555555556,1772109450.3930743,165.26719270239454,164.17351350843268
2026-02-26 12:45:00,985.7016666666667,1772110350.504767,164.56879703534776,163.4458410241356
2026-02-26 13:00:00,985.6128,1772111250.6476946,165.0391984036488,163.8839023283057
2026-02-26 13:15:00,985.5495888888888,1772112150.7309833,165.1149464082098,163.93839332075584
2026-02-26 13:30:00,985.4400222222222,1772113050.8770463,165.47265108323833,164.25755086492288
2026-02-26 13:45:00,985.2856666666667,1772113950.938158,164.991913340935,163.72979027199935
2026-02-26 14:00:00,985.2324333333333,1772114851.0595152,166.25987571265676,164.97048843860745
2026-02-26 14:15:00,985.3113000000001,1772115751.0739973,165.13140250855187,163.87661359486574
2026-02-26 14:30:00,985.4602,1772116650.8985882,165.13377651083238,163.9277799823901
2026-02-26 14:45:00,985.6847333333333,1772117550.9913077,164.55343671607753,163.42505076250708
2026-02-26 15:00:00,985.8035000000001,1772118451.1075995,164.79525769669326,163.7040940746603
2026-02-26 15:15:00,985.8664444444445,1772119350.722727,164.83491438356165,163.76410296490593
2026-02-26 15:30:00,985.8635,1772120250.392719,165.0494663625998,163.97629551623012
2026-02-26 15:45:00,985.8211111111111,1772121150.5070336,165.12325427594072,164.0356964806426
2026-02-26 16:00:00,985.8026748057714,1772122050.483179,165.02603986332576,163.93307760315344
2026-02-26 16:15:00,985.816411111111,1772122950.6344392,165.91959931506847,164.82524715645877
2026-02-26 16:30:00,985.7116333333333,1772123850.1966622,165.24158152793615,164.11730605896688
2026-02-26 16:45:00,985.6683444444444,1772124750.217413,164.43249486887117,163.29958555992792
2026-02-26 17:00:00,985.9345161290323,1772125650.6176867,164.62857924743443,163.58137724057792
2026-02-26 17:15:00,986.0702333333334,1772126551.0320044,165.68111516533637,164.67190953666318
2026-02-26 17:30:00,986.1558,1772127450.6590302,165.25992237442924,164.28139395477223
2026-02-26 17:45:00,986.2649666666667,1772128350.2169187,164.43797263397948,163.5000047045229
2026-02-26 18:00:00,986.3648555555556,1772129250.3417947,164.7744857468643,163.86733210011423
2026-02-26 18:15:00,986.4187,1772130150.5442603,165.28663511972633,164.39436436602668
2026-02-26 18:30:00,986.4104550499446,1772131050.9490254,165.5247437357631,164.62847286523126
2026-02-26 18:45:00,986.4432888888889,1772131950.6035419,165.15357012542762,164.27009593927264
2026-02-26 19:00:00,986.4983,1772132850.8515646,165.3157582668187,164.44950857486387
2026-02-26 19:15:00,986.5425,1772133750.868103,165.5328757126568,164.68004540427836
2026-02-26 19:30:00,986.5896218020022,1772134651.2671719,164.76965525114156,163.93620628822532
2026-02-26 19:45:00,986.5878444444445,1772135550.8723953,165.6815769669327,164.84292928950683
2026-02-26 20:00:00,986.6911555555556,1772136450.7694635,165.37349258836943,164.57040476370418
2026-02-26 20:15:00,986.9082666666666,1772137350.6981227,164.5236009122007,163.7957486514395
2026-02-26 20:30:00,987.029988888889,1772138250.6992366,165.89275940706958,165.19906188933683
2026-02-26 20:45:00,987.2217333333334,1772139150.80808,164.74077194982897,164.11481572752027
2026-02-26 21:00:00,987.4692008879023,1772140051.2592142,165.4597756264237,164.91268833054596
2026-02-26 21:15:00,987.6120666666667,1772140950.5717888,164.3262077625571,163.82967319206148
2026-02-26 21:30:00,987.7383,1772141850.1933477,164.91466476624856,164.45786697949003
2026-02-26 21:45:00,987.8098,1772142750.321027,165.3551835803877,164.92074757956343
2026-02-26 22:00:00,987.959043381535,1772143650.6633644,164.51768378995436,164.1344327884097
2026-02-26 22:15:00,988.0382111111112,1772144550.3947937,164.5278415051311,164.17055880378172
2026-02-26 22:30:00,988.1076555555555,1772145450.522556,164.6350205245154,164.30032298177917
2026-02-26 22:45:00,988.1860777777779,1772146350.6348305,164.84299543899658,164.5336792599917
2026-02-26 23:00:00,988.275294117647,1772147250.198017,163.38565450399088,163.10817415401513
2026-02-26 23:15:00,988.3330777777778,1772148150.2850218,165.39464538198402,165.13283598879096
2026-02-26 23:30:00,988.2789655172414,1772149050.5586598,166.1688449258837,165.88785591789048
2026-02-26 23:45:00,988.3030555555556,1772149951.0287333,164.52948688711516,164.2591838382331
2026-02-27 00:00:00,988.215205327414,1772150850.429108,165.15990193842646,164.85959473919658
2026-02-27 00:15:00,988.2283111111111,1772151750.5060258,164.17151197263397,163.87729736915279
2026-02-27 00:30:00,988.2953503893216,1772152650.5507627,164.94657534246576,164.6730493791662
2026-02-27 00:45:00,988.3292999999999,1772153550.2939692,165.44806271379704,165.18492069574393
2026-02-27 01:00:00,988.4502888888888,1772154450.4127967,164.78023033067274,164.55796504079146
2026-02-27 01:15:00,988.5703444444445,1772155350.5187323,164.58874572405927,164.4062097386943
2026-02-27 01:30:00,988.7351666666666,1772156250.565361,164.96795781071836,164.83933067726528
2026-02-27 01:45:00,988.7419555555556,1772157150.6131635,164.83778677309007,164.71149753619906
2026-02-27 02:00:00,988.7011986681465,1772158050.540956,166.02165336374,165.88093498402574
2026-02-27 02:15:00,988.6960444444444,1772158950.555096,163.89852337514253,163.7579164417125
2026-02-27 02:30:00,988.7077753058954,1772159850.5931227,164.5888494868871,164.45150859993063
2026-02-27 02:45:00,988.7654777777777,1772160750.587078,164.28999087799315,164.17184452237902
2026-02-27 03:00:00,988.8888790233074,1772161650.1367493,164.98016647662485,164.90221704909908
2026-02-27 03:15:00,988.9329222222223,1772162550.245152,164.31461687571266,164.2514495867626
2026-02-27 03:30:00,988.9088,1772163450.3866777,165.2936921322691,165.22217721405386
2026-02-27 03:45:00,988.9964738598443,1772164350.9054215,163.86584834663626,163.82367477965983
2026-02-27 04:00:00,989.1924861265261,1772165250.6193902,164.15584150513115,164.17794247088878
2026-02-27 04:15:00,989.2338888888889,1772166150.7525039,164.32331014823262,164.3590429342962
2026-02-27 04:30:00,989.2921555555555,1772167050.9191415,163.13421208665906,163.18870211382196
2026-02-27 04:45:00,989.2581535038933,1772167951.0433025,164.1250205479452,164.16867700128577
2026-02-27 05:00:00,989.2513111111111,1772168850.5954587,163.98034549600914,164.0217188490841
2026-02-27 05:15:00,989.1958333333333,1772169750.6497037,164.68253705815277,164.7058115402023
2026-02-27 05:30:00,989.1317777777778,1772170650.6874073,163.83037970353476,163.83254363700135
2026-02-27 05:45:00,989.0332444444444,1772171550.6979637,163.68300798175596,163.65291625602296
2026-02-27 06:00:00,988.8700998890122,1772172450.4293783,163.86566628701593,163.78209194850868
2026-02-27 06:15:00,988.9000888888888,1772173350.8907104,164.47151197263398,164.39748857913165
2026-02-27 06:30:00,988.9581777777778,1772174250.9496303,164.80068757126568,164.7456546985976
2026-02-27 06:45:00,989.0400667408231,1772175150.914124,163.81540068493152,163.78751941868333
2026-02-27 07:00:00,989.0458934517203,1772176050.2954514,165.03500912200684,165.00884318570363
2026-02-27 07:15:00,989.1682424916575,1772176950.3910651,164.70706157354618,164.72124967499536
2026-02-27 07:30:00,989.2224222222222,1772177851.0208302,164.02797149372861,164.05987757417353
2026-02-27 07:45:00,989.2128222222221,1772178751.0792418,164.32181413911061,164.3506218144472
2026-02-27 08:00:00,989.1880444444444,1772179650.6809022,164.3859589041096,164.4066303610492
2026-02-27 08:15:00,989.0791111111112,1772180550.2425349,164.52898859749146,164.51383205545642
2026-02-27 08:30:00,989.0819555555556,1772181450.3164947,163.6797297605473,163.6655825255812
2026-02-27 08:45:00,989.0645777777777,1772182350.376118,163.84515621436714,163.8253007429036
2026-02-27 09:00:00,989.0371032186459,1772183250.3262148,165.13800227790432,165.10891729501682
2026-02-27 09:15:00,989.0619555555556,1772184150.899716,164.24295781071834,164.22219287549493
2026-02-27 09:30:00,989.0835222222222,1772185050.5935917,164.01767579908676,164.00401323306343
2026-02-27 09:45:00,989.1944666666667,1772185950.2079697,163.74146636259977,163.76416022105488
2026-02-27 10:00:00,989.2681312569522,1772186850.6739182,163.7027309007982,163.74954269955347
2026-02-27 10:15:00,989.2854222222222,1772187751.0896816,164.02506043329532,164.0776384275404
2026-02-27 10:30:00,989.2560000000001,1772188650.6775763,163.7459315068493,163.78878168328046
2026-02-27 10:45:00,989.3280444444443,1772189550.2889357,163.6199828962372,163.68638380361205
2026-02-27 11:00:00,989.3798779134295,1772190450.3674166,163.44245671981778,163.52573691658276
2026-02-27 11:15:00,989.3878,1772191350.9889162,164.63199657924744,164.71849269981084
2026-02-27 11:30:00,989.2701777777777,1772192251.055567,164.1916841505131,164.23930800539816
2026-02-27 11:45:00,989.1806777777778,1772193150.6350589,163.99990296803654,164.01810932734466
2026-02-27 12:00:00,989.0438,1772194050.2609046,164.7209087799316,164.69410308379372
2026-02-27 12:15:00,988.9363888888889,1772194950.360514,164.73215507411632,164.66996897923906
2026-02-27 12:30:00,988.9752000000001,1772195850.5088785,163.99354275940706,163.9443607210751
2026-02-27 12:45:00,988.8329810901,1772196750.680052,165.06478652968036,164.96835331013688
2026-02-27 13:00:00,988.817811111111,1772197650.2785356,164.05810490307869,163.9572852687946
2026-02-27 13:15:00,988.9057888888889,1772198550.3253527,164.6987297605473,164.62648083473363
2026-02-27 13:30:00,988.9209111111111,1772199450.3913996,163.19836602052453,163.1317090174384
2026-02-27 13:45:00,988.9549222222222,1772200350.4658542,164.38171721778792,164.32575430765107
2026-02-27 14:00:00,988.9854162042175,1772201250.2246711,163.33623804100228,163.29058951579108
2026-02-27 14:15:00,989.0714555555555,1772202150.297381,164.09671835803874,164.07908938468267
2026-02-27 14:30:00,989.064811111111,1772203050.3572147,164.48736602052452,164.46750947475897
2026-02-27 14:45:00,989.0961735261402,1772203950.392738,164.14942465753427,164.13990423200096
2026-02-27 15:00:00,989.2293118756937,1772204850.2078094,163.22053872437357,163.2545372650298
2026-02-27 15:15:00,989.2787222222223,1772205750.802032,164.1710741163056,164.2214983322026
2026-02-27 15:30:00,989.3624555555555,1772206650.86653,164.32367046750284,164.4016710471491
2026-02-27 15:45:00,989.5472222222222,1772207550.9986088,164.6614378563284,164.80048678865427
2026-02-27 16:00:00,989.6502780867631,1772208450.9392111,165.19971232876713,165.37329767274164
2026-02-27 16:15:00,989.6777111111111,1772209350.692723,164.10071949828964,164.2821633298403
2026-02-27 16:30:00,989.6980111111111,1772210250.7341645,164.21451995438994,164.40276423021845
2026-02-27 16:45:00,989.815611111111,1772211150.7848337,163.51098403648803,163.73692822392584
2026-02-27 17:00:00,989.836359600444,1772212050.215008,164.1650467502851,164.39871664891237
2026-02-27 17:15:00,989.8559888888889,1772212950.3156836,164.42401140250857,164.66451427487772
2026-02-27 17:30:00,989.8649555555555,1772213850.4058304,163.9329190421893,164.17564778436588
2026-02-27 17:45:00,989.8222888888889,1772214750.4644156,163.6601858608894,163.88852502739027
2026-02-27 18:00:00,989.7839710789766,1772215651.098467,164.2691425313569,164.4857253674305
2026-02-27 18:15:00,989.8614333333333,1772216550.6793025,164.69950342465756,164.94220528655924
2026-02-27 18:30:00,989.8487555555555,1772217450.2623734,164.26755758266816,164.50545174740827
2026-02-27 18:45:00,989.8497333333332,1772218350.3474836,164.3532029646522,164.59154302961048
2026-02-27 19:00:00,989.7427192008879,1772219250.256856,164.9213507972665,165.1251695372695
2026-02-27 19:15:00,989.6767408231368,1772220150.6947167,164.11020205479454,164.29133755094554
2026-02-27 19:30:00,989.7082888888889,1772221050.5309274,163.96234777651082,164.15367721478208
2026-02-27 19:45:00,989.7460666666667,1772221950.637767,164.4570843785633,164.6614317462997
2026-02-27 20:00:00,989.7644666666667,1772222850.7522492,164.26388141391107,164.4740412492241
2026-02-27 20:15:00,989.6605111111111,1772223750.8830519,164.1247787913341,164.30059718714517
2026-02-27 20:30:00,989.7672777777777,1772224650.9796195,163.3417867730901,163.5516863983496
2026-02-27 20:45:00,989.7539888888889,1772225550.8911366,164.75061687571267,164.95794262067812
2026-02-27 21:00:00,989.6908879023307,1772226450.227274,164.12612086659067,164.31192293482204
2026-02-27 21:15:00,989.675788888889,1772227350.320886,164.05598517673886,164.2367481459188
2026-02-27 21:30:00,989.5735150166853,1772228250.4948037,163.7736567844926,163.9205756603311
2026-02-27 21:45:00,989.5634333333334,1772229150.700804,163.78565525114155,163.92927949112365
2026-02-27 22:00:00,989.5760888888889,1772230050.22012,164.79427822120866,164.9429617631584
2026-02-27 22:15:00,989.6957666666666,1772230950.3206608,163.80729874572404,163.99434005703327
2026-02-27 22:30:00,989.8145333333334,1772231850.3858511,163.98871151653364,164.21496186670885
2026-02-27 22:45:00,989.8540444444444,1772232750.545958,163.3801140250855,163.61845369435653
2026-02-27 23:00:00,989.7873888888888,1772233650.671752,164.60511060433296,164.82326306729524
2026-02-27 23:15:00,989.8056333333334,1772234550.7817004,163.5690285062714,163.79178431256497
2026-02-27 23:30:00,989.8608333333333,1772235450.831194,163.9728836944128,164.21431774920842
2026-02-27 23:45:00,989.8283555555556,1772236350.8848565,163.76909007981754,163.99957103919107
2026-02-28 00:00:00,989.8690444444444,1772237250.854992,164.00748802736604,164.25167038894503
2026-02-28 00:15:00,989.9633777777777,1772238150.921408,163.75804446978336,164.03280005001616
2026-02-28 00:30:00,989.9611444444445,1772239050.997991,163.27629646522234,163.54951323899857
2026-02-28 00:45:00,990.1122333333333,1772239951.034402,164.4035872291904,164.72846010377745
2026-02-28 01:00:00,990.1599666666667,1772240850.6383371,164.70291210045662,165.0441319227748
2026-02-28 01:15:00,990.1252444444444,1772241750.2267985,164.15564310148233,164.48430621277905
2026-02-28 01:30:00,990.1060111111111,1772242650.3403256,164.05843215507412,164.3805773416392
2026-02-28 01:45:00,990.0947111111111,1772243550.4222105,163.89361915621436,164.2117294889023
2026-02-28 02:00:00,989.9206104328524,1772244450.4716146,164.4306104783599,164.69240698299546
2026-02-28 02:15:00,989.9024444444444,1772245351.0820456,163.5550410490308,163.80949189402992
2026-02-28 02:30:00,989.7797999999999,1772246250.6588528,165.3526221461187,165.56925229968678
2026-02-28 02:45:00,989.8576777777777,1772247150.2648401,164.2122485746864,164.4529971864748
2026-02-28 03:00:00,989.8253837597331,1772248050.9549468,163.65520182440136,163.88454843704216
2026-02-28 03:15:00,989.7379444444445,1772248951.0986183,164.00234663625997,164.20346155057402
2026-02-28 03:30:00,989.7976444444445,1772249851.1210353,164.2191676168757,164.44018140276717
2026-02-28 03:45:00,989.86,1772250750.6204305,164.1290821917808,164.37047228259135
2026-02-28 04:00:00,989.70743618202,1772251650.1331346,163.46937585421412,163.65985093021746
2026-02-28 04:15:00,989.5524111111112,1772252550.7259495,164.33027137970353,164.47074748934128
2026-02-28 04:30:00,989.5379532814238,1772253450.5628536,164.31911643835616,164.4548276237721
2026-02-28 04:45:00,989.5566888888889,1772254350.4016478,164.71739566704673,164.8596131656041
2026-02-28 05:00:00,989.5109766925639,1772255250.9111326,164.14532801822324,164.27203243449617
2026-02-28 05:15:00,989.5161222222222,1772256150.8060987,163.9148802736602,164.04309497495834
2026-02-28 05:30:00,989.4898555555556,1772257050.9281163,163.71307183580387,163.8325217873982
2026-02-28 05:45:00,989.4814,1772257950.9837434,164.60472633979475,164.7220412128766
2026-02-28 06:00:00,989.4730444444444,1772258851.3052337,164.13304446978336,164.24727839463537
2026-02-28 06:15:00,989.387511111111,1772259751.0926416,164.41361687571265,164.49990321719392
2026-02-28 06:30:00,989.3049388209121,1772260650.8426428,164.60029908675799,164.6594885337969
2026-02-28 06:45:00,989.3213555555554,1772261550.9065356,164.28212656784493,164.34659758201133
2026-02-28 07:00:00,989.2604666666666,1772262450.928728,165.12233637400226,165.16702222312526
2026-02-28 07:15:00,989.2755333333333,1772263350.9821715,164.82618700114026,164.8757608869335
2026-02-28 07:30:00,989.2021555555555,1772264251.0536792,164.9740125427594,164.9994145316008
2026-02-28 07:45:00,989.1921555555555,1772265151.081997,163.46375940706957,163.48565910774974
2026-02-28 08:00:00,989.2534184239734,1772266050.5001962,163.88166020524514,163.9236995349371
2026-02-28 08:15:00,989.1531,1772266950.5694914,164.55237286202967,164.5615638186908
2026-02-28 08:30:00,989.1885111111111,1772267850.5943875,165.0081242873432,165.0290280083078
2026-02-28 08:45:00,989.2354393770858,1772268750.782301,165.26482420091324,165.3012743176715
2026-02-28 09:00:00,989.1327,1772269650.4410145,164.32023831242873,164.322711799966
2026-02-28 09:15:00,989.0678999999999,1772270550.5393364,164.20063055872293,164.18182290270306
2026-02-28 09:30:00,989.0210333333333,1772271450.586451,164.65035917901938,164.61606927469697
2026-02-28 09:45:00,988.8869,1772272350.6087484,165.1008369441277,165.02217733575014
2026-02-28 10:00:00,988.7977025527191,1772273250.3783982,164.70680296127563,164.5989648496856
2026-02-28 10:15:00,988.8452222222222,1772274150.541286,164.6193694412771,164.52722439047136
2026-02-28 10:30:00,988.8491666666667,1772275050.623668,165.01717217787913,164.9261055371306
2026-02-28 10:45:00,988.8250333333333,1772275950.6794212,164.3581710376283,164.25953962251953
2026-02-28 11:00:00,988.8765777777777,1772276850.5999377,164.20775342465754,164.12613098362877
2026-02-28 11:15:00,988.8620578420467,1772277750.4163032,165.84585062713796,165.7586002618557
2026-02-28 11:30:00,988.9611333333332,1772278650.9622,164.39098631698974,164.33706167005562
2026-02-28 11:45:00,989.0889555555556,1772279551.0806136,165.64213112884835,165.63013308441663
2026-02-28 12:00:00,989.1682019977802,1772280450.5590556,163.57032269099204,163.58439962379714
2026-02-28 12:15:00,989.1437444444445,1772281350.6357574,165.91586659064993,165.92202908972365
2026-02-28 12:30:00,989.1047,1772282250.69224,164.20542189281642,164.19869826746827
2026-02-28 12:45:00,989.212680756396,1772283150.4380395,165.5432305936073,165.572205552946
2026-02-28 13:00:00,989.2449888888889,1772284050.3958256,165.6050102622577,165.64469903083335
2026-02-28 13:15:00,989.1777666666667,1772284950.508406,164.70589167616876,164.72321735245774
2026-02-28 13:30:00,989.2598444444444,1772285850.6152859,164.66857696693273,164.71293504224465
2026-02-28 13:45:00,989.1819111111112,1772286750.6641703,165.31147662485748,165.33023640187616
2026-02-28 14:00:00,989.1989777777777,1772287650.7927675,165.14412884834664,165.1685072900051
2026-02-28 14:15:00,989.2420111111111,1772288550.874372,164.18789623717217,164.22626731972628
2026-02-28 14:30:00,989.3413777777778,1772289450.9233966,165.0454104903079,165.11679292610646
2026-02-28 14:45:00,989.3211888888889,1772290350.981478,165.48610034207525,165.55098866103728
2026-02-28 15:00:00,989.3288555555555,1772291250.5496945,165.27469634703195,165.3420369980608
2026-02-28 15:15:00,989.3694333333333,1772292150.2337046,164.91890193842647,164.99948770389545
2026-02-28 15:30:00,989.4519444444444,1772293050.300052,165.04646750285065,165.15436749388485
2026-02-28 15:45:00,989.5019222222222,1772293950.4271247,164.95303762827822,165.07737611525687
2026-02-28 16:00:00,989.4678777777777,1772294850.6255393,164.44673204104905,164.5594838305547
2026-02-28 16:15:00,989.3720555555556,1772295750.7092316,164.15202622576965,164.23309857515474
2026-02-28 16:30:00,989.3886888888889,1772296650.7320864,164.65832725199544,164.74513008642046
2026-02-28 16:45:00,989.2936888888888,1772297550.5137196,165.65048232611176,165.70632100217009
2026-02-28 17:00:00,989.3592230854606,1772298450.4712877,165.0481583143508,165.1254352618164
2026-02-28 17:15:00,989.6423470522803,1772299350.8703582,164.82033333333334,164.9909029229809
2026-02-28 17:30:00,989.8486888888889,1772300250.6741092,164.53977309007982,164.77803951003952
2026-02-28 17:45:00,989.8450222222222,1772301150.6890569,164.2140661345496,164.45065492955214
2026-02-28 18:00:00,989.83089900111,1772302050.5681627,164.14672779043278,164.37857639325344
2026-02-28 18:15:00,989.7353777777778,1772302950.6622753,164.61525570776257,164.81627616906738
2026-02-28 18:30:00,989.6633999999999,1772303850.3096068,164.41395553021664,164.5910346738027
2026-02-28 18:45:00,989.9195555555556,1772304750.3397071,164.5692976054732,164.83096716613426
2026-02-28 19:00:00,989.9232703003337,1772305650.6738129,165.28752853881278,165.5515700648543
2026-02-28 19:15:00,989.8583222222222,1772306550.7426095,165.70251025056947,165.9456575934616
2026-02-28 19:30:00,989.9291444444444,1772307450.6519775,164.63111643835617,164.8960466020209
2026-02-28 19:45:00,989.9560888888889,1772308350.2271378,165.8547662485747,166.13061790559968
2026-02-28 20:00:00,989.9340288568258,1772309250.1787791,164.52231207289293,164.78867692860354
2026-02-28 20:15:00,989.8949666666667,1772310150.7784567,164.20344469783353,164.4564447412779
2026-02-28 20:30:00,989.7494549499444,1772311050.5075862,164.75659931506848,164.96243672245055
2026-02-28 20:45:00,989.7680222222222,1772311950.627448,164.28975712656785,164.50111984894804
2026-02-28 21:00:00,989.8109888888888,1772312850.7659569,165.0887001140251,165.31529617984742
2026-02-28 21:15:00,989.8151444444444,1772313750.8705628,165.05932725199543,165.28725671650795
2026-02-28 21:30:00,989.7093555555555,1772314650.9628594,164.61319498289623,164.8056354867977
2026-02-28 21:45:00,989.5934222222223,1772315551.0057178,165.17881755986318,165.33357951228513
2026-02-28 22:00:00,989.4814206437292,1772316450.790552,164.6889087799316,164.80629045482596
2026-02-28 22:15:00,989.5111,1772317350.272721,164.73233751425315,164.85953570224447
2026-02-28 22:30:00,989.5160666666667,1772318250.3681238,164.88028734321549,165.00923885440105
2026-02-28 22:45:00,989.4976666666666,1772319150.4275224,164.17249600912203,164.2948478009022
2026-02-28 23:00:00,989.4114571746385,1772320051.1234946,164.84321550741163,164.93762633228187
2026-02-28 23:15:00,989.3403333333334,1772320950.6516986,164.60527283105023,164.67612091604394
2026-02-28 23:30:00,989.3082666666666,1772321850.279513,165.30221436716076,165.36275681926935
2026-02-28 23:45:00,989.3182333333333,1772322750.381351,164.40246180159636,164.46595303850853
2026-03-01 00:00:00,989.1751111111112,1772323650.4370813,164.92429874572403,164.94077137551227
2026-03-01 00:15:00,989.0948555555556,1772324550.5313125,164.69517673888257,164.68519055948423
2026-03-01 00:30:00,989.3884333333334,1772325450.3973885,164.80062143671606,164.8874150084721
2026-03-01 00:45:00,989.2637666666666,1772326350.5123727,164.73777194982898,164.7834412942206
2026-03-01 01:00:00,989.1936625971143,1772327250.4561548,166.14555125284738,166.1683110850879
2026-03-01 01:15:00,989.0140222222223,1772328151.0653083,164.57779589509693,164.54121385308324
2026-03-01 01:30:00,988.9739444444444,1772329050.7139156,164.65591552511415,164.60612149489606
2026-03-01 01:45:00,989.0073303670745,1772329950.318299,164.38981071835804,164.35107081949656
2026-03-01 02:00:00,988.9540732519423,1772330850.5327177,164.6092497149373,164.55292994120092
2026-03-01 02:15:00,988.7499222222223,1772331750.6230857,165.07748688711519,164.95364224620354
2026-03-01 02:30:00,988.6829666666666,1772332650.7269342,165.13836602052453,164.99237991447015
2026-03-01 02:45:00,988.5845272525028,1772333550.6053255,164.54549543378994,164.36766973895038
2026-03-01 03:00:00,988.6270699223086,1772334450.5010073,164.37583940774488,164.2121685153285
2026-03-01 03:15:00,988.5282222222222,1772335350.6549463,164.1171803652968,163.92135732077887
2026-03-01 03:30:00,988.6320333333334,1772336250.2896821,164.9241071835804,164.76152592493582
2026-03-01 03:45:00,988.6643777777779,1772337150.4611652,163.82772976054733,163.67681703358198
2026-03-01 04:00:00,988.6280978865407,1772338050.8312244,165.7694805936073,165.6047625080101
2026-03-01 04:15:00,988.5825555555556,1772338950.3844886,165.06306613454962,164.88403089275684
2026-03-01 04:30:00,988.5882888888889,1772339850.2501376,163.32116989737742,163.14589472784843
2026-03-01 04:45:00,988.5349555555555,1772340750.3156102,164.74664196123146,164.55228380501288
2026-03-01 05:00:00,988.5751165371809,1772341650.284114,164.37567312072892,164.19494054151681
2026-03-01 05:15:00,988.5151666666666,1772342550.8644493,165.2534481185861,165.05195954396947
2026-03-01 05:30:00,988.4551167964405,1772343450.7473943,165.6590776255708,165.43722431817955
2026-03-01 05:45:00,988.383788888889,1772344350.6061764,165.24639794754847,165.00155719677286
2026-03-01 06:00:00,988.3327777777778,1772345250.6666174,164.79805245153932,164.53708870540947
2026-03-01 06:15:00,988.3752222222222,1772346150.7658033,165.05199543899658,164.80461905206482
2026-03-01 06:30:00,988.3794666666668,1772347050.8405993,164.6796111744584,164.43418876670023
2026-03-01 06:45:00,988.3546777777779,1772347950.920492,164.774842645382,164.52112152014243
2026-03-01 07:00:00,988.2235627081021,1772348850.4419131,164.20413454960092,163.90830486986835
2026-03-01 07:15:00,988.1116333333333,1772349750.5112085,165.18376738882554,164.849265724168
2026-03-01 07:30:00,988.0460555555555,1772350650.549121,164.73815393386545,164.38299349195287
2026-03-01 07:45:00,987.9454333333333,1772351550.6678388,165.43219270239453,165.04231878413833
2026-03-01 08:00:00,987.8016685205783,1772352451.007084,164.99792351598174,164.5617498581829
2026-03-01 08:15:00,987.6866111111111,1772353350.6252193,165.2506944127708,164.77593080609037
2026-03-01 08:30:00,987.6111111111111,1772354250.5781903,164.00557240592929,163.50969419442038
2026-03-01 08:45:00,987.5822333333333,1772355150.6365073,165.14635575826682,164.63751933108392
2026-03-01 09:00:00,987.5446333333333,1772356050.8179874,164.76115165336373,164.2411506889176
2026-03-01 09:15:00,987.5364333333332,1772356950.8941107,165.54655872291903,165.02137257065206
2026-03-01 09:30:00,987.5488777777778,1772357850.7556894,164.888582668187,164.36957482916984
2026-03-01 09:45:00,987.5487777777777,1772358750.8367534,165.5555062713797,165.03436619840494
2026-03-01 10:00:00,987.4817647058824,1772359650.3172684,164.9514275940707,164.41015232076285
2026-03-01 10:15:00,987.4957333333333,1772360550.4030812,166.16953819840364,165.6288929419057
2026-03-01 10:30:00,987.4932035595106,1772361450.5839057,165.76424059293043,165.22407804187026
2026-03-01 10:45:00,987.5350555555556,1772362350.6510735,164.27399086757993,163.75239062818525
2026-03-01 11:00:00,987.5613651498336,1772363250.181804,164.9764840546697,164.4613068625954
2026-03-01 11:15:00,987.5663222222222,1772364150.8514214,165.0104526795895,164.4968002496437
2026-03-01 11:30:00,987.4947444444446,1772365050.9484391,165.66923033067275,165.12988627340906
2026-03-01 11:45:00,987.4523666666666,1772365951.030664,166.56510718358038,166.0087757943224
2026-03-01 12:00:00,987.4221357063403,1772366851.2638364,165.36439840182646,164.80211285473283
2026-03-01 12:15:00,987.3851666666666,1772367750.8798435,165.43668871151652,164.86196732913183
2026-03-01 12:30:00,987.3999444444444,1772368650.9954998,165.11923603192704,164.55048077827024
2026-03-01 12:45:00,987.3515666666666,1772369550.6205664,165.80568835616438,165.21858201989983
2026-03-01 13:00:00,987.4431222222222,1772370450.158583,164.63472405929303,164.0818064768974
2026-03-01 13:15:00,987.4686888888889,1772371350.2810686,165.79648346636262,165.24811364327837
2026-03-01 13:30:00,987.4383333333333,1772372250.3525822,165.77323261117445,165.21490900482507
2026-03-01 13:45:00,987.4581444444444,1772373150.3280106,165.42641391106042,164.8757910045628
2026-03-01 14:00:00,987.4289900110988,1772374050.3473024,165.01850455580865,164.45964964291457
2026-03-01 14:15:00,987.3314777777778,1772374951.0148323,166.10096123147093,165.50615955133813
2026-03-01 14:30:00,987.2373,1772375851.0740592,166.07409578107183,165.44822427791416
2026-03-01 14:45:00,987.1798442714128,1772376751.0554316,165.9385901826484,165.29423405703042
2026-03-01 15:00:00,987.2431409544951,1772377650.1500964,165.849818700114,165.22672256612643
2026-03-01 15:15:00,987.1942222222222,1772378550.2104955,165.3457274800456,164.70840977026734
2026-03-01 15:30:00,987.12,1772379450.4548218,165.8723842645382,165.20851047385244
2026-03-01 15:45:00,987.0409,1772380350.6659894,165.3217271689498,164.63401012160026
2026-03-01 16:00:00,987.0325860155383,1772381250.2139888,165.4316157354618,164.7407022398067
2026-03-01 16:15:00,986.9277333333333,1772382150.2878048,165.82506043329533,165.0978782023951
2026-03-01 16:30:00,986.9458555555556,1772383050.418764,166.19225997719496,165.4694647293167
2026-03-01 16:45:00,986.9317333333333,1772383950.5453782,165.32749258836947,164.60380913571967
2026-03-01 17:00:00,986.9221555555555,1772384850.1549308,166.13483580387685,165.4044499456619
2026-03-01 17:15:00,986.9295222222223,1772385750.3091934,167.0617993158495,166.3297887814987
2026-03-01 17:30:00,987.0282222222222,1772386650.4337935,165.66752337514254,164.97418479506675
2026-03-01 17:45:00,986.9925111111111,1772387550.535326,166.04263511972636,165.33591757137003
2026-03-01 18:00:00,987.0024026696328,1772388450.4457655,166.1210194063927,165.41724067184896
2026-03-01 18:15:00,987.0886444444445,1772389350.2183416,167.37892246294186,166.69856484945817
2026-03-01 18:30:00,986.9977666666667,1772390250.2321444,165.94085746864312,165.2363099186307
2026-03-01 18:45:00,987.0007222222223,1772391150.2351568,166.22781870011403,165.52303119940595
2026-03-01 19:00:00,986.94628190899,1772392050.2533915,166.6722596810934,165.94751834651038
2026-03-01 19:15:00,986.9078777777778,1772392950.8754869,165.72811060433298,164.99480126444985
2026-03-01 19:30:00,986.8300444444445,1772393850.9566636,165.95290535917903,165.19288432618805
2026-03-01 19:45:00,986.8050389321469,1772394750.7507787,166.07322716894976,165.30438784491363
2026-03-01 20:00:00,986.7397555555556,1772395650.6938655,165.44199771949832,164.6545808672425
2026-03-01 20:15:00,986.7134555555556,1772396550.8175368,166.51481641961232,165.71357675148363
2026-03-01 20:30:00,986.6383888888889,1772397450.896538,165.76965792474343,164.94723788900546
2026-03-01 20:45:00,986.6477,1772398350.9968312,166.02027023945269,165.19968321701063
2026-03-01 21:00:00,986.6620666666666,1772399250.6436129,166.7983390410959,165.97867531648419
2026-03-01 21:15:00,986.5829111111111,1772400150.1920424,165.83190535917902,164.99086883095146
2026-03-01 21:30:00,986.5729555555555,1772401050.2610672,166.14170353477766,165.29580457180467
2026-03-01 21:45:00,986.6269,1772401950.3604324,166.12782098061572,165.29982575222715
2026-03-01 22:00:00,986.6703666666667,1772402850.537006,166.7639977194983,165.94725745318607
2026-03-01 22:15:00,986.6313,1772403750.6560822,165.88855644241733,165.06320627871742
2026-03-01 22:30:00,986.5811333333332,1772404650.6909153,165.8783511972634,165.03649231590043
2026-03-01 22:45:00,986.5235222222223,1772405550.5594351,165.85535689851767,164.9946025768065
2026-03-01 23:00:00,986.4905882352941,1772406450.5125053,166.03420728929385,165.16164555053257
2026-03-01 23:15:00,986.4878,1772407350.6453722,166.87105707762558,165.99317177261725
2026-03-01 23:30:00,986.4315239154616,1772408250.2721207,166.2297787913341,165.33665711508095
2026-03-01 23:45:00,986.4162777777777,1772409150.970644,166.230322690992,165.33215666195716
2026-03-02 00:00:00,986.4521333333333,1772410051.0555847,167.0711676168757,166.18037493540447
2026-03-02 00:15:00,986.4827333333333,1772410950.6432197,166.4809885844749,165.60347725154415
2026-03-02 00:30:00,986.5153999999999,1772411850.1800227,166.45082098061573,165.58428647931783
2026-03-02 00:45:00,986.5315666666667,1772412750.2705278,165.6913694412771,164.83411815636072
2026-03-02 01:00:00,986.496603773585,1772413650.337539,165.53162300683374,164.66368357528827
2026-03-02 01:15:00,986.4850444444445,1772414550.9109266,165.74176168757126,164.86890883437098
2026-03-02 01:30:00,986.5029555555556,1772415450.5608122,166.3389006849315,165.46883044840953
2026-03-02 01:45:00,986.5253555555556,1772416350.2460423,166.5502748004561,165.68652151753096
2026-03-02 02:00:00,986.5658999999999,1772417250.8530726,165.71001710376282,164.86398961182957
2026-03-02 02:15:00,986.5447222222222,1772418150.9440048,165.16385518814138,164.313656365796
2026-03-02 02:30:00,986.6247222222222,1772419051.0207047,165.6873683010262,164.86085026420176
2026-03-02 02:45:00,986.6668743047832,1772419951.1319654,164.99831242873432,164.1890729306718
2026-03-02 03:00:00,986.6764927857935,1772420850.686163,166.2418551881414,165.42969902908908
2026-03-02 03:15:00,986.7819999999999,1772421750.7510533,166.3676887115165,165.58985596918228
2026-03-02 03:30:00,986.9104004449389,1772422650.6656804,165.29369178082192,164.56313491974345
2026-03-02 03:45:00,986.9684333333333,1772423550.431448,165.27030102622578,164.55894609998538
2026-03-02 04:00:00,986.9886222222221,1772424450.5127165,165.0817708095781,164.37786443226662
2026-03-02 04:15:00,987.0108222222221,1772425350.5894632,166.19020068415054,165.48891552198538
2026-03-02 04:30:00,987.0848666666666,1772426250.5262818,166.33363055872294,165.6562701914705
2026-03-02 04:45:00,987.2213666666668,1772427150.48848,166.119669327252,165.4883524281575
2026-03-02 05:00:00,987.2736736958935,1772428050.4070344,165.6809020501139,165.06852021543338
2026-03-02 05:15:00,987.3603333333334,1772428951.05428,166.06837058152794,165.4832355531848
2026-03-02 05:30:00,987.4616129032257,1772429851.0509198,165.8304691780822,165.27964789828692
2026-03-02 05:45:00,987.5477111111111,1772430750.9442887,165.53023261117445,165.00882007611506
2026-03-02 06:00:00,987.5964150943396,1772431650.5339367,165.32638768529077,164.82167141419467
2026-03-02 06:15:00,987.6694771968854,1772432550.1544306,166.19317579908676,165.71002583269328
2026-03-02 06:30:00,987.7685111111111,1772433450.3105638,166.3961778791334,165.94530292435877
2026-03-02 06:45:00,987.8571444444444,1772434350.3628895,166.55843101482327,166.13656427609808
2026-03-02 07:00:00,987.9597,1772435250.489135,165.25461915621437,164.86986794517946
2026-03-02 07:15:00,988.0127555555555,1772436150.6028001,165.57400684150514,165.20604128817368
2026-03-02 07:30:00,988.084211111111,1772437050.7128336,165.97696807297606,165.63177592331257
2026-03-02 07:45:00,988.1345,1772437950.767548,164.86455872291904,164.53822817414374
2026-03-02 08:00:00,988.3038068812431,1772438850.2660835,165.1013557582668,164.8303608768974
2026-03-02 08:15:00,988.3703222222222,1772439750.3710105,165.32939908779932,165.0799891424141
2026-03-02 08:30:00,988.4222469410456,1772440650.4286783,165.61966095890412,165.38698758883075
2026-03-02 08:45:00,988.5039888888889,1772441550.1664934,165.67116419612316,165.46546719902508
2026-03-02 09:00:00,988.4951555555556,1772442450.278254,165.04233637400228,164.8345080262802
2026-03-02 09:15:00,988.5764999999999,1772443350.299075,165.3209384264538,165.13962344768487
2026-03-02 09:30:00,988.6537555555556,1772444250.3659375,165.41092588369443,165.25504397953603
2026-03-02 09:45:00,988.7070222222223,1772445150.469392,166.06135119726338,165.92253167645887
2026-03-02 10:00:00,988.8315538290788,1772446050.5172908,165.65998861047836,165.56273506217767
2026-03-02 10:15:00,988.8938598442713,1772446951.0271754,164.6279326484018,164.5517888412924
2026-03-02 10:30:00,988.9498,1772447850.8771439,165.9496966932725,165.8915004976223
2026-03-02 10:45:00,989.0769333333333,1772448750.9447975,165.73416077537058,165.7181714156364
2026-03-02 11:00:00,989.2076333333333,1772449651.1060007,166.65151767388824,166.67900400883983
2026-03-02 11:15:00,989.3808777777778,1772450550.7200434,165.07797602739726,165.16241986364244
2026-03-02 11:30:00,989.4567444444444,1772451450.3263125,166.20407411630558,166.31432750859597
2026-03-02 11:45:00,989.5209222222223,1772452350.5875757,165.65070159453302,165.78186555864227
2026-03-02 12:00:00,989.5915777777777,1772453250.9999297,164.86919840364882,165.023061509929
2026-03-02 12:15:00,989.6961,1772454151.0836136,165.8477833523375,166.03726525689757
2026-03-02 12:30:00,989.7652111111112,1772455051.1520681,165.30263055872294,165.51436580596356
2026-03-02 12:45:00,989.8775555555555,1772455950.7066135,165.25809589041097,165.50695749031271
2026-03-02 13:00:00,990.0324222222222,1772456850.5864136,165.46809111617313,165.76860505910923
2026-03-02 13:15:00,990.1227,1772457751.1371684,166.0859270239453,166.41760795727956
2026-03-02 13:30:00,990.1866555555556,1772458650.6728394,165.45018493150684,165.80180279631293
2026-03-02 13:45:00,990.3256666666666,1772459550.2684128,165.3726305587229,165.7701649870346
2026-03-02 14:00:00,990.4582333333333,1772460450.3944907,165.10549486887115,165.54627315465586
2026-03-02 14:15:00,990.5477666666667,1772461350.4524794,165.2700581527936,165.74095179203124
2026-03-02 14:30:00,990.5873888888888,1772462250.5039358,165.0723261117446,165.55577522107245
2026-03-02 14:45:00,990.5462,1772463150.5553153,165.866685290764,166.33875766679694
2026-03-02 15:00:00,990.736859045505,1772464050.2469342,166.1491731207289,166.6855976011001
2026-03-02 15:15:00,990.7987333333334,1772464950.8134062,165.1126225769669,165.66620016769917
2026-03-02 15:30:00,990.9001446051168,1772465850.537331,165.45023744292237,166.03861992450942
2026-03-02 15:45:00,990.9366777777778,1772466750.601042,165.05269099201823,165.65176282559466
2026-03-02 16:00:00,990.9383,1772467650.653564,165.09571151653364,165.69547708541407
2026-03-02 16:15:00,990.9964777777777,1772468550.6610193,165.33829988597492,165.9582557801777
2026-03-02 16:30:00,991.0432555555556,1772469450.8340902,165.38857696693273,166.02425314579966
2026-03-02 16:45:00,991.0610333333333,1772470350.9053485,165.59194982896238,166.23431812625637
2026-03-02 17:00:00,991.0966444444443,1772471250.936458,165.737,166.39178134984346
2026-03-02 17:15:00,991.1810888888889,1772472150.9818428,164.7425644241733,165.4213525016443
2026-03-02 17:30:00,991.2627333333334,1772473050.8350942,167.0861322690992,167.8019745000684
2026-03-02 17:45:00,991.2955666666667,1772473950.9047306,165.65454161915622,166.3751754726459
2026-03-02 18:00:00,991.4117,1772474851.0168617,165.1173660205245,165.87418561173433
2026-03-02 18:15:00,991.4942666666667,1772475751.0929432,165.32031698973776,166.1054941010923
2026-03-02 18:30:00,991.5031888888889,1772476650.6935942,166.29865410958905,167.09145939131483
2026-03-02 18:45:00,991.474688888889,1772477550.2193594,165.92611858608893,166.7076452508651
2026-03-02 19:00:00,991.5422,1772478450.2355893,165.51857354618014,166.32063610370503
2026-03-02 19:15:00,991.6756555555555,1772479350.2665737,164.5364435575827,165.37788225714135
2026-03-02 19:30:00,991.7879444444444,1772480250.2954519,165.07407411630558,165.95552799534525
2026-03-02 19:45:00,991.8413666666668,1772481150.683162,165.2728200455581,166.17308890058703
2026-03-02 20:00:00,991.9036514983352,1772482050.5596015,165.7595416191562,166.68322410838175
2026-03-02 20:15:00,992.0073222222222,1772482950.664253,163.8960330672748,164.8435066444759
2026-03-02 20:30:00,992.0625250278088,1772483850.4162378,165.72510159817352,166.7015526866098
2026-03-02 20:45:00,992.0884222222223,1772484750.6169462,165.93963055872294,166.9259912560258
2026-03-02 21:00:00,992.1344062153163,1772485650.1067777,164.87297377423033,165.8682480310581
2026-03-02 21:15:00,992.1785000000001,1772486550.2097042,165.2129361459521,166.22492094928387
2026-03-02 21:30:00,992.2348832035594,1772487450.6729906,165.68509122006841,166.71876734845185
2026-03-02 21:45:00,992.3003,1772488351.0233572,165.11978677309008,166.17167549533983
2026-03-02 22:00:00,992.4396111111112,1772489250.6740756,166.31739041095892,167.42354984082664
2026-03-02 22:15:00,992.5085666666668,1772490150.184293,164.93510946408207,166.05497473610177
2026-03-02 22:30:00,992.6097111111111,1772491050.307078,165.00794754846066,166.16191668158015
2026-03-02 22:45:00,992.6774222222223,1772491950.4024148,166.43528848346637,167.62193780311782
2026-03-02 23:00:00,992.7737,1772492850.7031713,164.62944191343962,165.83514532341576
2026-03-02 23:15:00,992.8223222222223,1772493750.6840463,164.60894292237444,165.83062152564764
2026-03-02 23:30:00,992.9004,1772494650.271203,164.39057354618015,165.6364945163483
2026-03-02 23:45:00,992.9176555555555,1772495550.3957326,164.16261003420752,165.412511733312
2026-03-03 00:00:00,992.9728555555556,1772496450.5946002,165.26768529076398,166.54438630002628
2026-03-03 00:15:00,993.0482444444444,1772497350.6782491,165.71950969213228,167.0248828093424
2026-03-03 00:30:00,993.2038888888889,1772498250.5485675,164.26031128848348,165.6057334970635
2026-03-03 00:45:00,993.3047666666666,1772499150.4564333,164.3465267958951,165.72608796405873
2026-03-03 01:00:00,993.4117333333334,1772500050.500353,165.0042793614595,166.42496188912227
2026-03-03 01:15:00,993.4998888888888,1772500950.5730383,164.09090193842644,165.532903027741
2026-03-03 01:30:00,993.5594111111111,1772501850.6655595,164.31828392246294,165.782017456936
2026-03-03 01:45:00,993.6268444444445,1772502750.720742,164.1000456100342,165.58416537446502
2026-03-03 02:00:00,993.6865111111111,1772503650.8030179,164.89067844925884,166.40180478930552
2026-03-03 02:15:00,993.7460444444445,1772504550.8821867,164.5077023945268,166.03508705117534
2026-03-03 02:30:00,993.8382888888889,1772505450.969142,164.98967274800455,166.55225650269537
2026-03-03 02:45:00,993.8425416204217,1772506351.1154292,164.64705815279362,166.2078107424691
2026-03-03 03:00:00,993.8482,1772507250.680254,163.96443329532497,165.5205881682919
2026-03-03 03:15:00,993.8419333333333,1772508150.7644205,163.76566704675028,165.3178634706415
2026-03-03 03:30:00,993.7738666666668,1772509050.835144,164.9084150513113,166.44878184833993
2026-03-03 03:45:00,993.729466073415,1772509950.8211174,165.8729315068493,167.40744096283387
2026-03-03 04:00:00,993.738346281909,1772510850.587452,164.26596013667427,165.78854776435816
2026-03-03 04:15:00,993.7592,1772511751.150678,164.47495096921324,166.00639929804302
2026-03-03 04:30:00,993.7721555555555,1772512650.668799,164.8865719178082,166.42616513548842
2026-03-03 04:45:00,993.7824111111112,1772513550.306484,164.07553819840365,165.61095539148155
2026-03-03 05:00:00,993.7798444444445,1772514450.748128,163.99854846066137,165.53239544942377
2026-03-03 05:15:00,993.7303666666667,1772515350.4840307,164.10176054732042,165.62018301080482
2026-03-03 05:30:00,993.8035666666667,1772516250.559766,164.06289851767391,165.60520422071272
2026-03-03 05:45:00,993.7967555555556,1772517150.5839658,164.24255530216647,165.78429153847316
2026-03-03 06:00:00,993.8044938820912,1772518050.7116632,164.0671586757991,165.60981153895497
2026-03-03 06:15:00,993.9092999999999,1772518950.4864843,163.461417331813,165.03296397314398
2026-03-03 06:30:00,993.9343666666666,1772519850.6118777,163.7279977194983,165.31039466465916
2026-03-03 06:45:00,993.9304666666666,1772520750.6365821,164.1959076396807,165.78153373561037
2026-03-03 07:00:00,993.8566925638179,1772521650.6093676,164.4110580865604,165.97427085967848
2026-03-03 07:15:00,993.8502222222222,1772522550.6769447,163.70404223744293,165.2583941660478
2026-03-03 07:30:00,993.8066518353726,1772523450.734579,164.26674914481188,165.81199429875554
2026-03-03 07:45:00,993.7327444444444,1772524351.03843,165.06611174458382,166.5942495306341
2026-03-03 08:00:00,993.6998777777777,1772525250.605611,164.71878196347032,166.232776869897
2026-03-03 08:15:00,993.6567555555556,1772526150.2508376,163.08792588369442,164.57273685614808
2026-03-03 08:30:00,993.7039111111111,1772527050.3137867,163.93851311288483,165.44667086014735
2026-03-03 08:45:00,993.7441555555556,1772527950.3318374,164.72494982896237,166.25372346563498
2026-03-03 09:00:00,993.6039222222222,1772528850.4084966,164.53585062713796,166.0163007098233
2026-03-03 09:15:00,993.6020555555556,1772529750.7227712,164.25294077448746,165.73022658178235
2026-03-03 09:30:00,993.5572444444446,1772530650.6359544,163.81213242009133,165.27064102497133
2026-03-03 09:45:00,993.5070777777778,1772531550.2203312,164.68945838084377,166.13910816963502
2026-03-03 10:00:00,993.4198,1772532450.282257,164.46081527936147,165.87949476309242
2026-03-03 10:15:00,993.3327,1772533350.4029343,164.2286202964652,165.6164439115623
2026-03-03 10:30:00,993.4284444444445,1772534250.4542298,164.81733181299884,166.2419608100692
2026-03-03 10:45:00,993.4863555555555,1772535150.4534376,164.21437514253137,165.65297755736705
2026-03-03 11:00:00,993.4559711431742,1772536050.5557873,164.57194760820047,166.0035943919501
2026-03-03 11:15:00,993.3567777777778,1772536950.68479,164.95639383561644,166.35837843105963
2026-03-03 11:30:00,993.3470077864293,1772537850.307727,164.8196180159635,166.2171922241709
2026-03-03 11:45:00,993.3670666666667,1772538750.8590903,163.82409350057014,165.21985435924603
2026-03-03 12:00:00,993.383218645949,1772539650.4374487,163.81188141391104,165.21287517080182
2026-03-03 12:15:00,993.3950777777777,1772540550.5360262,164.35019156214366,165.7597206785294
2026-03-03 12:30:00,993.2957953281424,1772541450.460799,164.07961529680364,165.4539672369576
2026-03-03 12:45:00,993.3109555555556,1772542350.3206625,164.45867958950967,165.8412349263262
2026-03-03 13:00:00,993.4556222222221,1772543250.4620974,164.6336431014823,166.065710699951
2026-03-03 13:15:00,993.5302888888889,1772544150.4741273,164.49255644241734,165.94817654108994
2026-03-03 13:30:00,993.6137444444445,1772545050.5073645,164.75968301026225,166.24541284425203
2026-03-03 13:45:00,993.4914222222221,1772545950.6628747,165.64129532497148,167.09409150630657
2026-03-03 14:00:00,993.5670555555556,1772546850.7092571,164.52853021664768,165.99667449284206
2026-03-03 14:15:00,993.5816111111111,1772547750.8303804,164.88517673888254,166.36134638696913
2026-03-03 14:30:00,993.6022,1772548650.701508,164.71965336374,166.20118478312062
2026-03-03 14:45:00,993.6172333333333,1772549550.814798,165.34291448118586,166.8350677721798
2026-03-03 15:00:00,993.6685444444444,1772550450.9864373,164.5074914481186,166.00914073511686
2026-03-03 15:15:00,993.7022999999999,1772551351.0696974,164.67792474344355,166.19234922279483
2026-03-03 15:30:00,993.6836777777778,1772552250.6432412,164.6457089041096,166.15364870196834
2026-03-03 15:45:00,993.6356222222222,1772553150.6463287,164.82510250569476,166.3186994715983
2026-03-03 16:00:00,993.6216981132076,1772554050.5134742,164.8564526795895,166.3457012357583
2026-03-03 16:15:00,993.5922444444445,1772554950.5463536,164.8836202964652,166.363313965693
2026-03-03 16:30:00,993.5376666666666,1772555850.6626592,164.28735233751425,165.74360217417944
2026-03-03 16:45:00,993.5265111111112,1772556750.755446,164.32985518814138,165.78278293246694
2026-03-03 17:00:00,993.5587319243605,1772557650.7288206,164.92104337899545,166.38992022449835
2026-03-03 17:15:00,993.4675333333332,1772558550.590161,166.0521961231471,167.50059320987518
2026-03-03 17:30:00,993.4277888888889,1772559450.7134726,165.3863797035348,166.81570865689736
2026-03-03 17:45:00,993.5210111111112,1772560350.8354545,166.82063397947547,168.29373278402517
2026-03-03 18:00:00,993.5764594894562,1772561250.32203,164.12304675028508,165.59068713746586
2026-03-03 18:15:00,993.552380422692,1772562150.7116544,166.18747206385405,167.66549854567364
2026-03-03 18:30:00,993.5416888888889,1772563050.9591768,165.41144469783353,166.8790009787879
2026-03-03 18:45:00,993.5282555555555,1772563950.9725473,165.07237400228053,166.53244776297632
2026-03-03 19:00:00,993.4647391786904,1772564850.4076657,165.0829566704675,166.5219689474775
2026-03-03 19:15:00,993.4096777777778,1772565750.533389,164.73578221208663,166.1534699095386
2026-03-03 19:30:00,993.3761,1772566650.5501683,164.54832383124287,165.9532532370975
2026-03-03 19:45:00,993.3058064516129,1772567550.5556133,164.68749543378996,166.0702641226273
2026-03-03 20:00:00,993.298601553829,1772568450.2165313,164.73427676537585,166.11504454410095
2026-03-03 20:15:00,993.2274666666667,1772569350.7822948,165.90681413911062,167.27361020576436
2026-03-03 20:30:00,993.1856840934372,1772570250.3723903,165.60224315068493,166.9525780596443
2026-03-03 20:45:00,993.0719555555556,1772571150.4688923,164.67678221208666,165.9818128013217
2026-03-03 21:00:00,993.1159444444445,1772572050.6214023,164.2575518814139,165.5738263305987
2026-03-03 21:15:00,993.2820333333334,1772572950.6896944,165.3504709236032,166.73087855165224
2026-03-03 21:30:00,993.3287666666666,1772573850.8297942,164.6045142531357,165.99420855597864
2026-03-03 21:45:00,993.3464666666666,1772574750.9422486,164.60381413911063,165.99937880515193
2026-03-03 22:00:00,993.4221777777778,1772575650.99905,164.61394982896238,166.03473987457292
2026-03-03 22:15:00,993.517688888889,1772576551.037822,166.19093158494871,167.6573558495974
2026-03-03 22:30:00,993.7137444444445,1772577451.1178358,165.2359064994299,166.75927922676337
2026-03-03 22:45:00,993.6946333333333,1772578350.683431,164.68405707762557,166.19598959360104
2026-03-03 23:00:00,993.6744777777778,1772579250.2738245,164.4215644241733,165.92439831413256
2026-03-03 23:15:00,993.6121555555555,1772580150.37748,165.2031984036488,166.69239795074228
2026-03-03 23:30:00,993.669211111111,1772581050.4596133,164.24063740022802,165.74007178969273
2026-03-03 23:45:00,993.7994222222222,1772581950.5037115,165.14002850627136,166.69107829309974
2026-03-04 00:00:00,993.8386903440622,1772582850.5108469,164.38081093394078,165.93776151487134
2026-03-04 00:15:00,993.9172888888888,1772583750.5920656,166.19391324200913,167.79441153709718
2026-03-04 00:30:00,993.9644716351501,1772584650.6909611,164.23838540478906,165.83569979690495
2026-03-04 00:45:00,993.948711111111,1772585550.9712996,164.18945381984037,165.78106664833211
2026-03-04 01:00:00,993.8535516093231,1772586450.467383,164.86115165336375,166.42759840908866
2026-03-04 01:15:00,993.8938333333333,1772587350.5474374,165.4375724059293,167.02295149105612
2026-03-04 01:30:00,993.8451222222222,1772588250.652283,165.03297605473205,166.59824675341255
2026-03-04 01:45:00,993.7152725250278,1772589150.725814,164.8392899543379,166.35951454346136
2026-03-04 02:00:00,993.5648222222222,1772590050.3676748,164.4665142531357,165.9333639690227
2026-03-04 02:15:00,993.5653333333335,1772590950.4712508,165.06505245153934,166.5374106690587
2026-03-04 02:30:00,993.4465555555555,1772591850.5348866,164.66725883694411,166.0966069298194
2026-03-04 02:45:00,993.4098888888889,1772592750.587153,164.13953819840364,165.552164622613
2026-03-04 03:00:00,993.4077222222222,1772593650.4176648,165.39520638540478,166.8179165287494
2026-03-04 03:15:00,993.3629222222222,1772594550.4419765,163.83490307867729,165.22938645990973
2026-03-04 03:30:00,993.3646333333334,1772595450.5855045,164.32506613454962,165.72428869079494
2026-03-04 03:45:00,993.3869444444443,1772596350.7273264,163.88679703534777,165.2896631720932
2026-03-04 04:00:00,993.4980355160932,1772597250.5428002,163.70783940774487,165.1458620581753
2026-03-04 04:15:00,993.5716111111111,1772598150.9737873,164.14059407069556,165.6067855150949
2026-03-04 04:30:00,993.5176751946607,1772599050.5627651,164.17520319634704,165.6238366774434
2026-03-04 04:45:00,993.3856222222222,1772599951.0368216,164.32835689851768,165.7345644982078
2026-03-04 05:00:00,993.0891222222222,1772600851.086271,163.83110832383124,165.13510665783957
2026-03-04 05:15:00,993.0054666666666,1772601750.6520665,164.4144805936073,165.69539722415635
2026-03-04 05:30:00,992.8855777777778,1772602650.1605575,163.55609578107183,164.79080701549248
2026-03-04 05:45:00,992.6972111111111,1772603550.174858,164.47010148232613,165.649295324771
2026-03-04 06:00:00,992.579833518313,1772604450.175761,164.15748974943054,165.29563371143576
2026-03-04 06:15:00,992.4692333333334,1772605350.7968478,163.80025541619156,164.8994427330632
2026-03-04 06:30:00,992.3509777777778,1772606250.909344,164.0562314709236,165.11807964503035
2026-03-04 06:45:00,992.2028444444445,1772607150.9626043,163.65980843785633,164.6702972302048
2026-03-04 07:00:00,992.1352057842047,1772608050.9553382,163.29790753424658,164.28393643893736
2026-03-04 07:15:00,991.9182888888889,1772608950.776221,164.5438244013683,165.46557629611402
2026-03-04 07:30:00,991.7383111111111,1772609850.889507,164.955165336374,165.81952310421414
2026-03-04 07:45:00,991.5613666666667,1772610751.0274324,164.17457468643104,164.97644852991505
2026-03-04 08:00:00,991.405611111111,1772611650.6441944,164.45725799086756,165.20904006912932
2026-03-04 08:15:00,991.2820222222223,1772612550.2320697,164.80546066134548,165.5179170678901
2026-03-04 08:30:00,991.2033555555556,1772613450.3478487,164.25272862029647,164.936843453296
2026-03-04 08:45:00,991.1236555555556,1772614350.407172,164.3989612314709,165.05737288300338
2026-03-04 09:00:00,990.9748,1772615250.4530225,164.7257993158495,165.33629016319335
2026-03-04 09:15:00,990.7894222222222,1772616150.553586,165.02596123147094,165.57616484550124
2026-03-04 09:30:00,990.6607222222223,1772617050.585533,164.5072805017104,165.01327492810717
2026-03-04 09:45:00,990.6706777777778,1772617950.6723216,164.53807297605474,165.04744835985946
2026-03-04 10:00:00,990.5149500554938,1772618850.166399,164.63452793614596,165.09277487249366
2026-03-04 10:15:00,990.4248777777777,1772619750.1848595,164.7979897377423,165.2269242448855
2026-03-04 10:30:00,990.3441777777778,1772620650.2435222,165.10074914481186,165.50375720880302
2026-03-04 10:45:00,990.309343715239,1772621550.5577042,167.2372930444698,167.63383723308192
2026-03-04 11:00:00,990.3017888888888,1772622451.028347,165.75628392246293,166.14680598138816
2026-03-04 11:15:00,990.3054,1772623351.1122448,164.8826077537058,165.2722650589537
2026-03-04 11:30:00,990.3664111111111,1772624250.6480558,164.4307602739726,164.8394626052274
2026-03-04 11:45:00,990.3740333333334,1772625150.2131038,165.27060889395668,165.6839244585107
2026-03-04 12:00:00,990.3556936736959,1772626050.2231958,165.65267881548974,166.0608587653174
2026-03-04 12:15:00,990.3032666666666,1772626950.902269,165.53832953249713,165.92882850169175
2026-03-04 12:30:00,990.1444444444444,1772627850.6310012,165.73517123287672,166.07337388086157
2026-03-04 12:45:00,990.1480088987764,1772628750.0256362,165.42968264840184,165.76844365389002
2026-03-04 13:00:00,990.0808324084351,1772629650.2784843,165.14438496583142,165.46033016694906
2026-03-04 13:15:00,990.0943222222222,1772630550.615739,165.223696347032,165.5442595445647
2026-03-04 13:30:00,990.0767111111111,1772631450.5300438,166.2324709236032,166.5491249886545
2026-03-04 13:45:00,990.0879866518354,1772632350.6588035,164.8678093607306,165.18558897144402
2026-03-04 14:00:00,990.0976359600444,1772633250.1976774,165.97451767388824,166.2976397275136
2026-03-04 14:15:00,990.1158666666666,1772634150.3565793,165.58808095781072,165.91650012956129
2026-03-04 14:30:00,990.2090333333333,1772635050.593777,164.71688141391104,165.07432867616433
2026-03-04 14:45:00,990.2210122358176,1772635950.8797493,165.22396575342464,165.58648046558005
2026-03-04 15:00:00,990.3369367369589,1772636850.2191226,166.29370125427593,166.6972071536237
2026-03-04 15:15:00,990.3,1772637750.7382321,165.77367046750285,166.16363899151628
2026-03-04 15:30:00,990.2897552836486,1772638650.650578,166.20601484018266,166.59358697466828
2026-03-04 15:45:00,990.4287777777777,1772639550.5436528,165.42858904109588,165.86045857213009
2026-03-04 16:00:00,990.4102111111112,1772640450.605171,165.33398289623716,165.75945013232445
2026-03-04 16:15:00,990.3813111111111,1772641351.0086932,166.0343329532497,166.45198125390166
2026-03-04 16:30:00,990.5252222222222,1772642250.7355874,164.88546232876712,165.34780464630845
2026-03-04 16:45:00,990.6601333333333,1772643150.6611297,165.59850513112883,166.1076603276701
2026-03-04 17:00:00,990.65371809101,1772644050.5264015,165.50613454960092,166.0128757008697
2026-03-04 17:15:00,990.7939888888889,1772644950.5356627,165.84203424657534,166.39647843050977
2026-03-04 17:30:00,990.8770777777777,1772645850.634324,165.27961459521094,165.8597384068186
2026-03-04 17:45:00,991.0076640711902,1772646751.0065231,164.81009589041096,165.43177231532223
2026-03-04 18:00:00,991.0700443951166,1772647650.2279947,164.89100912200686,165.53364155401556
2026-03-04 18:15:00,991.2091,1772648550.652095,165.3557354618016,166.0463520103226
2026-03-04 18:30:00,991.3147385984428,1772649450.6281347,165.2766210045662,166.0019758549706
2026-03-04 18:45:00,991.3861111111111,1772650350.9051538,166.03804332953248,166.79054668033183
2026-03-04 19:00:00,991.5865111111111,1772651250.929915,165.42052168949772,166.23684073714432
2026-03-04 19:15:00,991.5782777777779,1772652150.4994876,165.95337557077627,166.76957799007778
2026-03-04 19:30:00,991.6953888888888,1772653050.733309,165.3981482326112,166.25055491211256
2026-03-04 19:45:00,991.7577222222222,1772653951.0767038,166.18112086659065,167.05838803914003
2026-03-04 20:00:00,991.9286237513874,1772654850.6362371,164.9888494868871,165.91652376448812
2026-03-04 20:15:00,992.1118666666666,1772655750.7666457,165.07182191780822,166.06081050366308
2026-03-04 20:30:00,992.2359888888889,1772656650.7315805,165.21633409350056,166.24745337430974
2026-03-04 20:45:00,992.2896218020022,1772657550.8414526,164.2255993150685,165.26826208123163
2026-03-04 21:00:00,992.4516666666667,1772658450.8887932,164.66749714937285,165.76668008375376
2026-03-04 21:15:00,992.7364111111111,1772659350.8367822,165.2095205479452,166.4070615720228
2026-03-04 21:30:00,992.8438222222222,1772660250.613487,165.5779315849487,166.81397458049142
2026-03-04 21:45:00,993.0664444444445,1772661150.7450593,165.1983717217788,166.50570053069433
2026-03-04 22:00:00,993.1734295227526,1772662050.5331383,164.7886716077537,166.12830087259184
2026-03-04 22:15:00,993.3150888888889,1772662950.8547082,164.7729589509692,166.15952992092446
2026-03-04 22:30:00,993.4937931034483,1772663850.9581842,164.33483447488584,165.7769581052398
2026-03-04 22:45:00,993.7484444444444,1772664750.4718328,164.2295605022831,165.7551583515835
2026-03-04 23:00:00,993.9303555555556,1772665650.3957264,163.81282098061575,165.39471088645445
2026-03-04 23:15:00,994.022511111111,1772666550.9348488,164.1488985176739,165.76458325980582
2026-03-04 23:30:00,994.2485777777779,1772667450.7788894,163.883203196347,165.57111605238302
2026-03-04 23:45:00,994.4325111111111,1772668350.6796405,164.6176157354618,166.37428496124102
2026-03-05 00:00:00,994.5221,1772669250.607512,164.55445433789953,166.34025136171482
2026-03-05 00:15:00,994.8095888888888,1772670150.5234363,164.68132611174457,166.56424319887225
2026-03-05 00:30:00,995.0264333333332,1772671050.860839,164.36590535917904,166.31733035913047
2026-03-05 00:45:00,995.2770444444445,1772671950.9798417,163.87072945205477,165.89940713785913
2026-03-05 01:00:00,995.5151222222223,1772672850.8713362,163.57280957810718,165.67666817964093
2026-03-05 01:15:00,995.6747777777778,1772673750.722953,163.70483333333334,165.86334356614827
2026-03-05 01:30:00,995.8146777777779,1772674650.9610174,163.36854047890535,165.56893627099876
2026-03-05 01:45:00,996.0001666666666,1772675551.1024404,163.25889155251141,165.51920305112225
2026-03-05 02:00:00,996.1628967813541,1772676450.6860168,163.1273432155074,165.43966870515106
2026-03-05 02:15:00,996.3080333333332,1772677351.03675,162.1629977194983,164.5093993629304
2026-03-05 02:30:00,996.4864738598443,1772678251.0043833,163.1856073059361,165.60589656069894
2026-03-05 02:45:00,996.7242666666666,1772679151.0001209,163.40018244013683,165.90253626896103
2026-03-05 03:00:00,996.9479444444445,1772680050.6761339,163.94083561643833,166.52594879937593
2026-03-05 03:15:00,997.1631444444445,1772680950.4324996,163.4994691780822,166.14911783516303
2026-03-05 03:30:00,997.3268888888889,1772681850.6421502,162.86494526795894,165.55852062162927
2026-03-05 03:45:00,997.5068777777778,1772682750.729746,163.4330353477765,166.19582221181918
2026-03-05 04:00:00,997.6101442841288,1772683650.2747064,162.8118244013683,165.59830786487908
2026-03-05 04:15:00,997.7956888888889,1772684550.353073,162.87242189281642,165.72142849196035
2026-03-05 04:30:00,997.9687777777777,1772685450.3804934,162.23822690992017,165.1332955898594
2026-03-05 04:45:00,998.147786429366,1772686350.7797887,163.60002394526794,166.57902078223708
2026-03-05 05:00:00,998.3144950055494,1772687250.5154047,162.45888255416193,165.47226241365752
2026-03-05 05:15:00,998.5635555555555,1772688150.5690722,161.74493614595212,164.82715676013277
2026-03-05 05:30:00,998.8329444444445,1772689050.6353457,161.9163283922463,165.09073833076593
2026-03-05 05:45:00,998.9772413793103,1772689950.6631472,162.0137808219178,165.2377810698837
2026-03-05 06:00:00,999.0840777777777,1772690850.3361216,161.81544013683012,165.07076085893604
2026-03-05 06:15:00,999.2823555555556,1772691750.3873932,161.34790535917904,164.6591039917562
2026-03-05 06:30:00,999.5337111111111,1772692650.3943498,162.28135461801597,165.69498537078206
2026-03-05 06:45:00,999.7262111111111,1772693550.488545,162.087496009122,165.56077752612887
2026-03-05 07:00:00,999.8373029966704,1772694450.4724479,162.02480865603644,165.5335216576744
2026-03-05 07:15:00,999.9709444444445,1772695351.104273,161.5762029646522,165.11932890273332
2026-03-05 07:30:00,1000.0862555555556,1772696250.6203153,161.9490091324201,165.53848260640618
2026-03-05 07:45:00,1000.2383648498331,1772697150.7271304,160.89490421892816,164.51105398841966
2026-03-05 08:00:00,1000.5106333333334,1772698051.052009,161.59285860889398,165.31469051794977
2026-03-05 08:15:00,1000.7503222222222,1772698951.0878983,160.66915963511974,164.4485308443292
2026-03-05 08:30:00,1001.0132555555555,1772699851.1262705,160.96881527936148,164.84189726679426
2026-03-05 08:45:00,1001.3613,1772700751.0403483,160.74111060433296,164.7233359592213
2026-03-05 09:00:00,1001.6297555555556,1772701650.643822,161.08625913242008,165.1656907431426
2026-03-05 09:15:00,1001.8390666666667,1772702550.2456357,161.07947434435576,165.22788772350896
2026-03-05 09:30:00,1002.0473555555556,1772703450.3757231,160.35203420752566,164.55024691754258
2026-03-05 09:45:00,1002.2704555555555,1772704350.5564494,160.31938198403648,164.5901635677661
2026-03-05 10:00:00,1002.5393333333334,1772705250.684592,160.03236259977197,164.38387279077665
2026-03-05 10:15:00,1002.6508222222222,1772706150.7686627,160.18237514253136,164.574656790712
2026-03-05 10:30:00,1002.8135222222222,1772707050.929737,161.02122006841503,165.49034506598434
2026-03-05 10:45:00,1002.9856222222221,1772707951.0209823,160.85098061573547,165.3722919852433
2026-03-05 11:00:00,1003.0954111111112,1772708851.0636532,160.6719338654504,165.22448810734932
2026-03-05 11:15:00,1003.2258888888889,1772709751.0525577,160.20812086659063,164.79053060656537
2026-03-05 11:30:00,1003.5004111111111,1772710650.630043,161.31583333333336,166.0210547318248
2026-03-05 11:45:00,1003.6665888888889,1772711550.1786997,161.13640820980615,165.8915219872419
2026-03-05 12:00:00,1003.9080777777777,1772712450.192773,160.4539521094641,165.26872854942218
2026-03-05 12:15:00,1004.0910666666667,1772713350.2738893,160.8520205245154,165.7393877241071
2026-03-05 12:30:00,1004.2294444444444,1772714250.3629215,160.02914823261116,164.93715403659735
2026-03-05 12:45:00,1004.3873555555556,1772715150.583279,160.05066514806379,165.01143691413253
2026-03-05 13:00:00,1004.5647280799111,1772716051.12223,161.01975370581528,166.06946425220133
2026-03-05 13:15:00,1004.7031777777778,1772716951.115009,159.7227787913341,164.77743560458325
2026-03-05 13:30:00,1005.0154727474973,1772717850.6495786,160.0414600456621,165.20935786947229
2026-03-05 13:45:00,1005.2502222222222,1772718750.1751218,160.42538996579248,165.68345521862736
2026-03-05 14:00:00,1005.4267369589345,1772719650.1888819,161.03865603644647,166.37554666048683
2026-03-05 14:15:00,1005.6317888888889,1772720550.7812526,161.81488369441277,167.246073036215
2026-03-05 14:30:00,1005.9464627363737,1772721450.5206904,159.7032888127854,165.16751922737626
2026-03-05 14:45:00,1006.1125222222222,1772722350.402466,160.78218700114024,166.33856681922302
2026-03-05 15:00:00,1006.3119200887902,1772723250.3197212,159.99533826879272,165.59054946943513
2026-03-05 15:15:00,1006.4191111111111,1772724150.8502498,159.67252679589512,165.29188074106392
2026-03-05 15:30:00,1006.5736999999999,1772725050.825923,160.81259977194983,166.52355372019065
2026-03-05 15:45:00,1006.7500777777777,1772725950.8983107,160.19334663625997,165.94083521410664
2026-03-05 16:00:00,1006.8868075639599,1772726850.6704566,159.9725707762557,165.75746002601596
2026-03-05 16:15:00,1007.0004444444444,1772727750.528161,159.76375826681868,165.57872391262478
2026-03-05 16:30:00,1007.2201444444445,1772728650.5311322,159.97252793614595,165.867958600376
2026-03-05 16:45:00,1007.2864555555556,1772729550.6297798,160.31243557582667,166.24243875761056
2026-03-05 17:00:00,1007.3627666666667,1772730450.7370386,160.55078449258838,166.5150162220228
2026-03-05 17:15:00,1007.4767333333334,1772731350.7184043,160.1985724059293,166.1875953365941
2026-03-05 17:30:00,1007.7273777777777,1772732250.6539533,162.82420638540478,168.9960832597322
2026-03-05 17:45:00,1007.8933777777778,1772733150.5825758,160.23320296465224,166.36209049773436
2026-03-05 18:00:00,1008.050410654828,1772734050.570812,159.51587471526196,165.66934748702877
2026-03-05 18:15:00,1008.3122777777778,1772734951.0805893,159.89759977194984,166.15279506687045
2026-03-05 18:30:00,1008.5454333333333,1772735851.057771,160.98424743443556,167.35997601732936
2026-03-05 18:45:00,1008.7808444444444,1772736751.0728648,159.03554275940706,165.41195482290044
2026-03-05 19:00:00,1009.0087986651836,1772737650.913531,159.3409440639269,165.8051757164382
2026-03-05 19:15:00,1009.3022111111111,1772738550.5152643,159.53758152793614,166.10723774476233
2026-03-05 19:30:00,1009.6235222222223,1772739450.4601004,159.7245142531357,166.4087718625559
2026-03-05 19:45:00,1009.8072777777778,1772740350.4813602,159.115409350057,165.83511178109526
2026-03-05 20:00:00,1010.0500222222222,1772741250.527167,159.48723717217788,166.3033613351502
2026-03-05 20:15:00,1010.2281666666667,1772742150.5184348,159.53675826681868,166.41427984713988
2026-03-05 20:30:00,1010.4671555555556,1772743050.504164,159.49683238312429,166.4521742149502
2026-03-05 20:45:00,1010.6678999999999,1772743950.552392,159.5387457240593,166.56277499475397
2026-03-05 21:00:00,1010.8790111111111,1772744850.624727,158.54342645381982,165.5935372105209
2026-03-05 21:15:00,1010.9902108768036,1772745750.652879,158.49143557582667,165.57605434399176
2026-03-05 21:30:00,1011.1027474972191,1772746650.4986403,158.89732497149373,166.0374535103018
2026-03-05 21:45:00,1011.3698222222223,1772747550.801941,159.22760889395667,166.47147580438724
2026-03-05 22:00:00,1011.6637444444444,1772748450.8638506,158.568905359179,165.88028850212382
2026-03-05 22:15:00,1011.8930555555556,1772749350.9035394,158.6826077537058,166.07538194751416
2026-03-05 22:30:00,1012.1333111111111,1772750250.8619728,158.0003283922463,165.44079330215527
2026-03-05 22:45:00,1012.3713222222223,1772751150.797915,157.97537286202964,165.49342237927019
2026-03-05 23:00:00,1012.4506215316314,1772752050.5354037,157.73811845102506,165.2710867161777
2026-03-05 23:15:00,1012.6144888888889,1772752951.1180778,158.34891562143673,165.965436942464
2026-03-05 23:30:00,1012.779699666296,1772753851.2919428,157.63471917808218,165.27148816869968
2026-03-05 23:45:00,1012.9057666666666,1772754750.945689,157.8750330672748,165.5651836505436
2026-03-06 00:00:00,1013.0694333333333,1772755650.9169855,158.58891448118587,166.36828746326495
2026-03-06 00:15:00,1013.2368333333334,1772756550.9210215,157.62150513112886,165.40879269990015
2026-03-06 00:30:00,1013.4484888888888,1772757450.9864776,157.626842645382,165.4844304874125
2026-03-06 00:45:00,1013.6618888888889,1772758351.101828,158.5621984036488,166.5374761047971
2026-03-06 01:00:00,1013.7481465038846,1772759250.6441274,157.80335575826683,165.76906081389134
2026-03-06 01:15:00,1013.8596222222222,1772760150.810932,157.53986088939567,165.52916592357647
2026-03-06 01:30:00,1013.9619444444444,1772761050.9228182,157.66480615735463,165.69435248922423
2026-03-06 01:45:00,1014.0871301446052,1772761950.7857997,157.6313984018265,165.70072487439816
2026-03-06 02:00:00,1014.1293444444444,1772762850.7322164,157.6288244013683,165.71200935029856
2026-03-06 02:15:00,1014.2605333333333,1772763750.756853,158.06125313568987,166.21021711883157
2026-03-06 02:30:00,1014.3296555555555,1772764650.9229167,157.49104675028505,165.63350965431837
2026-03-06 02:45:00,1014.4121555555555,1772765550.6365764,155.86668264840185,163.95221399893165
2026-03-06 03:00:00,1014.3906222222222,1772766450.218027,157.2859851767389,165.43801734765668
2026-03-06 03:15:00,1014.5337555555556,1772767350.3065274,157.1257126567845,165.31675590890677
2026-03-06 03:30:00,1014.7893444444444,1772768250.3571017,157.84069669327252,166.1539249161418
2026-03-06 03:45:00,1014.8650444444445,1772769150.446576,157.18145952109467,165.48501926519342
2026-03-06 04:00:00,1015.02,1772770050.442352,156.7479646924829,165.07977596362656
2026-03-06 04:15:00,1015.1058,1772770950.5634248,156.49221004566212,164.83871078137415
2026-03-06 04:30:00,1015.1867444444445,1772771850.1405911,156.52124857468644,164.89599074629226
2026-03-06 04:45:00,1015.2917130144606,1772772750.5563745,155.87414595210944,164.24874288912912
2026-03-06 05:00:00,1015.3568035516093,1772773650.2375822,156.31147776510832,164.73101454354196
2026-03-06 05:15:00,1015.4337222222223,1772774550.2541175,156.3139007981756,164.75891221399212
2026-03-06 05:30:00,1015.6221555555555,1772775450.3847127,156.56216875712656,165.08279557344588
2026-03-06 05:45:00,1015.7465444444445,1772776350.5019975,156.08681299885976,164.6225187259668
2026-03-06 06:00:00,1015.9454888888889,1772777250.7488046,155.97325769669325,164.5682204217863
2026-03-06 06:15:00,1016.1329,1772778150.7576451,155.77344697833522,164.41901541401572
2026-03-06 06:30:00,1016.3153948832036,1772779050.5228112,156.02249657534247,164.74200566512943
2026-03-06 06:45:00,1016.507688888889,1772779950.3928833,155.73520524515394,164.5019120048515
2026-03-06 07:00:00,1016.5654716981132,1772780850.4006886,155.67037243735763,164.4524335524828
2026-03-06 07:15:00,1016.730911111111,1772781751.1057694,156.1369749144812,164.9999451166961
2026-03-06 07:30:00,1016.8188320355952,1772782651.1575284,156.21732762557076,165.11389035394703
2026-03-06 07:45:00,1016.9199777777778,1772783550.8928456,155.6592976054732,164.55736576151494
2026-03-06 08:00:00,1016.9357111111111,1772784450.9919188,155.01478449258835,163.8811665792952
2026-03-06 08:15:00,1016.9531777777778,1772785351.0638752,156.03505017103762,164.96555109928087
2026-03-06 08:30:00,1016.8975222222222,1772786251.1176612,154.27962143671607,163.09149735334435
2026-03-06 08:45:00,1016.9150333333332,1772787150.659665,156.33789269406392,165.27311751008907
2026-03-06 09:00:00,1017.0351498335184,1772788050.0646093,154.28851594533032,163.14580043685456
2026-03-06 09:15:00,1017.2087555555555,1772788950.716515,154.93250399087802,163.88365048788043
2026-03-06 09:30:00,1017.4753837597331,1772789850.7553022,154.9190707762557,163.95684890906236
2026-03-06 09:45:00,1017.6325999999999,1772790750.641238,154.9841117445838,164.07726739538188
2026-03-06 10:00:00,1017.6935516093231,1772791650.1348202,155.15459407069554,164.27777695035812
2026-03-06 10:15:00,1017.8510666666667,1772792550.2813535,156.04993728620298,165.27782617413763
2026-03-06 10:30:00,1017.8304111111112,1772793450.4428027,154.63975484606613,163.7774877475981
2026-03-06 10:45:00,1017.9311790878753,1772794350.494956,155.25830593607307,164.4657317189188
2026-03-06 11:00:00,1018.1414222222222,1772795250.2461202,154.68842873432155,163.93097480028587
2026-03-06 11:15:00,1018.1939444444445,1772796150.3302014,153.95761915621435,163.1736393475805
2026-03-06 11:30:00,1018.3068333333333,1772797050.477638,154.89940364880275,164.20887030508916
2026-03-06 11:45:00,1018.4465111111111,1772797950.5542772,155.44016191562145,164.82816742069485
2026-03-06 12:00:00,1018.3661487236403,1772798850.5277474,154.23321184510252,163.52203791664635
2026-03-06 12:15:00,1018.4418666666666,1772799750.6499465,154.88712328767122,164.24020170809794
2026-03-06 12:30:00,1018.4831145717465,1772800650.6072147,155.53605701254276,164.94192867229816
2026-03-06 12:45:00,1018.5843222222222,1772801550.873548,154.331070695553,163.69720360104623
2026-03-06 13:00:00,1018.7143396226415,1772802451.2820396,154.64540318906606,164.07327169981465
2026-03-06 13:15:00,1018.6940666666666,1772803350.9444625,154.12934207525655,163.51911904929858
2026-03-06 13:30:00,1018.7440111111111,1772804250.9934468,154.89653591790193,164.34946728902258
2026-03-06 13:45:00,1018.7681555555556,1772805151.056878,155.40847434435574,164.9006106567049
2026-03-06 14:00:00,1018.8958620689655,1772806051.1235785,155.04868607305937,164.56087263501442
2026-03-06 14:15:00,1018.9269666666667,1772806950.851692,154.11932953249715,163.5846765269352
2026-03-06 14:30:00,1018.8088777777779,1772807850.928391,154.4357251995439,163.88179404739702
2026-03-06 14:45:00,1018.8690222222223,1772808750.9435582,155.08332155074118,164.58879767466254
2026-03-06 15:00:00,1018.9842555555556,1772809650.963648,154.66694070695553,164.18473047062298
2026-03-06 15:15:00,1019.2055222222222,1772810551.0665064,154.79507411630559,164.39348236824426
2026-03-06 15:30:00,1019.3141666666667,1772811451.127923,154.68788141391104,164.31534296666612
2026-03-06 15:45:00,1019.3226222222223,1772812350.7121813,155.38734474885845,165.06113083146596
2026-03-06 16:00:00,1019.3210987791343,1772813250.227526,155.16133788395902,164.82055150525372
2026-03-06 16:15:00,1019.2851333333333,1772814150.7256129,155.53894863013699,165.20978542876364
2026-03-06 16:30:00,1019.3523666666666,1772815050.306428,155.1574834663626,164.82676438689327
2026-03-06 16:45:00,1019.3620244716351,1772815950.7966821,154.5305627853881,164.16394544439933
2026-03-06 17:00:00,1019.3481354051054,1772816850.428669,155.3075785876993,164.98481711335933
2026-03-06 17:15:00,1019.3278555555556,1772817751.0724523,155.18355302166475,164.8463772406413
2026-03-06 17:30:00,1019.3611222222222,1772818650.5991237,154.6876130136986,164.33048959601655
2026-03-06 17:45:00,1019.384149054505,1772819550.2860787,154.91123033067277,164.5756258478502
2026-03-06 18:00:00,1019.3487458379578,1772820451.257843,154.23138154897492,163.84176210433523
2026-03-06 18:15:00,1019.4481888888888,1772821350.9639342,154.85194298745725,164.53371183866133
2026-03-06 18:30:00,1019.5536888888888,1772822251.0316303,155.3757331812999,165.12508855244175
2026-03-06 18:45:00,1019.6164293659623,1772823150.9722455,155.0613573059361,164.81166597331497
2026-03-06 19:00:00,1019.6886777777778,1772824050.844494,155.21217559863172,164.9958074170589
2026-03-06 19:15:00,1019.7466444444444,1772824950.9365711,155.12296123147092,164.92008814592722
2026-03-06 19:30:00,1019.8633555555556,1772825851.0642056,155.41425769669328,165.26835487553316
2026-03-06 19:45:00,1019.9195777777777,1772826750.703862,155.5752694063927,165.45817939797288
2026-03-06 20:00:00,1019.8957269700333,1772827650.080891,154.561132118451,164.37177811109672
2026-03-06 20:15:00,1019.9396551724137,1772828550.5484035,155.0832716894977,164.9415506147985
2026-03-06 20:30:00,1019.9292222222222,1772829450.2745786,154.50839224629416,164.326698576841
2026-03-06 20:45:00,1020.0329777777777,1772830350.3679144,154.35556214367162,164.19822623692323
2026-03-06 21:00:00,1020.0916777777778,1772831250.507576,154.79350285062714,164.6834254478005
2026-03-06 21:15:00,1020.1595444444445,1772832150.5658107,154.79572976054735,164.7081495063542
2026-03-06 21:30:00,1020.2561444444445,1772833050.6219609,154.35375028506272,164.26960148188994
2026-03-06 21:45:00,1020.2384111111111,1772833950.6693394,154.59057126567845,164.5158011668637
2026-03-06 22:00:00,1020.0927524972253,1772834850.1744134,154.71588711516534,164.6012045597666
2026-03-06 22:15:00,1020.0406674082313,1772835750.5248287,154.73096009122006,164.60009328474672
2026-03-06 22:30:00,1019.9941111111111,1772836651.0331626,155.19881984036488,165.08242234741266
2026-03-06 22:45:00,1020.0245333333334,1772837550.658912,155.40716780821919,165.31409677939882
2026-03-06 23:00:00,1020.0948222222223,1772838450.278175,156.21842759407068,166.2004353712104
2026-03-06 23:15:00,1020.1939222222222,1772839350.3411734,154.93457696693272,164.86722300887342
2026-03-06 23:30:00,1020.2978888888888,1772840250.2682319,155.6131881413911,165.62377415050784
2026-03-06 23:45:00,1020.4644666666667,1772841150.1971347,155.5107046750285,165.56984925720968
2026-03-07 00:00:00,1020.5358666666667,1772842050.293595,153.7142953249715,163.6806118458197
2026-03-07 00:15:00,1020.5255555555556,1772842950.443041,155.68060775370583,165.77099473967542
2026-03-07 00:30:00,1020.6548333333334,1772843850.558411,154.64177993158492,164.7074161491536
2026-03-07 00:45:00,1020.7117777777778,1772844750.6778162,154.4346488027366,164.50553713743616
2026-03-07 01:00:00,1020.7096004439512,1772845650.1763961,154.5014321550741,164.5759588456152
2026-03-07 01:15:00,1020.8289,1772846550.350248,155.54665564424172,165.72887594237832
2026-03-07 01:30:00,1020.8071635150168,1772847450.6109314,155.6012417331813,165.77982818635593
2026-03-07 01:45:00,1020.7058999999999,1772848350.9937177,154.339763968073,164.40253208236268
2026-03-07 02:00:00,1020.6239777777778,1772849251.0639203,154.50304218928164,164.54949311934263
2026-03-07 02:15:00,1020.5525222222221,1772850150.7163427,154.75124543378993,164.79028355868886
2026-03-07 02:30:00,1020.4290555555556,1772851050.241708,154.24359179019385,164.2091436396034
2026-03-07 02:45:00,1020.2815666666667,1772851950.282635,154.8827787913341,164.84099638511984
2026-03-07 03:00:00,1020.2127635960044,1772852850.3317919,155.2181708428246,165.17522184325122
2026-03-07 03:15:00,1020.2903333333334,1772853751.0204775,154.5472394526796,164.48676745718262
2026-03-07 03:30:00,1020.3172636262514,1772854650.6658294,154.59367123287672,164.54504769793527
2026-03-07 03:45:00,1020.3742444444445,1772855550.7310007,154.68178449258835,164.65759649177693
2026-03-07 04:00:00,1020.3289222222222,1772856450.7733595,154.2732645381984,164.20784486862595
2026-03-07 04:15:00,1020.363111111111,1772857350.8804421,154.24501368301028,164.18900126673236
2026-03-07 04:30:00,1020.1849888888889,1772858250.9595838,154.64703534777652,164.55830735098024
2026-03-07 04:45:00,1020.0667222222222,1772859151.0014985,155.5516738882554,165.4817772591211
2026-03-07 05:00:00,1020.2190888888889,1772860050.9822228,154.27246636259977,164.17092845190263
2026-03-07 05:15:00,1020.2916,1772860951.0735462,154.1219007981756,164.0344891896883
2026-03-07 05:30:00,1020.3758444444444,1772861850.950225,155.42727366020526,165.4516935497118
2026-03-07 05:45:00,1020.3560444444444,1772862750.9984536,154.66317331813,164.63179233020182
2026-03-07 06:00:00,1020.4374139844617,1772863650.4683433,154.05039566704673,164.00620691905692
2026-03-07 06:15:00,1020.5147942157953,1772864550.1977189,154.62664497716895,164.64517607165536
2026-03-07 06:30:00,1020.8208888888889,1772865450.2479208,154.07918928164196,164.16271767393764
2026-03-07 06:45:00,1020.8036222222222,1772866350.3740287,154.1373945267959,164.21906096230288
2026-03-07 07:00:00,1020.864794672586,1772867250.3067293,153.68633029612755,163.75852776330305
2026-03-07 07:15:00,1020.942988888889,1772868150.8471014,152.880425313569,162.92528352741527
2026-03-07 07:30:00,1020.8542,1772869050.881241,153.34949828962374,163.39615837961205
2026-03-07 07:45:00,1020.874511111111,1772869950.5628402,154.07286187214612,164.17358193519982
2026-03-07 08:00:00,1020.938765294772,1772870850.1464417,153.8723215507412,163.9809661488523
2026-03-07 08:15:00,1021.0278666666667,1772871750.821135,153.64499429874573,163.76788591588624
2026-03-07 08:30:00,1020.8437222222223,1772872650.8654208,153.7341505131129,163.80257840252992
2026-03-07 08:45:00,1020.7648222222223,1772873550.9210846,153.49704218928161,163.52413512642292
2026-03-07 09:00:00,1020.8168812430632,1772874450.3687317,153.5245724059293,163.57049348918812
2026-03-07 09:15:00,1020.8854171301447,1772875350.700096,153.87938654503992,163.97099924097515
2026-03-07 09:30:00,1020.9045,1772876250.6878185,154.10939611872146,164.22236069349208
2026-03-07 09:45:00,1020.8789333333333,1772877150.2476058,154.5387787913341,164.67149989169425
2026-03-07 10:00:00,1020.924088888889,1772878050.2909784,153.48910262257698,163.56777040270057
2026-03-07 10:15:00,1020.8757666666666,1772878950.325115,153.9722998859749,164.0668392884545
2026-03-07 10:30:00,1020.7768222222222,1772879850.3861642,153.8045621436716,163.855676107835
2026-03-07 10:45:00,1020.6356444444444,1772880750.5190084,153.7483637400228,163.74956301679492
2026-03-07 11:00:00,1020.5884777777777,1772881650.5726247,153.52168757126566,163.49271821700356
2026-03-07 11:15:00,1020.5038444444444,1772882550.691464,153.60767160775373,163.55659977935213
2026-03-07 11:30:00,1020.4226777777777,1772883450.7469876,153.92926111744583,163.87241402310576
2026-03-07 11:45:00,1020.3959777777777,1772884350.8421943,153.58635461801597,163.49862621300866
2026-03-07 12:00:00,1020.3712319644839,1772885250.3434012,154.04990992018244,163.98398276081267
2026-03-07 12:15:00,1020.3911234705229,1772886150.693288,154.40301710376283,164.36639929833606
2026-03-07 12:30:00,1020.4149444444444,1772887051.0194452,153.72765564424174,163.655254502649
2026-03-07 12:45:00,1020.3335444444444,1772887951.0917127,153.5532748004561,163.44300160828953
2026-03-07 13:00:00,1020.2347333333332,1772888851.1382816,155.09248232611174,165.04872256065389
2026-03-07 13:15:00,1020.0973555555555,1772889750.686977,154.51960159817352,164.39389112449214
2026-03-07 13:30:00,1020.063788888889,1772890650.3053684,154.43577080957812,164.29367333213335
2026-03-07 13:45:00,1020.0839444444445,1772891550.432715,154.25118472063852,164.103919871702
2026-03-07 14:00:00,1019.994051054384,1772892450.8547592,154.2513519362187,164.0745966728037
2026-03-07 14:15:00,1019.9179666666666,1772893350.547921,154.56234093500572,164.38037503307154
2026-03-07 14:30:00,1019.8242333333334,1772894250.6467154,154.69208665906498,164.48752358383192
2026-03-07 14:45:00,1019.7262,1772895150.7122679,154.85499315849486,164.62846435575244
2026-03-07 15:00:00,1019.6938264738598,1772896050.7947936,154.34132191780822,164.07174991767147
2026-03-07 15:15:00,1019.6290111111111,1772896950.4276946,154.5321391106043,164.25330349984478
2026-03-07 15:30:00,1019.6805888888889,1772897850.5919104,155.26529418472063,165.04960411842345
2026-03-07 15:45:00,1019.6842,1772898750.635362,154.3593785632839,164.08778573797431
2026-03-07 16:00:00,1019.6317647058823,1772899650.5345643,155.15517539863328,164.9164414000552
2026-03-07 16:15:00,1019.6633,1772900550.651818,154.61139611872147,164.34881662444624
2026-03-07 16:30:00,1019.6219,1772901450.2330568,154.82209578107185,164.55916008184929
2026-03-07 16:45:00,1019.7205672969966,1772902350.8190703,155.12643443557582,164.915179448571
2026-03-07 17:00:00,1019.7861222222222,1772903250.9683108,154.70779019384264,164.4916831008681
2026-03-07 17:15:00,1019.643288888889,1772904151.0988357,154.97186431014825,164.7253942821305
2026-03-07 17:30:00,1019.5566111111111,1772905051.1719277,154.7384401368301,164.44876841381338
2026-03-07 17:45:00,1019.5084333333334,1772905951.0584114,155.31101482326113,165.04137056010975
2026-03-07 18:00:00,1019.4835738068812,1772906850.5040555,154.507322690992,164.17916345593963
2026-03-07 18:15:00,1019.4737666666666,1772907750.6210272,154.55292360319268,164.2243977165174
2026-03-07 18:30:00,1019.3875750834261,1772908650.690482,154.865002283105,164.52764113547167
2026-03-07 18:45:00,1019.3505333333333,1772909550.4267452,155.24263511972634,164.9166179226824
2026-03-07 19:00:00,1019.3758823529411,1772910450.434272,154.29278929384964,163.9158922253723
2026-03-07 19:15:00,1019.4217777777777,1772911351.039247,154.88244697833522,164.55743050410348
2026-03-07 19:30:00,1019.4592213570634,1772912250.7196405,155.37848401826483,165.09681647167173
2026-03-07 19:45:00,1019.4943777777778,1772913150.781228,155.23758266818697,164.95870058593258
2026-03-07 20:00:00,1019.4328444444445,1772914050.9495533,154.829251995439,164.50455360405647
2026-03-07 20:15:00,1019.5417555555556,1772914951.0708525,155.0506054732041,164.77562737619317
2026-03-07 20:30:00,1019.446588888889,1772915851.1565776,153.3287913340935,162.91480723164065
2026-03-07 20:45:00,1019.2665555555556,1772916751.0751324,154.41920296465221,164.01432396095558
2026-03-07 21:00:00,1019.1181777777778,1772917651.0078218,154.5728734321551,164.12882965574943
2026-03-07 21:15:00,1018.9712444444444,1772918551.1294758,156.01644811858608,165.61297328447466
2026-03-07 21:30:00,1018.9791,1772919450.708353,154.43278538812785,163.93447550458407
2026-03-07 21:45:00,1018.9886666666666,1772920350.6127248,155.88661845102507,165.48092382320513
2026-03-07 22:00:00,1018.9508546059934,1772921250.5203278,155.16565450399088,164.70313093112142
2026-03-07 22:15:00,1018.9183,1772922150.6303375,155.3082086659065,164.84371419249084
2026-03-07 22:30:00,1018.8457174638487,1772923050.281096,154.8024805936073,164.28308588217695
2026-03-07 22:45:00,1018.7413777777779,1772923950.3765988,154.01073090079817,163.40874328166245
2026-03-07 23:00:00,1018.5679911209767,1772924850.331877,154.57878587699315,163.95459705838502
2026-03-07 23:15:00,1018.5399555555555,1772925750.939687,154.5210125427594,163.88413011812875
2026-03-07 23:30:00,1018.6135817575083,1772926650.8716593,155.0840890410959,164.50554798774965
2026-03-07 23:45:00,1018.6846777777778,1772927550.7892542,155.53589281641962,165.00826032852305
2026-03-08 00:00:00,1018.6895005549391,1772928450.1941295,154.7115210946408,164.13526630914336
2026-03-08 00:15:00,1018.6149555555555,1772929350.2578554,155.0006088939567,164.41744811967118
2026-03-08 00:30:00,1018.5637708565072,1772930250.8756192,154.37510262257697,163.737177579469
2026-03-08 00:45:00,1018.4503555555556,1772931150.6088016,154.8260228310502,164.17819897113878
2026-03-08 01:00:00,1018.4705111111111,1772932050.2677133,155.81232497149375,165.2307386209287
2026-03-08 01:15:00,1018.4573888888888,1772932950.3650644,154.84459293044472,164.20020051986228
2026-03-08 01:30:00,1018.3534111111111,1772933850.3744066,155.10958608893955,164.4470031652647
2026-03-08 01:45:00,1018.3215555555555,1772934750.4046586,155.3566339794755,164.69842959789017
2026-03-08 02:00:00,1018.2713762486127,1772935650.0681717,155.1620535307517,164.4756413990613
2026-03-08 02:15:00,1018.2703888888889,1772936550.597052,155.1867251995439,164.50146913791286
2026-03-08 02:30:00,1018.3405450500557,1772937450.6098728,154.86369406392694,164.1820839179183
2026-03-08 02:45:00,1018.2692333333334,1772938350.738347,153.87522805017105,163.11087527131994
2026-03-08 03:00:00,1018.2165815760267,1772939250.2718863,155.1811322690992,164.4778393304895
2026-03-08 03:15:00,1018.1895111111111,1772940150.3742712,154.64278677309005,163.8983683805364
2026-03-08 03:30:00,1018.1531111111111,1772941050.4477007,154.9224583808438,164.18282577048268
2026-03-08 03:45:00,1018.036129032258,1772941950.4293044,155.09955821917808,164.33205930165428
2026-03-08 04:00:00,1017.9532630410655,1772942850.2122507,155.1572596810934,164.3659525648439
2026-03-08 04:15:00,1017.8095661846496,1772943750.2951179,155.487551369863,164.66851580128252
2026-03-08 04:30:00,1017.740188888889,1772944650.5029209,155.1933865450399,164.33417792853663
2026-03-08 04:45:00,1017.7204888888889,1772945550.5492775,155.43987115165336,164.58869539875943
2026-03-08 05:00:00,1017.7155937846837,1772946450.5078557,154.87080751708427,163.98453257005542
2026-03-08 05:15:00,1017.8242555555556,1772947350.6641753,155.64966095890412,164.84504023030752
2026-03-08 05:30:00,1017.8884555555555,1772948250.244385,155.76719156214367,164.9906976830865
2026-03-08 05:45:00,1017.8568631813125,1772949150.3467355,154.41566248574685,163.5488058486937
2026-03-08 06:00:00,1017.9209877913429,1772950050.408512,155.38079703534777,164.59213217161042
2026-03-08 06:15:00,1017.9801111111112,1772950950.4915226,154.90504561003422,164.107581117722
2026-03-08 06:30:00,1018.1239555555555,1772951850.5363169,155.16170011402508,164.42677980122647
2026-03-08 06:45:00,1018.2091212458287,1772952750.4555802,154.9368584474886,164.21648113388136
2026-03-08 07:00:00,1018.2130111111111,1772953650.3240254,154.94356670467502,164.22486878851896
2026-03-08 07:15:00,1018.1121888888889,1772954550.417134,154.7456077537058,163.98198247352795
2026-03-08 07:30:00,1018.0903666666667,1772955450.5586765,157.0175427594071,166.38226172508232
2026-03-08 07:45:00,1018.0931333333334,1772956350.6276865,154.2615347776511,163.46278653629068
2026-03-08 08:00:00,1018.1106437291897,1772957250.570659,154.67576993166287,163.90746968095533
2026-03-08 08:15:00,1018.1082981090101,1772958150.9662182,154.69498515981735,163.9270627315936
2026-03-08 08:30:00,1018.0710666666668,1772959050.878984,155.553755986317,164.82481055178616
2026-03-08 08:45:00,1018.0217888888889,1772959950.9318945,154.95573204104903,164.17496303238337
2026-03-08 09:00:00,1017.9667111111111,1772960851.0064917,155.62755872291905,164.86859845606244
2026-03-08 09:15:00,1017.9945333333334,1772961751.1303673,155.3887046750285,164.62472164251935
2026-03-08 09:30:00,1018.0250555555556,1772962650.71382,154.5920102739726,163.7906714063879
2026-03-08 09:45:00,1017.9015333333333,1772963550.2661657,155.6630376282782,164.88468903418283
2026-03-08 10:00:00,1017.9696888888889,1772964450.3054984,155.1845473204105,164.4002604834256
2026-03-08 10:15:00,1017.733711111111,1772965350.3831282,155.48390307867732,164.63967268828014
2026-03-08 10:30:00,1017.6016666666667,1772966250.4086013,155.72826909920184,164.8548862660714
2026-03-08 10:45:00,1017.6507222222223,1772967150.4318552,155.78698631698975,164.93322565572115
2026-03-08 11:00:00,1017.8521087680356,1772968050.5204356,155.41168451025058,164.60217389201776
2026-03-08 11:15:00,1017.9384777777777,1772968951.1471624,155.72539566704674,164.96292970977595
2026-03-08 11:30:00,1017.9435595105673,1772969851.0860236,155.09762785388128,164.29959294343158
2026-03-08 11:45:00,1018.030488888889,1772970750.9036105,155.29266248574686,164.53480233833045
2026-03-08 12:00:00,1018.0853777777778,1772971651.083821,155.01561915621437,164.25930199014425
2026-03-08 12:15:00,1018.1841666666667,1772972550.6994095,154.47491324200914,163.71869740944592
2026-03-08 12:30:00,1018.2782000000001,1772973450.3407235,154.86246408209806,164.16030948453755
2026-03-08 12:45:00,1018.3294333333333,1772974350.4532692,156.07645724059296,165.46414372298233
2026-03-08 13:00:00,1018.3659711431742,1772975250.0595539,156.22917995444192,165.63815607101282
2026-03-08 13:15:00,1018.1593214682981,1772976150.102044,155.89542465753425,165.21600242467483
2026-03-08 13:30:00,1018.0062333333334,1772977050.2446594,155.0501425313569,164.26987986195203
2026-03-08 13:45:00,1017.8401111111111,1772977950.312223,155.67764994298744,164.87991117344004
2026-03-08 14:00:00,1017.6298890122085,1772978850.3038492,155.71059111617313,164.8454766358734
2026-03-08 14:15:00,1017.5936040044494,1772979750.8561642,154.99964726027397,164.08091690716012
2026-03-08 14:30:00,1017.7408444444444,1772980650.5318532,156.19553249714937,165.39556648922294
2026-03-08 14:45:00,1017.7082555555555,1772981550.613793,155.83057924743443,164.99836264233852
2026-03-08 15:00:00,1017.7347,1772982450.6488693,154.81185746864313,163.9283774539524
2026-03-08 15:15:00,1017.7456,1772983350.669493,155.54611858608894,164.70946817442118
2026-03-08 15:30:00,1017.6342222222222,1772984250.7425115,155.6856761687571,164.8205284310145
2026-03-08 15:45:00,1017.4440111111112,1772985150.8812208,155.7248597491448,164.79930586214186
2026-03-08 16:00:00,1017.4479467258601,1772986050.4025989,156.03947662485749,165.13355598656656
2026-03-08 16:15:00,1017.3004555555556,1772986950.5175965,156.60739680729762,165.68569335346086
2026-03-08 16:30:00,1017.1962,1772987850.5490801,155.40676510832384,164.38118395380081
2026-03-08 16:45:00,1017.1940266963293,1772988750.272867,155.01052511415526,163.96134924340873
2026-03-08 17:00:00,1017.1857333333334,1772989650.3500073,156.17897833523375,165.19453278693595
2026-03-08 17:15:00,1017.1379,1772990550.5451264,156.41518472063854,165.42854761709805
2026-03-08 17:30:00,1017.1724111111112,1772991450.7294493,155.3524914481186,164.31595812799614
2026-03-08 17:45:00,1017.1191888888889,1772992350.8532298,156.5472873432155,165.56206678444946
2026-03-08 18:00:00,1017.0664777777778,1772993250.9944012,156.7129418472064,165.71978903782818
2026-03-08 18:15:00,1017.1189444444445,1772994151.0531735,155.5783922462942,164.53729739876076
2026-03-08 18:30:00,1017.1795777777777,1772995050.6534567,155.90411643835617,164.90177413415896
2026-03-08 18:45:00,1017.1775444444445,1772995950.2139816,155.4587502850627,164.43003598504055
2026-03-08 19:00:00,1017.1358157602664,1772996850.265108,156.76,165.79254163573717
2026-03-08 19:15:00,1017.1512791991101,1772997750.7745445,156.3994691780822,165.41635269006156
2026-03-08 19:30:00,1017.200011111111,1772998650.467899,155.546488027366,164.53022966325187
2026-03-08 19:45:00,1017.1423,1772999550.6226835,156.5568221208666,165.57980391212368
2026-03-08 20:00:00,1017.0386237513874,1773000450.5706182,155.99123917995442,164.94741840958943
2026-03-08 20:15:00,1016.9911123470523,1773001350.6688533,155.96936415525113,164.9086166139881
2026-03-08 20:30:00,1016.9645333333334,1773002250.9221137,156.11962713797035,165.0587173636905
2026-03-08 20:45:00,1016.9990111111111,1773003150.564401,155.57040410958905,164.48938901527893
2026-03-08 21:00:00,1017.0177666666667,1773004050.211356,156.23763397947548,165.20106850618177
2026-03-08 21:15:00,1017.0166222222222,1773004950.3165584,155.20939338654506,164.11346157638187
2026-03-08 21:30:00,1016.9598,1773005850.4745646,155.89809578107185,164.82294124360848
2026-03-08 21:45:00,1016.9668222222223,1773006750.595964,155.86375940706955,164.78895353584
2026-03-08 22:00:00,1016.9920444444444,1773007650.6737697,156.88781071835803,165.88001239899927
2026-03-08 22:15:00,1016.8499222222222,1773008550.6882238,156.10503648802737,165.00546402860175
2026-03-08 22:30:00,1016.7316777777778,1773009450.8119476,155.98972862029646,164.84459328505002
2026-03-08 22:45:00,1016.6209555555556,1773010350.879746,155.70718928164194,164.50958163893705
2026-03-08 23:00:00,1016.5828333333334,1773011251.0263038,156.86762827822122,165.72298628783986
2026-03-08 23:15:00,1016.4693555555555,1773012150.6177208,155.9020684931507,164.66554354143534
2026-03-08 23:30:00,1016.2559666666666,1773013050.316973,156.24034549600913,164.95242251888442
2026-03-08 23:45:00,1016.0997333333332,1773013950.3771925,156.64698517673887,165.33006852116227
2026-03-09 00:00:00,1016.0373444444444,1773014850.4902499,156.80003420752567,165.47095281146247
2026-03-09 00:15:00,1015.9535111111112,1773015750.6556373,156.06687115165337,164.66963449161594
2026-03-09 00:30:00,1015.9155111111111,1773016650.785743,155.8730285062714,164.4526079225564
2026-03-09 00:45:00,1016.0163111111111,1773017550.842412,155.73078563283923,164.33566243237829
2026-03-09 01:00:00,1015.9785682574917,1773018450.8028123,156.7710205245154,165.4208879335402
2026-03-09 01:15:00,1015.8778555555556,1773019350.8902528,156.88754618015963,165.51050153441724
2026-03-09 01:30:00,1015.7225,1773020251.006612,156.38959977194983,164.933931904308
2026-03-09 01:45:00,1015.6161444444446,1773021151.1075132,156.77065336374002,165.3006393033072
2026-03-09 02:00:00,1015.4378555555555,1773022050.6473901,156.43333751425314,164.88616466883047
2026-03-09 02:15:00,1015.3860289210234,1773022950.4777799,156.27809360730592,164.70545906114984
2026-03-09 02:30:00,1015.2891111111111,1773023850.387011,157.3121448118586,165.76313802030703
2026-03-09 02:45:00,1015.0922333333333,1773024750.6451159,156.9003204104903,165.26410345623245
2026-03-09 03:00:00,1014.9438068812431,1773025650.1650543,156.38034891676168,164.66752489213312
2026-03-09 03:15:00,1014.7921222222222,1773026550.2725377,156.86431242873434,165.12703335473012
2026-03-09 03:30:00,1014.6496662958843,1773027450.7467768,157.0993078677309,165.32729660137184
2026-03-09 03:45:00,1014.6423333333333,1773028351.0512276,155.67442531356897,163.8253839487712
2026-03-09 04:00:00,1014.6605777777778,1773029251.0972476,156.81520866590648,165.03191930841766
2026-03-09 04:15:00,1014.8216444444444,1773030150.660227,156.10560730593605,164.33806691922126
2026-03-09 04:30:00,1014.8523888888889,1773031050.301535,156.78146636259976,165.0597174274022
2026-03-09 04:45:00,1014.9231666666667,1773031950.3995152,156.2754481185861,164.5502721646752
2026-03-09 05:00:00,1014.9463555555554,1773032850.5124524,156.79055644241734,165.100312411074
2026-03-09 05:15:00,1015.0230222222222,1773033750.6261663,156.43657468643102,164.7528301100027
2026-03-09 05:30:00,1015.0165,1773034650.6393695,156.35632725199545,164.66616868456703
2026-03-09 05:45:00,1015.0029444444444,1773035550.5716166,156.1453204104903,164.43948930293843
2026-03-09 06:00:00,1014.955704772475,1773036450.1294293,157.3183637400228,165.65919055076347
2026-03-09 06:15:00,1014.9429222222223,1773037350.3074682,156.44023945267958,164.73029778962456
2026-03-09 06:30:00,1014.9098888888889,1773038250.3569748,156.44830900798175,164.72791158208787
2026-03-09 06:45:00,1014.7551,1773039150.4172904,156.1735416191562,164.38770421588336
2026-03-09 07:00:00,1014.6977888888889,1773040050.5748892,157.083,165.32604568847842
2026-03-09 07:15:00,1014.5998665183537,1773040950.277756,157.40705936073059,165.6346684465159
2026-03-09 07:30:00,1014.5264333333332,1773041850.4657261,156.75634777651084,164.92572058647548
2026-03-09 07:45:00,1014.4504,1773042750.5778499,157.2873432155074,165.4592261599615
2026-03-09 08:00:00,1014.489688888889,1773043650.5979073,155.78679703534777,163.89359681014932
2026-03-09 08:15:00,1014.4546777777779,1773044550.5997484,157.0919315849487,165.25507573743062
2026-03-09 08:30:00,1014.4694666666667,1773045450.5994284,156.82503078677308,164.97918531938052
2026-03-09 08:45:00,1014.4006666666667,1773046350.6820538,157.33631356898516,165.49427879111886
2026-03-09 09:00:00,1014.3447555555556,1773047250.8228357,158.02113568985175,166.1960238278626
2026-03-09 09:15:00,1014.3481444444445,1773048150.9260416,156.4919646522235,164.58885991440212
2026-03-09 09:30:00,1014.4270777777778,1773049051.016916,156.60221778791333,164.73082100106035
2026-03-09 09:45:00,1014.5766,1773049951.0696852,157.24956100342075,165.4612381150019
2026-03-09 10:00:00,1014.4294783573807,1773050850.6005306,157.30015165336374,165.46577628522607
2026-03-09 10:15:00,1014.3489333333332,1773051750.7291155,156.6150285062714,164.71855098211782
2026-03-09 10:30:00,1014.3976974416017,1773052650.3704567,157.19490753424657,165.3445588906159
2026-03-09 10:45:00,1014.319388888889,1773053550.5040963,156.87828848346635,164.9856833603494
2026-03-09 11:00:00,1014.3391231964483,1773054450.144529,157.31336259977195,165.44977184328854
2026-03-09 11:15:00,1014.3424111111111,1773055350.2744422,156.66922006841503,164.77339711451978
2026-03-09 11:30:00,1014.3817352614017,1773056250.5702584,156.6636898517674,164.7805400309469
2026-03-09 11:45:00,1014.3199555555555,1773057150.904946,156.74325085518814,164.84385387499066
2026-03-09 12:00:00,1014.3670444444444,1773058050.983813,158.1107331812999,166.2976694707327
2026-03-09 12:15:00,1014.4548777777777,1773058951.034951,156.69069669327254,164.8330569604742
2026-03-09 12:30:00,1014.4814222222221,1773059851.1175187,156.88295096921323,165.04406341515048
2026-03-09 12:45:00,1014.4177000000001,1773060751.162745,156.57503534777652,164.69913857489917
2026-03-09 13:00:00,1014.3565038845727,1773061650.5910954,156.97960433295327,165.10449041449354
2026-03-09 13:15:00,1014.336318131257,1773062550.4476635,157.03451712328766,165.1555776444545
2026-03-09 13:30:00,1014.3727666666667,1773063450.3682814,157.23745838084378,165.38106939171905
2026-03-09 13:45:00,1014.4131777777777,1773064350.4600983,157.03487343215508,165.18134198750911
2026-03-09 14:00:00,1014.2926444444445,1773065250.5580974,156.91558380843787,165.01607932707148
2026-03-09 14:15:00,1014.1558333333332,1773066150.6540365,156.5420535917902,164.57822783736586
2026-03-09 14:30:00,1014.001711111111,1773067050.7535727,157.72423831242875,165.76999511848396
2026-03-09 14:45:00,1013.9749888888889,1773067950.7767713,157.96922234891676,166.01860315962995
2026-03-09 15:00:00,1013.9454666666666,1773068850.7999291,157.8951858608894,165.93099652191333
2026-03-09 15:15:00,1013.801211111111,1773069750.863198,157.94781071835806,165.93841764907785
2026-03-09 15:30:00,1013.5969555555556,1773070650.964311,157.86967046750286,165.78858395544762
2026-03-09 15:45:00,1013.4617111111111,1773071551.05581,157.45662941847206,165.31010372626264
2026-03-09 16:00:00,1013.4194117647058,1773072450.5939126,157.1060684150513,164.92810447715192
2026-03-09 16:15:00,1013.4451333333334,1773073350.6662824,158.10379019384266,165.98403959645717
2026-03-09 16:30:00,1013.4558333333333,1773074250.8217542,156.55407981755988,164.36060543998695
2026-03-09 16:45:00,1013.5502447163515,1773075150.469148,157.5379315068493,165.42474962991673
2026-03-09 17:00:00,1013.7053999999999,1773076050.5618973,157.84513683010263,165.79877569711888
2026-03-09 17:15:00,1013.7439999999999,1773076950.6667519,157.9794275940707,165.95264427122927
2026-03-09 17:30:00,1013.6440777777777,1773077850.7452333,157.72405017103762,165.65127016364096
2026-03-09 17:45:00,1013.622,1773078750.9755723,157.7101197263398,165.62932595760617
2026-03-09 18:00:00,1013.5527081021087,1773079650.7431107,156.31146810933942,164.13769448828072
2026-03-09 18:15:00,1013.5003777777778,1773080550.9144697,157.69482668187,165.5729853854809
2026-03-09 18:30:00,1013.4872191323693,1773081450.5482376,157.49936415525113,165.36340591758292
2026-03-09 18:45:00,1013.4297111111111,1773082351.079019,158.1663283922463,166.04457320808294
2026-03-09 19:00:00,1013.2830521642619,1773083250.5667968,158.28458494868872,166.11998699716267
2026-03-09 19:15:00,1013.1766333333333,1773084150.7009935,158.16068529076398,165.95462890520756
2026-03-09 19:30:00,1012.9796111111111,1773085050.757132,158.17934207525656,165.90881674105438
2026-03-09 19:45:00,1012.7884204671858,1773085950.4041975,157.47353196347032,165.1053717579951
2026-03-09 20:00:00,1012.7046503884573,1773086850.3532565,157.9569897494305,165.58451559280118
2026-03-09 20:15:00,1012.6339555555555,1773087751.0173783,159.08528848346637,166.74372081555794
2026-03-09 20:30:00,1012.3671777777778,1773088650.6282809,158.09676484018266,165.6192185978433
2026-03-09 20:45:00,1012.1141555555556,1773089550.2663095,156.93299885974915,164.31690638816454
2026-03-09 21:00:00,1011.940300333704,1773090450.7290304,159.02822006841507,166.45282310908203
2026-03-09 21:15:00,1011.8499555555555,1773091351.040325,157.75397719498292,165.08925663803922
2026-03-09 21:30:00,1011.8118555555556,1773092251.0590727,157.4664047890536,164.7757562355385
2026-03-09 21:45:00,1011.7044333333333,1773093151.091151,157.9647844925884,165.26176058277576
2026-03-09 22:00:00,1011.6975333333332,1773094050.6623135,157.8607614155251,165.1506532013266
2026-03-09 22:15:00,1011.5980444444444,1773094950.2131412,158.882496009122,166.1865000230433
2026-03-09 22:30:00,1011.4658666666667,1773095850.2556612,157.62569555302164,164.82834401198275
2026-03-09 22:45:00,1011.5314666666667,1773096750.2729394,158.93691448118585,166.22128541118246
2026-03-09 23:00:00,1011.5591333333333,1773097650.3611016,157.7059441277081,164.94302401860273
2026-03-09 23:15:00,1011.5455777777778,1773098550.4391313,158.62007525655645,165.894606710901
2026-03-09 23:30:00,1011.442188888889,1773099450.5036156,158.04189395667046,165.2557344869204
2026-03-09 23:45:00,1011.2583555555556,1773100350.2669342,158.53179817559862,165.70706427521128
2026-03-10 00:00:00,1011.0182333333333,1773101250.3988376,158.30290079817559,165.3883609169693
2026-03-10 00:15:00,1010.7648555555555,1773102150.5851324,158.90655644241733,165.93492575491507
2026-03-10 00:30:00,1010.6383777777778,1773103050.6342773,158.01303876852907,164.96015530907522
2026-03-10 00:45:00,1010.4771111111112,1773103950.660236,158.12725085518812,165.02615376306605
2026-03-10 01:00:00,1010.307025527192,1773104850.487258,158.40555808656035,165.26037682807936
2026-03-10 01:15:00,1010.1673111111111,1773105751.0940838,157.62292930444698,164.39793674135166
2026-03-10 01:30:00,1009.9539,1773106650.693737,160.21012671232876,167.0250328196229
2026-03-10 01:45:00,1009.7456333333334,1773107550.3207662,157.75831128848344,164.40043126596373
2026-03-10 02:00:00,1009.6472525027809,1773108450.9317672,158.21158608893955,164.8403529051983
2026-03-10 02:15:00,1009.5889555555556,1773109351.0116003,158.3422314709236,164.95723795402066
2026-03-10 02:30:00,1009.4274222222223,1773110251.0673313,158.6897023945268,165.26582454094455
2026-03-10 02:45:00,1009.3190444444444,1773111150.6856,157.75996232876713,164.26194737583558
2026-03-10 03:00:00,1009.1259555555556,1773112050.281095,158.8678015963512,165.35157815787932
2026-03-10 03:15:00,1009.0551555555555,1773112950.3811982,157.7441014823261,164.15877061549483
2026-03-10 03:30:00,1008.820188888889,1773113850.371551,158.27818928164197,164.6371904273775
2026-03-10 03:45:00,1008.7465222222222,1773114750.3980343,157.9956898517674,164.31912980209808
2026-03-10 04:00:00,1008.6720777777778,1773115650.5307398,158.57117901938426,164.8930991161251
2026-03-10 04:15:00,1008.6441666666667,1773116550.5600173,159.13796807297604,165.4732475889673
2026-03-10 04:30:00,1008.4661888888888,1773117450.5983708,158.83971721778792,165.10434310370832
2026-03-10 04:45:00,1008.2606,1773118350.7611213,158.14790193842646,164.31766501982065
2026-03-10 05:00:00,1008.0623111111111,1773119250.9227507,158.0959190421893,164.19852373547045
2026-03-10 05:15:00,1007.9257111111111,1773120150.6084952,158.94734589041096,165.0377217453264
2026-03-10 05:30:00,1007.7021555555555,1773121050.1996167,158.74645381984038,164.75545164192326
2026-03-10 05:45:00,1007.4210555555555,1773121950.378575,158.86031698973773,164.78095895059147
2026-03-10 06:00:00,1007.1832111111112,1773122850.2535875,159.0106111744584,164.85841455087396
2026-03-10 06:15:00,1007.0162444444445,1773123750.341548,158.8327331812999,164.61901392851442
2026-03-10 06:30:00,1006.7827777777778,1773124650.4556134,159.06238426453822,164.78007193261834
2026-03-10 06:45:00,1006.6962555555556,1773125550.546692,159.03873888255416,164.72706901848443
2026-03-10 07:00:00,1006.5800110987791,1773126450.508954,159.19278929384967,164.84829948515858
2026-03-10 07:15:00,1006.4403337041156,1773127350.6389139,158.80315296803653,164.39888884043572
2026-03-10 07:30:00,1006.2925555555556,1773128250.7799227,158.98640935005702,164.53996460514534
2026-03-10 07:45:00,1006.0900888888889,1773129150.8246322,159.40229874572404,164.90359295278037
2026-03-10 08:00:00,1006.0432888888889,1773130050.9035602,159.10634549600914,164.58202016260503
2026-03-10 08:15:00,1005.8875555555555,1773130950.9848878,159.36811972633978,164.80146524439047
2026-03-10 08:30:00,1005.6885777777778,1773131851.0533404,159.08673660205244,164.44503407266004
2026-03-10 08:45:00,1005.5915222222222,1773132750.668308,159.3901678082192,164.72670694278017
2026-03-10 09:00:00,1005.6405444444443,1773133650.3254638,159.60715735461804,164.9671348302184
2026-03-10 09:15:00,1005.471088888889,1773134550.4111092,159.8592873432155,165.17174390075118
2026-03-10 09:30:00,1005.4100222222222,1773135450.4420826,159.71329988597492,165.00075165424164
2026-03-10 09:45:00,1005.2102555555555,1773136350.5630798,159.7228779931585,164.94473276777902
2026-03-10 10:00:00,1004.9755555555556,1773137250.6547182,159.87708779931586,165.0265025648366
2026-03-10 10:15:00,1004.8466333333333,1773138150.8170784,160.20542987457242,165.32278701543552
2026-03-10 10:30:00,1004.7481,1773139050.8640208,158.73627594070697,163.77442701534414
2026-03-10 10:45:00,1004.5949888888889,1773139950.9438977,160.0425473204105,165.0716019772224
2026-03-10 11:00:00,1004.3616981132076,1773140850.5052824,159.58122006841506,164.51899889006512
2026-03-10 11:15:00,1004.1500111111111,1773141750.6269841,159.85521778791335,164.73171678334208
2026-03-10 11:30:00,1003.9629111111112,1773142650.6536736,160.17339566704675,164.99784716091082
2026-03-10 11:45:00,1003.7335333333333,1773143550.8008323,159.6992006841505,164.43391706109227
2026-03-10 12:00:00,1003.5180978865407,1773144450.7119873,159.9066678082192,164.57660856192345
2026-03-10 12:15:00,1003.3732777777778,1773145350.5975332,160.1519749144812,164.78134544017922
2026-03-10 12:30:00,1003.1932666666667,1773146250.6703947,159.99168757126566,164.55716990957254
2026-03-10 12:45:00,1002.9063777777778,1773147150.8111134,159.96436259977196,164.43468915621952
2026-03-10 13:00:00,1002.580611111111,1773148050.8916218,160.78596807297606,165.17160515185608
2026-03-10 13:15:00,1002.3950666666667,1773148950.9255905,159.6428392246294,163.9364497596874
2026-03-10 13:30:00,1002.2218111111112,1773149851.049559,161.6859361459521,165.97697315130372
2026-03-10 13:45:00,1001.9451444444444,1773150750.609425,160.89152168949772,165.07011139450253
2026-03-10 14:00:00,1001.8149500554938,1773151650.1597164,160.61649030786774,164.74503369942997
2026-03-10 14:15:00,1001.6703781979978,1773152550.2518995,160.7897913340935,164.87510982232527
2026-03-10 14:30:00,1001.3769222222222,1773153450.371912,161.94812998859751,165.96544364712094
2026-03-10 14:45:00,1001.0200222222222,1773154350.47715,161.0869623717218,164.9651196175001
2026-03-10 15:00:00,1000.784295227525,1773155250.503189,161.14229271070613,164.944000189734
2026-03-10 15:15:00,1000.5141444444444,1773156151.111645,160.86884036488027,164.57515225211142
2026-03-10 15:30:00,1000.3746051167965,1773157051.150324,160.9309783105023,164.592781072726
2026-03-10 15:45:00,1000.2160222222223,1773157950.883274,161.2614549600912,164.87847523996018
2026-03-10 16:00:00,1000.0111320754717,1773158850.3817863,161.63418129988597,165.19185542176868
2026-03-10 16:15:00,999.7577111111111,1773159750.508723,161.7822337514253,165.25938498901706
2026-03-10 16:30:00,999.5504004449389,1773160650.0386093,161.38784474885847,164.78818060587085
2026-03-10 16:45:00,999.2724111111112,1773161550.1885524,161.94922234891675,165.2694742129137
2026-03-10 17:00:00,999.0071888888889,1773162450.253397,160.88031242873433,164.09158514763143
2026-03-10 17:15:00,998.7382111111111,1773163350.2503316,161.8631938426454,165.0052960998186
2026-03-10 17:30:00,998.5284555555555,1773164250.2471058,161.92157696693272,164.99558056223066
2026-03-10 17:45:00,998.3358111111111,1773165150.3824327,162.20115621436716,165.21679902627815
2026-03-10 18:00:00,998.0964777777777,1773166050.5721815,162.0876488027366,165.02217176462133
2026-03-10 18:15:00,997.9096000000001,1773166950.7389393,161.54919612314708,164.41250907107295
2026-03-10 18:30:00,997.7347777777778,1773167850.8336222,161.5120558722919,164.31724788495052
2026-03-10 18:45:00,997.4985333333333,1773168751.0031087,162.7199874572406,165.4679589593011
2026-03-10 19:00:00,997.1553496115428,1773169650.8553343,162.098992018244,164.72337674341375
2026-03-10 19:15:00,996.8322111111111,1773170550.7833803,162.47720980615736,165.00104703452183
2026-03-10 19:30:00,996.4694438264738,1773171450.8327904,161.791503990878,164.18552432076865
2026-03-10 19:45:00,996.1832111111112,1773172351.1313677,161.94108779931585,164.2432710002688
2026-03-10 20:00:00,995.8379467258601,1773173250.610169,162.3788141391106,164.5735381265061
2026-03-10 20:15:00,995.5684333333334,1773174150.723427,161.437748004561,163.53158080934213
2026-03-10 20:30:00,995.290767519466,1773175050.5425668,163.11623744292237,165.14010710873464
2026-03-10 20:45:00,995.0958,1773175950.4861012,161.94045039908778,163.88581416916202
2026-03-10 21:00:00,994.8383111111111,1773176850.598542,163.1507229190422,165.02561907923646
2026-03-10 21:15:00,994.5853666666667,1773177750.698176,162.90907525655643,164.6978545559027
2026-03-10 21:30:00,994.3769111111111,1773178650.7792177,162.76712770809579,164.48575815333558
2026-03-10 21:45:00,994.1450111111111,1773179550.8690495,162.72655872291907,164.36850901123356
2026-03-10 22:00:00,993.9739733629301,1773180450.340106,162.73804104903078,164.32388640645385
2026-03-10 22:15:00,993.7626333333334,1773181350.4265018,162.25259635119727,163.76447655031484
2026-03-10 22:30:00,993.7084538375973,1773182250.0660107,163.1421187214612,164.6444458748821
2026-03-10 22:45:00,993.6533888888889,1773183150.1581185,162.05846750285065,163.53280479237364
2026-03-10 23:00:00,993.4806222222221,1773184050.3044288,162.36827594070695,163.78882745405727
2026-03-10 23:15:00,993.2520555555556,1773184950.373273,162.91029304446977,164.26048053053225
2026-03-10 23:30:00,992.9735222222222,1773185850.4576163,163.09959064994297,164.35976216751712
2026-03-10 23:45:00,992.8971222222223,1773186750.6008332,162.66320524515393,163.89496001435492
2026-03-11 00:00:00,992.8000443951165,1773187650.6946568,162.65131927023944,163.8511683145196
2026-03-11 00:15:00,992.7658222222221,1773188550.5822704,163.17194526795896,164.36438467725483
2026-03-11 00:30:00,992.7582555555555,1773189450.6882439,162.52710832383124,163.71235781595968
2026-03-11 00:45:00,992.6368333333334,1773190350.8152773,162.96721094640822,164.11581049012082
2026-03-11 01:00:00,992.3193555555555,1773191250.6207368,164.55202736602052,165.6066105322901
2026-03-11 01:15:00,992.151288888889,1773192150.8885887,163.31899087799317,164.31043224734228
2026-03-11 01:30:00,991.9962222222223,1773193050.665757,163.4655194063927,164.4068543361056
2026-03-11 01:45:00,991.7979087875417,1773193950.2969491,163.53377537058154,164.41028089145013
2026-03-11 02:00:00,991.6472666666667,1773194850.665811,163.93070125427596,164.7596872356896
2026-03-11 02:15:00,991.5002111111112,1773195750.7631638,163.31899885974914,164.096621767602
2026-03-11 02:30:00,991.3191777777778,1773196650.8481612,163.8326670467503,164.55314572509602
2026-03-11 02:45:00,991.0613555555555,1773197550.9274204,164.66171835803877,165.30058460591835
2026-03-11 03:00:00,990.8994117647059,1773198450.4586625,164.92100114025084,165.50725894400452
2026-03-11 03:15:00,990.7086,1773199350.5711396,164.28493272519955,164.806023587149
2026-03-11 03:30:00,990.6273971078977,1773200250.2430756,163.98506392694063,164.47848921603622
2026-03-11 03:45:00,990.5096555555555,1773201150.3489687,163.4849669327252,163.93827820709407
2026-03-11 04:00:00,990.3636111111111,1773202050.4449632,163.17681641961232,163.58148594073748
2026-03-11 04:15:00,990.2114222222222,1773202950.4893625,163.6983591790194,164.0543799896104
2026-03-11 04:30:00,990.0753888888888,1773203850.6065316,163.7743990877993,164.08593688716275
2026-03-11 04:45:00,989.9605222222222,1773204750.6933517,163.49781413911063,163.77119778300866
2026-03-11 05:00:00,989.6234222222223,1773205650.8462014,164.52454732041048,164.6885772818064
2026-03-11 05:15:00,989.4142333333334,1773206550.9575922,163.8582257696693,163.95298277682116
2026-03-11 05:30:00,989.2720333333334,1773207451.1055348,164.05512200684151,164.10331525633612
2026-03-11 05:45:00,989.1097222222222,1773208350.7228327,165.0399280821918,165.03482796163237
2026-03-11 06:00:00,989.0452386237514,1773209250.2216656,164.6899271070615,164.66360022994684
2026-03-11 06:15:00,988.9830777777778,1773210150.8485813,164.59070125427596,164.5439325873947
2026-03-11 06:30:00,988.9794104560623,1773211050.4806707,164.6021095890411,164.55413073016607
2026-03-11 06:45:00,988.8297333333333,1773211950.4064405,164.83980045610033,164.74242858650325
2026-03-11 07:00:00,988.9710321864595,1773212850.3905191,164.03608428246014,163.98552255796832
2026-03-11 07:15:00,988.7953888888889,1773213750.9885283,164.3960228050171,164.28762795537003
2026-03-11 07:30:00,988.6039822024472,1773214650.805732,165.3472694063927,165.17500404554414
2026-03-11 07:45:00,988.3546555555555,1773215550.7048721,165.08670353477763,164.83249487869494
2026-03-11 08:00:00,988.2897003329634,1773216451.136854,166.1920660592255,165.91459987171834
2026-03-11 08:15:00,988.3148222222222,1773217350.8813612,165.60277194982896,165.33459644525522
2026-03-11 08:30:00,988.3896555555555,1773218250.9899724,165.12140250855188,164.87868152503975
2026-03-11 08:45:00,988.2706117908788,1773219150.988608,165.03017237442924,164.74835629616078
2026-03-11 09:00:00,988.0530888888889,1773220050.7445757,165.48434663625997,165.1299002818328
2026-03-11 09:15:00,988.0453111111111,1773220950.858249,165.11144469783352,164.75523417264387
2026-03-11 09:30:00,987.8886,1773221850.9824202,165.8623740022805,165.45267875273476
2026-03-11 09:45:00,987.4949555555555,1773222751.0298743,165.65214025085518,165.11292154548886
2026-03-11 10:00:00,987.3419222222223,1773223650.963334,166.79489167616876,166.20107677516935
2026-03-11 10:15:00,987.1730111111111,1773224551.0306487,165.58405017103763,164.93881663755818
2026-03-11 10:30:00,986.9408999999999,1773225450.9568286,165.88962485746865,165.16650882371687
2026-03-11 10:45:00,986.6798222222222,1773226350.9205875,165.3657001140251,164.55892008676184
2026-03-11 11:00:00,986.2694117647059,1773227250.3976958,165.9953409350057,165.04995696664932
2026-03-11 11:15:00,986.045,1773228150.4667366,166.3084298745724,165.28706141562756
2026-03-11 11:30:00,985.6903781979978,1773229050.5961325,166.48590525114153,165.34613455796756
2026-03-11 11:45:00,985.4276222222222,1773229950.2437139,166.6142166476625,165.386632035778
2026-03-11 12:00:00,985.1798333333334,1773230850.2883768,165.69630216647664,164.3939903899371
2026-03-11 12:15:00,985.1959777777778,1773231750.3879192,166.20527366020525,164.90428604579438
2026-03-11 12:30:00,984.8874444444444,1773232650.5784044,166.4303945267959,165.02578142349512
2026-03-11 12:45:00,984.7004777777777,1773233550.7305899,165.43866476624856,163.98109204581172
2026-03-11 13:00:00,984.5611333333333,1773234450.795399,166.23688141391105,164.7263623201404
2026-03-11 13:15:00,984.3164999999999,1773235350.8909888,167.89803420752565,166.29104040243303
2026-03-11 13:30:00,984.0692888888889,1773236251.0231087,166.36688939566704,164.69310249510391
2026-03-11 13:45:00,983.5623222222223,1773237151.136616,167.17033295324973,165.32075352242845
2026-03-11 14:00:00,983.2563485016648,1773238050.6932685,167.1853735763098,165.23448197220122
2026-03-11 14:15:00,982.9378777777778,1773238950.9772706,167.77671607753706,165.71334076159326
2026-03-11 14:30:00,982.8377888888889,1773239850.620321,167.02950684931506,164.94229987949473
2026-03-11 14:45:00,982.5787764182425,1773240750.6013942,166.64469292237442,164.47706930510984
2026-03-11 15:00:00,982.2705666666667,1773241650.2946143,167.81249144811858,165.527611839445
2026-03-11 15:15:00,982.0724888888889,1773242550.4394386,167.34768757126568,165.00375647477426
2026-03-11 15:30:00,981.7839666666666,1773243450.52162,167.6607491448119,165.21706809325354
2026-03-11 15:45:00,981.4246888888889,1773244350.6309364,168.16038768529077,165.5903956676339
2026-03-11 16:00:00,980.7895666666667,1773245250.7268167,167.81499087799315,165.04050256715234
2026-03-11 16:15:00,980.0060888888889,1773246150.8325567,168.34759977194983,165.30507707272358
2026-03-11 16:30:00,979.5633888888889,1773247050.9359756,167.97148232611173,164.78978765589733
2026-03-11 16:45:00,979.6012111111111,1773247950.9896677,168.3050456100342,165.12952328471195
2026-03-11 17:00:00,979.7308,1773248851.066072,168.15742531356898,165.02745414437612
2026-03-11 17:15:00,979.8840444444445,1773249750.660541,168.40518378995432,165.3212623742862
2026-03-11 17:30:00,980.1809,1773250650.1968734,168.80597947548463,165.81313436733478
2026-03-11 17:45:00,980.2064999999999,1773251550.2752788,169.14643329532495,166.15605908463942
2026-03-11 18:00:00,980.3889123196449,1773252450.1931062,167.11864350797265,164.22402104724145
2026-03-11 18:15:00,980.2271412680757,1773253350.7012835,168.4997397260274,165.52763180193296
2026-03-11 18:30:00,979.9290444444445,1773254250.4375548,168.01621322690994,164.9542600534734
2026-03-11 18:45:00,979.8893222222223,1773255150.4417436,168.61662029646524,165.53057420585455
2026-03-11 19:00:00,980.0338734739179,1773256050.9840329,168.7377175398633,165.69735170509742
2026-03-11 19:15:00,980.1395555555556,1773256950.7052636,168.39093500570127,165.39177179995067
2026-03-11 19:30:00,980.0794333333333,1773257850.8271008,168.7077377423033,165.68300839369354
2026-03-11 19:45:00,979.9192222222222,1773258750.8386407,168.83160889395666,165.75153969624688
2026-03-11 20:00:00,979.9430478309233,1773259651.1866155,169.6200993150685,166.53358067906618
2026-03-11 20:15:00,980.0980555555557,1773260550.8439426,168.59159977194983,165.5751192776953
2026-03-11 20:30:00,980.0512555555556,1773261450.936318,168.64505473204105,165.61211578956636
2026-03-11 20:45:00,980.1235,1773262350.8579133,168.48849258836944,165.48227790704078
2026-03-11 21:00:00,980.1294450610433,1773263250.2628398,168.70719498289623,165.6990483278352
2026-03-11 21:15:00,980.0789444444445,1773264150.399037,168.25417559863172,165.2374165149692
2026-03-11 21:30:00,980.0350500556174,1773265050.3192139,168.97317694063926,165.92895898661524
2026-03-11 21:45:00,979.9293666666666,1773265950.2088451,168.45669441277082,165.38682042540034
2026-03-11 22:00:00,979.9122752497226,1773266850.1806455,167.9060284738041,164.84055474473408
2026-03-11 22:15:00,979.8523777777777,1773267750.7644885,168.03217901938424,164.9446414321019
2026-03-11 22:30:00,979.8315666666666,1773268650.8462844,167.95513797035346,164.86215391571247
2026-03-11 22:45:00,979.8430478309233,1773269550.9105175,168.46155251141553,165.3630396379104
2026-03-11 23:00:00,979.6470333333334,1773270450.6010058,168.86653591790193,165.69560397030932
2026-03-11 23:15:00,979.6972999999999,1773271350.6961095,168.48934321550743,165.3421156530054
2026-03-11 23:30:00,979.7331666666666,1773272250.7041433,168.07050741163056,164.94293480285864
2026-03-11 23:45:00,979.6975333333332,1773273150.591081,169.08625541619156,165.92795551015266
2026-03-12 00:00:00,979.595538290788,1773274050.0995066,168.5427765108324,165.36089262386758
2026-03-12 00:15:00,979.4423555555555,1773274950.251762,168.63288483466363,165.39861962261884
2026-03-12 00:30:00,979.3031222222221,1773275850.3249562,169.74184948688713,166.43996064451386
2026-03-12 00:45:00,979.2381312569522,1773276750.6155965,170.26379361459522,166.93005239791358
2026-03-12 01:00:00,979.2424777777778,1773277651.0314555,167.68132611174457,164.39957837300915
2026-03-12 01:15:00,979.3199000000001,1773278550.6846983,169.16663698630134,165.88150356863096
2026-03-12 01:30:00,979.2681333333334,1773279450.2128022,170.28440935005702,166.960282489896
2026-03-12 01:45:00,979.4887666666666,1773280350.3154535,168.13685404789055,164.92741059069556
2026-03-12 02:00:00,979.4848168701443,1773281250.2676167,167.67448232611176,164.47256547863927
2026-03-12 02:15:00,979.4973526140155,1773282150.200651,168.2591220068415,165.05017886448886
2026-03-12 02:30:00,979.4530111111111,1773283050.3204267,168.15939908779933,164.93772998247763
2026-03-12 02:45:00,979.2987888888889,1773283950.3734565,168.9777685290764,165.68930692611687
2026-03-12 03:00:00,979.3000776914539,1773284850.349315,169.48196583143508,166.184120445276
2026-03-12 03:15:00,979.1821000000001,1773285750.8473294,169.37830330672747,166.04329159487497
2026-03-12 03:30:00,979.1969333333333,1773286650.9082193,168.62929532497148,165.3139356127626
2026-03-12 03:45:00,979.0934816462736,1773287550.83284,168.87155479452053,165.51718249972797
2026-03-12 04:00:00,979.0153666666666,1773288450.569967,167.72553135689853,164.36824179574583
2026-03-12 04:15:00,979.0146000000001,1773289350.622406,168.18607639680732,164.8193155812443
2026-03-12 04:30:00,979.0577222222222,1773290250.6493444,168.61702850627137,165.2558926488661
2026-03-12 04:45:00,979.005911111111,1773291150.4424803,168.77281870011402,165.3914382748411
2026-03-12 05:00:00,979.1002441731409,1773292050.5348523,168.43464464692482,165.09118374861254
2026-03-12 05:15:00,979.1178666666667,1773292951.0413356,169.0973945267959,165.74661954724104
2026-03-12 05:30:00,979.1962222222223,1773293850.662197,168.50383219178082,165.19070422689288
2026-03-12 05:45:00,979.301288888889,1773294750.2815776,168.3415849486887,165.06632938843708
2026-03-12 06:00:00,979.3867666666666,1773295651.1470945,168.37497149372862,165.12729337984865
2026-03-12 06:15:00,979.4185333333334,1773296550.4824564,168.90153477765108,165.6542243490387
2026-03-12 06:30:00,979.6065,1773297450.5664895,168.4151835803877,165.23933106500138
2026-03-12 06:45:00,979.8752725250279,1773298350.472183,168.31594634703197,165.2307602855688
2026-03-12 07:00:00,980.0782222222223,1773299250.2867327,168.49125883694413,165.47000989235582
2026-03-12 07:15:00,980.2711333333333,1773300150.4252715,168.2446100342075,165.29154464651447
2026-03-12 07:30:00,980.5563555555555,1773301050.5469494,167.7137730900798,164.8640440251482
2026-03-12 07:45:00,980.7483111111111,1773301950.5694137,168.59459179019385,165.79353395014027
2026-03-12 08:00:00,980.8719555555556,1773302850.646747,168.65700114025086,165.89592556825892
2026-03-12 08:15:00,980.9649888888889,1773303750.7455118,168.38025769669326,165.65453259750097
2026-03-12 08:30:00,981.0675333333332,1773304650.7220466,168.19665450399086,165.5078418963423
2026-03-12 08:45:00,981.057,1773305550.7474945,168.4636750285063,165.7671016005329
2026-03-12 09:00:00,981.2576914539401,1773306450.242625,168.88463169897375,166.24803580896193
2026-03-12 09:15:00,981.4917888888889,1773307350.3118243,168.4392132269099,165.88722049505807
2026-03-12 09:30:00,981.5215016685206,1773308251.0537574,167.268661345496,164.74419316312373
2026-03-12 09:45:00,981.6280888888889,1773309151.111572,168.4166202964652,165.9101908202286
2026-03-12 10:00:00,981.733385127636,1773310050.6575584,167.74066590649946,165.2790990677615
2026-03-12 10:15:00,981.7742666666667,1773310950.7077508,167.9754549600912,165.5239758268819
2026-03-12 10:30:00,981.8643270300333,1773311850.3994915,167.77812557077627,165.3593082724658
2026-03-12 10:45:00,982.2461777777778,1773312750.3977954,168.00881299885975,165.7131770229514
2026-03-12 11:00:00,982.4204666666666,1773313650.4509215,167.9541984036488,165.71706388891474
2026-03-12 11:15:00,982.5438777777778,1773314550.5355315,168.0297890535918,165.83257379177036
2026-03-12 11:30:00,982.6626777777777,1773315450.678796,167.42804561003422,165.2779643316715
2026-03-12 11:45:00,982.8806,1773316350.7510264,166.75902622576967,164.6892996520932
2026-03-12 12:00:00,983.0528634850167,1773317250.2170591,168.22071607753705,166.19009487494958
2026-03-12 12:15:00,983.282688888889,1773318150.3117738,167.44290535917904,165.49772692703309
2026-03-12 12:30:00,983.5412680756396,1773319050.973151,168.1898244013683,166.32196159391222
2026-03-12 12:45:00,983.6402555555555,1773319951.0662496,168.15157582668186,166.31706115014956
2026-03-12 13:00:00,983.7712319644838,1773320850.5146058,167.95667502850625,166.16780912281826
2026-03-12 13:15:00,983.8176333333333,1773321750.6149652,168.01293956670466,166.2389011103381
2026-03-12 13:30:00,983.9963666666667,1773322650.7009938,167.8345313568985,166.12174907746618
2026-03-12 13:45:00,984.1776974416018,1773323550.2833357,167.02220205479452,165.37767499511003
2026-03-12 14:00:00,984.2259156492786,1773324450.277701,168.1471993166287,166.5076519825435
2026-03-12 14:15:00,984.2164,1773325350.8703723,167.53597833523372,165.8992335054657
2026-03-12 14:30:00,984.2406666666667,1773326250.9719985,167.58861915621438,165.95941441941486
2026-03-12 14:45:00,984.3654616240267,1773327150.8890748,167.3396815068493,165.75426223525267
2026-03-12 15:00:00,984.4555777777778,1773328050.706809,168.24661687571265,166.682643955154
2026-03-12 15:15:00,984.6067888888888,1773328950.833616,167.40277309007982,165.89680759804708
2026-03-12 15:30:00,984.7590333333334,1773329850.9501498,167.55040478905357,166.09367717374366
2026-03-12 15:45:00,984.8104555555556,1773330751.0019794,168.28382554161917,166.83787883862212
2026-03-12 16:00:00,984.8248168701443,1773331650.4731617,168.32211630558726,166.88063377822166
2026-03-12 16:15:00,984.8215684093437,1773332550.3797317,167.60019634703195,166.1638166649761
2026-03-12 16:30:00,984.8719666666667,1773333450.2345598,167.67213340935007,166.2518939738662
2026-03-12 16:45:00,984.8769777777778,1773334350.260941,168.59009007981754,167.16375058606297
2026-03-12 17:00:00,984.9335000000001,1773335250.2813914,169.4630228050171,168.0482938040795
2026-03-12 17:15:00,985.0945222222223,1773336150.3617198,167.5332212086659,166.188114121956
2026-03-12 17:30:00,985.1337222222223,1773337050.4504592,168.29875940706955,166.96059509006636
2026-03-12 17:45:00,985.2033111111111,1773337950.470825,167.64703648802737,166.33720293214026
2026-03-12 18:00:00,985.3286903440622,1773338850.356161,167.5185979498861,166.2514516223294
2026-03-12 18:15:00,985.3773,1773339750.871881,167.6316818700114,166.37985470034735
2026-03-12 18:30:00,985.4879310344827,1773340650.4546177,167.87331392694063,166.65655301024645
2026-03-12 18:45:00,985.5388,1773341550.5860407,168.62730330672747,167.42210971964195
2026-03-12 19:00:00,985.5362153163152,1773342450.5467901,167.55519248291571,166.35680140084628
2026-03-12 19:15:00,985.5314555555556,1773343350.6450133,168.50482762557075,167.29805194198383
2026-03-12 19:30:00,985.7093882091212,1773344250.6168466,167.74075142531356,166.59872396031432
2026-03-12 19:45:00,985.8466000000001,1773345150.9221783,167.19434321550742,166.10161180075983
2026-03-12 20:00:00,985.9459822419533,1773346050.3991187,167.01672405929304,165.95813681472035
2026-03-12 20:15:00,986.0519888888889,1773346950.5156503,168.0612725199544,167.0314738460083
2026-03-12 20:30:00,986.1148164627364,1773347850.7327983,167.60194977168948,166.5958979237066
2026-03-12 20:45:00,986.2629888888889,1773348750.324939,167.98916191562142,167.03027700706676
2026-03-12 21:00:00,986.3468368479466,1773349650.1824193,166.7655159453303,165.84142422630583
2026-03-12 21:15:00,986.3579,1773350550.7772553,167.51205131128847,166.58750876795563
2026-03-12 21:30:00,986.3401555555555,1773351450.816425,166.85904446978336,165.93221718639606
2026-03-12 21:45:00,986.3142046718576,1773352350.9617646,166.9733584474886,166.0372783492987
2026-03-12 22:00:00,986.2917777777777,1773353250.5243313,167.51741391106043,166.57081224901052
2026-03-12 22:15:00,986.4030333333333,1773354150.6233845,167.588842645382,166.67892114229983
2026-03-12 22:30:00,986.560188888889,1773355050.6713142,167.87624743443558,167.01725259984698
2026-03-12 22:45:00,986.6435,1773355950.6237564,167.6337913340935,166.80382801618504
2026-03-12 23:00:00,986.7352275249723,1773356850.3306773,166.92386218678817,166.12788796830964
2026-03-12 23:15:00,986.7890444444445,1773357750.8607984,168.57403192702395,167.7882476174079
2026-03-12 23:30:00,986.7924555555555,1773358650.9016235,167.50036259977196,166.72072045171845
2026-03-12 23:45:00,986.9053503893215,1773359550.944065,166.7008607305936,165.96240828673083
2026-03-13 00:00:00,987.0477999999999,1773360450.7193556,167.31609007981757,166.622376113091
2026-03-13 00:15:00,987.1131333333334,1773361350.8252282,167.1676510832383,166.49630665973297
2026-03-13 00:30:00,987.1208888888889,1773362250.9307656,167.6614503990878,166.99071307149651
2026-03-13 00:45:00,987.1216666666667,1773363151.046948,166.99147776510833,166.32367941931176
2026-03-13 01:00:00,987.1631853496116,1773364050.5906093,165.84329760547323,165.19380751732066
2026-03-13 01:15:00,987.1825,1773364950.6933126,166.04625997719498,165.40236428424816
2026-03-13 01:30:00,987.0994555555557,1773365850.8377008,166.82348118586089,166.14897378723583
2026-03-13 01:45:00,987.1316462736373,1773366750.7137604,167.67575456621006,167.00855312601354
2026-03-13 02:00:00,987.2209988901221,1773367650.502876,166.28430410022779,165.65223968133446
2026-03-13 02:15:00,987.2645777777777,1773368551.0109868,166.88129646522233,166.2614531614148
2026-03-13 02:30:00,987.2758111111111,1773369451.0712261,167.31608209806157,166.6983689947474
2026-03-13 02:45:00,987.3608111111112,1773370351.1543386,167.5245062713797,166.9344001242361
2026-03-13 03:00:00,987.4400222469411,1773371251.2246962,167.14050684931507,166.57814093984692
2026-03-13 03:15:00,987.5153,1773372150.758431,166.94204903078676,166.40540222207892
2026-03-13 03:30:00,987.6244111111112,1773373050.7175326,167.4183717217788,166.91661468121367
2026-03-13 03:45:00,987.6575333333333,1773373950.7409887,166.4751117445838,165.98717704185705
2026-03-13 04:00:00,987.7019333333333,1773374850.7973802,165.78134093500572,165.31011854525275
2026-03-13 04:15:00,987.7399555555555,1773375750.8617167,166.18677194982897,165.72699928791636
2026-03-13 04:30:00,987.8124,1773376650.920566,166.53237628278222,166.0957111509337
2026-03-13 04:45:00,987.7556111111111,1773377550.961599,166.67531927023947,166.21939942492023
2026-03-13 05:00:00,987.7954495005549,1773378450.4193087,166.71611744583808,166.27333359799118
2026-03-13 05:15:00,987.7336888888889,1773379350.535093,166.00075256556443,165.53941977152968
2026-03-13 05:30:00,987.6341824249165,1773380250.229904,166.44028995433789,165.94470721318186
2026-03-13 05:45:00,987.5152111111112,1773381150.3837228,166.2917890535918,165.7572030827835
2026-03-13 06:00:00,987.5409877913429,1773382050.4452689,166.67478246013667,166.14753050530476
2026-03-13 06:15:00,987.4912777777777,1773382951.0484824,167.03276168757125,166.48782426955304
2026-03-13 06:30:00,987.3595888888889,1773383850.623256,166.38804680365297,165.8015385491238
2026-03-13 06:45:00,987.3359888888888,1773384750.2123446,166.91031128848346,166.31411187046703
2026-03-13 07:00:00,987.2396111111111,1773385650.658247,166.72928132118452,166.10170842462662
2026-03-13 07:15:00,987.2172,1773386550.843459,166.21694754846067,165.5838810843026
2026-03-13 07:30:00,987.0666555555556,1773387450.9389184,166.9647149372862,166.2787282543256
2026-03-13 07:45:00,986.966129032258,1773388350.9791048,166.94911187214612,166.22976493491709
2026-03-13 08:00:00,986.8877,1773389250.7307682,167.76634777651083,167.01727948784793
2026-03-13 08:15:00,986.8187444444444,1773390150.8201613,167.00070581527936,166.23212924084825
2026-03-13 08:30:00,986.7124,1773391050.9238827,166.69160661345495,165.88916605153895
2026-03-13 08:45:00,986.7184888888888,1773391951.047094,166.70986431014825,165.90935625205557
2026-03-13 09:00:00,986.6924888888889,1773392851.1142018,166.89988369441278,166.0898263049956
2026-03-13 09:15:00,986.7184666666667,1773393750.7300832,166.45344406392695,165.65415992313692
2026-03-13 09:30:00,986.7473222222222,1773394650.3021314,167.43420410490307,166.63982719553738
2026-03-13 09:45:00,986.9227222222222,1773395550.4433398,166.55827594070698,165.82621643033664
2026-03-13 10:00:00,987.0364555555556,1773396450.5711613,167.28760205245155,166.59022641072343
2026-03-13 10:15:00,987.1336888888889,1773397350.7116218,166.78105245153935,166.1180897650103
2026-03-13 10:30:00,987.1427111111111,1773398250.5913448,166.9934766248575,166.33267089560658
2026-03-13 10:45:00,987.1157888888889,1773399150.5990465,166.94769213226908,166.27811418196958
2026-03-13 11:00:00,987.0925305216426,1773400050.553786,166.81604328018224,166.13926489877386
2026-03-13 11:15:00,987.0363848720801,1773400950.7351682,167.18130022831048,166.48434419403515
2026-03-13 11:30:00,987.1134555555556,1773401850.943403,166.87934663625998,166.20926715452921
2026-03-13 11:45:00,987.1364111111111,1773402751.0390131,167.00717217787914,166.34421630396642
2026-03-13 12:00:00,987.1484239733629,1773403650.5534658,166.8606305587229,166.20224948159913
2026-03-13 12:15:00,987.1363,1773404550.6053455,166.76911516533636,166.1070673758463
2026-03-13 12:30:00,987.0970777777777,1773405450.7380486,167.64614823261115,166.96752056833694
2026-03-13 12:45:00,987.0755394883204,1773406350.4282026,166.7803721461187,166.0980940313133
2026-03-13 13:00:00,987.0144062153163,1773407250.3690784,167.6010478359909,166.89500551387286
2026-03-13 13:15:00,987.0130555555556,1773408150.9828315,167.35358722919042,166.64813719822783
2026-03-13 13:30:00,987.0404222222222,1773409051.0720022,167.0297251995439,166.33474415866942
2026-03-13 13:45:00,987.0786333333333,1773409950.6797347,167.38631735159817,166.7025918898032
2026-03-13 14:00:00,987.1239933259177,1773410850.4711795,167.55480729760546,166.88553276867458
2026-03-13 14:15:00,987.1749111111111,1773411750.9093227,167.04021664766248,166.38994113180766
2026-03-13 14:30:00,987.2773333333333,1773412650.987752,166.98980843785634,166.37380641708447
2026-03-13 14:45:00,987.2669666666667,1773413551.066527,167.19822576966934,166.57800117351573
2026-03-13 15:00:00,987.2485460599335,1773414450.5194685,167.87675142531356,167.24784809979226
2026-03-13 15:15:00,987.2024026696329,1773415350.4835227,168.28944406392696,167.6435227058695
2026-03-13 15:30:00,987.0966333333333,1773416250.3261635,167.56187799315848,166.88344311192694
2026-03-13 15:45:00,987.0943222222222,1773417150.3961701,168.19691106043328,167.51513072414627
2026-03-13 16:00:00,987.1507103218646,1773418050.3928819,167.4913735763098,166.83126664700114
2026-03-13 16:15:00,987.1680666666667,1773418951.0205572,169.70881755986318,169.04583930757664
2026-03-13 16:30:00,987.2379333333333,1773419851.0911777,168.75597035347778,168.12020481458472
2026-03-13 16:45:00,987.2455888888888,1773420750.6751642,168.2426187214612,167.6113534625656
2026-03-13 17:00:00,987.1886429365961,1773421650.6440706,168.23274686431014,167.58243127653375
2026-03-13 17:15:00,987.1971555555555,1773422551.017224,167.74449258836947,167.09890925651607
2026-03-13 17:30:00,987.1621222222223,1773423451.0547628,167.65246180159636,166.99553143029527
2026-03-13 17:45:00,987.1128,1773424351.0531192,167.58660205245155,166.9134638483376
2026-03-13 18:00:00,986.9973444444445,1773425250.6278584,167.45269520547944,166.74158792847916
2026-03-13 18:15:00,986.9605666666668,1773426150.282774,167.8810763968073,167.15585425550424
2026-03-13 18:30:00,986.8585888888889,1773427050.5017142,168.10699885974913,167.34666600274605
2026-03-13 18:45:00,986.8681222222222,1773427950.622538,168.0802086659065,167.32318724356674
2026-03-13 19:00:00,986.9229222222223,1773428850.5039659,168.42474002280503,167.68454407443895
2026-03-13 19:15:00,987.0129111111112,1773429750.357861,167.78292018244017,167.07561210655658
2026-03-13 19:30:00,986.9986111111111,1773430650.4312282,167.74020752565565,167.02830243209687
2026-03-13 19:45:00,986.9566222222222,1773431550.5057719,167.9072565564424,167.18060244621003
2026-03-13 20:00:00,986.9251942286348,1773432450.4057128,169.30015261959,168.55687531572863
2026-03-13 20:15:00,986.8559222222223,1773433351.0410607,168.15609464082098,167.3946469541786
2026-03-13 20:30:00,986.7405561735261,1773434250.88812,167.9159497716895,167.1170258030522
2026-03-13 20:45:00,986.6615111111112,1773435150.857302,167.76350513112885,166.93891299601103
2026-03-13 21:00:00,986.6178690344062,1773436050.3126743,168.6067149372862,167.7633345328297
2026-03-13 21:15:00,986.5711555555556,1773436950.4165285,167.900251995439,167.04479814256382
2026-03-13 21:30:00,986.6035372636262,1773437850.5577207,167.7999908675799,166.9558601281094
2026-03-13 21:45:00,986.5807555555555,1773438750.2232544,168.01215051311286,167.15933596435113
2026-03-13 22:00:00,986.570166481687,1773439650.1370668,167.87052050113897,167.0148877501446
2026-03-13 22:15:00,986.4894555555557,1773440550.7997494,167.3344321550741,166.45466024751937
2026-03-13 22:30:00,986.4159510567297,1773441450.4618945,168.1515605022831,167.24290446905428
2026-03-13 22:45:00,986.3876333333334,1773442350.6005185,168.35634321550742,167.4370974357592
2026-03-13 23:00:00,986.2709655937847,1773443250.5533955,167.8051104783599,166.84993794264776
2026-03-13 23:15:00,986.2365777777777,1773444150.6426868,169.13839155251142,168.16406378806758
2026-03-13 23:30:00,986.2272525027809,1773445050.5292082,167.80880159635117,166.83902131396147
2026-03-13 23:45:00,986.0833444444444,1773445950.9469132,167.4615108323831,166.44582488502814
2026-03-14 00:00:00,985.9474111111111,1773446851.0152025,166.89043443557583,165.83312154827894
2026-03-14 00:15:00,985.8615777777777,1773447751.0744767,167.95719726339794,166.86447850972473
2026-03-14 00:30:00,985.7907777777779,1773448650.6978352,167.83084132420092,166.71533607113003
2026-03-14 00:45:00,985.7672,1773449550.2359247,167.7106864310148,166.58812405925917
2026-03-14 01:00:00,985.7510222222222,1773450450.410282,168.35261915621436,167.22034944778656
2026-03-14 01:15:00,985.6497666666667,1773451350.511167,167.59867160775372,166.43776372745165
2026-03-14 01:30:00,985.5508222222222,1773452250.5788298,168.43197035347777,167.23219378436806
2026-03-14 01:45:00,985.236888888889,1773453150.4462328,168.10360205245155,166.80140259477935
2026-03-14 02:00:00,985.0863555555555,1773454050.5456064,167.8777354618016,166.52714233987504
2026-03-14 02:15:00,985.1439999999999,1773454950.5061681,167.394669327252,166.06710710920663
2026-03-14 02:30:00,985.1807555555555,1773455850.6218832,168.94868529076396,167.6211201508805
2026-03-14 02:45:00,985.1459666666666,1773456750.7064462,167.07777651083236,165.7533794467164
2026-03-14 03:00:00,985.0129111111112,1773457650.5952415,167.6124914481186,166.23961169537054
2026-03-14 03:15:00,985.0787777777778,1773458550.7348926,167.80776966932723,166.4552166887771
2026-03-14 03:30:00,985.0975333333332,1773459450.8259182,168.17333637400228,166.8240945168872
2026-03-14 03:45:00,985.0875555555556,1773460350.7456033,167.54425541619156,166.19674404619238
2026-03-14 04:00:00,985.1687569367369,1773461250.6033657,167.5286355353075,166.20824027724586
2026-03-14 04:15:00,985.1298444444444,1773462150.772013,168.73130136986302,167.38839966298073
2026-03-14 04:30:00,985.2309555555555,1773463050.3337948,168.0400285062714,166.73634289902358
2026-03-14 04:45:00,985.3088876529478,1773463950.896137,167.80674344355756,166.53082187469732
2026-03-14 05:00:00,985.3949389567148,1773464850.5281403,167.5846191562144,166.339011427657
2026-03-14 05:15:00,985.4343111111111,1773465750.5783348,168.7666157354618,167.52541372367824
2026-03-14 05:30:00,985.5060289210234,1773466650.3215466,168.029100456621,166.81724835510462
2026-03-14 05:45:00,985.4769888888889,1773467550.4198725,167.50199999999998,166.28429134645947
2026-03-14 06:00:00,985.4821198668146,1773468450.4615984,168.05443735763097,166.8344246250825
2026-03-14 06:15:00,985.4683759733036,1773469350.9089684,167.9424303652968,166.7186479721953
2026-03-14 06:30:00,985.4404555555556,1773470250.656037,167.7077582668187,166.4763894693642
2026-03-14 06:45:00,985.3464777777777,1773471150.7754505,169.04756898517672,167.77482565631786
2026-03-14 07:00:00,985.4799667036626,1773472050.2730515,168.01749600912203,166.797033173031
2026-03-14 07:15:00,985.5415444444444,1773472950.4064796,168.71164082098062,167.50676389004536
2026-03-14 07:30:00,985.6591333333333,1773473850.4503891,168.10171607753705,166.94045107444202
2026-03-14 07:45:00,985.7107563959955,1773474750.9897673,168.89812770809579,167.74867951366625
2026-03-14 08:00:00,985.7993229744727,1773475650.4653525,169.04184036488027,167.92115589402437
2026-03-14 08:15:00,985.8956444444444,1773476550.5569928,167.76012542759406,166.68004489083603
2026-03-14 08:30:00,985.9962625139044,1773477450.1994243,167.81395433789956,166.7670834250051
2026-03-14 08:45:00,986.0237333333333,1773478350.236869,167.06484834663627,166.03177237588895
2026-03-14 09:00:00,986.0383999999999,1773479250.301687,167.34342303306727,166.31350290278783
2026-03-14 09:15:00,986.0381222222221,1773480150.4500194,167.8571356898518,166.82396121957092
2026-03-14 09:30:00,986.0660111111112,1773481050.5993824,168.24352337514253,167.2172974060327
2026-03-14 09:45:00,986.0909777777778,1773481950.6734972,167.17094640820983,166.15955947265462
2026-03-14 10:00:00,986.1664666666667,1773482850.7156286,167.87969897377425,166.88921873512356
2026-03-14 10:15:00,986.1861888888889,1773483750.7288907,167.32043215507412,166.33981260948718
2026-03-14 10:30:00,986.2291222222223,1773484650.8802884,168.82351083238314,167.84849412340358
2026-03-14 10:45:00,986.2741000000001,1773485551.0150986,168.00011288483464,167.0448775351113
2026-03-14 11:00:00,986.3652888888889,1773486450.6503167,167.68593264840183,166.7628947755737
2026-03-14 11:15:00,986.4765,1773487350.3344,167.94475256556444,167.0574431578031
2026-03-14 11:30:00,986.6242111111111,1773488250.5003152,167.63654161915622,166.80012978198695
2026-03-14 11:45:00,986.7017666666667,1773489150.5921998,170.00355530216646,169.1815733078409
2026-03-14 12:00:00,986.7304217536071,1773490050.5579355,168.40315148063783,167.59851240281574
2026-03-14 12:15:00,986.7580444444444,1773490950.6027503,167.30768378995432,166.51747798165428
2026-03-14 12:30:00,986.7961,1773491850.230509,167.30790763968074,166.53037510367102
2026-03-14 12:45:00,986.7115555555555,1773492750.2965057,167.7818038768529,166.97383318874716
2026-03-14 13:00:00,986.7868965517242,1773493650.672331,167.5976282782212,166.81567873196283
2026-03-14 13:15:00,986.7992333333334,1773494551.009257,167.33369669327251,166.55708806189062
2026-03-14 13:30:00,986.7667444444445,1773495450.6180105,168.54242351598174,167.74930475872506
2026-03-14 13:45:00,986.7177666666668,1773496350.2364242,166.97986088939567,166.1778163259089
2026-03-14 14:00:00,986.8759555555556,1773497250.2803311,167.76708779931585,167.01409318493722
2026-03-14 14:15:00,986.9071777777779,1773498150.4442031,167.88729076396808,167.1441935390561
2026-03-14 14:30:00,986.9705444444444,1773499050.4794552,167.85104218928166,167.12928491589483
2026-03-14 14:45:00,987.0024777777778,1773499950.546704,168.97458836944128,168.25874564432922
2026-03-14 15:00:00,987.0350444444445,1773500850.637192,167.84261117445837,167.14245013974346
2026-03-14 15:15:00,987.0700777777778,1773501750.6820064,167.82429874572406,167.13592434876028
2026-03-14 15:30:00,987.0769888888889,1773502650.7502391,167.5515370581528,166.86658791431506
2026-03-14 15:45:00,987.1272777777777,1773503550.8504474,167.9454070695553,167.2756711579689
2026-03-14 16:00:00,987.2092333333334,1773504450.993511,168.36801938426453,167.72408775979247
2026-03-14 16:15:00,987.2956444444445,1773505351.0579715,167.45661573546178,166.84500185078386
2026-03-14 16:30:00,987.3769222222222,1773506251.1028292,168.03128734321552,167.4447914128512
2026-03-14 16:45:00,987.3622,1773507150.6985714,167.48623401826484,166.89672628675171
2026-03-14 17:00:00,987.4164333333333,1773508050.2857273,167.49332725199542,166.92189903425293
2026-03-14 17:15:00,987.4964888888888,1773508950.3256302,166.57881527936146,166.03708930899006
2026-03-14 17:30:00,987.5386222222222,1773509850.4416602,167.9957913340935,167.46356826051547
2026-03-14 17:45:00,987.6603333333334,1773510750.2268834,167.71541847206385,167.22478491517487
2026-03-14 18:00:00,987.7702552719201,1773511650.6216323,167.7438257403189,167.289882695047
2026-03-14 18:15:00,987.9199555555555,1773512550.3627563,166.61132155074114,166.21019923163234
2026-03-14 18:30:00,987.9726333333333,1773513450.506295,166.95450855188142,166.57010816047958
2026-03-14 18:45:00,988.0373526140155,1773514350.1702864,167.67048630136986,167.3060918825742
2026-03-14 19:00:00,988.1363,1773515250.3572373,167.60022462941848,167.26908131029657
2026-03-14 19:15:00,988.2849666666667,1773516150.4331486,167.39366590649942,167.11261146818788
2026-03-14 19:30:00,988.3403666666667,1773517050.5472217,166.90583352337515,166.64406129612888
2026-03-14 19:45:00,988.3918111111111,1773517950.635568,166.9809897377423,166.7362540621901
2026-03-14 20:00:00,988.4397,1773518850.7265325,167.81436944127708,167.58446242158976
2026-03-14 20:15:00,988.6362333333334,1773519750.85174,167.356338654504,167.19276412905498
2026-03-14 20:30:00,988.7583999999999,1773520650.9949281,167.8105165336374,167.68746472578903
2026-03-14 20:45:00,988.9402111111111,1773521551.1000507,167.52414139110604,167.46218147682112
2026-03-14 21:00:00,989.1065371809101,1773522450.5949445,167.04284948688712,167.03662343088078
2026-03-14 21:15:00,989.1978,1773523350.609463,167.32503648802737,167.3493426723554
2026-03-14 21:30:00,989.273681868743,1773524250.4745452,167.1774691780822,167.2271310150004
2026-03-14 21:45:00,989.3578444444445,1773525150.4732919,166.74037742303304,166.81798671696518
2026-03-14 22:00:00,989.4354888888889,1773526050.5861962,166.60365222348915,166.707083626539
2026-03-14 22:15:00,989.4980222222222,1773526950.7774556,166.89223033067276,167.01672780895888
2026-03-14 22:30:00,989.6893666666666,1773527850.9052906,167.82570467502853,168.01518374467537
2026-03-14 22:45:00,989.7637111111111,1773528751.010637,167.325677309008,167.5395012466537
2026-03-14 23:00:00,989.9208444444444,1773529650.587564,166.9594006849315,167.22530164217534
2026-03-14 23:15:00,990.1032555555555,1773530550.17549,167.45986887115166,167.7877684202893
2026-03-14 23:30:00,990.2552222222222,1773531450.776447,166.98794533029613,167.36578112643068
2026-03-14 23:45:00,990.2964555555556,1773532350.6539454,165.60078424657536,165.98916938744281
2026-03-15 00:00:00,990.4230888888889,1773533250.1662948,165.581842645382,166.0122234008784
2026-03-15 00:15:00,990.6115666666666,1773534150.2547166,166.62058950969214,167.11665385806427
2026-03-15 00:30:00,990.7938777777778,1773535050.3315544,166.08538768529078,166.64060841879797
2026-03-15 00:45:00,990.8527222222223,1773535950.8252711,167.5538507972665,168.13376689080246
2026-03-15 01:00:00,991.0322555555556,1773536850.6914032,166.45956164383563,167.09567804051866
2026-03-15 01:15:00,991.2471333333333,1773537750.2075822,166.21930672748005,166.9262270635952
2026-03-15 01:30:00,991.3909333333334,1773538650.2786386,165.48747776510834,166.23908916590037
2026-03-15 01:45:00,991.5328777777778,1773539550.3181016,166.1213409350057,166.92321213642302
2026-03-15 02:00:00,991.6646503884572,1773540450.4424694,166.479937357631,167.32763209890163
2026-03-15 02:15:00,991.8530888888889,1773541350.6452553,166.77208561643837,167.6844524460036
2026-03-15 02:30:00,991.9713111111112,1773542250.1696036,165.3882132269099,166.33233295646673
2026-03-15 02:45:00,992.1779199110123,1773543150.246776,165.81005815279363,166.8255069818683
2026-03-15 03:00:00,992.3086555555556,1773544050.8062425,164.38338996579247,165.4333520548901
2026-03-15 03:15:00,992.4902222222222,1773544950.9839544,165.77040478905357,166.8898183785551
2026-03-15 03:30:00,992.5793111111111,1773545851.1020312,165.55128620296466,166.6989195266098
2026-03-15 03:45:00,992.8185333333333,1773546751.0959153,165.44670011402508,166.67333328367573
2026-03-15 04:00:00,992.9518423973363,1773547650.405948,166.26381527936147,167.54117015565876
2026-03-15 04:15:00,993.1387666666666,1773548550.4734602,164.22957924743443,165.5531859492464
2026-03-15 04:30:00,993.2477666666667,1773549450.5441844,164.61106955530215,165.97392924754206
2026-03-15 04:45:00,993.3257111111111,1773550350.5601797,165.7462394526796,167.1445514719911
2026-03-15 05:00:00,993.3995,1773551250.785066,164.51612086659065,165.9285405944286
2026-03-15 05:15:00,993.5006451612903,1773552150.7242198,165.33788356164385,166.7910951781439
2026-03-15 05:30:00,993.5381444444445,1773553050.6328394,164.32794754846066,165.7847156391729
2026-03-15 05:45:00,993.6478,1773553950.7429864,164.41445724059292,165.90837380038062
2026-03-15 06:00:00,993.7466555555557,1773554850.8155444,165.29569213226912,166.8305968453369
2026-03-15 06:15:00,993.8225777777777,1773555750.904408,164.33642873432157,165.8876131080027
2026-03-15 06:30:00,993.8224777777779,1773556650.947121,163.8943409350057,165.44131931918668
2026-03-15 06:45:00,993.9894444444444,1773557551.0225267,164.8516795895097,166.46327252989914
2026-03-15 07:00:00,994.074388888889,1773558451.0756354,165.24140706955532,166.88515951881442
2026-03-15 07:15:00,994.1225333333333,1773559350.6593115,163.06043607305938,164.6983509921952
2026-03-15 07:30:00,994.2001666666666,1773560250.3043191,164.80669555302168,166.48799938774098
2026-03-15 07:45:00,994.1984666666666,1773561150.3963974,163.80678905359179,165.4773295463977
2026-03-15 08:00:00,994.0981243063263,1773562050.3359795,165.0369396355353,166.68657069108855
2026-03-15 08:15:00,994.0753888888888,1773562950.9076524,165.08581870011403,166.72835687768762
2026-03-15 08:30:00,994.0689333333332,1773563850.8949664,164.59162941847205,166.22710441895387
2026-03-15 08:45:00,994.0742157953282,1773564750.658078,164.50440410958905,166.14076764565377
2026-03-15 09:00:00,994.0953555555556,1773565650.6824083,164.85007639680728,166.49691767646928
2026-03-15 09:15:00,994.2292555555556,1773566550.7614934,164.62269099201825,166.31179304166733
2026-03-15 09:30:00,994.2957666666666,1773567450.7921286,164.02585860889397,165.7308813166554
2026-03-15 09:45:00,994.2055444444444,1773568350.8663957,165.43202964652224,167.12151040951372
2026-03-15 10:00:00,994.1843174250832,1773569250.8028252,164.06530979498862,165.73379666222547
2026-03-15 10:15:00,994.1957111111111,1773570151.027155,163.9713637400228,165.64266972684808
2026-03-15 10:30:00,994.1835333333333,1773571051.0041194,164.57933865450397,166.25279230052226
2026-03-15 10:45:00,994.1875444444445,1773571951.0753198,163.75683238312428,165.42324978749576
2026-03-15 11:00:00,994.31808676307,1773572851.4019194,165.20812442922374,166.93288835211493
2026-03-15 11:15:00,994.3864150943396,1773573750.4828813,164.49753363740024,166.2375949534272
2026-03-15 11:30:00,994.3632555555555,1773574650.5666988,164.34784834663625,166.0786334985616
2026-03-15 11:45:00,994.3345555555555,1773575550.6344345,165.7968061573546,167.5332339350402
2026-03-15 12:00:00,994.2339777777778,1773576451.1268342,164.93159179019383,166.62543697671236
2026-03-15 12:15:00,994.2080978865406,1773577350.402319,165.10472831050228,166.79171828022638
2026-03-15 12:30:00,994.1324444444444,1773578250.55786,165.03212656784493,166.6931509855069
2026-03-15 12:45:00,994.044,1773579150.6529894,164.07466818700112,165.6967434196417
2026-03-15 13:00:00,994.0499556048834,1773580050.195426,164.200834663626,165.82613238156273
2026-03-15 13:15:00,993.9073333333333,1773580950.252763,164.6478985176739,166.23019835647142
2026-03-15 13:30:00,993.8168666666666,1773581850.350433,164.92709236031928,166.48195044936028
2026-03-15 13:45:00,993.8610789766407,1773582750.0914254,164.54785045662098,166.11382112649542
2026-03-15 14:00:00,993.8449056603774,1773583650.1052787,164.85501366742596,166.41852438537643
2026-03-15 14:15:00,993.7777444444444,1773584550.63914,164.56842531356898,166.10690460083904
2026-03-15 14:30:00,993.67149054505,1773585450.6491811,164.24869863013697,165.74896224047245
2026-03-15 14:45:00,993.5116222222222,1773586350.4594874,165.07100228050172,166.52552406700067
2026-03-15 15:00:00,993.4489333333332,1773587250.5797913,165.2067913340935,166.6416151595101
2026-03-15 15:15:00,993.347311111111,1773588150.7394512,164.73453477765108,166.13148831316454
2026-03-15 15:30:00,993.2287666666666,1773589050.8084304,164.59200114025086,165.94839680101592
2026-03-15 15:45:00,993.1983888888889,1773589950.851903,165.91060889395666,167.2677083937065
2026-03-15 16:00:00,993.1383573806881,1773590850.344469,164.75329304446979,166.08098466325953
2026-03-15 16:15:00,993.0651222222223,1773591750.524347,165.19889167616878,166.50578428396403
2026-03-15 16:30:00,993.0696888888889,1773592650.6346881,165.19884036488028,166.50725332605288
2026-03-15 16:45:00,992.9121579532814,1773593550.3275802,165.28049200913244,166.53707392161027
2026-03-15 17:00:00,992.7892777777778,1773594450.3713496,164.74713340935006,165.95886922159715
2026-03-15 17:15:00,992.7005777777778,1773595350.4683816,166.24175598631697,167.43477937025702
2026-03-15 17:30:00,992.6833444444444,1773596250.5443163,164.65458950969216,165.83050697109613
2026-03-15 17:45:00,992.5597666666667,1773597150.5920846,165.16486545039908,166.30331929212153
2026-03-15 18:00:00,992.5968888888889,1773598050.6665988,165.48506157354618,166.63809396713256
2026-03-15 18:15:00,992.6664888888888,1773598950.8366268,165.7296214367161,166.90758974316537
2026-03-15 18:30:00,992.6725666666666,1773599850.865421,165.36825541619154,166.5456796584388
2026-03-15 18:45:00,992.6780111111111,1773600750.879531,165.6940182440137,166.87557900179934
2026-03-15 19:00:00,992.80115427303,1773601650.2774181,165.6339669327252,166.85618880307234
2026-03-15 19:15:00,992.7489777777778,1773602550.420999,165.91728164196124,167.12415329148237
2026-03-15 19:30:00,992.7422691879867,1773603450.3712966,165.34647602739727,166.54696106806531
2026-03-15 19:45:00,992.7506666666667,1773604350.2502332,165.26493272519954,166.46762152028464
2026-03-15 20:00:00,992.8323640399556,1773605250.3076952,164.99073462414577,166.2185850117937
2026-03-15 20:15:00,992.9206222222222,1773606150.9406939,165.04386202964653,166.30146012651167
2026-03-15 20:30:00,992.9142444444445,1773607051.0060859,164.25710034207526,165.5065923451231
2026-03-15 20:45:00,992.9850666666666,1773607951.0471468,165.1329771949829,166.41270169592394
2026-03-15 21:00:00,993.0196662958843,1773608851.3113403,164.33460273972602,165.6196004667397
2026-03-15 21:15:00,993.0231,1773609750.973571,164.97250285062714,166.26363036904
2026-03-15 21:30:00,993.0013888888889,1773610651.0732117,165.59261003420755,166.8813441934312
2026-03-15 21:45:00,993.0265888888889,1773611550.9709284,165.6886465222349,166.9865440007707
2026-03-15 22:00:00,993.0362153163152,1773612450.3873649,164.87084150513112,166.16553195923223
2026-03-15 22:15:00,993.0729777777777,1773613350.4574544,163.98361687571267,165.2834921807543
2026-03-15 22:30:00,993.1111679644049,1773614250.4231918,164.4995102739726,165.81613960913646
2026-03-15 22:45:00,993.0632111111112,1773615150.253327,165.29277423033068,166.59977276281435
2026-03-15 23:00:00,993.0259045504994,1773616050.2207177,164.73248519362187,166.02266549244902
2026-03-15 23:15:00,993.0494888888888,1773616950.794408,164.28343671607752,165.57790998628883
2026-03-15 23:30:00,993.1024805339266,1773617850.8960478,166.06099429223747,167.38721315577456
2026-03-15 23:45:00,993.0779111111111,1773618750.5794988,165.049905359179,166.35987439393529
2026-03-16 00:00:00,993.0698446170921,1773619650.528228,164.62129726651483,165.92518763144457
2026-03-16 00:15:00,993.2167074527252,1773620550.6750903,165.7708493150685,167.13292878125822
2026-03-16 00:30:00,993.2697444444445,1773621450.8610609,164.59507981755988,165.96510205436033
2026-03-16 00:45:00,993.2988444444444,1773622350.9548075,164.71248004561002,166.09314581376486
2026-03-16 01:00:00,993.3807547169812,1773623250.5357108,164.44202964652223,165.8475954424613
2026-03-16 01:15:00,993.4339555555556,1773624150.6417458,164.23890877993156,165.66036400614666
2026-03-16 01:30:00,993.4947942157953,1773625050.4521797,164.35596461187217,165.79860563589645
2026-03-16 01:45:00,993.5323777777777,1773625950.3694644,164.0326282782212,165.48486975893005
2026-03-16 02:00:00,993.5860488346282,1773626850.4290442,164.27096583143506,165.74310766325516
2026-03-16 02:15:00,993.4692666666666,1773627750.992631,164.665007981756,166.10188108191994
2026-03-16 02:30:00,993.4883222222222,1773628651.0280678,163.83720296465225,165.27315123027032
2026-03-16 02:45:00,993.4788777777778,1773629550.654143,165.3816426940639,166.82797594949255
2026-03-16 03:00:00,993.6060289210234,1773630450.5221405,164.45838198403646,165.93883418916613
2026-03-16 03:15:00,993.6681555555556,1773631351.0114958,165.06380729760548,166.57040516508948
2026-03-16 03:30:00,993.7129777777777,1773632251.0184789,164.82546408209805,166.34479772231194
2026-03-16 03:45:00,993.7967888888888,1773633151.020591,163.8722041049031,165.41047490134622
2026-03-16 04:00:00,993.8604666666666,1773634050.6901228,163.26789954337897,164.82148731947768
2026-03-16 04:15:00,993.8635555555555,1773634950.2357306,164.79695324971496,166.36611861920633
2026-03-16 04:30:00,993.8892666666667,1773635850.3179705,163.89610376282783,165.46519978367502
2026-03-16 04:45:00,993.9051222222223,1773636750.3950024,163.91681755986318,165.49135972056925
2026-03-16 05:00:00,993.9009666666666,1773637650.478468,164.2813078677309,165.85797275741936
2026-03-16 05:15:00,993.8642777777777,1773638550.5373998,163.90323375142532,165.4641282967296
2026-03-16 05:30:00,993.7936777777778,1773639450.6092484,164.6790330672748,166.22384329417608
2026-03-16 05:45:00,993.7913222222222,1773640350.6093383,163.92403762827823,165.46098593676726
2026-03-16 06:00:00,993.7441333333333,1773641250.6734576,164.1525450399088,165.67599895856674
2026-03-16 06:15:00,993.5849777777778,1773642150.725988,164.35960091220068,165.83218183040455
2026-03-16 06:30:00,993.3876555555555,1773643050.715417,162.78149258836945,164.17513084508425
2026-03-16 06:45:00,993.3811222222222,1773643950.6204362,164.45617331813,165.8619819171417
2026-03-16 07:00:00,993.4112333333334,1773644850.7530603,163.47599429874575,164.88335344857305
2026-03-16 07:15:00,993.4738000000001,1773645750.8215754,164.62051311288485,166.05850353941022
2026-03-16 07:30:00,993.4913444444444,1773646650.910924,163.46165336374003,164.8953068290368
2026-03-16 07:45:00,993.5406666666667,1773647550.948851,164.47219156214368,165.93107540475106
2026-03-16 08:00:00,993.5800222222222,1773648451.1021154,164.14651995438996,165.61555033010487
2026-03-16 08:15:00,993.5932888888889,1773649350.7323928,164.44841552511417,165.92455019024587
2026-03-16 08:30:00,993.5882222222223,1773650250.326952,163.98274458380843,165.45302265807302
2026-03-16 08:45:00,993.5745333333334,1773651150.4746718,165.63254161915623,167.11303661582724
2026-03-16 09:00:00,993.5480444444444,1773652050.6312413,164.12884264538198,165.58712426271808
2026-03-16 09:15:00,993.6020555555556,1773652950.756044,163.47595096921322,164.94624855452358
2026-03-16 09:30:00,993.5442666666667,1773653850.8618155,163.01494298745726,164.46208502059358
2026-03-16 09:45:00,993.6242888888888,1773654750.8998847,164.8990912200684,166.38958711005225
2026-03-16 10:00:00,993.6404555555555,1773655650.8260942,164.15893044469786,165.6480920109925
2026-03-16 10:15:00,993.6494111111111,1773656550.8766139,163.0549030786773,164.53699651625917
2026-03-16 10:30:00,993.6410111111112,1773657450.9039412,164.50422462941845,165.9967029596078
2026-03-16 10:45:00,993.5542666666666,1773658350.8572686,163.9971984036488,165.45636936420826
2026-03-16 11:00:00,993.4369111111112,1773659250.9216707,163.70354275940707,165.12134054645549
2026-03-16 11:15:00,993.3386666666667,1773660151.104977,163.8386738882554,165.2251739136058
2026-03-16 11:30:00,993.2398333333334,1773661050.7224305,163.3284394977169,164.67806703509686
2026-03-16 11:45:00,993.2000888888889,1773661950.2998,163.83042531356898,165.17107111020246
2026-03-16 12:00:00,993.1708333333332,1773662850.3494139,164.16731927023946,165.50103798125207
2026-03-16 12:15:00,993.0526555555556,1773663750.442089,163.78593614595212,165.077534842318
2026-03-16 12:30:00,992.9168222222222,1773664650.5020134,163.56866248574687,164.81376729565048
2026-03-16 12:45:00,992.8307333333333,1773665550.4994497,165.25410604332953,166.48337345209902
2026-03-16 13:00:00,992.8122555555556,1773666450.5795527,164.89930102622577,166.1197900021903
2026-03-16 13:15:00,992.7267999999999,1773667350.4372764,163.74783808437854,164.93161354521436
2026-03-16 13:30:00,992.6450777777777,1773668250.3905256,165.09124857468643,166.2575598019876
2026-03-16 13:45:00,992.5301222222223,1773669150.487242,163.99517331812999,165.1157748462362
2026-03-16 14:00:00,992.4712888888889,1773670050.5964742,164.65972405929304,165.76536034883156
2026-03-16 14:15:00,992.4069999999999,1773670950.6350265,164.4899407069555,165.5731465607623
2026-03-16 14:30:00,992.3682463928968,1773671850.7082868,164.32158266818698,165.39086036214655
2026-03-16 14:45:00,992.2737111111111,1773672750.8446374,164.40566818700114,165.4442094572134
2026-03-16 15:00:00,992.2927252502781,1773673650.935296,165.13873318129987,166.18822491336203
2026-03-16 15:15:00,992.253288888889,1773674550.9992645,164.07322576966934,165.10292334510888
2026-03-16 15:30:00,992.1478999999999,1773675451.0693083,164.27038768529076,165.26648444392222
2026-03-16 15:45:00,992.0191333333333,1773676351.1231933,163.88714937286204,164.83846539880477
2026-03-16 16:00:00,992.0409,1773677250.7647538,164.72852511415525,165.69193804071818
2026-03-16 16:15:00,992.0430111111111,1773678150.412704,164.86506955530217,165.82998123004728
2026-03-16 16:30:00,992.0535555555555,1773679050.5365596,163.62666818700112,164.58780276315917
2026-03-16 16:45:00,992.0970666666667,1773679950.3936067,165.0306761687571,166.01450413758545
2026-03-16 17:00:00,991.9592119866815,1773680850.2507308,164.61388724373575,165.54958066977915
2026-03-16 17:15:00,991.9078111111111,1773681750.814437,165.09523603192702,166.01659785236745
2026-03-16 17:30:00,991.7936111111111,1773682651.0007915,164.48010262257696,165.3602589161165
2026-03-16 17:45:00,991.6516777777778,1773683551.0824122,164.07630444697833,164.90748157748777
2026-03-16 18:00:00,991.5182981090101,1773684451.2689512,165.4784726027397,166.2723922017206
2026-03-16 18:15:00,991.3799666666667,1773685351.0122561,164.5896362599772,165.33354348670127
2026-03-16 18:30:00,991.3814111111111,1773686250.657086,164.71123401826483,165.45616882263178
2026-03-16 18:45:00,991.4216555555556,1773687150.1762009,165.06379589509692,165.82367164697303
2026-03-16 19:00:00,991.3736777777777,1773688050.2368808,164.25815279361458,164.99848646411212
2026-03-16 19:15:00,991.3491333333333,1773688950.3720918,165.61040364880273,166.34866602485334
2026-03-16 19:30:00,991.3613,1773689850.516138,165.64934435575827,166.3918291412895
2026-03-16 19:45:00,991.3212333333333,1773690750.3692524,165.0102827822121,165.73662156230407
2026-03-16 20:00:00,991.3945777777777,1773691650.365764,164.67883352337515,165.4279780036775
2026-03-16 20:15:00,991.4754333333334,1773692550.4348476,164.7915142531357,165.56794334344025
2026-03-16 20:30:00,991.5111111111111,1773693450.5492709,164.3310228050171,165.1170638505796
2026-03-16 20:45:00,991.5629555555555,1773694350.550221,164.58596237172176,165.3903711189854
2026-03-16 21:00:00,991.5905333333333,1773695250.6895807,164.7325621436716,165.54681796765115
2026-03-16 21:15:00,991.6005555555556,1773696150.8173597,164.85595553021665,165.67414208765413
2026-03-16 21:30:00,991.6220888888888,1773697050.9214234,166.052913340935,166.88422743945316
2026-03-16 21:45:00,991.7033444444444,1773697950.852444,164.52917217787913,165.3797318000881
2026-03-16 22:00:00,991.6816777777778,1773698850.727484,165.31530444697833,166.16272756362906
2026-03-16 22:15:00,991.7346666666666,1773699750.8148253,164.79700912200687,165.6593306814261
2026-03-16 22:30:00,991.9376555555556,1773700650.980417,165.9420330672748,166.87808115400637
2026-03-16 22:45:00,992.0722965440357,1773701551.041799,163.77183808437857,164.74000004616292
2026-03-16 23:00:00,992.1001446051168,1773702450.8459766,165.07938996579247,166.06453061087277
2026-03-16 23:15:00,992.1221333333333,1773703350.906695,164.97557696693272,165.96739675293324
2026-03-16 23:30:00,992.1689555555556,1773704250.9564044,164.27784264538198,165.28094462680303
2026-03-16 23:45:00,992.1848444444445,1773705151.040028,164.8825393386545,165.89460535527195
2026-03-17 00:00:00,992.2341222222223,1773706050.6655517,163.92471575342466,164.94715820793664
2026-03-17 00:15:00,992.3195,1773706950.245389,164.34575142531355,165.39906038960402
2026-03-17 00:30:00,992.3961555555557,1773707850.3593812,164.7022143671608,165.78322240123288
2026-03-17 00:45:00,992.4353111111111,1773708750.4681516,164.27646750285064,165.36763080187748
2026-03-17 01:00:00,992.5051555555556,1773709650.6280951,164.66117787913342,165.7780522503999
2026-03-17 01:15:00,992.5412444444445,1773710550.7342105,164.79002166476624,165.9197452522263
2026-03-17 01:30:00,992.6109555555555,1773711450.716117,164.80513568985177,165.95809952613757
2026-03-17 01:45:00,992.7394777777778,1773712350.6658766,165.11225085518814,166.3101068404256
2026-03-17 02:00:00,992.8584017758046,1773713250.7646053,164.61096579247436,165.84462617727982
2026-03-17 02:15:00,992.9938333333333,1773714150.8284369,163.3089600912201,164.57743464469152
2026-03-17 02:30:00,993.1274888888889,1773715050.890017,164.7080969213227,166.03181524962062
2026-03-17 02:45:00,993.2174222222222,1773715950.8678122,164.72509464082097,166.0788189328298
2026-03-17 03:00:00,993.37,1773716850.9284215,164.57375256556443,165.9768741541803
2026-03-17 03:15:00,993.4378444444445,1773717751.059952,163.96768529076397,165.38807947812583
2026-03-17 03:30:00,993.4736444444445,1773718651.0492187,164.0347080957811,165.4675299290614
2026-03-17 03:45:00,993.4863555555555,1773719550.6289804,164.4974086757991,165.93849061000745
2026-03-17 04:00:00,993.64256381798,1773720450.133124,164.34460364464692,165.83614878916293
2026-03-17 04:15:00,993.7689655172414,1773721350.4711337,164.47868835616438,166.01341386635255
2026-03-17 04:30:00,993.7761444444445,1773722250.4204419,164.39226453819842,165.92856600203558
2026-03-17 04:45:00,993.8450333333333,1773723150.5223334,163.81822805017106,165.37194795831394
2026-03-17 05:00:00,993.9048168701443,1773724050.596226,164.32918792710706,165.9075898894303
2026-03-17 05:15:00,993.9167777777777,1773724950.6878223,164.37153424657535,165.9543128314106
2026-03-17 05:30:00,994.004171301446,1773725850.5671148,163.9836259977195,165.5916100469133
2026-03-17 05:45:00,994.1409666666666,1773726750.8777292,163.9593261117446,165.61237569529544
2026-03-17 06:00:00,994.3280888888889,1773727650.9972892,163.83291220068415,165.54663058529482
2026-03-17 06:15:00,994.4406444444445,1773728551.1331952,163.5047582668187,165.2522400375603
2026-03-17 06:30:00,994.5641888888889,1773729450.6787899,163.3782203196347,165.165155130148
2026-03-17 06:45:00,994.6918333333333,1773730350.2396502,163.81229760547322,165.64626235078381
2026-03-17 07:00:00,994.8729555555556,1773731250.341252,163.0472269099202,164.93236129839312
2026-03-17 07:15:00,995.0218666666666,1773732150.3498883,163.11031242873432,165.04532305115083
2026-03-17 07:30:00,995.1034444444444,1773733050.3948913,163.00114481185858,164.9617725909115
2026-03-17 07:45:00,995.1225777777778,1773733950.3887422,162.83648802736602,164.8014415452667
2026-03-17 08:00:00,995.2567702552719,1773734850.2612722,163.67832004555808,165.6978968349281
2026-03-17 08:15:00,995.3879555555555,1773735750.8322368,162.96573888255418,165.01981401900048
2026-03-17 08:30:00,995.562011111111,1773736650.9519227,163.11728962371723,165.2307836182111
2026-03-17 08:45:00,995.7181868743048,1773737550.975195,164.1379098173516,166.3165690048586
2026-03-17 09:00:00,995.8061598224195,1773738450.178002,162.92361687571264,165.11520712097632
2026-03-17 09:15:00,995.994688888889,1773739350.2688935,163.81700912200682,166.08322818751418
2026-03-17 09:30:00,996.1191111111111,1773740250.281698,163.6920330672748,165.9978257310095
2026-03-17 09:45:00,996.2857555555555,1773741150.2969592,163.7348141391106,166.0965583372728
2026-03-17 10:00:00,996.3603999999999,1773742050.609161,162.91964082098062,165.29430155445675
2026-03-17 10:15:00,996.4385000000001,1773742950.6070123,162.97911174458383,165.38046971778076
2026-03-17 10:30:00,996.5480533926585,1773743850.4811037,162.65560502283105,165.08836441921255
2026-03-17 10:45:00,996.6072111111112,1773744750.3060577,163.28378791334094,165.74555182769518
2026-03-17 11:00:00,996.7412541620422,1773745650.3273435,162.4661742596811,164.9598288524064
2026-03-17 11:15:00,996.8278999999999,1773746550.9445431,162.98550285062714,165.51580852091027
2026-03-17 11:30:00,996.9080645161291,1773747451.0755155,162.6247408675799,165.17592617960096
2026-03-17 11:45:00,997.0453666666667,1773748350.7607236,163.19134777651084,165.7969440715268
2026-03-17 12:00:00,997.1273473917869,1773749250.3157156,162.55241505131127,165.17488991493377
2026-03-17 12:15:00,997.2517,1773750150.4016461,163.31320752565563,165.98923358778583
2026-03-17 12:30:00,997.4164961067853,1773751050.5971398,163.22794526795894,165.95726344409894
2026-03-17 12:45:00,997.5550555555556,1773751950.6680973,163.18138698630136,165.95590981313612
2026-03-17 13:00:00,997.7261888888888,1773752850.2193806,163.10957126567845,165.93965892736557
2026-03-17 13:15:00,997.8987222222223,1773753750.2513325,163.1628472063854,166.05114808162432
2026-03-17 13:30:00,997.9855333333333,1773754650.2746115,162.81342645381983,165.7243128254601
2026-03-17 13:45:00,998.1092888888888,1773755550.3292859,162.41033181299886,165.35493351020037
2026-03-17 14:00:00,998.2518645948945,1773756450.323231,162.70945216400912,165.706721871181
2026-03-17 14:15:00,998.4459222222223,1773757350.937769,162.62762257696693,165.68767833990776
2026-03-17 14:30:00,998.6410777777778,1773758251.0262113,162.4880695553022,165.6101263011886
2026-03-17 14:45:00,998.7947111111112,1773759151.1089594,163.83185404789052,167.03104554826987
2026-03-17 15:00:00,999.0140333333334,1773760050.8863406,161.92272374429226,165.1570644531243
2026-03-17 15:15:00,999.1437333333333,1773760950.3422813,161.6821505131129,164.95446950937418
2026-03-17 15:30:00,999.2742157953282,1773761850.65957,162.4710330672748,165.8025814359609
2026-03-17 15:45:00,999.4039333333333,1773762751.0555153,162.60270809578108,165.98001197736454
2026-03-17 16:00:00,999.6087902330744,1773763650.54916,162.3851391106043,165.82585124656094
2026-03-17 16:15:00,999.7293111111112,1773764550.648918,162.5949737742303,166.08015943978958
2026-03-17 16:30:00,999.8105444444444,1773765450.6901717,162.5904709236032,166.10254400619567
2026-03-17 16:45:00,999.8258444444443,1773766350.7624898,162.99988141391108,166.5258936769
2026-03-17 17:00:00,999.9399555555555,1773767250.8571715,162.95201140250853,166.51498622577617
2026-03-17 17:15:00,1000.0588,1773768150.954937,163.15972405929304,166.76687447952733
2026-03-17 17:30:00,1000.2085333333333,1773769051.0300834,162.2740558722919,165.91130332374263
2026-03-17 17:45:00,1000.3130666666667,1773769950.6085777,161.73032305936073,165.3899570731331
2026-03-17 18:00:00,1000.4632222222223,1773770850.1552796,163.2301881413911,166.97389769276273
2026-03-17 18:15:00,1000.5482111111112,1773771750.2091668,162.9936442417332,166.7602717537624
2026-03-17 18:30:00,1000.7296111111111,1773772650.2545636,162.48158950969213,166.2967054274581
2026-03-17 18:45:00,1000.8637708565071,1773773550.355782,162.08396807297606,165.93426514627907
2026-03-17 19:00:00,1000.9794,1773774451.0621812,162.18794298745723,166.07911271044952
2026-03-17 19:15:00,1001.1054222222223,1773775351.1022978,163.05631927023944,167.0104115866763
2026-03-17 19:30:00,1001.207311111111,1773776251.1451406,162.96125313568984,166.94705674621724
2026-03-17 19:45:00,1001.2803,1773777151.0648038,161.5984503990878,165.57509028640382
2026-03-17 20:00:00,1001.3025444444445,1773778050.9999857,161.8564857468643,165.84685358640587
2026-03-17 20:15:00,1001.3531888888888,1773778951.0650027,162.69384264538198,166.72174066948028
2026-03-17 20:30:00,1001.4947888888888,1773779851.0305753,162.8745598631699,166.9542067365092
2026-03-17 20:45:00,1001.6297111111111,1773780751.0709584,162.17194982896237,166.27886125118758
2026-03-17 21:00:00,1001.6537,1773781650.67009,162.3555331050228,166.47508058102403
2026-03-17 21:15:00,1001.7065222222222,1773782550.2134755,162.56893956670467,166.71151315191423
2026-03-17 21:30:00,1001.8514222222221,1773783450.387842,162.59337400228048,166.78489748488784
2026-03-17 21:45:00,1001.9936444444445,1773784350.4441051,162.1722189281642,166.40021026366776
2026-03-17 22:00:00,1002.049256381798,1773785250.411144,161.75971981776766,165.9954185173752
2026-03-17 22:15:00,1002.1383888888889,1773786151.105549,162.40910604332953,166.69152162132167
2026-03-17 22:30:00,1002.3584111111111,1773787050.6772215,161.5329817351598,165.86526763410612
2026-03-17 22:45:00,1002.4109111111111,1773787950.1982808,162.00018928164195,166.36247274665558
2026-03-17 23:00:00,1002.3789,1773788850.7025626,162.03715849486886,166.3897844689374
2026-03-17 23:15:00,1002.4298333333334,1773789750.38294,162.43793500570123,166.81831895899015
2026-03-17 23:30:00,1002.4505444444444,1773790650.4802632,162.42283124287343,166.8097173864921
2026-03-17 23:45:00,1002.3907119021134,1773791551.1237018,161.17547320410492,165.50886257670535
2026-03-18 00:00:00,1002.3294672586015,1773792450.5565405,161.47156100342076,165.79260197821628
2026-03-18 00:15:00,1002.3628222222221,1773793350.653923,161.9543124287343,166.29936546558434
2026-03-18 00:30:00,1002.4941824249165,1773794250.4406,161.50152283105024,165.87800184126814
2026-03-18 00:45:00,1002.6040222222223,1773795150.3835564,162.7772337514253,167.22501473961782
2026-03-18 01:00:00,1002.6338444444444,1773796050.469303,162.6431140250855,167.0971964020882
2026-03-18 01:15:00,1002.5455999999999,1773796950.5696554,162.23528164196122,166.6487810228797
2026-03-18 01:30:00,1002.5449222222222,1773797850.599561,161.92848118586087,166.33340879681487
2026-03-18 01:45:00,1002.6327777777778,1773798750.6312702,161.45099885974915,165.8720805640428
2026-03-18 02:00:00,1002.7851222222223,1773799650.753314,161.71635233751425,166.19533048646855
2026-03-18 02:15:00,1002.8921444444444,1773800550.840011,161.7022953249715,166.21645804585992
2026-03-18 02:30:00,1002.9695888888888,1773801450.8849568,161.92006043329533,166.46608414473548
2026-03-18 02:45:00,1003.0798222222223,1773802350.9680543,162.30011744583808,166.89360195533982
2026-03-18 03:00:00,1003.1920310765817,1773803250.5269635,161.2873758542141,165.88942168255755
2026-03-18 03:15:00,1003.2327222222223,1773804151.1223238,161.6504789053592,166.27641663280863
2026-03-18 03:30:00,1003.1885984427141,1773805050.9598548,162.20072374429225,166.82768499495683
2026-03-18 03:45:00,1003.2996,1773805951.0176218,161.263921322691,165.90098565988166
2026-03-18 04:00:00,1003.3275444444445,1773806850.6538558,161.46879223744293,166.12103159694647
2026-03-18 04:15:00,1003.3645333333334,1773807750.2013044,161.7125701254276,166.38414148799092
2026-03-18 04:30:00,1003.4604111111112,1773808650.2037451,161.81790421892816,166.5244474114785
2026-03-18 04:45:00,1003.5041555555556,1773809550.6287792,162.3325535307517,167.06868153334827
2026-03-18 05:00:00,1003.6369034406215,1773810450.5586283,161.67822690992017,166.43944773189176
2026-03-18 05:15:00,1003.6313333333333,1773811350.6523964,161.95936259977196,166.72700512993123
2026-03-18 05:30:00,1003.5693882091213,1773812250.2239616,162.30891552511414,167.06614879250785
2026-03-18 05:45:00,1003.6128111111111,1773813150.5168626,161.32364766248577,166.0664245239097
2026-03-18 06:00:00,1003.5878,1773814050.5889485,161.82904104903076,166.5783432151906
2026-03-18 06:15:00,1003.5726444444444,1773814950.762719,161.90760661345496,166.654162944946
2026-03-18 06:30:00,1003.5963777777778,1773815850.8756013,161.4441117445838,166.18496811097913
2026-03-18 06:45:00,1003.6837333333334,1773816750.9572923,161.66126111744583,166.4375700952431
2026-03-18 07:00:00,1003.6709555555556,1773817651.0845175,161.34255872291905,166.10520662012914
2026-03-18 07:15:00,1003.6764444444445,1773818550.6421046,161.7563002283105,166.5329894539138
2026-03-18 07:30:00,1003.7231666666667,1773819450.2090647,162.052409350057,166.85343352298582
2026-03-18 07:45:00,1003.7388000000001,1773820350.2764165,160.42045496009123,165.17829474707514
2026-03-18 08:00:00,1003.7147333333332,1773821250.4169424,162.4009521094641,167.20948204776036
2026-03-18 08:15:00,1003.7679888888889,1773822150.5139678,162.05306271379703,166.86906445762776
2026-03-18 08:30:00,1003.8594777777778,1773823050.610514,161.14096579247436,165.96022548266373
2026-03-18 08:45:00,1003.9304111111112,1773823950.6392198,162.1978301026226,167.07239786708743
2026-03-18 09:00:00,1004.005911111111,1773824850.5518131,160.92679475484607,165.78819593656002
2026-03-18 09:15:00,1004.0555111111112,1773825750.6767614,161.39512542759405,166.28716917380586
2026-03-18 09:30:00,1004.1061111111111,1773826650.7497964,161.51601140250852,166.42856103875616
2026-03-18 09:45:00,1004.1198222222223,1773827550.7627573,161.10444127708095,166.00902517961856
2026-03-18 10:00:00,1004.1010210876805,1773828450.485673,161.3256195899772,166.23068616713087
2026-03-18 10:15:00,1004.0355777777778,1773829350.633571,160.66054223744294,165.5237210397801
2026-03-18 10:30:00,1004.0700999999999,1773830250.22669,162.1960695553022,167.11726673894697
2026-03-18 10:45:00,1004.0949610678531,1773831150.6163301,162.92903990877994,167.88082335966595
2026-03-18 11:00:00,1004.1413333333334,1773832050.9451215,161.8142417331813,166.7476081479624
2026-03-18 11:15:00,1004.168311111111,1773832951.0115948,161.74519270239455,166.6854473247898
2026-03-18 11:30:00,1004.1947111111111,1773833851.0540643,161.67900684150513,166.62603754253865
2026-03-18 11:45:00,1004.1869777777778,1773834750.686716,161.47881392694063,166.41714521591683
2026-03-18 12:00:00,1004.1446333333333,1773835650.304983,161.5504401368301,166.47686255490095
2026-03-18 12:15:00,1004.0688888888889,1773836550.3929014,161.54471949828962,166.445750875722
2026-03-18 12:30:00,1004.0883111111111,1773837450.4599853,161.27849030786774,166.17789964244707
2026-03-18 12:45:00,1004.0995333333334,1773838350.5712132,161.08401140250857,165.98123806160862
2026-03-18 13:00:00,1004.0379666666666,1773839250.6980176,162.53833409350057,167.45915355123142
2026-03-18 13:15:00,1004.0468444444444,1773840150.8658602,161.25042303306728,166.135201006721
2026-03-18 13:30:00,1003.9355333333333,1773841050.9517548,161.21270125427594,166.05936389773893
2026-03-18 13:45:00,1003.9044222222223,1773841950.8518674,161.68911630558725,166.53973898970202
2026-03-18 14:00:00,1003.7921555555555,1773842850.8212004,162.07294298745722,166.8976020691019
2026-03-18 14:15:00,1003.808788888889,1773843750.892513,162.0690057012543,166.89909966038636
2026-03-18 14:30:00,1003.8169,1773844651.021247,161.66164424173317,166.48229842042358
2026-03-18 14:45:00,1003.7267888888888,1773845550.6019256,161.07984589041098,165.85325805159349
2026-03-18 15:00:00,1003.6475444444445,1773846450.161124,161.62719156214365,166.39045054234958
2026-03-18 15:15:00,1003.524188888889,1773847350.2670023,161.71703876852908,166.44187747833297
2026-03-18 15:30:00,1003.4442,1773848250.7081003,161.49966970387243,166.19156852165645
2026-03-18 15:45:00,1003.4191222222222,1773849150.6677969,163.02414497716896,167.75191904719588
2026-03-18 16:00:00,1003.3675999999999,1773850050.2661035,161.65830900798176,166.3293330192449
2026-03-18 16:15:00,1003.326411111111,1773850950.4037118,161.43241619156214,166.08323102856482
2026-03-18 16:30:00,1003.2815333333333,1773851850.1588092,161.7700535917902,166.41565825108304
2026-03-18 16:45:00,1003.1708444444444,1773852750.2842748,162.03157468643101,166.64779333233685
2026-03-18 17:00:00,1003.0748333333333,1773853650.392492,161.02452337514254,165.58025336671307
2026-03-18 17:15:00,1003.0095222222222,1773854550.4491918,162.93803192702396,167.52601514022058
2026-03-18 17:30:00,1002.9038,1773855450.5907567,162.1157708095781,166.64536096359777
2026-03-18 17:45:00,1002.8697222222222,1773856350.711334,161.80104332953252,166.3105044800443
2026-03-18 18:00:00,1002.8199223085461,1773857250.6316276,162.47765831435078,166.98934406264783
2026-03-18 18:15:00,1002.8005111111111,1773858150.7345629,161.98808675799089,166.47971479814888
2026-03-18 18:30:00,1002.8118888888889,1773859050.342106,162.03642189281643,166.53317968817385
2026-03-18 18:45:00,1002.8411123470522,1773859950.7054453,161.07940136830103,165.55927653116072
2026-03-18 19:00:00,1002.8704328523863,1773860850.4339936,161.785228050171,166.29448476997473
2026-03-18 19:15:00,1002.8722888888889,1773861750.4547043,161.4210353477765,165.9207572450248
2026-03-18 19:30:00,1002.8918777777778,1773862650.5987961,161.9770490307868,166.49879311513197
2026-03-18 19:45:00,1002.9639599555062,1773863550.8119402,161.01285388127855,165.5315435650044
2026-03-18 20:00:00,1003.0364594894562,1773864450.7619197,161.82070956719818,166.38619513226604
2026-03-18 20:15:00,1003.0197333333333,1773865350.5993302,161.9440992018244,166.50749583363375
2026-03-18 20:30:00,1003.0324694104561,1773866250.3871858,161.4337077625571,165.9869501477309
2026-03-18 20:45:00,1003.0429444444444,1773867150.452422,161.9120273660205,166.4822485472999
2026-03-18 21:00:00,1003.1319089900112,1773868050.417181,161.72254669703872,166.31700949074286
2026-03-18 21:15:00,1003.1882777777778,1773868951.0061622,161.38380501710378,165.98735627359315
2026-03-18 21:30:00,1003.2155,1773869851.070092,161.64338882554162,166.26339670783085
2026-03-18 21:45:00,1003.2605116796441,1773870750.9006312,162.2801609589041,166.93339596221207
2026-03-18 22:00:00,1003.2626526082131,1773871650.2305777,162.10724743443558,166.7562383256401
2026-03-18 22:15:00,1003.2803888888889,1773872550.3148198,163.6280102622577,168.32658520251204
2026-03-18 22:30:00,1003.2882888888889,1773873450.3125699,161.42555644241733,166.0635117494129
2026-03-18 22:45:00,1003.3128333333334,1773874350.4374962,162.3863717217788,167.0601330316577
2026-03-18 23:00:00,1003.2570856507231,1773875250.7074232,162.59081164383562,167.25180824805716
2026-03-18 23:15:00,1003.2589999999999,1773876150.3547103,161.8976442417332,166.53940741925027
2026-03-18 23:30:00,1003.2967444444445,1773877050.4602363,160.38819384264536,164.9991347379785
2026-03-18 23:45:00,1003.2877777777778,1773877950.5419164,162.09024401368302,166.74712616159047
2026-03-19 00:00:00,1003.2850721420643,1773878850.140906,163.49637628278222,168.19274672708306
2026-03-19 00:15:00,1003.2096777777779,1773879750.2629185,162.2203329532497,166.854887810935
2026-03-19 00:30:00,1003.2439222222222,1773880650.2988868,161.61406043329532,166.24267977081013
2026-03-19 00:45:00,1003.2349499443827,1773881550.6587017,161.0430228050171,165.6523150669779
2026-03-19 01:00:00,1003.3353111111111,1773882450.9864964,162.12261459521093,166.79628276871864
2026-03-19 01:15:00,1003.3276333333333,1773883350.6086273,161.98428652968036,166.65140793929848
2026-03-19 01:30:00,1003.3458777777778,1773884250.1864736,161.3655017103763,166.02085238253542
2026-03-19 01:45:00,1003.3741555555556,1773885150.4462357,161.9341799544419,166.61535959646415
2026-03-19 02:00:00,1003.3690333333334,1773886051.009454,160.5737434435576,165.21390316812682
2026-03-19 02:15:00,1003.3006444444445,1773886951.0746787,162.24878677309007,166.91451909496115
2026-03-19 02:30:00,1003.3235333333333,1773887851.1099298,162.12747890535917,166.79735825640878
2026-03-19 02:45:00,1003.3472,1773888751.1346946,162.14761801596353,166.82597369145998
2026-03-19 03:00:00,1003.3904772475028,1773889650.669421,161.3610604332953,166.0310921126658
2026-03-19 03:15:00,1003.5122777777777,1773890550.8313355,161.96052337514251,166.68850496450483
2026-03-19 03:30:00,1003.5797997775305,1773891450.8013003,161.08802397260274,165.81292592664082
2026-03-19 03:45:00,1003.5747222222221,1773892350.5797765,161.42395096921322,166.15701870724834
2026-03-19 04:00:00,1003.6336847946726,1773893250.5930471,161.92185079726653,166.68917300657407
2026-03-19 04:15:00,1003.6331,1773894150.6799703,161.6154109589041,166.37351634157903
2026-03-19 04:30:00,1003.6749333333333,1773895050.1746209,161.74908323831244,166.52505606856985
2026-03-19 04:45:00,1003.7862847608454,1773895950.8338351,162.1803124287343,167.00620680159318
2026-03-19 05:00:00,1003.8825999999999,1773896851.00843,162.14020296465225,166.9970694534274
2026-03-19 05:15:00,1003.8913555555555,1773897750.617435,161.48509931506848,166.32525486344912
2026-03-19 05:30:00,1003.9970333333334,1773898650.5708575,161.90437015945332,166.79234117871258
2026-03-19 05:45:00,1004.0369555555557,1773899550.9907436,162.18512884834664,167.0949171760487
2026-03-19 06:00:00,1004.0540288568258,1773900450.4186559,162.14808779931585,167.06245931095262
2026-03-19 06:15:00,1004.1756555555555,1773901350.5402749,160.66074002280504,165.57030375555507
2026-03-19 06:30:00,1004.2391546162403,1773902250.697442,161.40748059360732,166.36098984788825
2026-03-19 06:45:00,1004.3159555555555,1773903150.4093509,162.37787343215507,167.38687248720743
2026-03-19 07:00:00,1004.3455,1773904050.4367163,161.1268859749145,166.107109622196
2026-03-19 07:15:00,1004.363788888889,1773904950.5198395,161.93561459521095,166.94694143459674
2026-03-19 07:30:00,1004.3782000000001,1773905850.5894787,160.30392018244012,165.2695152943492
2026-03-19 07:45:00,1004.4089888888889,1773906750.7424543,162.15942189281643,167.19278831078233
2026-03-19 08:00:00,1004.5292888888888,1773907650.8852422,161.31676168757124,166.36399461736585
2026-03-19 08:15:00,1004.592311111111,1773908550.9654894,161.3827069555302,166.45298231360238
2026-03-19 08:30:00,1004.6591888888889,1773909451.1167495,161.32254161915623,166.4131839193585
2026-03-19 08:45:00,1004.7875666666666,1773910350.6627607,161.41235388127856,166.54858705411314
2026-03-19 09:00:00,1004.8129078801331,1773911250.0350816,161.0359145785877,166.16859085213204
2026-03-19 09:15:00,1004.9563222222222,1773912150.6541972,161.67297149372862,166.87380992911505
2026-03-19 09:30:00,1004.9339444444445,1773913050.73893,161.16868187001143,166.34585280529734
2026-03-19 09:45:00,1004.8961444444445,1773913950.7915614,160.48807297605475,165.63085875940473
2026-03-19 10:00:00,1004.887041156841,1773914850.884111,161.3432831050228,166.51044219396854
2026-03-19 10:15:00,1004.8871666666666,1773915750.644415,160.57083580387683,165.71329819288584
2026-03-19 10:30:00,1004.7498777777778,1773916650.6720357,160.82264196123145,165.92760243904834
2026-03-19 10:45:00,1004.6677555555555,1773917550.7404673,161.6661140250855,166.77045529508334
2026-03-19 11:00:00,1004.6959267480577,1773918450.233818,160.84041961231472,165.92803945935188
2026-03-19 11:15:00,1004.7669666666667,1773919350.4175355,160.71537058152794,165.8225933166099
2026-03-19 11:30:00,1004.7663888888889,1773920250.4799712,161.54766362599773,166.6811424101903
2026-03-19 11:45:00,1004.7802333333333,1773921150.582828,161.5207730900798,166.65801188854982
2026-03-19 12:00:00,1004.7416685205784,1773922050.9270701,161.6463299086758,166.77469833054053
2026-03-19 12:15:00,1004.6447111111111,1773922950.3004155,160.82755074116304,165.8977695366004
2026-03-19 12:30:00,1004.6926555555556,1773923850.4313157,161.67906271379704,166.79211885801016
2026-03-19 12:45:00,1004.6338333333333,1773924750.572261,162.32901482326113,167.4429256364635
2026-03-19 13:00:00,1004.5027192008879,1773925650.150106,162.4694606613455,167.54385549608682
2026-03-19 13:15:00,1004.4708444444444,1773926550.198384,162.6736921322691,167.74377178655288
2026-03-19 13:30:00,1004.3539265850945,1773927450.494347,162.34061915621436,167.3611782689651
2026-03-19 13:45:00,1004.3291111111112,1773928350.9130082,162.11521436716077,167.12050803811172
2026-03-19 14:00:00,1004.2530410654829,1773929250.3787,162.24894868871152,167.23292662739004
2026-03-19 14:15:00,1004.3042999999999,1773930150.5452006,162.41432953249713,167.4205503732514
2026-03-19 14:30:00,1004.1981312569521,1773931050.6520298,163.1535684931507,168.14686778650267
2026-03-19 14:45:00,1004.0421222222222,1773931950.344077,161.79295553021663,166.69259417804616
2026-03-19 15:00:00,1003.9874222222222,1773932850.4280999,161.81732953249715,166.69946838822702
2026-03-19 15:15:00,1003.9932000000001,1773933750.511762,163.00338768529076,167.9232511571681
2026-03-19 15:30:00,1004.0156555555556,1773934650.5516493,162.22953135689852,167.13354382959903
2026-03-19 15:45:00,1003.9591333333333,1773935550.6520448,162.13225085518815,167.01444152807278
2026-03-19 16:00:00,1003.8571920088791,1773936450.2256944,161.5226921322691,166.3526076629904
2026-03-19 16:15:00,1003.801211111111,1773937350.4155316,162.40928392246295,167.24698435117378
2026-03-19 16:30:00,1003.8137708565072,1773938250.804593,162.51801710376284,167.36316040241186
2026-03-19 16:45:00,1003.8350666666666,1773939151.0991294,162.94605701254278,167.81110864309832
2026-03-19 17:00:00,1003.7325860155382,1773940050.6234844,161.86985404789053,166.66860956040063
2026-03-19 17:15:00,1003.6153888888889,1773940950.7860882,162.52836031927023,167.30741725988884
2026-03-19 17:30:00,1003.6488333333333,1773941850.908788,162.37773432155072,167.16354319736737
2026-03-19 17:45:00,1003.7415684093437,1773942750.9579577,161.78193378995434,166.58107540599482
2026-03-19 18:00:00,1003.6369922308546,1773943650.5226486,162.75432915717542,167.54726959257826
2026-03-19 18:15:00,1003.4847444444445,1773944551.09054,161.93247776510833,166.65046350363073
2026-03-19 18:30:00,1003.3616129032257,1773945450.6511505,162.4216529680365,167.11273231251607
2026-03-19 18:45:00,1003.1548777777778,1773946350.8396363,162.65055758266817,167.2790689550169
2026-03-19 19:00:00,1003.0647502774694,1773947250.3226411,161.8436818700114,166.4192315540509
2026-03-19 19:15:00,1003.0130222222222,1773948150.3878264,162.47016875712654,167.04614727246388
2026-03-19 19:30:00,1002.9626918798665,1773949050.3150077,163.15096575342469,167.72923435282513
2026-03-19 19:45:00,1002.9476111111112,1773949950.2326648,163.8973534777651,168.49148483297574
2026-03-19 20:00:00,1002.7706992230854,1773950850.6694179,162.49238041002278,166.98803482018914
2026-03-19 20:15:00,1002.6418777777778,1773951750.457183,163.13896009122004,167.60931442109572
2026-03-19 20:30:00,1002.5928333333334,1773952650.6174977,163.2963717217788,167.7545837972026
2026-03-19 20:45:00,1002.5584983314793,1773953550.6351883,162.9361598173516,167.37304371783304
2026-03-19 21:00:00,1002.4549000000001,1773954450.4094427,162.35175712656786,166.73817609437683
2026-03-19 21:15:00,1002.3039777777777,1773955350.4681087,163.3083762827822,167.67002327819452
2026-03-19 21:30:00,1002.1644444444444,1773956250.5294874,163.31009806157354,167.62500596288788
2026-03-19 21:45:00,1001.8860111111112,1773957150.6197188,162.47758722919045,166.6776558150184
2026-03-19 22:00:00,1001.6873806881242,1773958050.5615854,162.904277904328,167.0490012935578
2026-03-19 22:15:00,1001.4589888888888,1773958950.679556,162.65066438356163,166.71276610978566
2026-03-19 22:30:00,1001.3431256952168,1773959850.5744479,163.82091220068415,167.87333496765882
2026-03-19 22:45:00,1001.1282555555555,1773960750.8090503,162.96776396807297,166.92733167191156
2026-03-19 23:00:00,1000.9661888888888,1773961650.8586576,163.4799942987457,167.39773949231034
2026-03-19 23:15:00,1000.8302222222222,1773962550.9492698,163.20248346636262,167.06814062848645
2026-03-19 23:30:00,1000.7289111111111,1773963451.0312402,163.76224059293043,167.6071919277708
2026-03-19 23:45:00,1000.5001444444445,1773964351.0950274,164.06740364880275,167.84270866098194
2026-03-20 00:00:00,1000.364511111111,1773965251.088296,163.50505929304447,167.22205644770435
2026-03-20 00:15:00,1000.0627555555554,1773966150.6319907,163.83479566210045,167.458195403538
2026-03-20 00:30:00,999.7799444444444,1773967050.6948917,164.52844760820048,168.07209607748237
2026-03-20 00:45:00,999.6215222222222,1773967951.136408,163.3204982896237,166.7852763303185
2026-03-20 01:00:00,999.3063555555555,1773968851.0027099,164.36181299885973,167.74291482672902
2026-03-20 01:15:00,999.0560444444444,1773969750.5916464,163.56582420091326,166.84700344176952
2026-03-20 01:30:00,998.9589666666667,1773970650.2777932,164.04532497149373,167.30363705671496
2026-03-20 01:45:00,998.8276222222223,1773971550.7156897,164.00749886104785,167.22112673188454
2026-03-20 02:00:00,998.5818312985572,1773972450.5441065,164.3327913340935,167.47044744435743
2026-03-20 02:15:00,998.4232888888889,1773973350.649165,165.31843329532498,168.4214962008253
2026-03-20 02:30:00,998.3080111111111,1773974250.7402341,164.2426009122007,167.28689684024425
2026-03-20 02:45:00,998.2513111111111,1773975150.7686694,164.2148950969213,167.2397114290408
2026-03-20 03:00:00,997.9970634037819,1773976050.7812407,164.44030022831052,167.38413278497188
2026-03-20 03:15:00,997.6745,1773976950.4569485,164.49842873432155,167.33531458907328
2026-03-20 03:30:00,997.3387555555555,1773977850.534512,165.54542075256558,168.28732167237754
2026-03-20 03:45:00,996.9769,1773978750.5941963,164.50271265678447,167.10636287430103
2026-03-20 04:00:00,996.7101777777777,1773979650.7474446,164.58718928164197,167.10301259087217
2026-03-20 04:15:00,996.4423555555555,1773980550.8549378,164.73101026225768,167.15946994368483
2026-03-20 04:30:00,996.1813555555555,1773981450.9414213,164.23072633979476,166.56484130619455
2026-03-20 04:45:00,995.8426111111112,1773982350.833332,165.2994218928164,167.53518391927923
2026-03-20 05:00:00,995.553385127636,1773983250.2218146,164.5404549600912,166.66951336016822
2026-03-20 05:15:00,995.3318111111112,1773984150.2664351,165.25422120866588,167.31835210145954
2026-03-20 05:30:00,995.0345606229143,1773985050.280981,164.78999543899658,166.7491658401417
2026-03-20 05:45:00,994.8362666666667,1773985950.9443727,164.71759179019386,166.6098128502314
2026-03-20 06:00:00,994.7428444444445,1773986850.9938993,165.13619042189282,167.00201389038935
2026-03-20 06:15:00,994.4548222222223,1773987750.610593,164.8590799086758,166.62576089531538
2026-03-20 06:30:00,994.1640111111112,1773988650.568304,164.52244760820045,166.18883390491234
2026-03-20 06:45:00,993.9708,1773989551.0305822,165.24248802736602,166.85167968822137
2026-03-20 07:00:00,993.7132333333334,1773990450.6348085,165.24863584474886,166.77195545067687
2026-03-20 07:15:00,993.4448888888888,1773991350.2497263,164.0470456100342,165.4704585463149
2026-03-20 07:30:00,993.2335888888889,1773992250.3151577,165.26512314709237,166.6286730108342
2026-03-20 07:45:00,992.8759777777777,1773993150.3656635,165.0642006841505,166.3071037176432
2026-03-20 08:00:00,992.6959378468368,1773994050.1511583,164.60134054669706,165.78105316119948
2026-03-20 08:15:00,992.3795222222222,1773994950.3228865,164.67772063854048,165.7530537669413
2026-03-20 08:30:00,992.267853170189,1773995850.0351171,164.7736803652968,165.8126036952888
2026-03-20 08:45:00,992.1174555555555,1773996750.3804626,165.64435233751425,166.63863374250369
2026-03-20 09:00:00,991.7535555555555,1773997650.432778,165.37975142531354,166.25140274874917
2026-03-20 09:15:00,991.5670777777777,1773998550.4777882,165.05605929304446,165.86413307631258
2026-03-20 09:30:00,991.3003666666667,1773999450.5391288,165.72661345496007,166.44915874111206
2026-03-20 09:45:00,991.059,1774000350.6915588,165.34782440136829,165.98857065983847
2026-03-20 10:00:00,990.8236333333333,1774001250.7755516,165.61225085518814,166.17577891100066
2026-03-20 10:15:00,990.5930666666667,1774002150.8258345,165.52844925883696,166.01511940417367
2026-03-20 10:30:00,990.3501444444445,1774003050.8947623,166.16055986316988,166.5681426080442
2026-03-20 10:45:00,989.7135333333333,1774003950.919503,166.22801254275942,166.42373140064134
2026-03-20 11:00:00,989.3338512763596,1774004850.46389,165.64355530216645,165.71270194412088
2026-03-20 11:15:00,988.9930555555557,1774005750.5455282,165.7092314709236,165.66545088531524
2026-03-20 11:30:00,988.7014444444445,1774006650.7108972,165.98139110604333,165.84078837168707
2026-03-20 11:45:00,988.4174888888889,1774007550.8410661,165.85586431014823,165.62128302919908
2026-03-20 12:00:00,988.1886999999999,1774008450.9636865,166.24291790193843,165.93184508587117
2026-03-20 12:15:00,987.7962291434928,1774009351.1114419,165.78972602739725,165.34966042366344
2026-03-20 12:30:00,987.5280111111111,1774010250.7880216,167.24481984036487,166.71143787521507
2026-03-20 12:45:00,987.2394888888889,1774011150.9327261,166.57505701254277,165.9480240547956
2026-03-20 13:00:00,986.9064555555556,1774012051.029473,165.69860433295327,164.96495631731477
2026-03-20 13:15:00,986.6750888888888,1774012950.6583123,165.61410958904108,164.80455747367472
2026-03-20 13:30:00,986.4760666666667,1774013850.208564,166.4776898517674,165.59798791836738
2026-03-20 13:45:00,986.1841777777778,1774014750.3294184,166.6068882554162,165.62978439541854
2026-03-20 14:00:00,985.8244777777778,1774015650.4477978,166.6920102622577,165.59523511176235
2026-03-20 14:15:00,985.4893111111112,1774016550.50674,167.54319954389965,166.3292904197197
2026-03-20 14:30:00,985.1658222222222,1774017450.5147464,166.61378791334093,165.29963290952733
2026-03-20 14:45:00,984.9847888888888,1774018350.621278,166.1978928164196,164.82732887046708
2026-03-20 15:00:00,984.8335666666667,1774019250.764183,167.44917559863168,166.01807401318422
2026-03-20 15:15:00,984.7126,1774020150.9019456,166.40847206385405,164.9463539848745
2026-03-20 15:30:00,984.3854666666666,1774021050.959959,168.02502394526795,166.43977069897662
2026-03-20 15:45:00,984.1178555555556,1774021950.7746818,166.8602770809578,165.1975717084847
2026-03-20 16:00:00,983.8975777777778,1774022850.854985,166.18647206385404,164.45801207405626
2026-03-20 16:15:00,983.7047222222222,1774023750.9651115,166.78792702394526,164.9895608843719
2026-03-20 16:30:00,983.4079333333334,1774024651.0552523,167.44442987457242,165.54069464388556
2026-03-20 16:45:00,983.2361888888888,1774025551.0950856,166.52127251995438,164.57149480385252
2026-03-20 17:00:00,982.9648390677025,1774026450.5820003,167.33054275940708,165.28156680340498
2026-03-20 17:15:00,982.7620555555555,1774027350.6585138,166.9648118586089,164.85344162738048
2026-03-20 17:30:00,982.4729444444445,1774028250.7844074,166.58163283922462,164.3800324641737
2026-03-20 17:45:00,982.2041333333333,1774029150.7760684,167.80472633979474,165.49796183487118
2026-03-20 18:00:00,982.0526028921023,1774030051.0136838,168.03502625570775,165.67487869844985
2026-03-20 18:15:00,982.0090222222223,1774030950.5794718,166.8156442417332,164.45828856921383
2026-03-20 18:30:00,981.8223888888888,1774031850.6505368,166.66949714937286,164.2528851839558
2026-03-20 18:45:00,981.5938000000001,1774032750.608563,167.54485176738882,165.04007775659733
2026-03-20 19:00:00,981.3685571587125,1774033650.5625236,168.27104555808657,165.68076141858307
2026-03-20 19:15:00,981.1108444444444,1774034551.0589192,167.6967103762828,165.0301845997462
2026-03-20 19:30:00,981.0439888888889,1774035451.0767477,167.53208665906502,164.84613531140553
2026-03-20 19:45:00,980.8740444444444,1774036351.1660888,167.55127594070697,164.80899067613908
2026-03-20 20:00:00,980.7338000000001,1774037251.933521,168.2891858608894,165.4883991735931
2026-03-20 20:15:00,980.4486777777778,1774038150.681217,168.36921689497717,165.4727114714279
2026-03-20 20:30:00,980.2332333333334,1774039050.3376975,167.3284561003421,164.37901084122302
2026-03-20 20:45:00,980.2687986651836,1774039950.3796437,168.28321118721462,165.32869628674086
2026-03-20 21:00:00,980.2354384017758,1774040850.135338,168.45925512528473,165.49060746749788
2026-03-20 21:15:00,980.2765777777777,1774041750.715621,168.29399657924742,165.34186472774223
2026-03-20 21:30:00,980.391888888889,1774042650.8142512,168.0304218928164,165.12098971972785
2026-03-20 21:45:00,980.2879977753058,1774043551.0837739,168.34313812785388,165.39392181229906
2026-03-20 22:00:00,980.2343618201999,1774044450.578261,167.87677676537587,164.91803864826244
2026-03-20 22:15:00,980.2238000000001,1774045350.66538,167.75335502283107,164.79331107629898
2026-03-20 22:30:00,980.2625583982203,1774046250.3846548,167.60799543899657,164.66328006876935
2026-03-20 22:45:00,980.2769777777778,1774047150.9484582,167.2954378563284,164.3609537274543
2026-03-20 23:00:00,980.2652888888889,1774048050.632884,167.50625684931506,164.5642276104644
2026-03-20 23:15:00,980.3924777777778,1774048950.2550237,167.96518472063855,165.05707652396714
2026-03-20 23:30:00,980.6107333333333,1774049850.3021388,167.66119954389967,164.83028902370393
2026-03-20 23:45:00,980.6115333333333,1774050750.7578824,167.19614123006835,164.37334608118906
2026-03-21 00:00:00,980.583711111111,1774051650.6910675,167.7374908675799,164.896380216526
2026-03-21 00:15:00,980.5800888888889,1774052550.2426627,167.87173090079818,165.02715097928757
2026-03-21 00:30:00,980.6615888888889,1774053450.3748243,167.7130558722919,164.89804088313497
2026-03-21 00:45:00,980.7366111111111,1774054350.4228597,168.0183112884835,165.22296160343683
2026-03-21 01:00:00,980.8180799112098,1774055250.4841928,168.06850455580866,165.2992510658635
2026-03-21 01:15:00,980.8614111111111,1774056151.070509,168.3091014823261,165.55023005151156
2026-03-21 01:30:00,980.8963,1774057050.699356,167.82512214611873,165.085702868496
2026-03-21 01:45:00,980.9977641824248,1774057950.3823328,167.33094526795895,164.63299778388438
2026-03-21 02:00:00,981.02140954495,1774058850.3741872,167.83836259977195,165.14004321952655
2026-03-21 02:15:00,980.9604555555555,1774059750.397249,167.57478107183582,164.8606002159393
2026-03-21 02:30:00,981.0032333333334,1774060650.4607365,167.3321037628278,164.63593842758675
2026-03-21 02:45:00,981.050788888889,1774061550.5144558,167.76140022805015,165.07401741131784
2026-03-21 03:00:00,981.075788888889,1774062451.129532,167.39139224629417,164.7181723186975
2026-03-21 03:15:00,981.1217666666666,1774063350.5486588,167.80669783352337,165.14203055580523
2026-03-21 03:30:00,981.1424777777778,1774064250.6772244,167.93913568985178,165.27921147076705
2026-03-21 03:45:00,981.0599555061178,1774065150.8355696,167.89638698630137,165.2098706098001
2026-03-21 04:00:00,980.9921642619312,1774066050.276606,167.89738724373575,165.18845668170414
2026-03-21 04:15:00,980.9693666666666,1774066950.814261,168.76175370581527,166.03130667207333
2026-03-21 04:30:00,981.1075973303672,1774067850.5274158,168.18249771689497,165.5071726478464
2026-03-21 04:45:00,981.2405,1774068750.4850178,169.5105085518814,166.85840441147462
2026-03-21 05:00:00,981.3138401775805,1774069650.383643,167.943076309795,165.3397459987232
2026-03-21 05:15:00,981.5189,1774070550.966509,168.17281527936146,165.63383948707238
2026-03-21 05:30:00,981.5594888888888,1774071451.0308716,167.92760205245156,165.40575507412808
2026-03-21 05:45:00,981.6129922135707,1774072350.9764783,167.75267579908677,165.25113779424152
2026-03-21 06:00:00,981.5982888888889,1774073250.8713531,168.25660775370582,165.74268107663192
2026-03-21 06:15:00,981.6234888888888,1774074150.9324334,167.6618551881414,165.16513883899339
2026-03-21 06:30:00,981.5180555555556,1774075051.0451496,166.80410376282782,164.285514524311
2026-03-21 06:45:00,981.5538444444444,1774075950.6744912,167.60070547945205,165.0819040573598
2026-03-21 07:00:00,981.6133777777778,1774076850.2792168,167.37404903078678,164.87828427339505
2026-03-21 07:15:00,981.6931,1774077750.3668175,168.07212998859748,165.59235661272993
2026-03-21 07:30:00,981.7773111111111,1774078650.4174776,168.38563055872294,165.9291755333412
2026-03-21 07:45:00,981.8753888888889,1774079550.4873333,167.87941391106045,165.46279697457751
2026-03-21 08:00:00,981.9264372918979,1774080451.0765567,168.91808997722097,166.50351995328924
2026-03-21 08:15:00,982.0402222222223,1774081350.8471684,168.31589623717218,165.94769456308583
2026-03-21 08:30:00,982.1206555555556,1774082250.8952458,168.18866248574685,165.8489284067577
2026-03-21 08:45:00,982.2209010011123,1774083150.9317567,167.51588584474885,165.21863251847194
2026-03-21 09:00:00,982.1882130965594,1774084050.9993293,168.15814464692482,165.84124125194222
2026-03-21 09:15:00,982.2188333333334,1774084950.6725132,168.11381527936146,165.80767648951374
2026-03-21 09:30:00,982.2973222222223,1774085850.6659944,166.9413204104903,164.67711419930274
2026-03-21 09:45:00,982.3642111111111,1774086750.580145,168.17032383124288,165.91164259222975
2026-03-21 10:00:00,982.3908777777777,1774087650.9364815,168.35558836944128,166.10327746349085
2026-03-21 10:15:00,982.4793770856508,1774088551.2637274,167.42322602739728,165.21262835964495
2026-03-21 10:30:00,982.5028777777777,1774089450.7527077,167.70370467502852,165.49718207924644
2026-03-21 10:45:00,982.6136222222221,1774090350.7657948,168.5432770809578,166.36255138229006
2026-03-21 11:00:00,982.7244444444444,1774091250.8083596,168.27277194982895,166.13236446275099
2026-03-21 11:15:00,982.9669888888889,1774092150.9216926,168.70874914481186,166.64361344716
2026-03-21 11:30:00,983.1552888888889,1774093051.0089605,167.4400125427594,165.45270499582617
2026-03-21 11:45:00,983.209511111111,1774093951.0501864,168.5841094640821,166.6012888948002
2026-03-21 12:00:00,983.4263928967813,1774094850.5059192,167.86840820980618,165.96597982471326
2026-03-21 12:15:00,983.7104666666667,1774095750.620924,167.92863854047891,166.1198813696925
2026-03-21 12:30:00,984.0191768631813,1774096650.500309,168.2625787671233,166.5530262262977
2026-03-21 12:45:00,984.2138666666667,1774097550.3560598,167.63082554161915,165.99231307103528
2026-03-21 13:00:00,984.4276111111112,1774098450.5064344,167.43151425313567,165.86584060698948
2026-03-21 13:15:00,984.7611888888889,1774099350.6711872,167.85405473204105,166.39540445119889
2026-03-21 13:30:00,985.2611555555555,1774100250.8374417,166.80361459521095,165.5195183926611
2026-03-21 13:45:00,985.7183111111111,1774101150.9553366,167.89296807297606,166.75288008575038
2026-03-21 14:00:00,986.1396555555555,1774102051.0228517,166.8817411630559,165.8882532808525
2026-03-21 14:15:00,986.4488555555555,1774102950.650236,167.18177739726028,166.28930484247144
2026-03-21 14:30:00,986.7142777777777,1774103850.20914,167.96300114025084,167.1550679419231
2026-03-21 14:45:00,986.8044444444444,1774104750.2527719,167.35700570125428,166.582025036799
2026-03-21 15:00:00,986.943385127636,1774105650.2822878,167.28551708428247,166.55714415919897
2026-03-21 15:15:00,987.2307222222222,1774106550.920165,167.1899794754846,166.55771144804658
2026-03-21 15:30:00,987.6066222222222,1774107450.994205,166.90122120866593,166.39509400811323
2026-03-21 15:45:00,987.967508342603,1774108350.842996,166.6663584474886,166.28091711530928
2026-03-21 16:00:00,988.1922974472809,1774109250.2572143,166.44866590649943,166.13840343991467
2026-03-21 16:15:00,988.4118333333333,1774110150.38303,166.21146978335233,165.97450817856463
2026-03-21 16:30:00,988.6554222222222,1774111050.4646158,166.33662713797037,166.18042679435118
2026-03-21 16:45:00,988.9854171301446,1774111950.9456334,165.46248802736605,165.41624557307327
2026-03-21 17:00:00,989.2089456159822,1774112850.550151,167.1080763968073,167.1360766923305
2026-03-21 17:15:00,989.3970333333334,1774113750.6925294,166.67149942987456,166.76214659881586
2026-03-21 17:30:00,989.5123444444445,1774114650.7582328,166.38638084378564,166.51527063996545
2026-03-21 17:45:00,989.7864071190212,1774115550.424204,166.79717922374428,167.01790890606912
2026-03-21 18:00:00,989.9778777777777,1774116450.5883543,166.63607069555303,166.92049569337922
2026-03-21 18:15:00,990.1913111111112,1774117350.6597128,165.9289064994299,166.28309002549287
2026-03-21 18:30:00,990.3578888888889,1774118250.6501064,165.36592474344354,165.77412592906109
2026-03-21 18:45:00,990.5397666666667,1774119150.76064,166.1476944127708,166.61842273001787
2026-03-21 19:00:00,990.6555333333333,1774120050.833791,165.1350535917902,165.64125993674398
2026-03-21 19:15:00,990.7402999999999,1774120950.8931277,165.05820524515394,165.59224704461795
2026-03-21 19:30:00,990.8551555555555,1774121850.9813128,166.3565210946408,166.93310554858513
2026-03-21 19:45:00,991.0002666666667,1774122751.0405576,165.53278905359178,166.15473328725778
2026-03-21 20:00:00,991.0360710321864,1774123650.454179,166.8984606613455,167.5375327535775
2026-03-21 20:15:00,991.0732555555555,1774124550.5554729,165.6229361459521,166.26948896172703
2026-03-21 20:30:00,991.262958843159,1774125450.4682314,166.0632922374429,166.7748275634794
2026-03-21 20:45:00,991.3759444444445,1774126350.2745647,165.14509578107186,165.8901790571304
2026-03-21 21:00:00,991.4429333333334,1774127250.3709662,166.53375712656785,167.30751959860066
2026-03-21 21:15:00,991.5594444444444,1774128150.4488785,165.78765792474346,166.59677003781744
2026-03-21 21:30:00,991.7039444444445,1774129050.2860675,165.79326567844925,166.6505602128342
2026-03-21 21:45:00,991.7710888888889,1774129950.3413043,165.65946180159634,166.53842721302541
2026-03-21 22:00:00,991.8030222222222,1774130850.5054946,165.80425313568983,166.69463267980743
2026-03-21 22:15:00,991.8276555555556,1774131750.6472821,165.73285860889396,166.6310639146549
2026-03-21 22:30:00,991.7763222222222,1774132650.7453911,165.75112086659067,166.63231668369667
2026-03-21 22:45:00,991.7125444444445,1774133550.871282,165.67744925883693,166.53700933411994
2026-03-21 23:00:00,991.5993562708103,1774134450.3471859,165.9050433295325,166.728036641503
2026-03-21 23:15:00,991.5095661846495,1774135350.8428526,165.40281299885973,166.19346720123156
2026-03-21 23:30:00,991.3530000000001,1774136250.6568358,165.24945091324201,165.9873878556115
2026-03-21 23:45:00,991.1573444444444,1774137150.1510494,165.30908437856328,165.98232418244345
2026-03-22 00:00:00,991.0592333333334,1774138050.1597831,165.80302622576966,166.44561413043846
2026-03-22 00:15:00,990.9409111111111,1774138950.2637916,165.02670353477765,165.62708334818595
2026-03-22 00:30:00,990.8200333333333,1774139850.3150687,165.26514139110606,165.82629438549964
2026-03-22 00:45:00,990.7011444444445,1774140750.3254144,165.58847548460662,166.11122409661442
2026-03-22 01:00:00,990.5594333333333,1774141650.3251739,165.190086659065,165.66461790318155
2026-03-22 01:15:00,990.4937555555556,1774142550.4489942,165.7157126567845,166.16992505741723
2026-03-22 01:30:00,990.2425999999999,1774143450.6154907,164.518,164.8860846564737
2026-03-22 01:45:00,990.1516333333333,1774144350.6722567,165.08538084378563,165.4246359375028
2026-03-22 02:00:00,990.0784111111111,1774145250.802277,166.312244013683,166.62961657718606
2026-03-22 02:15:00,989.9769333333332,1774146150.8680978,164.71000570125426,164.9908315197358
2026-03-22 02:30:00,989.8625,1774147051.0182927,164.50747434435576,164.75024469823308
2026-03-22 02:45:00,989.6902888888889,1774147950.6384356,165.1346598173516,165.32140556150208
2026-03-22 03:00:00,989.5179222222223,1774148850.2031467,165.73873204104902,165.8689704917811
2026-03-22 03:15:00,989.4363333333333,1774149750.3369715,165.46465336374,165.56765727507818
2026-03-22 03:30:00,989.2410777777778,1774150650.406301,165.41932839224629,165.45767840865784
2026-03-22 03:45:00,989.0669,1774151550.4505677,165.52210604332953,165.50281601861272
2026-03-22 04:00:00,988.8281576026637,1774152450.4455395,166.45785876993168,166.35900682867336
2026-03-22 04:15:00,988.6073971078977,1774153350.7537243,166.34782534246577,166.1756525070598
2026-03-22 04:30:00,988.3157555555555,1774154250.71269,164.96141391106045,164.6945844450079
2026-03-22 04:45:00,988.1328888888888,1774155150.8230715,164.81159407069558,164.48483835183984
2026-03-22 05:00:00,988.0100221975583,1774156050.3096814,165.84753477765108,165.47805672193164
2026-03-22 05:15:00,987.8480555555557,1774156950.36884,165.44460433295325,165.02255897423146
2026-03-22 05:30:00,987.7200777777778,1774157850.499507,166.04348916761688,165.57753015459298
2026-03-22 05:45:00,987.5664849833147,1774158750.4387088,167.02493607305937,166.50506706393327
2026-03-22 06:00:00,987.5074888888889,1774159650.2932508,166.86615279361462,166.32715153861182
2026-03-22 06:15:00,987.4359333333334,1774160550.3696153,165.44269327251996,164.88469147296638
2026-03-22 06:30:00,987.3886333333332,1774161450.46483,166.2012873432155,165.62505810116403
2026-03-22 06:45:00,987.4143777777779,1774162350.474362,165.63542189281642,165.06965357246057
2026-03-22 07:00:00,987.4657269700333,1774163250.4151454,164.95640318906607,164.4098379810491
2026-03-22 07:15:00,987.5085333333333,1774164150.979249,165.6138244013683,165.07921317582517
2026-03-22 07:30:00,987.6644333333332,1774165051.0912077,165.9402976054732,165.45621371061495
2026-03-22 07:45:00,987.731724137931,1774165950.7981782,165.15698858447487,164.69735351560368
2026-03-22 08:00:00,987.7622086570477,1774166850.271422,165.59512656784494,165.1443405372367
2026-03-22 08:15:00,987.8405222222223,1774167750.3679261,166.01172291904217,165.58573601004173
2026-03-22 08:30:00,987.9554777777777,1774168650.8437636,165.86867616875713,165.48109788825732
2026-03-22 08:45:00,988.0052888888889,1774169551.0195634,166.50360889395668,166.13109651781576
2026-03-22 09:00:00,988.0667296996663,1774170451.1075466,165.3291015981735,164.97948860538534
2026-03-22 09:15:00,988.0953333333334,1774171350.6759293,166.78599201824403,166.44281968035034
2026-03-22 09:30:00,988.2068888888889,1774172250.8433044,165.52379703534777,165.22008006425187
2026-03-22 09:45:00,988.3361444444445,1774173150.8548408,165.58478905359178,165.32369265704824
2026-03-22 10:00:00,988.4617777777778,1774174050.625483,166.71699543899658,166.49594338898356
2026-03-22 10:15:00,988.6507222222223,1774174950.6564941,165.81167958950968,165.65441504516912
2026-03-22 10:30:00,988.8346666666666,1774175850.7151375,166.69758722919045,166.6007617397554
2026-03-22 10:45:00,989.0882666666666,1774176750.8157058,165.86333979475486,165.8510972212848
2026-03-22 11:00:00,989.2955604883463,1774177650.325242,165.36903306727478,165.42539608936278
2026-03-22 11:15:00,989.3508888888889,1774178550.4860752,164.3629156214367,164.43713080687507
2026-03-22 11:30:00,989.4111568409344,1774179450.8823092,166.27556100342073,166.370692243522
2026-03-22 11:45:00,989.4535888888889,1774180351.1282506,165.33946294184722,165.4480986197
2026-03-22 12:00:00,989.5592119866815,1774181251.0288386,165.85969555302168,166.00373700197326
2026-03-22 12:15:00,989.7701111111112,1774182150.2579055,165.8125188141391,166.0265342265568
2026-03-22 12:30:00,989.9078555555556,1774183050.3769338,165.796669327252,166.0564046762655
2026-03-22 12:45:00,990.0134705228031,1774183950.8699667,165.5919794754846,165.88643063886195
2026-03-22 13:00:00,990.1379444444444,1774184850.646668,165.82314269406393,166.15936477266519
2026-03-22 13:15:00,990.2866444444444,1774185750.2384467,165.70460091220068,166.0899704490264
2026-03-22 13:30:00,990.3752555555554,1774186650.2906914,165.52724629418472,165.94160930269774
2026-03-22 13:45:00,990.4644888888889,1774187550.4089508,165.71174230330672,166.15621785961574
2026-03-22 14:00:00,990.5288444444444,1774188450.4229128,165.28720752565565,165.75187712112685
2026-03-22 14:15:00,990.5020666666667,1774189350.4885886,166.28827822120869,166.74683165426615
2026-03-22 14:30:00,990.5138444444444,1774190250.6043262,165.041496009122,165.5005097495036
2026-03-22 14:45:00,990.5564333333333,1774191150.542452,164.95668529076397,165.42955347704952
2026-03-22 15:00:00,990.7215777777777,1774192050.4301603,165.4575655644242,165.98668408892985
2026-03-22 15:15:00,990.8288888888889,1774192950.526311,166.20993728620294,166.77725209194142
2026-03-22 15:30:00,990.9039777777778,1774193850.5317404,164.55062257696693,165.13707179574592
2026-03-22 15:45:00,990.9184888888889,1774194750.5447216,164.8940353477765,165.48651118707969
2026-03-22 16:00:00,990.9417111111111,1774195650.6249611,164.7638529076397,165.36354103174645
2026-03-22 16:15:00,990.9781888888888,1774196550.7665484,165.72356214367161,166.33887820737039
2026-03-22 16:30:00,990.9436777777778,1774197450.8808062,164.87665108323833,165.47740063339486
2026-03-22 16:45:00,990.9841222222223,1774198350.9374552,165.13793956670466,165.75304819312916
2026-03-22 17:00:00,991.0536111111111,1774199251.0278847,165.58718814139112,166.22707040020498
2026-03-22 17:15:00,991.1266555555557,1774200150.6673894,165.27879680365297,165.94172781091376
2026-03-22 17:30:00,991.2515444444444,1774201050.3301861,164.784,165.48627601645666
2026-03-22 17:45:00,991.354688888889,1774201950.5592353,164.83325313568986,165.56989076514984
2026-03-22 18:00:00,991.3893111111112,1774202850.7270288,165.30424287343214,166.05448330215896
2026-03-22 18:15:00,991.4497777777777,1774203750.8604693,164.74940820980615,165.51714582738998
2026-03-22 18:30:00,991.3261111111111,1774204650.9555297,164.71371721778792,165.4403645366325
2026-03-22 18:45:00,991.3206666666666,1774205551.0270317,164.76196807297606,165.4870262745524
2026-03-22 19:00:00,991.3917888888889,1774206451.1295657,165.16218700114027,165.9126048902636
2026-03-22 19:15:00,991.4271222222222,1774207350.720304,164.3126997716895,165.07092259733227
2026-03-22 19:30:00,991.3723333333334,1774208250.296334,164.4956237172178,165.23658339781755
2026-03-22 19:45:00,991.4162777777777,1774209150.3706043,164.66409578107184,165.4203523050556
2026-03-22 20:00:00,991.4471111111111,1774210050.4557207,165.2957936145952,166.06519172260812
2026-03-22 20:15:00,991.3078777777778,1774210950.569529,165.04269669327252,165.76475033243395
2026-03-22 20:30:00,991.1886,1774211850.564526,165.8414275940707,166.52724490320912
2026-03-22 20:45:00,991.1925555555556,1774212750.6231184,164.39382782212084,165.0749646774556
2026-03-22 21:00:00,991.1772777777778,1774213650.751208,165.70758608893954,166.38908208162013
2026-03-22 21:15:00,991.0669333333333,1774214550.789446,164.7256180159635,165.36657693202775
2026-03-22 21:30:00,991.0394333333332,1774215450.8602953,164.27227251995438,164.9023975556591
2026-03-22 21:45:00,990.9459111111111,1774216351.0092824,164.84211972633977,165.4434824362382
2026-03-22 22:00:00,990.797,1774217251.1459053,164.52705359179018,165.07809565769946
2026-03-22 22:15:00,990.7629222222223,1774218150.7553546,165.9879303652968,166.53251476838744
2026-03-22 22:30:00,990.7305666666667,1774219050.3567953,164.26009122006843,164.78834283009587
2026-03-22 22:45:00,990.7889111111111,1774219950.4211211,165.16756784492588,165.7180741806783
2026-03-22 23:00:00,990.7277111111111,1774220850.487901,165.1842702394527,165.71454754255478
2026-03-22 23:15:00,990.7261111111111,1774221750.6386273,165.2714549600912,165.8014815794496
2026-03-22 23:30:00,990.6086444444445,1774222650.7522109,165.19264310148233,165.68348782393232
2026-03-22 23:45:00,990.6428555555556,1774223550.8517425,164.9695952109464,165.47109869359795
2026-03-23 00:00:00,990.5904777777777,1774224451.0376363,164.80779589509692,165.2914914028625
2026-03-23 00:15:00,990.5408888888888,1774225350.719812,164.5133698630137,164.97983811270015
2026-03-23 00:30:00,990.438788888889,1774226250.489754,165.74389281641962,166.1799127404791
2026-03-23 00:45:00,990.3390555555555,1774227150.533196,164.86848118586087,165.2692291876851
2026-03-23 01:00:00,990.1321888888889,1774228050.6016715,165.25584150513112,165.58900720257657
2026-03-23 01:15:00,990.018111111111,1774228950.6696556,165.0342748004561,165.32926871153958
2026-03-23 01:30:00,989.9377555555554,1774229850.7428317,164.69871949828962,164.96659951813947
2026-03-23 01:45:00,989.8455666666667,1774230750.8280497,165.0607069555302,165.29869552659855
2026-03-23 02:00:00,989.8046555555555,1774231650.9121723,164.71355302166475,164.93754494909751
2026-03-23 02:15:00,989.7261,1774232550.975416,164.76865450399086,164.96680120969597
2026-03-23 02:30:00,989.627,1774233451.0833218,165.17179019384264,165.33764853089767
2026-03-23 02:45:00,989.5033111111111,1774234350.618564,164.6181484018265,164.74269207357932
2026-03-23 03:00:00,989.3930333333333,1774235250.6747794,164.7335284738041,164.82180306412494
2026-03-23 03:15:00,989.3296,1774236150.7228327,164.9201894977169,164.98763135412221
2026-03-23 03:30:00,989.2828555555556,1774237050.3927248,165.05254503990878,165.1046048537012
2026-03-23 03:45:00,989.1755444444444,1774237950.4593267,165.73718129988598,165.75387877363787
2026-03-23 04:00:00,988.9951333333333,1774238850.4985108,165.10555872291906,165.06262355388063
2026-03-23 04:15:00,988.8008777777778,1774239750.7402105,165.30630102622575,165.19911949206386
2026-03-23 04:30:00,988.4446111111112,1774240650.7916417,164.83291676168756,164.60871117126413
2026-03-23 04:45:00,988.1372111111111,1774241550.8243785,166.5011174458381,166.17244853764177
2026-03-23 05:00:00,987.9082888888889,1774242450.9507532,164.86532725199544,164.46457092102648
2026-03-23 05:15:00,987.7417,1774243351.0243936,166.02304446978334,165.5643024110981
2026-03-23 05:30:00,987.6369111111111,1774244250.6896558,165.0927203196347,164.60204831416453
2026-03-23 05:45:00,987.3839666666667,1774245150.269163,165.61217673888254,165.03644962915533
2026-03-23 06:00:00,987.1867888888888,1774246050.36486,164.65898631698974,164.02187714360338
2026-03-23 06:15:00,987.0336111111111,1774246950.4159596,165.84601140250854,165.1537058088444
2026-03-23 06:30:00,986.9361444444445,1774247850.4565866,166.29470125427596,165.5682447393358
2026-03-23 06:45:00,986.8295444444444,1774248750.4958348,165.0207685290764,164.26485217477077
2026-03-23 07:00:00,986.7041777777778,1774249650.6012049,165.66794982896235,164.86772589155237
2026-03-23 07:15:00,986.4257222222222,1774250550.6402357,165.88748916761688,164.99429204618806
2026-03-23 07:30:00,986.0887222222223,1774251450.7750142,166.83075940706956,165.82068257117473
2026-03-23 07:45:00,985.793,1774252350.985108,166.2589338654504,165.15461047868942
2026-03-23 08:00:00,985.5445111111111,1774253250.6042178,166.27893493150685,165.0924110430915
2026-03-23 08:15:00,985.2175,1774254150.2230184,165.95464310148233,164.66270498376153
2026-03-23 08:30:00,984.9975444444445,1774255050.3050046,166.25934891676167,164.89248470510395
2026-03-23 08:45:00,984.8425555555556,1774255950.3914142,166.51335461801597,165.09321899349035
2026-03-23 09:00:00,984.6764444444445,1774256850.4655266,166.28972862029647,164.81673534702688
2026-03-23 09:15:00,984.4512444444445,1774257750.558711,166.7731482326112,165.2214403340714
2026-03-23 09:30:00,984.1845444444444,1774258650.6539013,167.12948004561005,165.48616286277257
2026-03-23 09:45:00,984.0507000000001,1774259550.7204185,166.99123489167616,165.30502077749395
2026-03-23 10:00:00,983.7762444444445,1774260450.8194056,166.78315279361462,165.00843998400222
2026-03-23 10:15:00,983.5632444444444,1774261350.9479246,166.87896351197261,165.03291219837584
2026-03-23 10:30:00,983.3193111111111,1774262251.0486972,167.18115165336374,165.2511172879774
2026-03-23 10:45:00,983.1352333333333,1774263150.6939275,166.4652111872146,164.482875613344
2026-03-23 11:00:00,982.8174777777779,1774264050.2800596,167.6742291904219,165.57223969716654
2026-03-23 11:15:00,982.5158777777777,1774264950.500841,167.4337616875713,165.23508686044346
2026-03-23 11:30:00,982.3074444444444,1774265850.5835829,167.79852793614597,165.52604646535798
2026-03-23 11:45:00,982.222211111111,1774266750.690357,167.31149828962373,165.01748024317726
2026-03-23 12:00:00,982.0522641509434,1774267650.7690365,168.0834606613455,165.72252054118545
2026-03-23 12:15:00,981.8457666666666,1774268550.3906069,167.88490649942986,165.45840771555265
2026-03-23 12:30:00,981.6181,1774269450.4591224,166.78312314709237,164.29772155655962
2026-03-23 12:45:00,981.4432444444444,1774270350.5640779,168.90440250855187,166.32921227379524
2026-03-23 13:00:00,981.264571746385,1774271250.2626462,167.4136095890411,164.80224678607038
2026-03-23 13:15:00,981.1802555555555,1774272150.3214407,168.60632269099202,165.94836899782115
2026-03-23 13:30:00,981.0273333333333,1774273050.3825228,168.5035952109464,165.79654523291802
2026-03-23 13:45:00,980.8497444444445,1774273950.507729,169.76948232611176,166.98277646791016
2026-03-23 14:00:00,980.7908444444444,1774274850.5419595,168.4900182440137,165.70479316065862
2026-03-23 14:15:00,980.6701444444444,1774275750.6850715,168.64208551881413,165.81431427943357
2026-03-23 14:30:00,980.5449000000001,1774276650.7902036,168.77935461801596,165.9077184206558
2026-03-23 14:45:00,980.3836666666667,1774277550.933531,168.23604446978334,165.3203333362287
2026-03-23 15:00:00,980.3448555555556,1774278450.6280916,168.12373744292236,165.19714924311012
2026-03-23 15:15:00,980.2231444444445,1774279350.2856758,167.95765450399088,164.9937893239421
2026-03-23 15:30:00,980.0876111111112,1774280250.4055557,169.10157354618013,166.07249937517787
2026-03-23 15:45:00,979.9965888888889,1774281150.4731174,169.87396579247434,166.80068804978833
2026-03-23 16:00:00,979.8291888888889,1774282050.5681386,168.1079897377423,165.0114061129512
2026-03-23 16:15:00,979.7143444444445,1774282950.6434312,169.8276054732041,166.66106158346926
2026-03-23 16:30:00,979.6514,1774283850.748123,169.63245610034207,166.4485955472351
2026-03-23 16:45:00,979.5033777777778,1774284750.9036148,168.27875712656785,165.07142866707375
2026-03-23 17:00:00,979.3233444444444,1774285650.9581425,168.43092018244013,165.16121179886994
2026-03-23 17:15:00,979.2057777777778,1774286551.02584,169.36979019384265,166.0428089661045
2026-03-23 17:30:00,979.0258111111111,1774287450.6626244,169.39807876712328,166.0107782909114
2026-03-23 17:45:00,978.8665666666666,1774288350.2043562,168.98675484606613,165.55494343560414
2026-03-23 18:00:00,978.7781444444445,1774289250.291266,169.15050855188142,165.6860683519558
2026-03-23 18:15:00,978.621211111111,1774290150.401653,168.60049828962372,165.09549696691798
2026-03-23 18:30:00,978.5186444444445,1774291050.4431632,169.10755986316988,165.55805238227896
2026-03-23 18:45:00,978.4153444444445,1774291950.4720557,169.06823603192703,165.48536113664875
2026-03-23 19:00:00,978.2742333333334,1774292850.562644,169.069818700114,165.4402127713924
2026-03-23 19:15:00,978.2248444444444,1774293750.6003683,169.22636259977193,165.57703983282337
2026-03-23 19:30:00,978.1652,1774294650.6812117,168.02870695553023,164.38560077767056
2026-03-23 19:45:00,978.0595888888888,1774295550.695143,170.24624059293046,166.5198786544491
2026-03-23 20:00:00,977.9596111111111,1774296450.7662292,169.38850399087798,165.64779074500214
2026-03-23 20:15:00,977.8904333333334,1774297350.8461893,169.54781984036487,165.78065006130916
2026-03-23 20:30:00,977.823,1774298250.9631803,169.2791527936146,165.49563115741503
2026-03-23 20:45:00,977.8169666666668,1774299151.0339952,169.19344469783354,165.40984274721907
2026-03-23 21:00:00,977.6732555555556,1774300051.0536797,169.3640205245154,165.5290205014495
2026-03-23 21:15:00,977.4559666666667,1774300950.6751065,169.15055821917807,165.2485627774667
2026-03-23 21:30:00,977.3430888888889,1774301850.2538023,168.9976077537058,165.06187275944987
2026-03-23 21:45:00,977.3032000000001,1774302750.299197,169.95098289623715,165.97980300396338
2026-03-23 22:00:00,977.2232888888889,1774303650.3897827,169.2041322690992,165.22399517463936
2026-03-23 22:15:00,977.1584222222223,1774304550.4576344,169.09296807297605,165.09402627220084
2026-03-23 22:30:00,976.9867555555555,1774305450.5274158,169.8429897377423,165.769386471327
2026-03-23 22:45:00,976.7731111111111,1774306350.529309,169.02031242873434,164.895967416145
2026-03-23 23:00:00,976.6474222222222,1774307250.5669887,169.36964766248576,165.1952467208827
2026-03-23 23:15:00,976.5699333333333,1774308150.6398368,169.23227023945267,165.0356763519973
2026-03-23 23:30:00,976.2342333333333,1774309050.7206151,168.92988369441278,164.63021849571925
2026-03-23 23:45:00,976.3123111111111,1774309950.747675,168.94950057012542,164.6750489916367
2026-03-24 00:00:00,976.1771222222222,1774310850.8299317,169.07937514253135,164.75708503762223
2026-03-24 00:15:00,975.9723444444445,1774311750.912225,169.44060661345497,165.0414746084258
2026-03-24 00:30:00,975.8283888888889,1774312650.933758,169.7162805017104,165.26240353171679
2026-03-24 00:45:00,975.6792999999999,1774313551.061559,169.18371949828963,164.69470294354696
2026-03-24 01:00:00,975.4249666666667,1774314451.1307645,169.9488608893957,165.35541036328627
2026-03-24 01:15:00,975.2062444444445,1774315350.6826324,169.12804223744294,164.4848084433957
2026-03-24 01:30:00,974.9385444444445,1774316250.2356775,170.35212656784492,165.58660800958376
2026-03-24 01:45:00,974.7216444444443,1774317150.2717032,169.61033751425313,164.7940669727371
2026-03-24 02:00:00,974.5602444444444,1774318050.3682427,170.31247206385405,165.42285652839442
2026-03-24 02:15:00,974.2632222222222,1774318950.4520707,170.212582668187,165.22765319598625
2026-03-24 02:30:00,974.1366555555556,1774319850.486403,170.67462371721777,165.63422983165646
2026-03-24 02:45:00,973.9388111111111,1774320750.561544,170.69145153933866,165.58502757140297
2026-03-24 03:00:00,973.7617999999999,1774321650.68833,170.27301824401368,165.12064544541593
2026-03-24 03:15:00,973.6072222222222,1774322550.7737942,169.53388369441276,164.35305820607925
2026-03-24 03:30:00,973.3857444444444,1774323450.8207548,169.5273204104903,164.27391333009712
2026-03-24 03:45:00,973.1630555555556,1774324350.849528,170.1787993158495,164.83177508382656
2026-03-24 04:00:00,972.8521777777778,1774325250.9014769,169.96947662485746,164.52670212056887
2026-03-24 04:15:00,972.5669888888889,1774326150.9259403,170.24942873432155,164.70371944576343
2026-03-24 04:30:00,972.3278999999999,1774327051.0038152,170.75742531356897,165.11619475598766
2026-03-24 04:45:00,972.0739888888888,1774327951.0954907,170.45057126567846,164.73580035189366
2026-03-24 05:00:00,971.7297777777778,1774328850.6144426,170.62321347031963,164.7891707208348
2026-03-24 05:15:00,971.5249444444444,1774329750.242427,169.59029760547318,163.72448667803096
2026-03-24 05:30:00,971.2525,1774330650.3319147,170.50402736602052,164.5169443543187
2026-03-24 05:45:00,971.0266888888889,1774331550.36042,171.21053249714936,165.12405071240568
2026-03-24 06:00:00,970.8587666666666,1774332450.4957697,170.79504446978333,164.66802102899834
2026-03-24 06:15:00,970.8048888888889,1774333350.5592563,170.6276670467503,164.4889224769948
2026-03-24 06:30:00,970.7100888888889,1774334250.6759841,171.8284834663626,165.61513300439879
2026-03-24 06:45:00,970.6209444444445,1774335150.7342997,171.65803990877993,165.4213572988303
2026-03-24 07:00:00,970.5168666666666,1774336050.7740316,171.3797890535918,165.11884187638887
2026-03-24 07:15:00,970.4188444444444,1774336950.864646,170.50406499429874,164.24290821700103
2026-03-24 07:30:00,970.1223777777777,1774337850.9690807,171.51957126567845,165.1231875500283
2026-03-24 07:45:00,970.0371,1774338751.0618253,172.47983010262257,166.0193180578516
2026-03-24 08:00:00,969.7809888888888,1774339650.6668952,171.61560273972603,165.1028707116593
2026-03-24 08:15:00,969.5113111111111,1774340550.2851698,171.73731014823264,165.13087110512322
2026-03-24 08:30:00,969.4265666666666,1774341450.3539784,172.21181527936145,165.55906004047182
2026-03-24 08:45:00,969.3440888888889,1774342350.4166715,171.84562143671607,165.17976315148104
2026-03-24 09:00:00,969.1981555555556,1774343250.531275,171.93928278221208,165.2215616871229
2026-03-24 09:15:00,969.1781111111111,1774344150.6058104,171.98029076396807,165.25434247854798
2026-03-24 09:30:00,969.0406777777778,1774345050.683505,172.5042565564424,165.71226154346138
2026-03-24 09:45:00,968.9444111111111,1774345950.803457,172.81148460661345,165.97543425038725
2026-03-24 10:00:00,968.9327666666667,1774346850.8259819,172.4596738882554,165.6336829374227
2026-03-24 10:15:00,968.8981,1774347750.8285844,172.6622998859749,165.81679192514605
2026-03-24 10:30:00,968.6566555555556,1774348650.8875391,171.42558266818702,164.54962821442018
2026-03-24 10:45:00,968.5482888888889,1774349550.9503126,172.27212086659065,165.32637577885612
2026-03-24 11:00:00,968.5642,1774350451.0702927,172.3041482326112,165.36237396556965
2026-03-24 11:15:00,968.3285333333333,1774351350.719669,172.18195547945206,165.1672369296348
2026-03-24 11:30:00,968.277511111111,1774352250.2845955,173.08419954389964,166.01578158371623
2026-03-24 11:45:00,968.1550666666667,1774353150.4029534,172.90974116305586,165.80783827020758
2026-03-24 12:00:00,968.092230854606,1774354050.9212918,173.57014578587697,166.4202025548006
2026-03-24 12:15:00,968.0357444444444,1774354950.5925295,172.90030251141553,165.75922505263333
2026-03-24 12:30:00,968.0195555555556,1774355850.4384134,172.93046066134548,165.78276985494247
2026-03-24 12:45:00,968.25149054505,1774356750.718357,172.78753135689854,165.72260412507214
2026-03-24 13:00:00,968.3258222222222,1774357650.907844,172.96631470923606,165.91874159667137
2026-03-24 13:15:00,968.2593111111112,1774358550.9908834,172.13213797035348,165.09659070524316
2026-03-24 13:30:00,968.2303777777778,1774359451.0906777,172.2801140250855,165.22895701732807
2026-03-24 13:45:00,968.1198888888888,1774360350.73537,171.5400091324201,164.48279240816387
2026-03-24 14:00:00,968.0906333333334,1774361250.294268,173.07272862029646,165.94274549503547
2026-03-24 14:15:00,968.1024444444444,1774362150.4294455,173.46262371721778,166.32050710915613
2026-03-24 14:30:00,967.9898222222223,1774363050.515129,172.61303534777653,165.46862444112236
2026-03-24 14:45:00,967.8970444444444,1774363950.5960658,172.69566020524516,165.51711400647605
2026-03-24 15:00:00,967.8957777777779,1774364850.630967,172.56234549600913,165.38892188554897
2026-03-24 15:15:00,967.6337333333333,1774365750.6893556,173.0058574686431,165.72711854226867
2026-03-24 15:30:00,967.5459111111111,1774366650.7518082,172.6041345496009,165.3132580890462
2026-03-24 15:45:00,967.6145222222223,1774367550.8181224,172.50058152793616,165.2367517923486
2026-03-24 16:00:00,967.6554333333333,1774368450.883108,173.95336602052453,166.6419954201672
2026-03-24 16:15:00,967.5808555555556,1774369350.9551108,173.36106955530215,166.04982445105753
2026-03-24 16:30:00,967.5861444444445,1774370251.0126889,174.26765564424173,166.91994225363854
2026-03-24 16:45:00,967.5545333333334,1774371151.0969465,172.18564310148233,164.91528775636706
2026-03-24 17:00:00,967.6473,1774372050.7272651,172.8528378995434,165.58502965760744
2026-03-24 17:15:00,967.6090222222223,1774372950.2885625,173.26109806157356,165.96341811551554
2026-03-24 17:30:00,967.3391444444444,1774373850.3574922,172.99124857468644,165.61551854285807
2026-03-24 17:45:00,967.1216111111112,1774374750.3772552,172.76379817559862,165.32582241437837
2026-03-24 18:00:00,967.0081555555556,1774375650.4975271,173.09092018244013,165.6012798489535
2026-03-24 18:15:00,966.9801,1774376550.5884225,174.16694754846066,166.62139796028282
2026-03-24 18:30:00,966.9098888888889,1774377450.5972064,173.10520182440135,165.58239786593663
2026-03-24 18:45:00,966.7088777777778,1774378350.5912328,173.38183238312428,165.78034583518533
2026-03-24 19:00:00,966.4997888888888,1774379250.6381168,172.84772405929303,165.20055648756502
2026-03-24 19:15:00,966.3643333333333,1774380150.6689956,173.88160205245154,166.14367715427275
2026-03-24 19:30:00,966.3550333333333,1774381050.7682087,173.18162143671609,165.47176865180398
2026-03-24 19:45:00,966.4505444444444,1774381950.936923,172.8598779931585,165.19590194231398
2026-03-24 20:00:00,966.3400444444445,1774382850.9556296,173.44014481185863,165.71381504801167
2026-03-24 20:15:00,966.3867888888889,1774383751.0568154,173.5562257696693,165.840228380037
2026-03-24 20:30:00,966.3775555555555,1774384651.0908368,173.33230900798176,165.62320801769988
2026-03-24 20:45:00,966.3580444444444,1774385550.6703365,174.0615479452055,166.313523386746
2026-03-24 21:00:00,966.382,1774386450.2070615,173.90273318129988,166.16973915141682
2026-03-24 21:15:00,966.1888666666667,1774387350.2187064,174.0526408209806,166.24875204013082
2026-03-24 21:30:00,966.0767222222222,1774388250.2874846,173.7088449258837,165.88316078279416
2026-03-24 21:45:00,965.8583888888888,1774389150.335555,173.2221151653364,165.34614156536537
2026-03-24 22:00:00,965.6870444444445,1774390050.4219935,173.30680843785632,165.37030377099498
2026-03-24 22:15:00,965.5816111111111,1774390950.4906087,172.83717901938428,164.88740788908817
2026-03-24 22:30:00,965.4875444444446,1774391850.5172386,173.35624515393386,165.35148814807573
2026-03-24 22:45:00,965.4672888888889,1774392750.6409528,172.5686180159635,164.5935618372082
2026-03-24 23:00:00,965.2133777777777,1774393650.7732499,173.36992018244015,165.27388170017528
2026-03-24 23:15:00,965.1424333333333,1774394550.8907232,174.28580957810718,166.12342809933426
2026-03-24 23:30:00,965.1158666666666,1774395450.991648,173.68774116305588,165.54457303954942
2026-03-24 23:45:00,964.7286333333333,1774396351.042552,173.99674458380844,165.7107020336452
2026-03-25 00:00:00,964.7355,1774397250.6481688,173.35699543378996,165.10368631418868
2026-03-25 00:15:00,964.8892111111111,1774398150.1641667,173.59981755986317,165.38578343409245
2026-03-25 00:30:00,964.7014444444445,1774399050.1623204,173.5583158494869,165.28416404594265
2026-03-25 00:45:00,964.4507222222222,1774399950.287998,173.15605701254276,164.81841433751651
2026-03-25 01:00:00,964.5256777777778,1774400850.3263192,174.00969555302166,165.65578108301827
2026-03-25 01:15:00,964.5051666666666,1774401750.2646446,175.38302166476626,166.95632704485575
2026-03-25 01:30:00,964.2598555555555,1774402650.3364227,173.9720843785633,165.53194801999945
2026-03-25 01:45:00,964.2932888888889,1774403550.4908373,174.02867046750285,165.59686141357963
2026-03-25 02:00:00,964.2484777777777,1774404450.6343694,173.68460433295323,165.25465436738574
2026-03-25 02:15:00,964.2851777777777,1774405350.7085755,174.36631128848347,165.91545176486503
2026-03-25 02:30:00,963.9672666666667,1774406250.781152,174.29204218928166,165.73936791910472
2026-03-25 02:45:00,963.8257333333333,1774407150.8404438,173.58549144811857,165.0207697955173
2026-03-25 03:00:00,963.7888444444444,1774408050.8698485,173.93882668187,165.34447224360747
2026-03-25 03:15:00,963.5797222222222,1774408950.994703,173.4192770809578,164.78166027056835
2026-03-25 03:30:00,963.2010333333333,1774409851.142605,173.16700228050172,164.41737746333177
2026-03-25 03:45:00,963.4466666666667,1774410751.1515388,174.85218472063855,166.0989913953113
2026-03-25 04:00:00,963.5207,1774411650.6913536,173.99945205479452,165.3134225754466
2026-03-25 04:15:00,963.5802444444444,1774412550.3580902,173.80513911060433,165.14847588501846
2026-03-25 04:30:00,963.1958,1774413450.439427,174.21505473204104,165.41074356549788
2026-03-25 04:45:00,962.9913666666667,1774414350.528946,174.21262257696694,165.34081815307434
2026-03-25 05:00:00,962.8893222222223,1774415250.600911,173.4408779931585,164.57478346772928
2026-03-25 05:15:00,962.7582111111111,1774416150.7019567,174.7745290763968,165.79677856940003
2026-03-25 05:30:00,962.8949222222222,1774417050.7956204,173.08483352337515,164.2387790382177
2026-03-25 05:45:00,962.6461222222222,1774417950.8413572,175.03741505131129,166.0089410318394
2026-03-25 06:00:00,962.4832777777779,1774418850.9470334,174.60883352337513,165.5485397461625
2026-03-25 06:15:00,962.5383888888889,1774419751.0157492,173.93335689851767,164.9262905302869
2026-03-25 06:30:00,962.6567111111111,1774420651.123953,173.0070935005701,164.0868189362018
2026-03-25 06:45:00,962.8007222222222,1774421550.6653047,172.65720662100455,163.802144146402
2026-03-25 07:00:00,962.5542777777778,1774422450.20427,173.84755530216648,164.85017062268358
2026-03-25 07:15:00,962.186588888889,1774423350.2773225,173.11593728620295,164.0357444892482
2026-03-25 07:30:00,962.2893666666666,1774424250.3080938,173.46391676168759,164.3992616234331
2026-03-25 07:45:00,962.3512555555556,1774425150.3398676,173.52048460661345,164.47323028944672
2026-03-25 08:00:00,962.544388888889,1774426050.4258125,173.3046259977195,164.33209017029736
2026-03-25 08:15:00,962.5568888888889,1774426950.5319846,172.80321664766248,163.86073685623055
2026-03-25 08:30:00,962.1194666666667,1774427850.581809,173.1281755986317,164.02531991766588
2026-03-25 08:45:00,962.4499000000001,1774428750.7136564,172.5754424173318,163.60973723425738
2026-03-25 09:00:00,962.5305888888889,1774429650.7182944,173.11501254275942,164.14776307071836
2026-03-25 09:15:00,962.7697333333333,1774430550.7445138,173.4479749144812,164.54215806825394
2026-03-25 09:30:00,963.1003,1774431450.7876658,174.05299771949828,165.2253153835759
2026-03-25 09:45:00,963.3656555555556,1774432350.9329064,172.84831242873432,164.1688328616254
2026-03-25 10:00:00,963.4511222222222,1774433250.6186163,173.661448630137,164.9693342400592
2026-03-25 10:15:00,963.7772111111111,1774434150.1780207,173.34179589509694,164.77310710949118
2026-03-25 10:30:00,963.6526666666666,1774435050.334046,172.7036054732041,164.12557697723304
2026-03-25 10:45:00,963.8679555555556,1774435950.41484,173.53640364880275,164.98803572681848
2026-03-25 11:00:00,963.9208777777778,1774436850.5192454,173.75233409350056,165.21081520331302
2026-03-25 11:15:00,964.0437,1774437750.5879798,173.4453968072976,164.95948310050932
2026-03-25 11:30:00,964.2983888888889,1774438650.652637,173.2362645381984,164.84452950343493
2026-03-25 11:45:00,964.2668111111111,1774439550.783344,174.13378563283922,165.68810933849053
2026-03-25 12:00:00,964.762319644839,1774440450.7362993,172.91904675028505,164.69542172671854
2026-03-25 12:15:00,964.7655777777778,1774441350.2790642,174.11515279361458,165.83572439311462
2026-03-25 12:30:00,964.8785444444444,1774442250.3474457,172.82701938426453,164.64603842461406
2026-03-25 12:45:00,965.0197000000001,1774443150.4888046,174.29744925883696,166.09374717250068
2026-03-25 13:00:00,965.4298887652948,1774444050.8595533,173.09453021664766,165.08282092502736
2026-03-25 13:15:00,965.5427999999999,1774444950.6840336,173.24265639269407,165.26140658166426
2026-03-25 13:30:00,965.4546666666666,1774445850.2447248,173.28835575826682,165.27586539427034
2026-03-25 13:45:00,965.7841777777778,1774446750.3706803,174.12963283922463,166.1877289121115
2026-03-25 14:00:00,965.6022444444445,1774447650.437652,173.21121550741162,165.25105951784587
2026-03-25 14:15:00,965.8664444444445,1774448550.5217502,173.5961402508552,165.70583035515492
2026-03-25 14:30:00,965.9082111111112,1774449450.6251726,173.83419726339793,165.94692869665565
2026-03-25 14:45:00,966.3401222222222,1774450350.6835146,174.14986088939568,166.39194091167008
2026-03-25 15:00:00,966.4032000000001,1774451250.8380866,173.67142873432155,165.95575657558115
2026-03-25 15:15:00,966.6231666666666,1774452150.9848013,174.23218472063851,166.5648612658143
2026-03-25 15:30:00,966.7736,1774453051.0800428,173.0700399087799,165.50364525171403
2026-03-25 15:45:00,967.0436222222222,1774453951.1314259,173.12635689851768,165.64693269147352
2026-03-25 16:00:00,967.1611555555556,1774454850.6873329,173.91398401826484,166.43965247266945
2026-03-25 16:15:00,967.0055444444444,1774455750.2336328,173.43945381984037,165.93386589769585
2026-03-25 16:30:00,967.1744111111111,1774456650.2984097,173.4303740022805,165.98122693689302
2026-03-25 16:45:00,967.6301444444445,1774457550.3288743,172.2027628278221,164.95662784230066
2026-03-25 17:00:00,967.5058111111111,1774458450.4420338,173.2005393386545,165.87116706986765
2026-03-25 17:15:00,967.411288888889,1774459350.5264318,172.731842645382,165.39103512456842
2026-03-25 17:30:00,967.8287666666666,1774460250.6173294,173.13796465222347,165.91837429098985
2026-03-25 17:45:00,967.7127333333333,1774461150.7248914,173.09738540478907,165.84099650330896
2026-03-25 18:00:00,967.8496,1774462050.7905617,173.3235313568985,166.10312396502113
2026-03-25 18:15:00,968.1165333333333,1774462950.846847,172.7178529076397,165.61106783534672
2026-03-25 18:30:00,968.3173777777778,1774463850.9342842,174.15391220068415,167.05512861278098
2026-03-25 18:45:00,968.4402888888889,1774464751.03252,173.315669327252,166.29192704611597
2026-03-25 19:00:00,968.5807666666666,1774465650.5904675,171.905850456621,164.9855892070719
2026-03-25 19:15:00,968.6870777777777,1774466550.1655517,172.28441733181302,165.3840770434474
2026-03-25 19:30:00,968.8630222222222,1774467450.2723706,172.97650741163056,166.106888397527
2026-03-25 19:45:00,969.0557111111111,1774468350.2973049,171.53283580387685,164.78404288767194
2026-03-25 20:00:00,969.119511111111,1774469250.3592505,172.2595724059293,165.50330361782292
2026-03-25 20:15:00,969.2258,1774470150.4510806,171.88575940706954,165.179261812237
2026-03-25 20:30:00,969.3607444444444,1774471050.5416486,171.88072519954392,165.21900878325977
2026-03-25 20:45:00,969.4879111111112,1774471950.6504054,172.08340022805015,165.4559041771113
2026-03-25 21:00:00,969.6174777777778,1774472850.674506,171.72319498289625,165.1523625548571
2026-03-25 21:15:00,969.9785777777778,1774473750.728688,172.23230444697833,165.76166126046462
2026-03-25 21:30:00,970.1620888888888,1774474650.8408487,171.88040136830102,165.48370397846568
2026-03-25 21:45:00,970.3262222222223,1774475550.9000006,171.72264310148233,165.38609867335435
2026-03-25 22:00:00,970.5688333333333,1774476451.0183449,171.26229646522233,165.0227920738982
2026-03-25 22:15:00,970.6889888888888,1774477351.11932,171.29847434435575,165.09732185849975
2026-03-25 22:30:00,970.8250444444445,1774478250.6443288,171.91018721461185,165.73198157380054
2026-03-25 22:45:00,970.8637222222222,1774479150.222443,171.13737400228052,164.9997053104621
2026-03-25 23:00:00,971.1065222222222,1774480050.2700262,171.49144583808436,165.42138784357257
2026-03-25 23:15:00,971.2004444444444,1774480950.369302,171.02491562143672,165.002362651914
2026-03-25 23:30:00,971.3398777777777,1774481850.5276837,170.84801368301027,164.87766269655268
2026-03-25 23:45:00,971.4318444444444,1774482750.649545,171.22909806157355,165.2758268698945
2026-03-26 00:00:00,971.5380111111111,1774483650.7502255,170.434511972634,164.543801272389
2026-03-26 00:15:00,971.7689999999999,1774484550.8165486,170.89889281641962,165.06837207600205
2026-03-26 00:30:00,971.929,1774485450.8547118,171.0182748004561,165.2365483668545
2026-03-26 00:45:00,971.8690555555555,1774486350.9347973,170.445834663626,164.6637185536518
2026-03-26 01:00:00,972.0558333333333,1774487251.0110958,171.0496590649943,165.30879961715303
2026-03-26 01:15:00,972.1786,1774488151.1651025,170.45277993158493,164.77240540959514
2026-03-26 01:30:00,972.2041666666668,1774489050.7037976,169.95855022831051,164.30304716218123
2026-03-26 01:45:00,972.2021888888889,1774489950.2686582,171.01708665906497,165.32570601285738
2026-03-26 02:00:00,972.2113666666668,1774490850.412002,171.27475712656783,165.57784055501114
2026-03-26 02:15:00,972.2130888888889,1774491750.41188,171.0199464082098,165.33207479063222
2026-03-26 02:30:00,972.2302666666667,1774492650.408368,170.91137172177878,165.232787705119
2026-03-26 02:45:00,972.3317444444444,1774493550.4578736,169.7307377423033,164.12468729759658
2026-03-26 03:00:00,972.3553999999999,1774494450.4685576,171.21221094640822,165.56506168358732
2026-03-26 03:15:00,972.4541888888889,1774495350.470197,170.16441733181298,164.58434279053753
2026-03-26 03:30:00,972.4753,1774496250.5303235,171.06725313568984,165.46455870864062
2026-03-26 03:45:00,972.5146777777778,1774497150.5839865,171.18516191562142,165.59164655790562
2026-03-26 04:00:00,972.5928111111111,1774498050.5814877,169.67524287343215,164.15671469335666
2026-03-26 04:15:00,972.5837333333334,1774498950.6290236,170.09055530216645,164.55553185053876
2026-03-26 04:30:00,972.5468222222222,1774499850.697579,170.64674914481185,165.0814391119529
2026-03-26 04:45:00,972.509811111111,1774500750.8253992,170.52535803876853,164.9517963890107
2026-03-26 05:00:00,972.5946444444444,1774501650.9192576,170.36812770809578,164.82766846545942
2026-03-26 05:15:00,972.7636333333332,1774502551.0323844,170.05148802736602,164.57694001999027
2026-03-26 05:30:00,972.7809222222223,1774503451.0591009,171.14789167616877,165.6437741219953
2026-03-26 05:45:00,972.8745222222223,1774504351.1045945,169.89867844925885,164.46552066627075
2026-03-26 06:00:00,972.9442,1774505250.7239308,170.84324543378995,165.4029297325949
2026-03-26 06:15:00,972.9879333333333,1774506150.3145728,171.25680729760546,165.81782507078188
2026-03-26 06:30:00,973.0595222222223,1774507050.3593016,171.13900570125426,165.72749155631777
2026-03-26 06:45:00,973.0899555555555,1774507950.4481428,170.64413112884833,165.25832362072566
2026-03-26 07:00:00,973.1581555555556,1774508850.503898,170.25312086659065,164.9021453997234
2026-03-26 07:15:00,973.1343111111112,1774509750.556102,171.04821208665908,165.66434673991205
2026-03-26 07:30:00,973.1478222222222,1774510650.568138,171.30792588369442,165.92036933513637
2026-03-26 07:45:00,973.2680222222222,1774511550.6920578,171.0890034207526,165.7481729560213
2026-03-26 08:00:00,973.3749333333333,1774512450.8684666,170.9145952109464,165.6146174911483
2026-03-26 08:15:00,973.4354111111112,1774513350.984432,171.38882554161916,166.09423097703086
2026-03-26 08:30:00,973.4155000000001,1774514251.0231805,171.56802394526795,166.2612725051341
2026-03-26 08:45:00,973.4603777777778,1774515151.067052,171.290590649943,166.00731987872703
2026-03-26 09:00:00,973.472488888889,1774516050.656145,171.84537899543378,166.54903052375138
2026-03-26 09:15:00,973.5045888888889,1774516950.2291934,171.3569566704675,166.08632398458823
2026-03-26 09:30:00,973.6754,1774517850.3378525,171.2143557582668,166.0048104672119
2026-03-26 09:45:00,973.7017222222222,1774518750.4336774,172.5197206385405,167.27926305592732
2026-03-26 10:00:00,973.7465555555556,1774519650.5394306,171.56151995438998,166.36508540157752
2026-03-26 10:15:00,973.7660222222222,1774520550.673919,172.2081254275941,166.9986074985624
2026-03-26 10:30:00,973.7983,1774521450.7713907,171.91501938426455,166.72513097718317
2026-03-26 10:45:00,973.8953777777778,1774522350.954699,171.35589965792477,166.21515880411684
2026-03-26 11:00:00,973.913588888889,1774523251.0667374,171.03864766248574,165.91346731390922
2026-03-26 11:15:00,973.9578666666666,1774524151.1281955,171.61807525655644,166.49027532151973
2026-03-26 11:30:00,974.0081555555556,1774525050.7141013,172.09894748858446,166.973572492734
2026-03-26 11:45:00,974.0114111111111,1774525950.3336737,171.70336031927025,166.59085121413935
2026-03-26 12:00:00,973.969345172031,1774526850.8082454,170.70678018223236,165.6100108244734
2026-03-26 12:15:00,974.0465444444444,1774527750.8347332,170.81588141391106,165.74144289751834
2026-03-26 12:30:00,974.1786999999999,1774528650.962298,170.54415735461802,165.52153436202738
2026-03-26 12:45:00,974.2848053392659,1774529550.8598866,170.99320547945206,165.9925794232827
2026-03-26 13:00:00,974.2559333333334,1774530450.7397301,171.94417673888256,166.90610181266499
2026-03-26 13:15:00,974.2359777777777,1774531350.8841217,172.01279247434437,166.96604312968202
2026-03-26 13:30:00,974.1530666666667,1774532251.0312538,170.97234549600913,165.92860529315834
2026-03-26 13:45:00,974.0900444444445,1774533150.6437283,171.69474543378996,166.60869277246695
2026-03-26 14:00:00,973.9965371809101,1774534050.121853,170.73846127562643,165.6497544739552
2026-03-26 14:15:00,974.0019555555556,1774534950.690086,171.0471425313569,165.95103412154361
2026-03-26 14:30:00,974.0150945494995,1774535850.5680945,171.7561598173516,166.6433062305688
2026-03-26 14:45:00,974.1036666666666,1774536750.5229752,170.94455530216646,165.88524464730085
2026-03-26 15:00:00,974.1554666666666,1774537650.6863396,170.0916031927024,165.0746375326897
2026-03-26 15:15:00,974.1627555555555,1774538550.7868319,171.14332611174456,166.09776049902393
2026-03-26 15:30:00,974.2064555555556,1774539450.855091,171.4541755986317,166.4139896172577
2026-03-26 15:45:00,974.1678888888888,1774540350.9314907,170.92759749144813,165.8900950162061
2026-03-26 16:00:00,974.131211111111,1774541251.0518541,171.3927229190422,166.32931084660655
2026-03-26 16:15:00,974.0950777777778,1774542150.6474457,170.9768299086758,165.91371399444733
2026-03-26 16:30:00,974.1779222222223,1774543050.6327868,170.8169749430524,165.7860594267928
2026-03-26 16:45:00,974.1295333333334,1774543951.027834,170.84328620296466,165.79554966402384
2026-03-26 17:00:00,974.1394672586015,1774544850.4812465,170.8871482326112,165.84141062556364
2026-03-26 17:15:00,974.1334371523916,1774545750.9386125,171.47424971493726,166.40916998260585
2026-03-26 17:30:00,974.093111111111,1774546651.149954,171.20858380843788,166.1379515171448
2026-03-26 17:45:00,974.0298333333334,1774547550.7339478,170.12572488584476,165.06627192057348
2026-03-26 18:00:00,974.0117758046614,1774548450.1744597,171.14699772209568,166.05117556347483
2026-03-26 18:15:00,974.0959444444445,1774549350.7437458,171.14049486887117,166.07282022353598
2026-03-26 18:30:00,974.1383999999999,1774550250.8357537,169.98608551881412,164.96660121711497
2026-03-26 18:45:00,974.1515127919911,1774551150.8312638,170.97679566210047,165.93240850075594
2026-03-26 19:00:00,974.2002111111111,1774552050.5518787,171.68932725199545,166.64014742607912
2026-03-26 19:15:00,974.2832000000001,1774552950.6376727,170.61533751425316,165.62523028128618
2026-03-26 19:30:00,974.3336666666667,1774553850.678718,170.78818472063855,165.80975699029804
2026-03-26 19:45:00,974.3588111111111,1774554750.6184187,171.39521892816418,166.40746455684217
2026-03-26 20:00:00,974.3602885682575,1774555650.888729,171.09629612756265,166.11773154038556
2026-03-26 20:15:00,974.3790100111235,1774556550.2389235,171.06961301369864,166.09804392612858
2026-03-26 20:30:00,974.3179111111111,1774557450.549286,170.9291174458381,165.94135248726414
2026-03-26 20:45:00,974.2836,1774558350.6450627,170.8729726339795,165.87546286508925
2026-03-26 21:00:00,974.3792444444445,1774559250.7820039,171.38803420752566,166.40728929027594
2026-03-26 21:15:00,974.4352777777779,1774560150.8811471,171.44538540478905,166.48162978786348
2026-03-26 21:30:00,974.4679222222222,1774561050.9702964,171.6331755986317,166.67486466612453
2026-03-26 21:45:00,974.4218777777778,1774561950.6107397,171.66710730593607,166.69246488960647
2026-03-26 22:00:00,974.3894783573808,1774562850.0868855,171.3274874715262,166.35190694315267
2026-03-26 22:15:00,974.3386777777778,1774563750.637102,171.2699669327252,166.27916186425628
2026-03-26 22:30:00,974.3885777777779,1774564650.712739,172.0792919042189,167.08157702378008
2026-03-26 22:45:00,974.4050055617353,1774565550.8097298,171.29271347031963,166.3233078174636
2026-03-26 23:00:00,974.4482666666667,1774566450.568432,171.96603876852907,166.99154699937716
2026-03-26 23:15:00,974.4802666666667,1774567350.6734622,171.63142303306728,166.67727775642086
2026-03-26 23:30:00,974.4861,1774568250.776555,171.83435233751428,166.87629638023665
2026-03-26 23:45:00,974.525311111111,1774569150.8487148,171.3963135689852,166.4639506097018
2026-03-27 00:00:00,974.5909766925638,1774570050.4483874,172.63147206385406,167.68558518787944
2026-03-27 00:15:00,974.6749666666667,1774570950.6155171,171.72502964652222,166.8331345882594
2026-03-27 00:30:00,974.6818464961067,1774571850.6221492,170.89605479452052,166.03005907101178
2026-03-27 00:45:00,974.6735555555555,1774572750.4701002,171.75391448118586,166.86072566795744
2026-03-27 01:00:00,974.6743555555555,1774573650.6121452,171.6466795895097,166.75681265895247
2026-03-27 01:15:00,974.7417444444445,1774574550.7255101,171.47705017103763,166.61447005452703
2026-03-27 01:30:00,974.8645,1774575450.7975059,171.16353819840367,166.3506842790719
2026-03-27 01:45:00,974.9677333333333,1774576350.5459692,171.1271014823261,166.34961421206177
2026-03-27 02:00:00,975.0106215316315,1774577250.5740337,171.36295102505696,166.59316851006196
2026-03-27 02:15:00,974.9577333333333,1774578150.7114422,171.86818607305935,167.0666680059559
2026-03-27 02:30:00,974.9090545050057,1774579050.3920202,171.34299315849486,166.53993279064605
2026-03-27 02:45:00,974.8846777777778,1774579950.9339247,171.3412291904219,166.5300991543337
2026-03-27 03:00:00,974.893,1774580851.0807612,172.34291220068414,167.50644370397728
2026-03-27 03:15:00,974.9521000000001,1774581750.7059143,171.8487203196347,167.04586401075457
2026-03-27 03:30:00,974.9724222222222,1774582650.304613,171.25333409350057,166.4738838378442
2026-03-27 03:45:00,974.970011111111,1774583550.4233065,171.0206488027366,166.24689079924963
2026-03-27 04:00:00,974.9752666666667,1774584450.4949794,171.86193500570124,167.06644993679
2026-03-27 04:15:00,974.8894333333333,1774585350.541325,171.35616989737744,166.54620436964208
2026-03-27 04:30:00,974.8865555555556,1774586250.6722636,171.32846408209807,166.51831784806072
2026-03-27 04:45:00,974.9294888888888,1774587150.781881,171.20643557582667,166.414004165396
2026-03-27 05:00:00,974.9585666666667,1774588050.8566856,171.01171721778792,166.23440356035567
2026-03-27 05:15:00,975.0536444444446,1774588950.945686,171.59409122006844,166.83222965903528
2026-03-27 05:30:00,975.0712555555556,1774589851.058319,171.8572873432155,167.0940072158304
2026-03-27 05:45:00,975.1280222222222,1774590751.1244812,171.12115621436715,166.39716960818083
2026-03-27 06:00:00,975.1351333333333,1774591650.6993012,171.88918150684933,167.14636989868438
2026-03-27 06:15:00,975.1561333333333,1774592550.2537563,172.14987685290765,167.40690301230757
2026-03-27 06:30:00,975.197188888889,1774593450.3438342,171.26568415051312,166.56074700238167
2026-03-27 06:45:00,975.2551111111112,1774594350.2128468,171.1228848346636,166.4411507737371
2026-03-27 07:00:00,975.2803440621532,1774595250.1119716,171.6855820045558,166.9968806030527
2026-03-27 07:15:00,975.3599888888889,1774596150.6386325,170.72179019384265,166.085863420611
2026-03-27 07:30:00,975.460700778643,1774597050.2281864,171.28034360730595,166.66281586643785
2026-03-27 07:45:00,975.5025444444445,1774597950.368809,170.77113340935009,166.1812400922273
2026-03-27 08:00:00,975.5784572697003,1774598850.3344784,170.415791571754,165.86062892494556
2026-03-27 08:15:00,975.6758666666667,1774599750.8869476,170.21892702394527,165.70130509112232
2026-03-27 08:30:00,975.7085873192436,1774600650.8980098,170.41176484018266,165.89988132809273
2026-03-27 08:45:00,975.7349888888889,1774601550.7253985,170.59984036488027,166.0917472313065
2026-03-27 09:00:00,975.8525749167592,1774602450.2582233,170.05883808437855,165.60398176156406
2026-03-27 09:15:00,975.9157555555555,1774603350.3701959,170.42737286202967,165.98383501737663
2026-03-27 09:30:00,975.9784444444444,1774604250.4732728,169.7243534777651,165.31987153423427
2026-03-27 09:45:00,976.0065850945496,1774605151.0556953,170.3557023945268,165.9441757356916
2026-03-27 10:00:00,976.0661666666667,1774606050.6791553,170.584399543379,166.18675270548187
2026-03-27 10:15:00,976.1586444444445,1774606950.2111964,170.3970741163056,166.03496275611815
2026-03-27 10:30:00,976.2501777777777,1774607850.7326102,170.91646355353075,166.57154689437928
2026-03-27 10:45:00,976.3334777777777,1774608750.7019355,169.98681506849317,165.69313344800864
2026-03-27 11:00:00,976.4244888888888,1774609650.293364,169.59888711516533,165.34509787504402
2026-03-27 11:15:00,976.5142,1774610550.5008397,170.14662599771947,165.90886372844082
2026-03-27 11:30:00,976.7050666666667,1774611450.5707495,169.893070695553,165.72487424480465
2026-03-27 11:45:00,976.8743333333333,1774612350.6495953,169.68617103762827,165.57909526766377
2026-03-27 12:00:00,976.987,1774613250.6997914,170.26666704675029,166.182983326736
2026-03-27 12:15:00,977.0836333333333,1774614150.6991506,168.84930672748004,164.83147039442153
2026-03-27 12:30:00,977.2207333333333,1774615050.7531524,169.53936145952107,165.55049272213603
2026-03-27 12:45:00,977.4108555555556,1774615950.6158652,169.95969327251996,166.02405282341752
2026-03-27 13:00:00,977.5268701442842,1774616850.6054952,169.40496469248293,165.52057086059312
2026-03-27 13:15:00,977.6641222222222,1774617751.068424,168.99485632839225,165.1651984423161
2026-03-27 13:30:00,977.7988320355951,1774618650.9565747,169.573350456621,165.77524017838553
2026-03-27 13:45:00,977.954388888889,1774619550.7518954,169.15194754846067,165.4147306538222
2026-03-27 14:00:00,978.0379222222223,1774620450.8230734,170.21019384264537,166.4774067207586
2026-03-27 14:15:00,978.2633999999999,1774621350.8424041,169.51638654503992,165.87359969111498
2026-03-27 14:30:00,978.405488888889,1774622250.84611,169.4183078677309,165.8247456675857
2026-03-27 14:45:00,978.5552888888889,1774623150.8806353,169.71284036488026,166.16280570289595
2026-03-27 15:00:00,978.7256444444445,1774624051.0396383,169.5510718358039,166.06099021731222
2026-03-27 15:15:00,978.9084777777778,1774624950.706805,168.4248230593607,165.01825507117934
2026-03-27 15:30:00,979.0473333333334,1774625850.3366299,169.82455872291905,166.4358942984072
2026-03-27 15:45:00,979.2197444444445,1774626750.4571452,169.70006157354618,166.37123996513677
2026-03-27 16:00:00,979.411288888889,1774627650.584434,169.16475484606613,165.90997986490225
2026-03-27 16:15:00,979.6145666666666,1774628550.6247232,169.99606499429873,166.79309226001695
2026-03-27 16:30:00,979.811,1774629450.77615,169.96592474344357,166.8290485946187
2026-03-27 16:45:00,979.9930666666667,1774630350.8367798,169.89647206385405,166.82161197885947
2026-03-27 17:00:00,980.2513444444444,1774631250.9785068,169.7316054732041,166.74584046303826
2026-03-27 17:15:00,980.4998333333334,1774632151.0594637,169.74203648802737,166.83898265161085
2026-03-27 17:30:00,980.6675,1774633051.1331725,169.2881345496009,166.44865010307493
2026-03-27 17:45:00,980.9187666666667,1774633950.6832848,169.82706506849314,167.06247446474666
2026-03-27 18:00:00,981.1364333333332,1774634850.2705855,169.49986887115168,166.81320819314746
2026-03-27 18:15:00,981.3852444444444,1774635750.3021557,169.68918928164194,167.08265113353514
2026-03-27 18:30:00,981.6124222222222,1774636650.1972196,169.3646738882554,166.83890747724166
2026-03-27 18:45:00,981.8623888888889,1774637550.2801223,168.31344583808436,165.88626793165957
2026-03-27 19:00:00,982.0841731409545,1774638450.2126732,168.53583712984053,166.17914770173525
2026-03-27 19:15:00,982.3135777777778,1774639350.6582549,168.88302394526798,166.59789882382495
2026-03-27 19:30:00,982.5416666666667,1774640250.7595992,168.74754389965793,166.54020654939617
2026-03-27 19:45:00,982.7955777777778,1774641150.8069422,168.37682782212087,166.25874815351958
2026-03-27 20:00:00,982.992146829811,1774642050.7732658,168.7144805936073,166.65766005441805
2026-03-27 20:15:00,983.1660222222222,1774642950.5652452,169.06627480045609,167.06325176813718
2026-03-27 20:30:00,983.3915,1774643850.7337255,168.67400342075257,166.7508080981549
2026-03-27 20:45:00,983.6284111111111,1774644750.842286,168.6280763968073,166.7844121687356
2026-03-27 21:00:00,983.8254666666667,1774645650.904092,168.86699315849486,167.08655447081043
2026-03-27 21:15:00,984.0752222222222,1774646550.9974425,168.240496009122,166.54983547414017
2026-03-27 21:30:00,984.3039888888889,1774647451.0534523,167.49430900798174,165.88702844307073
2026-03-27 21:45:00,984.5739888888888,1774648350.639882,167.69933105022832,166.1797959526254
2026-03-27 22:00:00,984.7374139844618,1774649250.0616868,168.17526651480637,166.70589788431394
2026-03-27 22:15:00,984.9538222222222,1774650150.6675546,167.96807753705815,166.57259890833637
2026-03-27 22:30:00,985.2882888888889,1774651050.8013556,167.37884036488026,166.0993293419684
2026-03-27 22:45:00,985.5762444444445,1774651950.9074357,167.44181755986315,166.25754711636316
2026-03-27 23:00:00,985.8390888888889,1774652850.9973545,167.37301140250855,166.27661440377665
2026-03-27 23:15:00,986.0730555555556,1774653750.9929216,167.6089623717218,166.58895403695917
2026-03-27 23:30:00,986.2893333333334,1774654650.6063778,167.98011529680366,167.03008242410885
2026-03-27 23:45:00,986.4471777777778,1774655550.193205,167.635748004561,166.74029249473622
2026-03-28 00:00:00,986.5951222222222,1774656450.3737311,167.0778551881414,166.23455944271515
2026-03-28 00:15:00,986.666551724138,1774657350.4955351,167.37004446978335,166.54906528506015
2026-03-28 00:30:00,986.8228444444445,1774658250.683382,167.5195102739726,166.74991338293526
2026-03-28 00:45:00,986.9161333333333,1774659150.2006857,166.02210376282784,165.29022267253112
2026-03-28 01:00:00,987.0828856825749,1774660050.139464,168.61581093394076,167.9284915159371
2026-03-28 01:15:00,987.2616777777778,1774660950.6713033,167.31678905359178,166.69436137972957
2026-03-28 01:30:00,987.466785317019,1774661850.4213598,167.3503778538813,166.79623352584082
2026-03-28 01:45:00,987.6821444444445,1774662750.4374056,167.11297605473203,166.63137355110504
2026-03-28 02:00:00,987.9239,1774663650.4546425,166.76196579247434,166.36179319684936
2026-03-28 02:15:00,988.0860555555555,1774664550.481254,167.04497833523374,166.698179911181
2026-03-28 02:30:00,988.2515333333333,1774665450.5637028,167.29928620296465,167.00722263878947
2026-03-28 02:45:00,988.4341222222222,1774666350.5734553,166.85843101482328,166.62797480037847
2026-03-28 03:00:00,988.6708111111111,1774667250.6183157,166.95179133409349,166.80014697223885
2026-03-28 03:15:00,988.8982888888889,1774668150.7146716,166.09802736602052,166.02267424699775
2026-03-28 03:30:00,989.1188222222222,1774669050.8458724,166.33858380843785,166.33647085259403
2026-03-28 03:45:00,989.245911111111,1774669950.9821112,166.7231858608894,166.76345019619907
2026-03-28 04:00:00,989.3630854605995,1774670850.4893441,165.72933979475485,165.80821649928598
2026-03-28 04:15:00,989.4565294771969,1774671750.3339484,165.89731621004566,166.00729473865795
2026-03-28 04:30:00,989.5870888888888,1774672650.2607703,166.1450057012543,166.2985664481145
2026-03-28 04:45:00,989.7487333333333,1774673550.3636107,167.0658141391106,167.27429513051948
2026-03-28 05:00:00,989.8838512763597,1774674450.4125159,165.86221412300685,166.11407706501691
2026-03-28 05:15:00,989.9867444444445,1774675351.0499082,166.89407183580389,167.18190187242084
2026-03-28 05:30:00,990.1612444444445,1774676250.6663294,166.54172146118722,166.8871772873477
2026-03-28 05:45:00,990.3457666666666,1774677150.2364326,166.58887457240593,166.9960458002254
2026-03-28 06:00:00,990.526129032258,1774678050.5513809,165.5986385404789,166.06328179460286
2026-03-28 06:15:00,990.7637111111111,1774678951.041747,166.57594640820983,167.12272369632598
2026-03-28 06:30:00,990.8638000000001,1774679851.0985181,166.16384150513113,166.74264091008502
2026-03-28 06:45:00,990.9246555555555,1774680750.7198203,167.26233219178084,167.86538781483938
2026-03-28 07:00:00,991.0344888888889,1774681650.3088913,165.6429977194983,166.2767363614987
2026-03-28 07:15:00,991.1479888888889,1774682550.4317353,165.84048574686432,166.51277407430666
2026-03-28 07:30:00,991.3259888888888,1774683450.6300676,166.5844526795895,167.31931199251122
2026-03-28 07:45:00,991.4086555555556,1774684350.4819307,165.44014709236032,166.19743419792266
2026-03-28 08:00:00,991.5631888888888,1774685250.456236,165.94596009122006,166.75709360479243
2026-03-28 08:15:00,991.7170111111111,1774686150.560628,165.73283238312428,166.59416802915672
2026-03-28 08:30:00,991.8071555555555,1774687050.5732307,164.79468072976056,165.68100842888606
2026-03-28 08:45:00,991.9525222222222,1774687950.4197748,165.65137514253135,166.59073690634332
2026-03-28 09:00:00,992.0911098779134,1774688850.4921834,165.13969020501136,166.12218893806406
2026-03-28 09:15:00,992.2265222222222,1774689750.6060863,164.62776598173517,165.65207561855544
2026-03-28 09:30:00,992.344511111111,1774690650.233731,164.23719954389966,165.29808115847055
2026-03-28 09:45:00,992.5040266963292,1774691550.6615431,166.1319749144812,167.2584478790606
2026-03-28 10:00:00,992.5757269700333,1774692450.3433714,164.57011516533638,165.70975896426876
2026-03-28 10:15:00,992.7956888888889,1774693350.3264897,165.48658038768528,166.70589245141997
2026-03-28 10:30:00,992.9835928809788,1774694250.4404633,165.57046180159637,166.8530848475853
2026-03-28 10:45:00,993.1263777777779,1774695150.6523,165.34934360730594,166.67784508134946
2026-03-28 11:00:00,993.2874250832408,1774696050.2015882,165.01895444191342,166.3983887935945
2026-03-28 11:15:00,993.4346444444444,1774696950.7800643,165.30414139110604,166.73504571827257
2026-03-28 11:30:00,993.6881868743048,1774697850.5964518,165.07883447488587,166.5922434918959
2026-03-28 11:45:00,993.9003444444445,1774698750.5269864,165.4242770809578,167.01170360707988
2026-03-28 12:00:00,994.172,1774699650.57381,164.89412314709236,166.56693535444919
2026-03-28 12:15:00,994.4044111111111,1774700550.618203,165.05080273660207,166.80272001575844
2026-03-28 12:30:00,994.569211111111,1774701450.682459,164.7124378563284,166.51563810162253
2026-03-28 12:45:00,994.8028222222222,1774702350.7807822,165.20602508551883,167.09268008772926
2026-03-28 13:00:00,994.9775915649278,1774703250.3257556,165.090496009122,167.0342063819572
2026-03-28 13:15:00,995.1916777777778,1774704150.4689176,164.41797377423032,166.4250094822782
2026-03-28 13:30:00,995.3590444444444,1774705050.5506108,164.3412474344356,166.4030378729721
2026-03-28 13:45:00,995.6163666666667,1774705950.6448147,165.0965017103763,167.25382151341356
2026-03-28 14:00:00,995.9169111111111,1774706850.7626905,164.98351425313567,167.23985345766738
2026-03-28 14:15:00,996.078765294772,1774707750.9320812,164.80905365296803,167.11709535542678
2026-03-28 14:30:00,996.1890222222223,1774708650.5942767,164.03125313568987,166.36508401819336
2026-03-28 14:45:00,996.3534555555556,1774709550.77019,164.657496009122,167.0551668962288
2026-03-28 15:00:00,996.4538777777778,1774710450.8001828,163.88774572405927,166.3076064468428
2026-03-28 15:15:00,996.5094444444444,1774711350.9114249,164.4339338654504,166.8804041950481
2026-03-28 15:30:00,996.5509,1774712251.0065405,163.9300273660205,166.38279491703284
2026-03-28 15:45:00,996.6488222222222,1774713150.6104412,164.55189497716893,167.04667904842887
2026-03-28 16:00:00,996.7662597114318,1774714050.052788,165.06907167235497,167.611059720853
2026-03-28 16:15:00,996.9000556173527,1774714951.1991117,164.46344406392694,167.04079849477375
2026-03-28 16:30:00,997.0834444444445,1774715851.0588975,164.51589623717217,167.15537027387916
2026-03-28 16:45:00,997.2864777777778,1774716750.6813192,164.6519109589041,167.36151333568057
2026-03-28 17:00:00,997.4859777777777,1774717650.2357614,163.87656556442417,166.63988448213763
2026-03-28 17:15:00,997.7203333333334,1774718550.348801,165.81487229190424,168.6899236340121
2026-03-28 17:30:00,997.7876333333334,1774719450.5150738,164.35140136830103,167.22358448013668
2026-03-28 17:45:00,997.9291888888889,1774720350.5752573,164.21804675028508,167.13521051233315
2026-03-28 18:00:00,998.0417203107659,1774721250.1439004,164.3245621436716,167.2812626018354
2026-03-28 18:15:00,998.0152333333333,1774722150.217699,164.31031014823262,167.25789362270095
2026-03-28 18:30:00,998.0782091212459,1774723050.5323863,164.23288369441278,167.20013600036327
2026-03-28 18:45:00,998.1536222222222,1774723950.657561,163.07514383561644,166.04652113272644
2026-03-28 19:00:00,998.2074250832408,1774724850.1261232,163.9173701594533,166.92205438728962
2026-03-28 19:15:00,998.1198777777777,1774725750.7559106,164.04656100342075,167.02436573474907
2026-03-28 19:30:00,998.1591222222222,1774726650.8680117,163.72292246294185,166.70793665245597
2026-03-28 19:45:00,998.1084222222223,1774727550.9290953,164.31254389965792,167.29134392920704
2026-03-28 20:00:00,998.19,1774728451.6039226,164.5349612314709,167.54512712335628
2026-03-28 20:15:00,998.2613793103448,1774729350.6055803,164.30907876712328,167.33899952065747
2026-03-28 20:30:00,998.1432555555555,1774730250.8177476,163.973503990878,166.95778859893278
2026-03-28 20:45:00,998.309811111111,1774731150.8529034,163.45597377423033,166.48628863372264
2026-03-28 21:00:00,998.3123307436182,1774732050.2838187,163.06890307867732,166.0928790076679
2026-03-28 21:15:00,998.2286777777778,1774732950.449577,163.6363078677309,166.64292316033857
2026-03-28 21:30:00,998.0749833147943,1774733850.6692748,163.32317331813,166.2729168401532
2026-03-28 21:45:00,998.0480777777778,1774734751.1282015,163.76341847206388,166.7121419631474
2026-03-28 22:00:00,998.0673473917869,1774735651.019199,163.7809361459521,166.7364008285527
2026-03-28 22:15:00,998.0988444444444,1774736550.3168662,163.04526567844925,165.9979115787384
2026-03-28 22:30:00,998.0196662958843,1774737450.391702,163.38905936073058,166.3215909888166
2026-03-28 22:45:00,997.8661888888888,1774738350.3060462,162.89721550741163,165.77002772903563
2026-03-28 23:00:00,997.8116333333332,1774739250.3731086,163.67306727480045,166.54138970558392
2026-03-28 23:15:00,997.6572111111111,1774740150.3920748,162.96041619156216,165.76504610130232
2026-03-28 23:30:00,997.4159666666667,1774741050.332173,163.75587571265677,166.49384506391849
2026-03-28 23:45:00,997.1454444444445,1774741950.421584,162.8535621436716,165.48688498571917
2026-03-29 00:00:00,996.8485111111112,1774742850.4641714,162.9892542759407,165.52644141319945
2026-03-29 00:15:00,996.3810222222222,1774743750.548332,163.9472930444698,166.34379309968227
2026-03-29 00:30:00,995.9791333333333,1774744650.5966647,163.85282782212087,166.11437431481488
2026-03-29 00:45:00,995.93,1774745550.6001585,164.0245005701254,166.27207673666885
2026-03-29 01:00:00,995.4612541620422,1774746450.5843034,164.2339430523918,166.32838455236364
2026-03-29 01:15:00,995.2606222222222,1774747350.7386365,163.9302294520548,165.95419296984483
2026-03-29 01:30:00,995.0137819799778,1774748250.7490792,163.05916647662485,164.99090252319291
2026-03-29 01:45:00,994.9464999999999,1774749151.0209386,162.782748004561,164.6890466639966
2026-03-29 02:00:00,994.6112333333334,1774750051.1167223,164.7879749144812,166.6060038273281
2026-03-29 02:15:00,994.2021777777778,1774750950.6652503,164.54688013698632,166.2262020174561
2026-03-29 02:30:00,993.7932555555556,1774751850.232507,164.53599885974913,166.07932707595302
2026-03-29 02:45:00,993.2807666666666,1774752750.354443,163.8836944127708,165.25143820393177
2026-03-29 03:00:00,993.1053999999999,1774753650.4776692,164.17080273660204,165.48289213620907
2026-03-29 03:15:00,992.9192333333334,1774754550.563141,164.22731356898518,165.47823008295222
2026-03-29 03:30:00,992.5975999999999,1774755450.6073208,163.83382554161918,164.97558742799467
2026-03-29 03:45:00,991.9578888888889,1774756350.6648903,164.95293614595212,165.8901178055354
2026-03-29 04:00:00,991.3013666666667,1774757250.7366483,165.0428654503991,165.76276121429694
2026-03-29 04:15:00,990.7918111111112,1774758150.7988248,165.19541277080958,165.74697324383436
2026-03-29 04:30:00,990.2033888888889,1774759050.867497,164.98375826681868,165.33991815618484
2026-03-29 04:45:00,989.7188555555555,1774759950.956417,164.5780581527936,164.77358824853687
2026-03-29 05:00:00,989.2091555555556,1774760851.0816255,165.9096465222349,165.93751568492982
2026-03-29 05:15:00,988.8372444444445,1774761751.105488,165.69345952109464,165.5980710222495
2026-03-29 05:30:00,988.3770222222223,1774762650.676933,164.73380479452055,164.4874974588199
2026-03-29 05:45:00,987.8886444444445,1774763550.2737162,165.00840250855188,164.60083127796656
2026-03-29 06:00:00,987.3873111111111,1774764450.3470073,165.8290889395667,165.25371312554265
2026-03-29 06:15:00,986.9252555555555,1774765350.48172,165.42210376282782,164.6958724309585
2026-03-29 06:30:00,987.0248444444445,1774766250.5638955,165.10781870011402,164.41571182842793
2026-03-29 06:45:00,986.8684777777777,1774767150.6936252,165.57431242873432,164.82869459803692
2026-03-29 07:00:00,986.6456111111111,1774768050.8429456,165.4857742303307,164.66714111275112
2026-03-29 07:15:00,986.1922888888889,1774768950.9636393,165.60293386545038,164.63438863750864
2026-03-29 07:30:00,986.1355777777778,1774769851.1007054,166.07535803876854,165.08532438479997
2026-03-29 07:45:00,985.3825222222222,1774770750.656686,166.12398744292238,164.88514144414438
2026-03-29 08:00:00,984.4969888888888,1774771650.27245,165.73382782212087,164.206812487184
2026-03-29 08:15:00,983.3482222222223,1774772550.4183989,167.38102622576966,165.45825128174351
2026-03-29 08:30:00,981.5427555555555,1774773450.4827473,167.20614595210947,164.68962171101506
2026-03-29 08:45:00,980.6433999999999,1774774350.5633466,167.51249372862029,164.69485377509469
2026-03-29 09:00:00,980.769811111111,1774775250.5947614,167.27116875712656,164.49917179388956
2026-03-29 09:15:00,980.7601777777777,1774776150.6462867,167.89977993158493,165.1141844717027
2026-03-29 09:30:00,981.217488888889,1774777050.7168314,167.11725541619157,164.4950247048946
2026-03-29 09:45:00,980.8496777777779,1774777950.8214235,168.2647023945268,165.5026748983363
2026-03-29 10:00:00,980.7857888888889,1774778850.8784127,167.5031858608894,164.73260797702088
2026-03-29 10:15:00,980.4616222222222,1774779751.013929,167.16707183580388,164.29550064207467
2026-03-29 10:30:00,980.3914,1774780651.1166563,167.64480957810719,164.7418931677427
2026-03-29 10:45:00,980.3953,1774781550.6762462,168.10543264840183,165.19582866939888
2026-03-29 11:00:00,980.2624666666667,1774782450.2891805,168.38705815279363,165.42862503089768
2026-03-29 11:15:00,980.5460555555555,1774783350.4474914,168.1548392246294,165.29421063477645
2026-03-29 11:30:00,980.6857111111111,1774784250.5378911,168.33482782212087,165.51736167170233
2026-03-29 11:45:00,980.8755111111111,1774785150.6198053,168.6290045610034,165.86956683237605
2026-03-29 12:00:00,981.0014888888888,1774786050.680206,168.09466248574685,165.3856332877851
2026-03-29 12:15:00,981.3489777777778,1774786950.745431,167.78073546180158,165.19153009939214
2026-03-29 12:30:00,981.7329333333333,1774787850.8765726,168.47567388825541,166.00317092895187
2026-03-29 12:45:00,981.8439555555556,1774788750.9698284,168.54829076396805,166.11160216299675
2026-03-29 13:00:00,981.5489123196448,1774789650.3453338,168.05798403648805,165.5306775208316
2026-03-29 13:15:00,981.622680756396,1774790550.5287755,168.9771505131129,166.46057855722273
2026-03-29 13:30:00,982.1317333333334,1774791451.0642939,168.52376738882555,166.1830533798902
2026-03-29 13:45:00,982.2039,1774792351.1479206,168.39442645381985,166.07947800306113
2026-03-29 14:00:00,981.9027413984462,1774793250.6147532,167.83190193842645,165.42501826600642
2026-03-29 14:15:00,981.7874304783093,1774794150.47186,167.8373184931507,165.3922096872998
2026-03-29 14:30:00,981.5953666666667,1774795050.3025324,169.3082314709236,166.77761772914153
2026-03-29 14:45:00,981.4408333333333,1774795950.3979366,168.7571242873432,166.18337814551177
2026-03-29 15:00:00,981.5378999999999,1774796850.449657,169.6634503990878,167.10831985634917
2026-03-29 15:15:00,981.5700666666667,1774797750.5407927,167.78035689851765,165.2642173885704
2026-03-29 15:30:00,981.4980777777778,1774798650.6076617,168.51123375142532,165.9602372471997
2026-03-29 15:45:00,981.4393777777778,1774799550.7373545,168.7261197263398,166.15236275211424
2026-03-29 16:00:00,981.3661444444446,1774800450.8876379,168.20634435575826,165.61625702433298
2026-03-29 16:15:00,981.4553333333334,1774801350.9644387,169.23507183580386,166.65886946457115
2026-03-29 16:30:00,981.5169555555556,1774802251.0451233,168.83479589509693,166.28517923691783
2026-03-29 16:45:00,981.4691111111111,1774803150.8925729,169.3391630558723,166.76597140850117
2026-03-29 17:00:00,981.3813777777779,1774804051.028579,168.3703819840365,165.78281952927216
2026-03-29 17:15:00,981.2394555555557,1774804950.6289682,168.864799086758,166.22245027786985
2026-03-29 17:30:00,981.2899777777778,1774805850.1534846,169.33382098061574,166.70097640582156
2026-03-29 17:45:00,981.2865444444444,1774806750.2295852,169.65158950969212,167.01265736619465
2026-03-29 18:00:00,981.2335183129856,1774807650.2000713,167.7201708428246,165.09377243908222
2026-03-29 18:15:00,981.1425,1774808550.7554708,168.57086887115165,165.90094624339474
2026-03-29 18:30:00,981.0906229143492,1774809450.9454796,168.32558105022832,165.64235645540336
2026-03-29 18:45:00,981.0647666666667,1774810350.495589,169.47456898517672,166.76440471233232
2026-03-29 19:00:00,981.0648,1774811250.6022794,167.88994754846067,165.20513487242144
2026-03-29 19:15:00,981.0190444444445,1774812150.6917794,168.53739566704675,165.8270536098925
2026-03-29 19:30:00,980.8635111111112,1774813050.7999969,169.004582668187,166.23500930757763
2026-03-29 19:45:00,980.6769666666667,1774813950.9340808,168.59339566704674,165.76870265996612
2026-03-29 20:00:00,980.5864999999999,1774814851.0583358,168.19544127708096,165.3474962046392
2026-03-29 20:15:00,980.4207777777779,1774815751.1148136,170.04302052451538,167.10839525358043
2026-03-29 20:30:00,980.4368888888889,1774816650.6829236,168.95451712328767,166.04402761150504
2026-03-29 20:45:00,980.5692222222222,1774817550.2705586,168.90767958950968,166.04193687396682
2026-03-29 21:00:00,980.5326333333334,1774818450.4265773,168.98116989737744,166.10202489951652
2026-03-29 21:15:00,980.3699888888889,1774819350.5538037,169.39269441277082,166.45238383514092
2026-03-29 21:30:00,980.2191777777778,1774820250.3972838,169.59681071835803,166.60269844399357
2026-03-29 21:45:00,980.3201555555555,1774821150.4848197,170.68256670467503,167.70315133624226
2026-03-29 22:00:00,980.2857777777779,1774822050.61259,168.57918244013683,165.62509546997956
2026-03-29 22:15:00,980.1604333333333,1774822950.7572389,168.9644047890536,165.96195736461962
2026-03-29 22:30:00,980.1485888888889,1774823850.8282115,169.33042303306726,166.31753164866132
2026-03-29 22:45:00,979.9302111111111,1774824750.8515549,168.0198118586089,164.95817800512404
2026-03-29 23:00:00,980.1550055493896,1774825650.1695206,169.82320638540477,166.80368755240534
2026-03-29 23:15:00,980.0203777777778,1774826550.3166964,169.913165336374,166.84711644066306
2026-03-29 23:30:00,979.825911111111,1774827450.3656383,168.56644013683012,165.46032707380644
2026-03-29 23:45:00,979.5030255839822,1774828350.8814907,169.26753135689853,166.04124028302292
2026-03-30 00:00:00,979.3438401775804,1774829250.6265688,168.71632383124285,165.447856787473
2026-03-30 00:15:00,979.3639,1774830150.659002,169.25644469783353,165.9841732228664
2026-03-30 00:30:00,979.2832814238043,1774831050.3012183,169.64949771689496,166.34280446037775
2026-03-30 00:45:00,979.1728444444445,1774831950.4041123,169.46276168757126,166.12301186368305
2026-03-30 01:00:00,979.0577666666667,1774832850.8094292,169.15674116305587,165.78486165320834
2026-03-30 01:15:00,978.7623222222223,1774833750.91147,169.01010262257694,165.54329952482942
2026-03-30 01:30:00,978.8832777777778,1774834650.952091,168.88155872291904,165.45741351503312
2026-03-30 01:45:00,978.8818111111111,1774835551.0498793,169.47705017103763,166.04034406916597
2026-03-30 02:00:00,978.7659933407325,1774836450.5569224,170.0118323831243,166.52570406894455
2026-03-30 02:15:00,978.3564888888889,1774837350.7051995,170.3559897377423,166.72619823072668
2026-03-30 02:30:00,978.1338777777778,1774838250.7259402,169.63492930444698,165.94660193711377
2026-03-30 02:45:00,978.2277,1774839150.7919476,169.69747662485747,166.03894266987652
2026-03-30 03:00:00,978.2011888888889,1774840051.2523198,168.95374914481187,165.3024843873426
2026-03-30 03:15:00,977.9802444444445,1774840951.0239403,168.4816761687571,164.76778825113837
2026-03-30 03:30:00,977.8404115684093,1774841850.721737,170.14065182648403,166.3436675196511
2026-03-30 03:45:00,977.5702777777778,1774842750.7261324,169.43519498289623,165.56448088222143
2026-03-30 04:00:00,977.6150943396226,1774843650.161993,168.97072063854046,165.12541740766048
2026-03-30 04:15:00,977.3574444444444,1774844550.3642573,169.02470581527933,165.0930796800412
2026-03-30 04:30:00,977.1727999999999,1774845450.5274248,170.33650513112883,166.3129368171795
2026-03-30 04:45:00,976.9152614015572,1774846350.2809563,169.98005707762556,165.87944579918081
2026-03-30 05:00:00,976.4669111111111,1774847250.26382,169.85364424173318,165.6075156002279
2026-03-30 05:15:00,976.2123222222223,1774848150.3845532,169.52810718358037,165.2059759301733
2026-03-30 05:30:00,975.9187222222223,1774849050.460383,169.6526385404789,165.2302806388095
2026-03-30 05:45:00,975.6383222222222,1774849950.3651817,170.62767046750287,166.08672871965268
2026-03-30 06:00:00,975.2092230854605,1774850850.1026347,170.06195671981774,165.39406857504
2026-03-30 06:15:00,975.0776222222223,1774851750.7874942,170.37408095781072,165.65401941410772
2026-03-30 06:30:00,974.9859,1774852650.9054732,170.96958380843787,166.2025326628762
2026-03-30 06:45:00,974.9502333333334,1774853550.9708438,172.1483591790194,167.33650378988548
2026-03-30 07:00:00,974.8323222222223,1774854451.2282686,171.37410490307866,166.5446117578339
2026-03-30 07:15:00,974.8016666666667,1774855351.1021733,170.60714937286204,165.78910477331905
2026-03-30 07:30:00,974.8072191323694,1774856250.9425511,171.31803424657534,166.48176260521967
2026-03-30 07:45:00,974.731888888889,1774857150.8889065,170.91187343215506,166.06204675052794
2026-03-30 08:00:00,974.7179134295227,1774858050.385325,170.61355416191563,165.76755922231007
2026-03-30 08:15:00,974.7675777777778,1774858950.5496526,170.1789304446978,165.3617046175464
2026-03-30 08:30:00,974.7434816462736,1774859850.63496,169.71181506849314,164.89986470712196
2026-03-30 08:45:00,974.5424555555555,1774860750.3106205,170.55190079817558,165.64951779525722
2026-03-30 09:00:00,974.5753777777777,1774861650.3158584,171.48550399087802,166.56725245052414
2026-03-30 09:15:00,974.6156555555556,1774862550.40536,170.7281778791334,165.84500585898866
2026-03-30 09:30:00,974.6999777777778,1774863450.447497,170.92522805017103,166.06442347669392
2026-03-30 09:45:00,974.6527666666667,1774864350.1978788,170.99911516533635,166.12052316633392
2026-03-30 10:00:00,974.6017980022198,1774865250.1764925,170.2571366742597,165.3828537206085
2026-03-30 10:15:00,974.3795777777777,1774866150.7749639,171.72485290763967,166.73443078518073
2026-03-30 10:30:00,974.2168075639598,1774867050.5650768,172.31825342465754,167.25612924947026
2026-03-30 10:45:00,973.8987222222223,1774867950.5382168,171.15463511972632,166.02104276966966
2026-03-30 11:00:00,973.7048666666666,1774868850.6165543,171.61865222348916,166.40661199687293
2026-03-30 11:15:00,973.7386111111111,1774869750.7174916,171.6882086659065,166.4852915457291
2026-03-30 11:30:00,973.9841222222223,1774870650.730022,171.2708221208666,166.16212293836426
2026-03-30 11:45:00,974.0583777777778,1774871550.5242043,171.92408665906498,166.82067465984576
2026-03-30 12:00:00,974.0129189789124,1774872450.4176037,171.40750113895214,166.30430284156282
2026-03-30 12:15:00,973.9511234705228,1774873350.5903308,171.00697716894976,165.8951989744061
2026-03-30 12:30:00,973.7486333333333,1774874250.682699,171.07601026225768,165.89497071856457
2026-03-30 12:45:00,973.6466777777778,1774875150.795661,172.00696009122007,166.76371827563742
2026-03-30 13:00:00,973.9332333333333,1774876050.8767757,172.14875484606614,166.9968710811644
2026-03-30 13:15:00,973.8687777777777,1774876951.0049593,172.97434891676167,167.77612805455507
2026-03-30 13:30:00,974.0456222222222,1774877850.6108646,171.78277168949774,166.67930226970674
2026-03-30 13:45:00,974.0323333333333,1774878750.2242336,171.47142075256554,166.37277933503
2026-03-30 14:00:00,974.0021111111112,1774879650.309716,172.4928244013683,167.35369600445065
2026-03-30 14:15:00,973.9279111111111,1774880550.3575475,171.28646750285063,166.1586206754346
2026-03-30 14:30:00,974.0517666666667,1774881450.4153335,171.5119692132269,166.4185901118776
2026-03-30 14:45:00,974.1468444444445,1774882350.5250716,172.7075553021665,167.6105400085456
2026-03-30 15:00:00,974.227769145394,1774883250.54336,173.0595148063781,167.9792974901971
2026-03-30 15:15:00,973.9223692992214,1774884150.8122215,171.6946598173516,166.55274681390267
2026-03-30 15:30:00,973.6043555555556,1774885050.715085,172.23866818700114,166.9742292369249
2026-03-30 15:45:00,973.6056555555556,1774885950.8086984,172.3719771949829,167.10389815246722
2026-03-30 16:00:00,973.6607,1774886850.856861,173.72686088939565,168.43591542666212
2026-03-30 16:15:00,973.5884666666666,1774887750.9055896,171.5813762827822,166.33174158548806
2026-03-30 16:30:00,973.6835555555555,1774888650.986849,173.79406727480045,168.5087775526751
2026-03-30 16:45:00,973.6024444444444,1774889550.597647,172.3296095890411,167.06175248562613
2026-03-30 17:00:00,973.5513984461709,1774890450.0776818,172.20013781321182,166.9191964834088
2026-03-30 17:15:00,973.4744333333333,1774891350.6743252,173.03298289623717,167.70068412973842
2026-03-30 17:30:00,973.2935555555555,1774892250.7684746,171.6620273660205,166.3118017693424
2026-03-30 17:45:00,973.3458444444444,1774893150.9322538,172.1457172177879,166.79785879769562
2026-03-30 18:00:00,973.3447830923247,1774894051.0256896,172.1018493150685,166.75499971811513
2026-03-30 18:15:00,973.621888888889,1774894950.682642,171.65109692132268,166.4104523219141
2026-03-30 18:30:00,973.9538888888889,1774895850.8221757,172.41425541619157,167.26133564316646
2026-03-30 18:45:00,973.9136444444445,1774896750.9295413,173.07703306727478,167.89079106791712
2026-03-30 19:00:00,973.9178357380688,1774897650.3973553,172.69888027366022,167.52537388825886
2026-03-30 19:15:00,973.9272222222222,1774898550.5200965,171.85923375142534,166.71401017917935
2026-03-30 19:30:00,973.7126444444444,1774899450.6005926,173.12170353477765,167.8666270379306
2026-03-30 19:45:00,973.648998887653,1774900350.603329,172.23420890410958,166.98481510260535
2026-03-30 20:00:00,973.9942175360711,1774901250.1993876,172.2226070615034,167.0888914493892
2026-03-30 20:15:00,974.2605555555556,1774902150.7916155,171.68206727480046,166.65321293364548
2026-03-30 20:30:00,974.3989877641824,1774903050.4857225,171.63631506849316,166.65493532059912
2026-03-30 20:45:00,974.5121444444444,1774903950.6226895,171.71082668187,166.7650212745893
2026-03-30 21:00:00,974.6822530521644,1774904850.1648679,171.92309578107182,167.02799249714522
2026-03-30 21:15:00,974.7453,1774905750.3062549,172.29994298745723,167.4152185774026
2026-03-30 21:30:00,974.9424333333333,1774906650.3343275,171.48953249714938,166.69349205662758
2026-03-30 21:45:00,975.1593444444444,1774907550.4565797,171.52473660205243,166.80005748767712
2026-03-30 22:00:00,975.2742555555556,1774908451.021558,171.43668072976055,166.75274621315356
2026-03-30 22:15:00,975.4904444444444,1774909350.56078,171.2709464082098,166.66358608251488
2026-03-30 22:30:00,975.4766555555557,1774910250.6282597,171.30262941847204,166.6898197898126
2026-03-30 22:45:00,975.4914015572858,1774911150.6725433,170.85419748858448,166.25836638275783
2026-03-30 23:00:00,975.5708999999999,1774912050.5138597,171.53905701254277,166.9513464079307
2026-03-30 23:15:00,975.7294222222222,1774912950.6085608,170.63636259977196,166.125454827419
2026-03-30 23:30:00,975.9792555555556,1774913850.6602256,171.78379817559863,167.32614344438414
2026-03-30 23:45:00,976.0011888888889,1774914750.707108,170.71041049030788,166.28790366308547
2026-03-31 00:00:00,976.0420555555555,1774915650.7359924,171.67362599771948,167.2398341521383
2026-03-31 00:15:00,976.1574777777778,1774916550.8375275,171.62050513112882,167.2266841267371
2026-03-31 00:30:00,976.2054777777777,1774917450.9035995,171.31064994298745,166.94078738453132
2026-03-31 00:45:00,976.4551333333334,1774918350.7464795,169.9954709236032,165.7418926041161
2026-03-31 01:00:00,976.5529444444444,1774919250.5866506,170.905251995439,166.66150889878475
2026-03-31 01:15:00,976.6400777777777,1774920150.693676,171.1385541619156,166.91810367340898
2026-03-31 01:30:00,976.8068777777778,1774921050.7417448,170.56573432155074,166.4149169090833
2026-03-31 01:45:00,976.8659777777777,1774921950.8969114,170.44395324971495,166.31575681190236
2026-03-31 02:00:00,976.9101333333333,1774922850.93368,170.34813568985177,166.2369398986731
2026-03-31 02:15:00,977.0033777777778,1774923750.931506,170.52739908779932,166.44291379911664
2026-03-31 02:30:00,977.3292777777777,1774924650.9957147,169.99315849486888,166.02965224438256
2026-03-31 02:45:00,977.3959333333333,1774925550.9961667,170.25924629418472,166.3117057459756
2026-03-31 03:00:00,977.4157111111111,1774926451.0911252,169.60948688711517,165.68356489160786
2026-03-31 03:15:00,977.4526666666666,1774927350.631554,169.8167796803653,165.89832078986137
2026-03-31 03:30:00,977.4704555555555,1774928250.1976495,170.56853021664764,166.63865349026085
2026-03-31 03:45:00,977.471088888889,1774929150.2629325,170.44922690992018,166.52230984431142
2026-03-31 04:00:00,977.4953222222222,1774930050.2412994,170.21212770809578,166.29873283375298
2026-03-31 04:15:00,977.5218333333333,1774930950.323896,170.16627822120867,166.2627528722294
2026-03-31 04:30:00,977.7399888888889,1774931850.4991772,169.7291676168757,165.90804108866072
2026-03-31 04:45:00,977.9691777777778,1774932750.2634723,170.373070695553,166.61380248863668
2026-03-31 05:00:00,978.1181888888889,1774933650.3857036,170.4714378563284,166.7596898743815
2026-03-31 05:15:00,978.1870555555556,1774934550.5011413,169.80762827822122,166.13321421353174
2026-03-31 05:30:00,978.1994111111111,1774935450.5876596,169.72540478905358,166.05687333183184
2026-03-31 05:45:00,978.3377111111112,1774936350.6813996,170.97461231470922,167.3253556420791
2026-03-31 06:00:00,978.5568257491676,1774937250.1590555,170.2473762827822,166.68667260430377
2026-03-31 06:15:00,978.7556333333334,1774938150.2467875,168.7155769669327,165.25260457030384
2026-03-31 06:30:00,978.9810222222222,1774939050.3758953,169.58823261117448,166.18224289740013
2026-03-31 06:45:00,979.0882111111111,1774939950.5306733,169.39429418472065,166.0277883604834
2026-03-31 07:00:00,979.1001333333334,1774940850.652168,169.3947046750285,166.0321495899629
2026-03-31 07:15:00,979.3114349276974,1774941750.4168007,168.8795205479452,165.5971591836085
2026-03-31 07:30:00,979.6113777777778,1774942650.4274135,169.30645039908782,166.1154115546854
2026-03-31 07:45:00,979.9185333333334,1774943550.515715,169.1944754846066,166.10755749284104
2026-03-31 08:00:00,980.2428745837958,1774944450.2023022,169.7005210946408,166.71247880592315
2026-03-31 08:15:00,980.2542444444445,1774945350.3526037,168.86724287343213,165.89764515251355
2026-03-31 08:30:00,980.2289321468297,1774946250.5758262,169.21844811858608,166.23425855848336
2026-03-31 08:45:00,980.2863222222222,1774947150.8547196,168.69925997719497,165.7432493115617
2026-03-31 09:00:00,980.3717222222222,1774948050.9402227,169.43646978335235,166.49597653991023
2026-03-31 09:15:00,980.5224111111112,1774948951.0337152,168.8861505131129,166.00523056075735
2026-03-31 09:30:00,980.6775111111111,1774949851.0675573,168.5460307867731,165.72231180624863
2026-03-31 09:45:00,980.8241111111112,1774950751.0181913,169.1473409350057,166.3623182470082
2026-03-31 10:00:00,980.9355604883463,1774951650.3842564,168.74992702394525,166.00844673587406
2026-03-31 10:15:00,981.1097997775306,1774952550.0947645,169.87452625570776,167.1730220029925
2026-03-31 10:30:00,981.3247888888889,1774953450.2208471,168.60188483466362,165.9919769140298
2026-03-31 10:45:00,981.4813555555555,1774954350.2959201,168.86268529076398,166.30080642886233
2026-03-31 11:00:00,981.6208444444444,1774955250.3992798,169.09410832383125,166.57518274943027
2026-03-31 11:15:00,981.7957555555555,1774956150.487251,169.27993044469784,166.81658269609468
2026-03-31 11:30:00,981.9995555555556,1774957050.5945494,169.79511402508552,167.39248464053927
2026-03-31 11:45:00,982.1891444444444,1774957950.5953658,169.79555758266818,167.45640563290323
2026-03-31 12:00:00,982.4207666666666,1774958850.4223843,168.51802166476625,166.27347683997505
2026-03-31 12:15:00,982.5536222222222,1774959750.5822067,168.4052189281642,166.20633356149733
2026-03-31 12:30:00,982.7366111111111,1774960650.7006042,169.11331927023946,166.96628292878594
2026-03-31 12:45:00,982.8315555555555,1774961550.7419548,168.91535917901936,166.8025070436794
2026-03-31 13:00:00,982.9197333333333,1774962450.850799,168.80632725199544,166.7242390792588
2026-03-31 13:15:00,982.9194,1774963350.953088,170.30506955530217,168.20438348407097
2026-03-31 13:30:00,983.0013555555555,1774964251.0355976,169.04876738882555,166.9909470344631
2026-03-31 13:45:00,983.021111111111,1774965150.6302462,168.38220547945207,166.3390712543245
2026-03-31 14:00:00,983.1813777777778,1774966050.2722468,168.99270581527935,166.99568294023427
2026-03-31 14:15:00,983.3554555555555,1774966950.3373704,168.89985290763968,166.96204594133263
2026-03-31 14:30:00,983.4244555555556,1774967850.3678088,169.54698289623718,167.62488197261172
2026-03-31 14:45:00,983.6263444444444,1774968750.3917954,168.94732725199546,167.09948187380965
2026-03-31 15:00:00,983.6355826859045,1774969650.4194803,169.20490660592256,167.35733612436417
2026-03-31 15:15:00,983.7727474972191,1774970550.0797253,169.26446689497718,167.46217960262337
2026-03-31 15:30:00,983.7877444444443,1774971450.1970048,169.13134093500568,167.3354901035814
2026-03-31 15:45:00,983.8897000000001,1774972350.2983897,169.81150057012542,168.0426900246644
2026-03-31 16:00:00,983.9858333333333,1774973250.3364341,168.86961687571267,167.14275018037847
2026-03-31 16:15:00,984.0232333333333,1774974150.4236436,169.58284720638542,167.86124254373613
2026-03-31 16:30:00,984.0333888888889,1774975050.5771496,169.72888141391104,168.00920663134173
2026-03-31 16:45:00,984.1856666666666,1774975950.6527383,169.1006009122007,167.43827829350465
2026-03-31 17:00:00,984.3770366259711,1774976850.4808109,168.93438268792713,167.33772863056225
2026-03-31 17:15:00,984.5142,1774977751.0440645,169.9743534777651,168.4140644628069
2026-03-31 17:30:00,984.6663333333333,1774978650.6949081,169.63910388127854,168.1330418068536
2026-03-31 17:45:00,984.7075973303671,1774979550.7203376,168.39002736602052,166.90882872033302
2026-03-31 18:00:00,984.8485777777778,1774980450.929825,169.20505701254274,167.7639853879326
2026-03-31 18:15:00,985.0551222222223,1774981350.9937038,169.43409236031926,168.06047968608578
2026-03-31 18:30:00,985.1389666666666,1774982251.0223558,168.87939338654505,167.53836965885927
2026-03-31 18:45:00,985.3223222222223,1774983150.8551753,169.30921322690992,168.0263822657274
2026-03-31 19:00:00,985.5077777777778,1774984050.9366817,168.75568301026226,167.5391766849676
2026-03-31 19:15:00,985.5063,1774984951.0232854,169.08361687571266,167.86425044608757
2026-03-31 19:30:00,985.3890777777777,1774985850.618593,169.3408082191781,168.08017694060754
2026-03-31 19:45:00,985.3170333333334,1774986750.224746,168.94403306727477,167.6621955195273
2026-03-31 20:00:00,985.2827413984462,1774987649.8553092,169.0552539863326,167.76106646882187
2026-03-31 20:15:00,985.3238555555555,1774988550.2228935,169.02384834663627,167.74369396630954
2026-03-31 20:30:00,985.1726585094549,1774989450.5317812,168.1477591324201,166.82378592921958
2026-03-31 20:45:00,985.1975222222222,1774990350.190836,169.17081755986317,167.84713532839277
2026-03-31 21:00:00,985.1397780244173,1774991250.136593,168.5727881548975,167.23447046680215
2026-03-31 21:15:00,985.1262847608455,1774992150.3009114,168.11272374429225,166.77355785768435
2026-03-31 21:30:00,985.1892444444445,1774993050.3827748,168.44140935005703,167.12066759701355
2026-03-31 21:45:00,985.3035333333333,1774993950.41253,168.36407639680732,167.0821279050801
2026-03-31 22:00:00,985.0770444444445,1774994850.530536,169.2886339794755,167.92356289926306
2026-03-31 22:15:00,985.128288888889,1774995750.5848744,168.693748004561,167.35062453087858
2026-03-31 22:30:00,985.2477888888889,1774996650.6527617,169.06277194982897,167.75679942704514
2026-03-31 22:45:00,985.1472555555556,1774997550.7201836,168.5266716077537,167.19122038035525
2026-03-31 23:00:00,985.1308111111111,1774998450.747887,168.26741049030787,166.92852353464275
2026-03-31 23:15:00,984.9999444444444,1774999350.788252,168.33955074116304,166.95638600219016
2026-03-31 23:30:00,984.8469777777777,1775000250.6882708,168.18812086659065,166.75517658215855
2026-03-31 23:45:00,984.8701333333333,1775001150.6796181,167.5035062713797,166.0840861884424
2026-04-01 00:00:00,984.6321555555555,1775002050.7962599,168.1591482326112,166.65483308468484
2026-04-01 00:15:00,984.7047,1775002950.9048786,167.370677309008,165.89748378592972
2026-04-01 00:30:00,984.9159444444444,1775003851.0274756,168.01780273660208,166.60928893363635
2026-04-01 00:45:00,984.9082888888889,1775004750.6394806,168.17073401826482,166.75838489794208
2026-04-01 01:00:00,984.6897333333333,1775005650.2043552,168.35613568985178,166.86927315248556
2026-04-01 01:15:00,984.4785777777778,1775006550.3353302,168.62348232611174,167.06369092404705
2026-04-01 01:30:00,984.4083555555557,1775007450.4074733,169.0408198403649,167.45364842024108
2026-04-01 01:45:00,984.4054111111112,1775008350.4722762,168.0066921322691,166.42825034535971
2026-04-01 02:00:00,984.3294339622641,1775009250.4377766,169.10386560364464,167.48966304055747
2026-04-01 02:15:00,984.187811111111,1775010151.061349,167.85960889395668,166.21019854991138
2026-04-01 02:30:00,984.114171301446,1775011050.7095332,168.35876826484017,166.6799027554428
2026-04-01 02:45:00,983.9352777777779,1775011950.6629944,168.9077582668187,167.16359858455152
2026-04-01 03:00:00,983.8273222222223,1775012850.711081,168.57366476624856,166.79693776912808
2026-04-01 03:15:00,983.5206555555555,1775013750.7930772,168.97204903078676,167.0886107081954
2026-04-01 03:30:00,983.3105666666667,1775014650.9371164,168.34718015963514,166.40077430742963
2026-04-01 03:45:00,983.1851111111112,1775015550.9860442,167.82196009122006,165.84001043573954
2026-04-01 04:00:00,983.541165371809,1775016450.4512467,167.54044013683009,165.67975515301117
2026-04-01 04:15:00,983.6187444444445,1775017350.536832,168.90373660205245,167.05382875497347
2026-04-01 04:30:00,983.2725666666666,1775018250.596743,170.17336259977193,168.19305953091606
2026-04-01 04:45:00,983.0828364849833,1775019150.6973667,168.56963812785386,166.5447884218127
2026-04-01 05:00:00,983.1227,1775020050.3594244,168.31570467502848,166.3071638520896
2026-04-01 05:15:00,982.6977,1775020950.486643,168.21190307867732,166.06338705199866
2026-04-01 05:30:00,982.4405666666667,1775021850.548152,168.7817787913341,166.5403157678855
2026-04-01 05:45:00,982.4768333333334,1775022750.648331,168.36244925883693,166.13860518325026
2026-04-01 06:00:00,982.0541888888889,1775023650.7244515,169.27831927023948,166.901238363963
2026-04-01 06:15:00,982.3074555555555,1775024550.8077338,167.4387149372862,165.17111005440532
2026-04-01 06:30:00,982.3924333333333,1775025450.9290247,168.50196351197263,166.24821157188205
2026-04-01 06:45:00,982.2049222222222,1775026351.0262249,168.57034891676167,166.2533219236143
2026-04-01 07:00:00,982.1584333333334,1775027250.7385516,168.57093835616436,166.23844606120318
2026-04-01 07:15:00,982.0858888888889,1775028150.3562596,168.35965336374002,166.00599721636672
2026-04-01 07:30:00,981.9814444444445,1775029050.3980525,168.31713340935005,165.9294072580601
2026-04-01 07:45:00,982.0275555555556,1775029950.435624,167.96241733181301,165.59499397333556
2026-04-01 08:00:00,982.0936555555556,1775030850.541011,168.32008437856328,165.96955944329508
2026-04-01 08:15:00,981.9293111111111,1775031750.651597,168.36404561003422,165.9583491420225
2026-04-01 08:30:00,982.0019444444443,1775032650.7671607,168.49845724059293,166.11496942586476
2026-04-01 08:45:00,981.8819888888888,1775033550.8788962,168.19176396807296,165.77283895299726
2026-04-01 09:00:00,981.840188888889,1775034451.0072098,169.06901482326114,166.62354292251837
2026-04-01 09:15:00,981.9254555555556,1775035351.0464618,168.2188574686431,165.8139569297271
2026-04-01 09:30:00,981.8821888888889,1775036251.0279016,168.31553591790194,165.89489717916416
2026-04-01 09:45:00,981.9474,1775037150.7947342,169.03260091220068,166.62337963988642
2026-04-01 10:00:00,981.6875555555556,1775038050.8581266,169.30375256556442,166.8039578770061
2026-04-01 10:15:00,981.5508333333332,1775038950.8362226,169.00491676168758,166.46400954492626
2026-04-01 10:30:00,981.8366444444443,1775039850.9266858,168.8695575826682,166.42579092136748
2026-04-01 10:45:00,981.9344666666667,1775040751.0197368,168.29372405929303,165.89074290101746
2026-04-01 11:00:00,982.0210321864595,1775041650.5434783,168.39531927023947,166.01962814800638
2026-04-01 11:15:00,981.5672555555556,1775042550.639154,168.70886202964653,166.17786378263457
2026-04-01 11:30:00,981.4304888888889,1775043450.7730749,168.62147320410492,166.04636055181436
2026-04-01 11:45:00,981.6220888888888,1775044350.8637052,169.0726191562144,166.55442823207912
2026-04-01 12:00:00,981.8953726362624,1775045250.527832,169.16331392694065,166.73487914723466
2026-04-01 12:15:00,981.7393666666666,1775046150.6197755,168.82460775370583,166.34912428129098
2026-04-01 12:30:00,981.6274000000001,1775047050.770867,168.4120057012543,165.90541631993165
2026-04-01 12:45:00,981.5174333333333,1775047950.8869963,168.57167730900798,166.02619271785855
2026-04-01 13:00:00,981.3019,1775048850.615238,168.88803082191782,166.26608197902868
2026-04-01 13:15:00,981.4713111111112,1775049750.3135188,169.56084492588369,166.9850194462269
2026-04-01 13:30:00,981.3260111111111,1775050650.4479563,169.1203181299886,166.5027920197296
2026-04-01 13:45:00,981.2680888888889,1775051550.4228618,169.56394298745724,166.9202128622416
2026-04-01 14:00:00,981.1201777777777,1775052450.4504905,169.42415963511974,166.73327821545297
2026-04-01 14:15:00,981.0737444444444,1775053350.257645,169.6349236031927,166.92519221605522
2026-04-01 14:30:00,981.0056111111111,1775054250.2877185,169.41729418472065,166.68832357837348
2026-04-01 14:45:00,980.8079333333334,1775055150.3742256,168.77801938426455,165.99370669570104
2026-04-01 15:00:00,980.5010210876804,1775056050.4393208,168.86084624145786,165.97325744274772
2026-04-01 15:15:00,980.7481535038933,1775056950.5461984,169.79030479452055,166.96932855390037
2026-04-01 15:30:00,980.7673333333333,1775057850.6208146,169.33957126567844,166.5324717308747
2026-04-01 15:45:00,980.9937777777777,1775058750.7146325,169.66042303306727,166.9235855401718
2026-04-01 16:00:00,980.9086888888888,1775059650.796462,169.6650513112885,166.89973411565526
2026-04-01 16:15:00,980.799,1775060550.894904,168.89759749144812,166.10834430688303
2026-04-01 16:30:00,980.6015333333334,1775061450.909047,169.13711174458382,166.2782213293432
2026-04-01 16:45:00,980.5395666666667,1775062350.7406416,170.56195096921323,167.65819705768948
2026-04-01 17:00:00,980.5938555555555,1775063250.888263,170.31891448118586,167.43747717792124
2026-04-01 17:15:00,980.4833555555556,1775064151.0200698,169.59469897377423,166.68867160418995
2026-04-01 17:30:00,980.8851,1775065050.6349103,169.39910502283107,166.63026097106734
2026-04-01 17:45:00,980.6928777777778,1775065950.2354538,170.15892588369442,167.3133274445777
2026-04-01 18:00:00,980.6495111111111,1775066850.2675927,169.23987457240594,166.39521295694243
2026-04-01 18:15:00,980.8443222222222,1775067750.378468,169.2870661345496,166.506473287095
2026-04-01 18:30:00,980.7658888888889,1775068650.4920917,169.71021664766246,166.8964908713531
2026-04-01 18:45:00,980.7579444444444,1775069550.60904,169.0809851767389,166.27504985332368
2026-04-01 19:00:00,980.8053940066593,1775070450.566517,169.54344191343964,166.7456552868608
2026-04-01 19:15:00,980.7810555555556,1775071350.7272847,169.59913812785388,166.7923132779413
2026-04-01 19:30:00,980.7643222222223,1775072250.3330724,170.37410262257694,167.54884490192865
2026-04-01 19:45:00,980.8586540600668,1775073150.0677586,169.32241780821917,166.5460180511331
2026-04-01 20:00:00,980.9239178690343,1775074050.0623958,169.1682665148064,166.41611487622086
2026-04-01 20:15:00,980.8964888888888,1775074950.7065678,169.48266248574689,166.71625006196513
2026-04-01 20:30:00,980.7722222222222,1775075850.81492,169.14358380843788,166.3413595493782
2026-04-01 20:45:00,980.756106785317,1775076750.5883427,169.7560114155251,166.93826033409567
2026-04-01 21:00:00,980.8570222222223,1775077650.5863576,169.11035803876854,166.3368925803024
2026-04-01 21:15:00,980.7240222222223,1775078550.7795937,169.53513911060435,166.71035624977
2026-04-01 21:30:00,980.6954111111112,1775079450.8507237,169.25258266818702,166.42298437795156
2026-04-01 21:45:00,980.7961,1775080350.9712298,169.0024435575827,166.21049487283454
2026-04-01 22:00:00,980.7671111111111,1775081251.0703158,169.28233409350057,166.4761093755237
2026-04-01 22:15:00,980.9054777777777,1775082151.0811522,168.92905017103763,166.17466161198215
2026-04-01 22:30:00,980.7191222222223,1775083050.6353536,168.58640753424658,165.7758077629951
2026-04-01 22:45:00,980.7578777777777,1775083950.20137,168.56222690992018,165.76487838955808
2026-04-01 23:00:00,981.0305555555556,1775084850.292359,170.30080501710378,167.56596230594263
2026-04-01 23:15:00,980.9001555555556,1775085750.4332821,168.0293945267959,165.28791544773156
2026-04-01 23:30:00,980.8359888888888,1775086650.554353,168.9919942987457,166.2134778504857
2026-04-01 23:45:00,980.6723111111111,1775087550.6351674,168.19599087799315,165.37641633221264
2026-04-02 00:00:00,980.91,1775088450.6887145,169.19600912200684,166.43877313605952
