data,timeEpochUTC_sec,rate_Hz,pressao_mbar,rate_corrigido_Hz
2026-01-03 14:45:00,1767451500.0,1911.0825,941.1808,1896.5379
2026-01-03 15:15:00,1767453300.0,1892.6800,940.9657,1877.5533
2026-01-03 15:45:00,1767455100.0,1893.8125,940.6763,1877.7047
2026-01-03 16:15:00,1767456900.0,1920.0433,940.4479,1902.9352
2026-01-03 16:45:00,1767458700.0,1924.3517,940.1514,1906.1944
2026-01-03 17:15:00,1767460500.0,1906.7675,939.7643,1887.4693
2026-01-03 17:45:00,1767462300.0,1879.9100,939.4966,1859.9933
2026-01-03 18:15:00,1767464100.0,1890.0740,939.1563,1868.9121
2026-01-03 18:45:00,1767465900.0,1920.5400,938.8150,1897.8783
2026-01-03 19:15:00,1767467700.0,1921.0483,938.4606,1897.1780
2026-01-03 19:45:00,1767469500.0,1919.9833,938.1810,1895.1788
2026-01-03 20:15:00,1767471300.0,1922.5675,938.1067,1897.4773
2026-01-03 20:45:00,1767473100.0,1888.4275,938.3270,1864.5171
2026-01-03 21:15:00,1767474900.0,1897.7375,938.6544,1874.8064
2026-01-03 21:45:00,1767476700.0,1906.9933,939.0094,1885.1468
2026-01-03 22:15:00,1767478500.0,1909.0617,939.3519,1888.3473
2026-01-03 22:45:00,1767480300.0,1906.4833,939.7456,1887.1250
2026-01-03 23:15:00,1767482100.0,1909.0750,939.9753,1890.4665
2026-01-03 23:45:00,1767483900.0,1911.2633,940.1523,1893.2327
2026-01-04 00:15:00,1767485700.0,1908.3867,940.3928,1891.1961
2026-01-04 00:45:00,1767487500.0,1907.3217,940.7283,1891.2750
2026-01-04 01:15:00,1767489300.0,1908.8267,940.9575,1893.5429
2026-01-04 01:45:00,1767491100.0,1905.8150,941.0822,1890.9770
2026-01-04 02:15:00,1767492900.0,1903.1517,941.3941,1889.3880
2026-01-04 02:45:00,1767494700.0,1908.5817,941.4253,1894.8842
2026-01-04 03:15:00,1767496500.0,1906.5833,941.4563,1893.0050
2026-01-04 03:45:00,1767498300.0,1905.0617,941.4672,1891.5313
2026-01-04 04:15:00,1767500100.0,1899.6750,941.4384,1886.0856
2026-01-04 04:45:00,1767501900.0,1906.6300,941.2396,1892.3182
2026-01-04 05:15:00,1767503700.0,1897.3233,941.1745,1882.8623
2026-01-04 05:45:00,1767505500.0,1898.3683,940.9488,1883.1391
2026-01-04 06:15:00,1767507300.0,1905.1950,940.9289,1889.8438
2026-01-04 06:45:00,1767509100.0,1907.7267,940.8604,1892.1234
2026-01-04 07:15:00,1767510900.0,1908.7483,940.9534,1893.4515
2026-01-04 07:45:00,1767512700.0,1903.4700,941.3266,1889.4760
2026-01-04 08:15:00,1767514500.0,1897.2733,941.6684,1884.4759
2026-01-04 08:45:00,1767516300.0,1891.3267,941.9152,1879.3985
2026-01-04 09:15:00,1767518100.0,1892.2667,942.2016,1881.2958
2026-01-04 09:45:00,1767519900.0,1895.5433,942.5566,1885.7500
2026-01-04 10:15:00,1767521700.0,1890.7917,942.8766,1882.0994
2026-01-04 10:45:00,1767523500.0,1889.5100,942.9700,1881.1377
2026-01-04 11:15:00,1767525300.0,1901.3450,942.9056,1892.7023
2026-01-04 11:45:00,1767527100.0,1900.8933,943.2208,1893.3196
2026-01-04 12:15:00,1767528900.0,1900.7133,943.4670,1893.9737
2026-01-04 12:45:00,1767530700.0,1906.8150,943.5675,1900.3951
2026-01-04 13:15:00,1767532500.0,1903.6417,943.5507,1897.1754
2026-01-04 13:45:00,1767534300.0,1899.8720,943.4475,1893.0692
2026-01-04 14:15:00,1767536100.0,1891.9950,943.1947,1884.3687
2026-01-04 14:45:00,1767537900.0,1891.9767,943.1051,1884.0484
2026-01-04 15:15:00,1767539700.0,1914.6383,942.9134,1905.9617
2026-01-04 15:45:00,1767541500.0,1905.5020,942.7339,1896.2583
2026-01-04 16:15:00,1767543300.0,1899.6283,942.5733,1889.8705
2026-01-04 16:45:00,1767545100.0,1915.3483,942.3665,1904.8051
2026-01-04 17:15:00,1767546900.0,1916.0050,941.9902,1904.1765
2026-01-04 17:45:00,1767548700.0,1917.9000,941.6418,1904.8729
2026-01-04 18:15:00,1767550500.0,1916.5683,941.3685,1902.6203
2026-01-04 18:45:00,1767552300.0,1915.6900,941.0616,1900.7051
2026-01-04 19:15:00,1767554100.0,1910.4180,940.8782,1894.8531
2026-01-04 19:45:00,1767555900.0,1914.7433,940.8734,1899.1268
2026-01-04 20:15:00,1767557700.0,1915.5383,941.2765,1901.2852
2026-01-04 20:45:00,1767559500.0,1912.8217,941.7333,1900.1401
2026-01-04 21:15:00,1767561300.0,1910.2583,942.1474,1898.9992
2026-01-04 21:45:00,1767563100.0,1907.3367,942.6296,1897.7300
2026-01-04 22:15:00,1767564900.0,1904.3550,943.1915,1896.6680
2026-01-04 22:45:00,1767566700.0,1901.4217,943.4522,1894.6295
2026-01-04 23:15:00,1767568500.0,1896.6700,943.6088,1890.4241
2026-01-04 23:45:00,1767570300.0,1901.2483,944.0132,1896.3580
2026-01-05 00:15:00,1767572100.0,1900.2383,944.3935,1896.6397
2026-01-05 00:45:00,1767573900.0,1900.0500,944.7164,1897.5468
2026-01-05 01:15:00,1767575700.0,1898.0317,944.9850,1896.4417
2026-01-05 01:45:00,1767577500.0,1899.5583,945.2886,1898.9977
2026-01-05 02:15:00,1767579300.0,1904.7367,945.3022,1904.2209
2026-01-05 02:45:00,1767581100.0,1897.5983,945.1660,1896.6224
2026-01-05 03:15:00,1767582900.0,1896.5883,944.9969,1895.0402
2026-01-05 03:45:00,1767584700.0,1895.2183,944.8693,1893.2391
2026-01-05 04:15:00,1767586500.0,1871.6640,944.7300,1869.2437
2026-01-05 04:45:00,1767588300.0,1878.0467,944.6391,1875.3134
2026-01-05 05:15:00,1767590100.0,1904.0700,944.5616,1901.0353
2026-01-05 05:45:00,1767591900.0,1907.3875,944.5021,1904.1450
2026-01-05 06:15:00,1767593700.0,1904.8983,944.6956,1902.3182
2026-01-05 06:45:00,1767595500.0,1907.7883,944.6780,1905.1442
2026-01-05 07:15:00,1767597300.0,1908.7200,944.8687,1906.7246
2026-01-05 07:45:00,1767599100.0,1909.9233,944.9353,1908.1540
2026-01-05 08:15:00,1767600900.0,1904.2150,945.2232,1903.4304
2026-01-05 08:45:00,1767602700.0,1899.9567,945.4556,1899.9633
2026-01-05 09:15:00,1767604500.0,1903.0683,945.6143,1903.6150
2026-01-05 09:45:00,1767606300.0,1902.1033,945.9676,1903.8520
2026-01-05 10:15:00,1767608100.0,1914.0467,946.3901,1917.2540
2026-01-05 10:45:00,1767609900.0,1916.1267,946.6170,1920.1162
2026-01-05 11:15:00,1767611700.0,1926.9067,946.7197,1931.2733
2026-01-05 11:45:00,1767613500.0,1929.5333,946.8771,1934.4504
2026-01-05 12:15:00,1767615300.0,1931.7233,946.8758,1936.6415
2026-01-05 12:45:00,1767617100.0,1936.9733,946.8630,1941.8605
2026-01-05 13:15:00,1767618900.0,1937.5950,946.7560,1942.1118
2026-01-05 13:45:00,1767620700.0,1935.6033,946.5127,1939.2720
2026-01-05 14:15:00,1767622500.0,1933.2867,946.3744,1936.4720
2026-01-05 14:45:00,1767624300.0,1936.5417,946.1629,1938.9988
2026-01-05 15:15:00,1767626100.0,1940.3433,945.9920,1942.2117
2026-01-05 15:45:00,1767627900.0,1945.3883,945.7184,1946.3092
2026-01-05 16:15:00,1767629700.0,1946.4250,945.4888,1946.5471
2026-01-05 16:45:00,1767631500.0,1946.6167,945.0635,1945.2590
2026-01-05 17:15:00,1767633300.0,1947.9717,944.7877,1945.6534
2026-01-05 17:45:00,1767635100.0,1947.3883,944.5075,1944.0966
2026-01-05 18:15:00,1767636900.0,1949.4417,944.5529,1946.3046
2026-01-05 18:45:00,1767638700.0,1946.0167,944.8662,1943.9737
2026-01-05 19:15:00,1767640500.0,1930.3000,944.9746,1928.6471
2026-01-05 19:45:00,1767642300.0,1923.8567,944.9075,1921.9790
2026-01-05 20:15:00,1767644100.0,1912.8200,944.9021,1910.9346
2026-01-05 20:45:00,1767645900.0,1905.2000,945.0677,1903.8857
2026-01-05 21:15:00,1767647700.0,1895.6667,945.4737,1895.7347
2026-01-05 21:45:00,1767649500.0,1893.0217,945.9213,1894.6050
2026-01-05 22:15:00,1767651300.0,1911.8600,945.9526,1913.5662
2026-01-05 22:45:00,1767653100.0,1909.8167,946.3133,1912.7544
2026-01-05 23:15:00,1767654900.0,1911.5583,946.4686,1915.0303
2026-01-05 23:45:00,1767656700.0,1908.2467,946.6443,1912.3133
2026-01-06 00:15:00,1767658500.0,1904.5083,947.1544,1910.3084
2026-01-06 00:45:00,1767660300.0,1906.1583,947.5598,1913.3500
2026-01-06 01:15:00,1767662100.0,1904.7867,947.8071,1912.8185
2026-01-06 01:45:00,1767663900.0,1908.4500,947.7471,1916.2916
2026-01-06 02:15:00,1767665700.0,1910.0233,947.7888,1918.0147
2026-01-06 02:45:00,1767667500.0,1908.8267,947.5883,1916.1260
2026-01-06 03:15:00,1767669300.0,1913.5500,947.3387,1920.0101
2026-01-06 03:45:00,1767671100.0,1914.9967,947.3668,1921.5583
2026-01-06 04:15:00,1767672900.0,1916.3900,947.2656,1922.6085
2026-01-06 04:45:00,1767674700.0,1912.4867,946.9791,1917.7101
2026-01-06 05:15:00,1767676500.0,1913.6250,946.8611,1918.4465
2026-01-06 05:45:00,1767678300.0,1915.4633,946.6444,1919.5456
2026-01-06 06:15:00,1767680100.0,1921.3433,946.4994,1924.9392
2026-01-06 06:45:00,1767681900.0,1922.6833,946.5495,1926.4542
2026-01-06 07:15:00,1767683700.0,1922.7767,946.6393,1926.8569
2026-01-06 07:45:00,1767685500.0,1925.0733,946.6532,1929.2065
2026-01-06 08:15:00,1767687300.0,1927.9700,946.8416,1932.7603
2026-01-06 08:45:00,1767689100.0,1927.1600,947.0987,1932.8365
2026-01-06 09:15:00,1767690900.0,1923.0017,947.3554,1929.5515
2026-01-06 09:45:00,1767692700.0,1924.4000,947.5785,1931.7250
2026-01-06 10:15:00,1767694500.0,1929.1383,947.9285,1937.6936
2026-01-06 10:45:00,1767696300.0,1922.3467,948.1510,1931.6401
2026-01-06 11:15:00,1767698100.0,1916.3533,948.3727,1926.3812
2026-01-06 11:45:00,1767699900.0,1908.7300,948.4821,1919.0932
2026-01-06 12:15:00,1767701700.0,1912.7883,948.3504,1922.7207
2026-01-06 12:45:00,1767703500.0,1913.8133,948.2187,1923.2982
2026-01-06 13:15:00,1767705300.0,1914.4367,948.0806,1923.4495
2026-01-06 13:45:00,1767707100.0,1912.7950,947.8353,1920.9575
2026-01-06 14:15:00,1767708900.0,1926.9400,947.5715,1934.2502
2026-01-06 14:45:00,1767710700.0,1940.6167,947.4263,1947.4731
2026-01-06 15:15:00,1767712500.0,1938.8650,947.3656,1945.5043
2026-01-06 17:15:00,1767719700.0,1942.8480,946.4044,1946.1534
2026-01-06 17:45:00,1767721500.0,1951.8400,946.0181,1953.8108
2026-01-06 18:15:00,1767723300.0,1951.2600,945.5821,1951.7082
2026-01-06 18:45:00,1767725100.0,1947.1183,945.1706,1946.1332
2026-01-06 19:15:00,1767726900.0,1929.1150,944.8608,1927.0713
2026-01-06 19:45:00,1767728700.0,1943.5000,944.6941,1940.8624
2026-01-06 20:15:00,1767730500.0,1943.9450,944.6753,1941.2415
2026-01-06 20:45:00,1767732300.0,1942.6467,944.8916,1940.6953
2026-01-06 21:15:00,1767734100.0,1932.8633,944.9033,1930.9621
2026-01-06 21:45:00,1767735900.0,1924.2933,945.1749,1923.3345
2026-01-06 22:15:00,1767737700.0,1911.2320,945.3987,1911.0442
2026-01-06 22:45:00,1767739500.0,1901.2533,945.8809,1902.7062
2026-01-06 23:15:00,1767741300.0,1899.0433,946.3902,1902.2259
2026-01-06 23:45:00,1767743100.0,1897.0683,946.6477,1901.1227
2026-01-07 00:15:00,1767744900.0,1900.8900,947.0100,1906.1869
2026-01-07 00:45:00,1767746700.0,1897.6417,947.5658,1904.8214
2026-01-07 01:15:00,1767748500.0,1898.0417,947.7961,1906.0075
2026-01-07 01:45:00,1767750300.0,1896.5150,947.7891,1904.4507
2026-01-07 02:15:00,1767752100.0,1898.8000,947.7563,1906.6336
2026-01-07 02:45:00,1767753900.0,1896.5150,947.6857,1904.0988
2026-01-07 03:15:00,1767755700.0,1898.6417,947.4900,1905.5671
2026-01-07 03:45:00,1767757500.0,1899.2383,947.2628,1905.3916
2026-01-07 04:15:00,1767759300.0,1897.2150,947.1352,1902.9276
2026-01-07 04:45:00,1767761100.0,1897.3117,946.9773,1902.4872
2026-01-07 05:15:00,1767762900.0,1897.1483,946.8347,1901.8386
2026-01-07 05:45:00,1767764700.0,1889.4650,946.7643,1893.8980
2026-01-07 06:15:00,1767766500.0,1877.5900,946.7457,1881.9324
2026-01-07 06:45:00,1767768300.0,1865.4717,946.9519,1870.4754
2026-01-07 07:15:00,1767770100.0,1842.0650,947.0236,1847.2427
2026-01-07 07:45:00,1767771900.0,1821.1867,947.1222,1826.6279
2026-01-07 08:15:00,1767773700.0,1834.3725,947.4864,1841.0516
2026-01-07 08:45:00,1767775500.0,1805.3460,947.6634,1812.4930
2026-01-07 09:15:00,1767777300.0,1849.8500,947.9088,1857.9881
2026-01-07 09:45:00,1767779100.0,1853.4667,948.2609,1862.7930
2026-01-07 10:15:00,1767780900.0,1854.7083,948.4780,1864.7645
2026-01-07 10:45:00,1767782700.0,1868.1980,948.6629,1878.9485
2026-01-07 11:15:00,1767784500.0,1812.6333,948.9420,1823.9740
2026-01-07 11:45:00,1767786300.0,1804.6117,949.0381,1816.2141
2026-01-07 12:15:00,1767788100.0,1826.6867,949.1099,1838.6673
2026-01-07 12:45:00,1767789900.0,1825.7650,949.0458,1837.5290
2026-01-07 13:15:00,1767791700.0,1804.1850,949.0379,1815.7842
2026-01-07 13:45:00,1767793500.0,1841.9000,948.9259,1853.3706
2026-01-07 14:15:00,1767795300.0,1858.3950,948.7693,1869.4446
2026-01-07 15:15:00,1767798900.0,1880.0040,948.3295,1889.6958
2026-01-07 15:45:00,1767800700.0,1887.8283,948.1216,1896.8552
2026-01-07 16:15:00,1767802500.0,1889.7717,947.7863,1897.6696
2026-01-07 16:45:00,1767804300.0,1877.3867,947.3960,1883.9176
2026-01-07 17:15:00,1767806100.0,1885.1783,947.0577,1890.5928
2026-01-07 17:45:00,1767807900.0,1890.8883,946.7590,1895.3064
2026-01-07 18:15:00,1767809700.0,1895.6350,946.2930,1898.4818
2026-01-07 18:45:00,1767811500.0,1896.9567,945.7100,1897.8263
2026-01-07 19:15:00,1767813300.0,1881.3450,945.2798,1880.7603
2026-01-07 19:45:00,1767815100.0,1872.8533,945.1147,1871.7186
2026-01-07 20:15:00,1767816900.0,1867.6900,945.1454,1866.6608
2026-01-07 20:45:00,1767818700.0,1872.2400,945.1013,1871.0607
2026-01-07 21:15:00,1767820500.0,1873.1000,945.3358,1872.7052
2026-01-07 21:45:00,1767822300.0,1869.3100,945.6191,1869.8630
2026-01-07 22:15:00,1767824100.0,1868.9683,946.2213,1871.5353
2026-01-07 22:45:00,1767825900.0,1836.5720,946.7239,1840.7477
2026-01-07 23:15:00,1767827700.0,1829.9367,946.8703,1834.5774
2026-01-07 23:45:00,1767829500.0,1819.3817,947.2227,1825.1453
2026-01-08 00:15:00,1767831300.0,1815.7000,947.5232,1822.4309
2026-01-08 00:45:00,1767833100.0,1817.1883,947.7404,1824.6332
2026-01-08 01:15:00,1767834900.0,1818.8567,948.2017,1827.8154
2026-01-08 01:45:00,1767836700.0,1814.8817,948.4899,1824.7610
2026-01-08 02:15:00,1767838500.0,1814.8933,948.8806,1826.0478
2026-01-08 02:45:00,1767840300.0,1815.4333,948.9462,1826.8053
2026-01-08 03:15:00,1767842100.0,1816.1517,948.8642,1827.2604
2026-01-08 03:45:00,1767843900.0,1818.7150,948.5167,1828.7028
2026-01-08 04:15:00,1767845700.0,1823.4450,948.2525,1832.5927
2026-01-08 04:45:00,1767847500.0,1827.2250,947.9578,1835.4243
2026-01-08 05:15:00,1767849300.0,1828.3633,947.8672,1836.2702
2026-01-08 05:45:00,1767851100.0,1835.2100,947.5802,1842.2012
2026-01-08 06:15:00,1767852900.0,1832.2567,947.6178,1839.3602
2026-01-08 06:45:00,1767854700.0,1840.4500,947.6462,1847.6789
2026-01-08 07:15:00,1767856500.0,1850.4733,947.6560,1857.7743
2026-01-08 07:45:00,1767858300.0,1857.8200,947.7187,1865.3590
2026-01-08 08:15:00,1767860100.0,1865.5533,947.8305,1873.4982
2026-01-08 08:45:00,1767861900.0,1856.8780,948.1374,1865.8096
2026-01-08 09:15:00,1767863700.0,1801.4867,948.2566,1810.5376
2026-01-08 09:45:00,1767865500.0,1839.8250,948.5073,1849.8974
2026-01-08 10:15:00,1767867300.0,1854.8133,948.8074,1865.9689
2026-01-08 10:45:00,1767869100.0,1858.1083,948.7777,1869.1844
2026-01-08 11:15:00,1767870900.0,1862.9950,948.6997,1873.8389
2026-01-08 11:45:00,1767872700.0,1877.1417,948.7650,1888.2883
2026-01-08 12:15:00,1767874500.0,1883.3050,948.8721,1894.8510
2026-01-08 12:45:00,1767876300.0,1887.5633,948.8366,1899.0150
2026-01-08 13:15:00,1767878100.0,1890.4433,948.8429,1901.9337
2026-01-08 13:45:00,1767879900.0,1889.3233,948.6512,1900.1556
2026-01-08 14:15:00,1767881700.0,1892.1183,948.2767,1901.6930
2026-01-08 14:45:00,1767883500.0,1896.8167,948.0477,1905.6347
2026-01-08 15:15:00,1767885300.0,1896.8400,947.6991,1904.4707
2026-01-08 15:45:00,1767887100.0,1897.5383,947.4713,1904.3961
2026-01-08 16:15:00,1767888900.0,1894.2983,947.2004,1900.2236
2026-01-08 16:45:00,1767890700.0,1902.6200,946.7782,1907.1312
2026-01-08 17:15:00,1767892500.0,1902.7033,946.3426,1905.7299
2026-01-08 17:45:00,1767894300.0,1901.5483,945.9260,1903.1550
2026-01-08 18:15:00,1767896100.0,1904.0567,945.3898,1903.8392
2026-01-08 18:45:00,1767897900.0,1904.4867,945.1919,1903.5956
2026-01-08 19:15:00,1767899700.0,1896.0683,944.7976,1893.8456
2026-01-08 19:45:00,1767901500.0,1885.6650,944.5993,1882.7866
2026-01-08 20:15:00,1767903300.0,1883.2617,944.6462,1880.5447
2026-01-08 20:45:00,1767905100.0,1875.3433,944.7794,1873.0839
2026-01-08 21:15:00,1767906900.0,1857.0420,945.1989,1856.1963
2026-01-08 21:45:00,1767908700.0,1797.6425,945.5468,1797.9419
2026-01-08 22:15:00,1767910500.0,1813.7950,945.6288,1814.3630
2026-01-08 22:45:00,1767912300.0,1809.2600,946.3164,1812.0530
2026-01-08 23:15:00,1767914100.0,1808.9180,946.7400,1813.0830
2026-01-08 23:45:00,1767915900.0,1838.3317,947.7313,1845.8333
2026-01-09 00:15:00,1767917700.0,1826.0817,948.2679,1835.2932
2026-01-09 00:45:00,1767919500.0,1821.5183,948.2627,1830.6899
2026-01-09 01:15:00,1767921300.0,1838.9660,948.2820,1848.2890
2026-01-09 01:45:00,1767923100.0,1844.8417,948.5107,1854.9530
2026-01-09 02:15:00,1767924900.0,1841.7717,948.6599,1852.3601
2026-01-09 02:45:00,1767926700.0,1836.6800,948.4712,1846.6162
2026-01-09 03:15:00,1767928500.0,1842.0467,948.4916,1852.0793
2026-01-09 03:45:00,1767930300.0,1840.4550,948.0196,1848.9179
2026-01-09 04:15:00,1767932100.0,1837.1983,947.6790,1844.5229
2026-01-09 04:45:00,1767933900.0,1842.0783,947.7010,1849.4950
2026-01-09 05:15:00,1767935700.0,1846.0533,947.8036,1853.8259
2026-01-09 05:45:00,1767937500.0,1840.1717,947.7297,1847.6753
2026-01-09 06:15:00,1767939300.0,1846.2533,947.6466,1853.5063
2026-01-09 06:45:00,1767941100.0,1842.0050,947.6919,1849.3911
2026-01-09 07:15:00,1767942900.0,1838.3150,947.5484,1845.2129
2026-01-09 07:45:00,1767944700.0,1835.9750,947.4472,1842.5307
2026-01-09 08:15:00,1767946500.0,1849.0350,947.5693,1856.0427
2026-01-09 08:45:00,1767948300.0,1857.6050,948.0770,1866.3385
2026-01-09 09:15:00,1767950100.0,1852.2733,948.1908,1861.3602
2026-01-09 09:45:00,1767951900.0,1842.9400,948.2932,1852.3203
2026-01-09 10:15:00,1767953700.0,1871.3533,948.4390,1881.3688
2026-01-09 10:45:00,1767955500.0,1881.7933,948.4233,1891.8113
2026-01-09 11:15:00,1767957300.0,1879.0383,948.5645,1889.5188
2026-01-09 11:45:00,1767959100.0,1840.0180,948.4926,1850.0430
2026-01-09 12:15:00,1767960900.0,1825.7000,948.5085,1835.6990
2026-01-09 12:45:00,1767962700.0,1863.7525,948.5296,1874.0306
2026-01-09 13:15:00,1767964500.0,1872.1767,948.5124,1882.4433
2026-01-09 13:45:00,1767966300.0,1879.2100,948.3481,1888.9604
2026-01-09 14:15:00,1767968100.0,1888.1900,948.2001,1897.4847
2026-01-09 14:45:00,1767969900.0,1890.7750,948.0070,1899.4266
2026-01-09 15:15:00,1767971700.0,1885.6217,947.8096,1893.5812
2026-01-09 15:45:00,1767973500.0,1878.8917,947.5729,1886.0246
2026-01-09 16:15:00,1767975300.0,1885.5067,947.3350,1891.8596
2026-01-09 16:45:00,1767977100.0,1884.2600,946.9658,1889.3611
2026-01-12 13:45:00,1768225500.0,1925.2350,946.4461,1928.6542
2026-01-12 14:15:00,1768227300.0,1926.1783,946.2180,1928.8125
2026-01-12 14:45:00,1768229100.0,1930.1217,945.9720,1931.9113
2026-01-12 15:15:00,1768230900.0,1926.1400,945.7049,1927.0054
2026-01-12 15:45:00,1768232700.0,1908.7300,945.3344,1908.3229
2026-01-12 16:15:00,1768234500.0,1878.6575,944.8942,1876.7791
2026-01-12 17:45:00,1768239900.0,1881.0800,943.7578,1875.3849
2026-01-12 18:15:00,1768241700.0,1937.8983,943.4842,1931.0863
2026-01-12 18:45:00,1768243500.0,1932.3300,943.5329,1925.7052
2026-01-12 19:15:00,1768245300.0,1916.0533,943.7634,1910.2715
2026-01-12 19:45:00,1768247100.0,1920.2133,943.4279,1913.2709
2026-01-12 20:15:00,1768248900.0,1917.7917,943.5302,1911.2076
2026-01-12 20:45:00,1768250700.0,1901.3833,943.5272,1894.8453
2026-01-12 21:15:00,1768252500.0,1902.5500,943.5717,1896.1588
2026-01-12 21:45:00,1768254300.0,1899.7983,943.8002,1894.1900
2026-01-12 22:15:00,1768256100.0,1894.2117,944.2708,1890.2098
2026-01-12 22:45:00,1768257900.0,1873.5217,944.9338,1871.7810
2026-01-12 23:15:00,1768259700.0,1871.5717,945.2937,1871.0362
2026-01-12 23:45:00,1768261500.0,1858.5117,945.4973,1858.6567
2026-01-13 00:15:00,1768263300.0,1872.7000,945.3956,1872.5056
2026-01-13 00:45:00,1768265100.0,1883.1517,945.7722,1884.2246
2026-01-13 01:15:00,1768266900.0,1891.3533,946.2306,1893.9825
2026-01-13 01:45:00,1768268700.0,1890.6750,946.4938,1894.1944
2026-01-13 02:15:00,1768270500.0,1890.5000,946.2346,1893.1415
2026-01-13 02:45:00,1768272300.0,1891.0117,946.3651,1894.0958
2026-01-13 03:15:00,1768274100.0,1899.3683,945.7456,1900.3599
2026-01-13 03:45:00,1768275900.0,1902.0267,945.2446,1901.3158
2026-01-13 04:15:00,1768277700.0,1897.5183,945.3972,1897.3267
2026-01-13 04:45:00,1768279500.0,1896.1950,945.7582,1897.2277
2026-01-13 05:15:00,1768281300.0,1894.9067,946.1708,1897.3378
2026-01-13 05:45:00,1768283100.0,1891.0217,946.2807,1893.8200
2026-01-13 06:15:00,1768284900.0,1897.3883,946.2272,1900.0143
2026-01-13 06:45:00,1768286700.0,1893.8033,946.6786,1897.9554
2026-01-13 07:15:00,1768288500.0,1892.6983,947.7049,1900.3320
2026-01-13 07:45:00,1768290300.0,1900.1333,947.1002,1905.7353
2026-01-13 08:15:00,1768292100.0,1901.3717,947.6324,1908.7929
2026-01-13 08:45:00,1768293900.0,1899.9900,948.3494,1909.8525
2026-01-13 09:15:00,1768295700.0,1898.9617,948.1770,1908.2308
2026-01-13 09:45:00,1768297500.0,1903.7550,948.4357,1913.9325
2026-01-13 13:15:00,1768310100.0,1916.3000,948.3972,1926.4119
2026-01-14 10:45:00,1768387500.0,1923.5067,948.6518,1934.5372
2026-01-14 11:15:00,1768389300.0,1925.9450,948.6134,1936.8562
2026-01-14 11:45:00,1768391100.0,1925.0617,948.7921,1936.5868
2026-01-14 12:15:00,1768392900.0,1927.8350,949.0168,1940.1560
2026-01-14 12:45:00,1768394700.0,1925.7967,948.9650,1937.9251
2026-01-14 13:15:00,1768396500.0,1926.0033,948.7662,1937.4443
2026-01-14 13:45:00,1768398300.0,1923.9850,948.5920,1934.8112
2026-01-14 14:15:00,1768400100.0,1928.4500,948.4117,1938.6762
2026-01-14 14:45:00,1768401900.0,1935.5583,948.2628,1945.3042
2026-01-14 15:15:00,1768403700.0,1942.0350,948.0587,1951.1016
2026-01-14 15:45:00,1768405500.0,1939.8450,947.6476,1947.4694
2026-01-14 16:15:00,1768407300.0,1940.7183,947.0348,1946.2124
2026-01-14 16:45:00,1768409100.0,1936.4283,946.6570,1940.5992
2026-01-14 17:15:00,1768410900.0,1942.6067,946.2907,1945.5160
2026-01-14 17:45:00,1768412700.0,1943.0350,945.8674,1944.4728
2026-01-14 18:15:00,1768414500.0,1944.4183,945.6381,1945.0597
2026-01-14 18:45:00,1768416300.0,1940.4800,945.6690,1941.2272
2026-01-14 19:15:00,1768418100.0,1930.6633,945.3166,1930.1900
2026-01-14 19:45:00,1768419900.0,1924.2533,945.0936,1923.0150
2026-01-14 20:15:00,1768421700.0,1918.1133,945.1930,1917.2196
2026-01-14 20:45:00,1768423500.0,1919.8550,945.3219,1919.4028
2026-01-14 21:15:00,1768425300.0,1920.7117,945.5544,1921.0577
2026-01-14 21:45:00,1768427100.0,1917.7767,945.5237,1918.0167
2026-01-14 22:15:00,1768428900.0,1913.3283,945.9116,1914.8955
2026-01-14 22:45:00,1768430700.0,1907.5867,946.3873,1910.7736
2026-01-14 23:15:00,1768432500.0,1909.8750,946.6586,1913.9941
2026-01-14 23:45:00,1768434300.0,1914.5367,946.9896,1919.8015
2026-01-15 00:15:00,1768436100.0,1915.9367,947.0257,1921.3294
2026-01-15 00:45:00,1768437900.0,1910.7583,947.1741,1916.6451
2026-01-15 01:15:00,1768439700.0,1913.5683,947.4309,1920.3452
2026-01-15 01:45:00,1768441500.0,1914.2617,947.6906,1921.9330
2026-01-15 02:15:00,1768443300.0,1913.2150,947.7364,1921.0398
2026-01-15 02:45:00,1768445100.0,1915.7600,947.4602,1922.6454
2026-01-15 03:15:00,1768446900.0,1917.2683,946.9781,1922.5011
2026-01-15 03:45:00,1768448700.0,1919.1933,946.7236,1923.5560
2026-01-15 04:15:00,1768450500.0,1919.6967,946.3263,1922.6943
2026-01-15 04:45:00,1768452300.0,1926.9983,946.0051,1928.8991
2026-01-15 05:15:00,1768454100.0,1928.6417,945.8910,1930.1503
2026-01-15 05:45:00,1768455900.0,1928.5900,945.9395,1930.2661
2026-01-15 06:15:00,1768457700.0,1925.8917,946.1381,1928.2498
2026-01-15 06:45:00,1768459500.0,1930.8433,946.3580,1933.9678
2026-01-15 07:15:00,1768461300.0,1927.0817,946.6399,1931.1731
2026-01-15 07:45:00,1768463100.0,1927.5633,946.8745,1932.4662
2026-01-15 08:15:00,1768464900.0,1928.6450,947.1488,1934.4992
2026-01-15 08:45:00,1768466700.0,1925.3683,947.5408,1932.5668
2026-01-15 09:15:00,1768468500.0,1920.6233,947.9163,1929.0986
2026-01-15 09:45:00,1768470300.0,1920.5000,948.2149,1930.0051
2026-01-15 10:15:00,1768472100.0,1914.9250,948.4446,1925.1928
2026-01-15 10:45:00,1768473900.0,1910.9983,948.7275,1922.2172
2026-01-15 11:15:00,1768475700.0,1916.3483,948.8865,1928.1466
2026-01-15 11:45:00,1768477500.0,1910.5833,948.9256,1922.4806
2026-01-15 12:15:00,1768479300.0,1911.4767,949.0042,1923.6497
2026-01-15 12:45:00,1768481100.0,1914.9017,949.0540,1927.2681
2026-01-15 13:15:00,1768482900.0,1912.6383,949.1226,1925.2263
2026-01-15 13:45:00,1768484700.0,1912.6700,949.0199,1924.9047
2026-01-15 14:15:00,1768486500.0,1913.8450,948.7886,1925.2907
2026-01-15 14:45:00,1768488300.0,1920.4767,948.4939,1930.9444
2026-01-15 15:15:00,1768490100.0,1926.5917,948.0108,1935.4202
2026-01-15 15:45:00,1768491900.0,1926.9633,947.4150,1933.7328
2026-01-15 16:15:00,1768493700.0,1923.3983,946.9763,1928.6417
2026-01-15 16:45:00,1768495500.0,1921.3417,946.4508,1924.7702
2026-01-15 17:15:00,1768497300.0,1928.4033,946.2792,1931.2518
2026-01-15 17:45:00,1768499100.0,1932.0067,945.7418,1933.0021
2026-01-15 18:15:00,1768500900.0,1930.6133,945.6078,1931.1452
2026-01-15 18:45:00,1768502700.0,1926.5733,945.4107,1926.4252
2026-01-15 19:15:00,1768504500.0,1923.0000,945.3607,1922.6803
2026-01-15 19:45:00,1768506300.0,1919.5383,945.7049,1920.4006
2026-01-15 20:15:00,1768508100.0,1909.9900,946.0721,1912.1030
2026-01-15 20:45:00,1768509900.0,1909.5383,946.3733,1912.6807
2026-01-15 21:15:00,1768511700.0,1914.8233,947.6655,1922.4108
2026-01-15 21:45:00,1768513500.0,1904.2317,947.7297,1911.9966
2026-01-15 22:15:00,1768515300.0,1908.4567,947.8575,1916.6768
2026-01-15 22:45:00,1768517100.0,1903.0000,947.9820,1911.6221
2026-01-15 23:15:00,1768518900.0,1900.9217,948.6106,1911.6818
2026-01-15 23:45:00,1768520700.0,1902.1600,949.4248,1915.7139
2026-01-16 00:15:00,1768522500.0,1904.9900,949.7540,1919.6937
2026-01-16 00:45:00,1768524300.0,1902.3750,950.2480,1918.7524
2026-01-16 01:15:00,1768526100.0,1894.1583,950.2662,1910.5271
2026-01-16 01:45:00,1768527900.0,1877.8675,949.9208,1892.9264
2026-01-16 02:15:00,1768529700.0,1859.8850,949.3936,1873.0331
2026-01-16 02:45:00,1768531500.0,1869.8000,949.0298,1881.7937
2026-01-16 03:15:00,1768533300.0,1869.2300,948.9460,1880.9382
2026-01-16 04:45:00,1768538700.0,1893.3000,947.8415,1901.4004
2026-01-16 05:15:00,1768540500.0,1891.8533,947.5734,1899.0372
2026-01-16 05:45:00,1768542300.0,1900.9350,947.4538,1907.7452
2026-01-16 06:15:00,1768544100.0,1907.1333,947.3500,1913.6107
2026-01-16 06:45:00,1768545900.0,1909.1900,947.2218,1915.2351
2026-01-16 07:15:00,1768547700.0,1907.3517,947.4562,1914.1931
2026-01-16 07:45:00,1768549500.0,1905.1267,947.5590,1912.3115
2026-01-16 08:15:00,1768551300.0,1899.9783,947.4136,1906.6482
2026-01-16 08:45:00,1768553100.0,1902.0900,947.4093,1908.7523
2026-01-16 09:15:00,1768554900.0,1899.8067,947.5438,1906.9198
2026-01-16 09:45:00,1768556700.0,1891.5600,947.7811,1899.4477
2026-01-16 18:15:00,1768587300.0,1944.6650,945.1226,1943.5140
2026-01-16 18:45:00,1768589100.0,1934.6900,945.5312,1934.9581
2026-01-16 19:15:00,1768590900.0,1926.8983,945.7417,1927.8910
2026-01-16 19:45:00,1768592700.0,1912.9333,945.8803,1914.3931
2026-01-16 20:15:00,1768594500.0,1931.2733,946.0252,1933.2480
2026-01-16 20:45:00,1768596300.0,1928.1700,945.9407,1929.8498
2026-01-16 21:15:00,1768598100.0,1923.3550,946.0802,1925.5106
2026-01-16 21:45:00,1768599900.0,1915.3150,946.5240,1918.9838
2026-01-16 22:15:00,1768601700.0,1917.9367,946.5526,1921.7090
2026-01-16 22:45:00,1768603500.0,1907.5950,946.5082,1911.1949
2026-01-16 23:15:00,1768605300.0,1899.9917,946.6830,1904.1723
2026-01-16 23:45:00,1768607100.0,1905.0683,946.9995,1910.3411
2026-01-17 00:15:00,1768608900.0,1910.7217,947.1033,1916.3654
2026-01-17 00:45:00,1768610700.0,1892.9850,947.3317,1899.3521
2026-01-17 01:15:00,1768612500.0,1889.5050,947.3293,1895.8521
2026-01-17 01:45:00,1768614300.0,1912.9033,947.2725,1919.1341
2026-01-17 02:15:00,1768616100.0,1916.2050,947.1755,1922.1133
2026-01-17 02:45:00,1768617900.0,1915.9817,946.8043,1920.6140
2026-01-17 03:15:00,1768619700.0,1915.2000,946.2885,1918.0609
2026-01-17 03:45:00,1768621500.0,1911.3483,945.8781,1912.7992
2026-01-17 04:15:00,1768623300.0,1917.3917,945.3664,1917.0926
2026-01-17 04:45:00,1768625100.0,1916.5883,945.2338,1915.8348
2026-01-17 05:15:00,1768626900.0,1919.7983,945.1022,1918.5923
2026-01-17 05:45:00,1768628700.0,1923.2467,944.9071,1921.3680
2026-01-17 06:15:00,1768630500.0,1919.9517,944.8986,1918.0471
2026-01-17 06:45:00,1768632300.0,1919.2633,944.9956,1917.6921
2026-01-17 07:15:00,1768634100.0,1921.5567,945.0752,1920.2567
2026-01-17 07:45:00,1768635900.0,1918.5300,945.2863,1917.9560
2026-01-17 08:15:00,1768637700.0,1920.2317,945.4635,1920.2655
2026-01-17 08:45:00,1768639500.0,1901.2050,945.6303,1901.8053
2026-01-17 09:15:00,1768641300.0,1895.2283,945.8864,1896.6953
2026-01-17 09:45:00,1768643100.0,1885.4033,946.1119,1887.6234
2026-01-17 10:15:00,1768644900.0,1892.2667,946.3480,1895.2949
2026-01-17 10:45:00,1768646700.0,1890.9780,946.3342,1893.9574
2026-01-17 11:15:00,1768648500.0,1903.4267,946.4529,1906.8303
2026-01-17 11:45:00,1768650300.0,1910.8183,946.4119,1914.0947
2026-01-17 12:15:00,1768652100.0,1892.2517,946.4373,1895.5825
2026-01-17 12:45:00,1768653900.0,1878.9083,946.2730,1881.6627
2026-01-17 13:15:00,1768655700.0,1895.5033,946.0701,1897.5936
2026-01-17 13:45:00,1768657500.0,1898.3800,945.9246,1899.9790
2026-01-17 14:15:00,1768659300.0,1896.6575,945.6203,1897.2226
2026-01-17 14:45:00,1768661100.0,1906.3833,945.2004,1905.5203
2026-01-17 15:15:00,1768662900.0,1909.1017,944.8304,1906.9755
2026-01-17 15:45:00,1768664700.0,1900.4550,944.3343,1896.6552
2026-01-17 16:15:00,1768666500.0,1923.5317,943.9598,1918.4009
2026-01-17 16:45:00,1768668300.0,1923.6600,943.4299,1916.7118
2026-01-17 17:15:00,1768670100.0,1920.5317,942.8745,1911.6955
2026-01-17 17:45:00,1768671900.0,1927.4200,942.3486,1916.7491
2026-01-17 18:15:00,1768673700.0,1921.9875,941.8572,1909.6678
2026-01-17 18:45:00,1768675500.0,1927.6467,941.4165,1913.7823
2026-01-17 19:15:00,1768677300.0,1924.6183,941.0972,1909.6852
2026-01-17 19:45:00,1768679100.0,1927.1733,941.0000,1911.8879
2026-01-17 20:15:00,1768680900.0,1925.7700,940.9882,1910.4555
2026-01-17 20:45:00,1768682700.0,1932.0683,941.3356,1917.8946
2026-01-17 21:15:00,1768684500.0,1930.2533,941.7057,1917.3614
2026-01-17 21:45:00,1768686300.0,1927.6217,941.9892,1915.7180
2026-01-17 22:15:00,1768688100.0,1927.2167,941.9997,1915.3517
2026-01-17 22:45:00,1768689900.0,1933.2850,942.2900,1922.3801
2026-01-17 23:15:00,1768691700.0,1927.9450,943.1893,1920.1550
2026-01-17 23:45:00,1768693500.0,1923.6650,943.2588,1916.1305
2026-01-18 00:15:00,1768695300.0,1925.1700,943.2995,1917.7694
2026-01-18 00:45:00,1768697100.0,1919.3567,944.1573,1914.9131
2026-01-18 01:15:00,1768698900.0,1917.0433,944.6631,1914.3353
2026-01-18 01:45:00,1768700700.0,1915.7483,944.9193,1913.9188
2026-01-18 02:15:00,1768702500.0,1915.9933,945.1934,1915.1019
2026-01-18 02:45:00,1768704300.0,1915.6467,944.7624,1913.2805
2026-01-18 03:15:00,1768706100.0,1918.7650,944.2351,1914.5889
2026-01-18 03:45:00,1768707900.0,1922.1150,943.5536,1915.5961
2026-01-18 04:15:00,1768709700.0,1925.8567,942.8847,1917.0310
2026-01-18 04:45:00,1768711500.0,1930.2250,942.4275,1919.8094
2026-01-18 05:15:00,1768713300.0,1928.8983,942.2276,1917.8044
2026-01-18 05:45:00,1768715100.0,1927.4417,942.4843,1917.2358
2026-01-18 06:15:00,1768716900.0,1923.0367,942.7502,1913.7636
2026-01-18 06:45:00,1768718700.0,1925.3617,942.9175,1916.6508
2026-01-18 07:15:00,1768720500.0,1922.6033,942.9521,1914.0233
2026-01-18 07:45:00,1768722300.0,1921.1567,942.8949,1912.3872
2026-01-18 08:15:00,1768724100.0,1918.4733,942.8446,1909.5446
2026-01-18 08:45:00,1768725900.0,1920.9983,943.0107,1912.6258
2026-01-18 09:15:00,1768727700.0,1918.8367,943.2138,1911.1673
2026-01-18 09:45:00,1768729500.0,1914.6467,943.5287,1908.0682
2026-01-18 10:15:00,1768731300.0,1915.1417,943.6765,1909.0658
2026-01-18 10:45:00,1768733100.0,1910.4767,944.1306,1905.9627
2026-01-18 11:15:00,1768734900.0,1918.3383,944.1176,1913.7611
2026-01-18 11:45:00,1768736700.0,1916.2900,944.1347,1911.7761
2026-01-18 12:15:00,1768738500.0,1913.9550,944.3203,1910.0804
2026-01-18 12:45:00,1768740300.0,1913.9650,944.2442,1909.8306
2026-01-18 13:15:00,1768742100.0,1913.4983,944.2069,1909.2375
2026-01-18 13:45:00,1768743900.0,1914.7317,944.1349,1910.2221
2026-01-18 14:15:00,1768745700.0,1919.0933,944.0086,1914.1413
2026-01-18 14:45:00,1768747500.0,1919.3767,943.6953,1913.3519
2026-01-18 15:15:00,1768749300.0,1920.9083,943.1325,1912.9526
2026-01-18 15:45:00,1768751100.0,1921.5817,942.5020,1911.4671
2026-01-18 16:15:00,1768752900.0,1928.2150,942.0704,1916.5859
2026-01-18 16:45:00,1768754700.0,1929.1733,941.6966,1916.2575
2026-01-18 17:15:00,1768756500.0,1932.5783,941.1538,1917.7774
2026-01-18 17:45:00,1768758300.0,1931.1867,940.7552,1915.0313
2026-01-18 18:15:00,1768760100.0,1930.6967,940.3854,1913.2797
2026-01-18 18:45:00,1768761900.0,1935.6117,939.7325,1915.9125
2026-01-18 19:15:00,1768763700.0,1935.4800,939.4895,1914.9501
2026-01-18 19:45:00,1768765500.0,1937.1317,939.3595,1916.1388
2026-01-18 20:15:00,1768767300.0,1935.4000,939.4280,1914.6605
2026-01-18 20:45:00,1768769100.0,1938.8967,939.4220,1918.0992
2026-01-18 21:15:00,1768770900.0,1934.5283,939.3833,1913.6453
2026-01-18 21:45:00,1768772700.0,1941.1183,939.4376,1920.3505
2026-01-18 22:15:00,1768774500.0,1937.9267,939.8698,1918.6751
2026-01-18 22:45:00,1768776300.0,1937.9533,940.0810,1919.4260
2026-01-18 23:15:00,1768778100.0,1935.9267,940.1497,1917.6543
2026-01-18 23:45:00,1768779900.0,1934.8250,940.3862,1917.3736
2026-01-19 00:15:00,1768781700.0,1933.2767,940.4152,1915.9386
2026-01-19 00:45:00,1768783500.0,1936.6500,940.9106,1920.9825
2026-01-19 01:15:00,1768785300.0,1940.7267,940.9771,1925.2552
2026-01-19 01:45:00,1768787100.0,1937.7967,940.8071,1921.7643
2026-01-19 02:15:00,1768788900.0,1934.6233,941.2819,1920.2465
2026-01-19 02:45:00,1768790700.0,1930.7717,941.6681,1917.7474
2026-01-19 03:15:00,1768792500.0,1934.3233,941.4382,1920.4855
2026-01-19 03:45:00,1768794300.0,1935.1467,941.5444,1921.6677
2026-01-19 04:15:00,1768796100.0,1935.9533,941.1394,1921.0771
2026-01-19 04:45:00,1768797900.0,1935.1700,940.8750,1919.3925
2026-01-19 05:15:00,1768799700.0,1931.5883,940.8842,1915.8714
2026-01-19 05:45:00,1768801500.0,1927.9717,941.3549,1913.8940
2026-01-19 06:15:00,1768803300.0,1937.9067,940.4418,1920.6186
2026-01-19 06:45:00,1768805100.0,1938.4183,939.9993,1919.6064
2026-01-19 07:15:00,1768806900.0,1943.8233,939.9052,1924.6351
2026-01-19 07:45:00,1768808700.0,1943.6250,939.6683,1923.6237
2026-01-19 08:15:00,1768810500.0,1946.0467,939.5873,1925.7414
2026-01-19 08:45:00,1768812300.0,1943.6983,939.5255,1923.2049
2026-01-19 09:15:00,1768814100.0,1941.3000,940.2290,1923.2497
2026-01-19 09:45:00,1768815900.0,1934.9633,940.8251,1919.0160
2026-01-19 10:15:00,1768817700.0,1910.4560,941.1751,1895.8968
2026-01-19 10:45:00,1768819500.0,1904.1300,941.2321,1889.8115
2026-01-19 12:15:00,1768824900.0,1935.1040,941.5088,1921.5029
2026-01-19 12:45:00,1768826700.0,1930.4317,941.5777,1917.0998
2026-01-19 13:15:00,1768828500.0,1930.4700,941.6441,1917.3655
2026-01-19 13:45:00,1768830300.0,1926.1250,941.6800,1913.1729
2026-01-19 14:15:00,1768832100.0,1942.1167,941.5667,1928.6660
2026-01-19 14:45:00,1768833900.0,1938.8200,941.4075,1924.8443
2026-01-19 15:15:00,1768835700.0,1940.9100,941.2700,1926.4456
2026-01-19 15:45:00,1768837500.0,1953.5283,940.8396,1937.4784
2026-01-19 16:15:00,1768839300.0,1961.3950,940.4801,1944.0303
2026-01-19 16:45:00,1768841100.0,1965.4417,940.8167,1949.2138
2026-01-19 17:15:00,1768842900.0,1962.2317,940.8623,1946.1892
2026-01-19 17:45:00,1768844700.0,1963.3300,940.4799,1945.9475
2026-01-19 18:15:00,1768846500.0,1965.7667,940.6565,1948.9779
2026-01-19 18:45:00,1768848300.0,1959.3133,940.3976,1941.6808
2026-01-19 19:15:00,1768850100.0,1955.1817,940.3579,1937.4487
2026-01-19 19:45:00,1768851900.0,1950.8483,940.0635,1932.1372
2026-01-19 20:15:00,1768853700.0,1952.3700,940.2192,1934.1827
2026-01-19 20:45:00,1768855500.0,1956.9967,940.5870,1940.0418
2026-01-19 21:15:00,1768857300.0,1952.8550,940.8814,1936.9553
2026-01-19 21:45:00,1768859100.0,1928.1267,940.9434,1912.6403
2026-01-19 22:15:00,1768860900.0,1882.0950,941.1487,1867.6636
2026-01-19 22:45:00,1768862700.0,1877.1467,941.6487,1864.4195
2026-01-19 23:15:00,1768864500.0,1835.5083,942.2361,1824.9792
2026-01-19 23:45:00,1768866300.0,1806.2500,942.8753,1797.9424
2026-01-20 00:15:00,1768868100.0,1779.8883,943.2031,1772.7404
2026-01-20 00:45:00,1768869900.0,1764.6200,943.5763,1758.7067
2026-01-20 01:15:00,1768871700.0,1763.0233,943.6267,1757.2737
2026-01-20 01:45:00,1768873500.0,1768.0017,943.9901,1763.3812
2026-01-20 02:15:00,1768875300.0,1776.5267,944.2134,1772.5913
2026-01-20 02:45:00,1768877100.0,1782.6317,944.2266,1778.7249
2026-01-20 03:15:00,1768878900.0,1789.4767,944.0361,1784.9469
2026-01-20 03:45:00,1768880700.0,1802.4550,943.8548,1797.3097
2026-01-20 04:15:00,1768882500.0,1808.7867,943.6650,1803.0113
2026-01-20 04:45:00,1768884300.0,1818.7950,943.5157,1812.5038
2026-01-20 05:15:00,1768886100.0,1822.6933,943.5698,1816.5641
2026-01-20 05:45:00,1768887900.0,1831.6717,943.3062,1824.6524
2026-01-20 06:15:00,1768889700.0,1834.4383,943.4355,1827.8309
2026-01-20 06:45:00,1768891500.0,1833.9850,943.1259,1826.3678
2026-01-20 07:15:00,1768893300.0,1837.5400,943.1453,1829.9716
2026-01-20 07:45:00,1768895100.0,1833.8650,943.1782,1826.4191
2026-01-20 08:15:00,1768896900.0,1840.5667,943.3773,1833.7463
2026-01-20 08:45:00,1768898700.0,1845.7933,943.7458,1840.1656
2026-01-20 09:15:00,1768900500.0,1839.1550,944.0895,1834.6745
2026-01-20 09:45:00,1768902300.0,1838.6933,944.4617,1835.4351
2026-01-20 11:15:00,1768907700.0,1832.0050,945.2074,1831.1985
2026-01-20 11:45:00,1768909500.0,1832.2733,945.5593,1832.6194
2026-01-20 12:15:00,1768911300.0,1833.3600,945.6749,1834.0854
2026-01-20 12:45:00,1768913100.0,1836.3900,945.6420,1837.0085
2026-01-20 13:15:00,1768914900.0,1835.6950,945.8555,1837.0142
2026-01-20 13:45:00,1768916700.0,1839.2450,946.0047,1841.0580
2026-01-20 14:15:00,1768918500.0,1829.4683,946.1589,1831.7766
2026-01-20 14:45:00,1768920300.0,1821.4117,946.0404,1823.3233
2026-01-20 15:15:00,1768922100.0,1809.0750,945.6168,1809.6028
2026-01-20 15:45:00,1768923900.0,1809.1633,945.5328,1809.4193
2026-01-20 16:15:00,1768925700.0,1815.3233,945.4539,1815.3241
2026-01-20 16:45:00,1768927500.0,1824.8500,945.2907,1824.3183
2026-01-20 17:15:00,1768929300.0,1818.8083,944.9420,1817.1453
2026-01-20 17:45:00,1768931100.0,1822.0100,944.7675,1819.7760
2026-01-20 18:15:00,1768932900.0,1826.6950,944.4983,1823.5772
2026-01-20 18:45:00,1768934700.0,1835.4483,944.1390,1831.1391
2026-01-20 19:15:00,1768936500.0,1849.5700,943.9551,1844.6208
2026-01-20 19:45:00,1768938300.0,1849.5350,943.8802,1844.3391
2026-01-20 20:15:00,1768940100.0,1849.3167,943.8414,1843.9933
2026-01-20 20:45:00,1768941900.0,1826.3233,943.9102,1821.2903
2026-01-20 21:15:00,1768943700.0,1825.2133,944.1010,1820.8043
2026-01-20 21:45:00,1768945500.0,1828.8350,944.4730,1825.6310
2026-01-20 22:15:00,1768947300.0,1827.8683,944.9334,1826.1686
2026-01-20 22:45:00,1768949100.0,1828.2667,945.4025,1828.0992
2026-01-20 23:15:00,1768950900.0,1828.1750,945.7010,1828.9836
2026-01-20 23:45:00,1768952700.0,1825.1417,946.0171,1826.9810
2026-01-21 00:15:00,1768954500.0,1826.2033,946.2199,1828.7068
2026-01-21 00:45:00,1768956300.0,1826.0267,946.2527,1828.6371
2026-01-21 01:15:00,1768958100.0,1824.9100,946.5362,1828.4456
2026-01-21 01:45:00,1768959900.0,1810.8433,946.7435,1815.0242
2026-01-21 02:15:00,1768961700.0,1814.3100,946.6963,1818.3455
2026-01-21 02:45:00,1768963500.0,1820.0667,946.4087,1823.1772
2026-01-21 03:15:00,1768965300.0,1824.0583,946.2857,1826.7740
2026-01-21 03:45:00,1768967100.0,1824.1217,946.0914,1826.2027
2026-01-21 04:15:00,1768968900.0,1822.7117,945.8432,1823.9815
2026-01-21 04:45:00,1768970700.0,1830.9567,945.4834,1831.0539
2026-01-21 05:15:00,1768972500.0,1834.2967,945.1175,1833.1944
2026-01-21 05:45:00,1768974300.0,1834.9800,944.7758,1832.7574
2026-01-21 06:15:00,1768976100.0,1838.5067,944.6345,1835.8159
2026-01-21 06:45:00,1768977900.0,1844.9633,944.6084,1842.1771
2026-01-21 07:15:00,1768979700.0,1851.5983,944.5894,1848.7393
2026-01-21 07:45:00,1768981500.0,1857.3617,944.8737,1855.4367
2026-01-21 08:15:00,1768983300.0,1854.6167,945.0782,1853.3720
2026-01-21 08:45:00,1768985100.0,1855.6400,945.4769,1855.7170
2026-01-21 09:15:00,1768986900.0,1858.9900,945.7736,1860.0537
2026-01-21 09:45:00,1768988700.0,1861.9783,945.9266,1863.5534
2026-01-21 10:15:00,1768990500.0,1840.8600,946.0928,1842.9649
2026-01-21 10:45:00,1768992300.0,1852.7450,946.2529,1855.3944
2026-01-21 11:15:00,1768994100.0,1853.9150,946.4443,1857.2016
2026-01-21 11:45:00,1768995900.0,1862.3200,946.5239,1865.8869
2026-01-21 12:15:00,1768997700.0,1868.6867,946.5412,1872.3238
2026-01-21 12:45:00,1768999500.0,1864.2117,946.5134,1867.7473
2026-01-21 13:15:00,1769001300.0,1862.1400,946.5210,1865.6970
2026-01-21 13:45:00,1769003100.0,1867.9550,946.5371,1871.5769
2026-01-21 14:15:00,1769004900.0,1867.8183,946.3378,1870.7733
2026-01-21 14:45:00,1769006700.0,1871.4200,946.1012,1873.5880
2026-01-21 15:15:00,1769008500.0,1866.3283,945.8958,1867.8042
2026-01-21 15:45:00,1769010300.0,1864.3933,945.7758,1865.4674
2026-01-21 16:15:00,1769012100.0,1866.9083,945.4711,1866.9664
2026-01-21 16:45:00,1769013900.0,1866.8183,945.1398,1865.7708
2026-01-21 17:15:00,1769015700.0,1870.9317,944.9416,1869.2193
2026-01-21 17:45:00,1769017500.0,1870.2983,944.9568,1868.6373
2026-01-21 18:15:00,1769019300.0,1861.6833,944.8813,1859.7789
2026-01-21 18:45:00,1769021100.0,1867.7067,944.6816,1865.1302
2026-01-21 19:15:00,1769022900.0,1866.5567,944.6062,1863.7305
2026-01-21 19:45:00,1769024700.0,1860.1000,944.3015,1856.2721
2026-01-21 20:15:00,1769026500.0,1852.7150,944.5115,1849.5964
2026-01-21 20:45:00,1769028300.0,1859.7583,944.6701,1857.1546
2026-01-21 21:15:00,1769030100.0,1864.7300,944.7739,1862.4651
2026-01-21 21:45:00,1769031900.0,1864.2717,945.3336,1863.8715
2026-01-21 22:15:00,1769033700.0,1864.2250,945.6255,1864.7979
2026-01-21 22:45:00,1769035500.0,1862.9983,945.8727,1864.3946
2026-01-21 23:15:00,1769037300.0,1862.8400,946.1224,1865.0685
2026-01-21 23:45:00,1769039100.0,1859.8550,946.3951,1862.9880
2026-01-22 00:15:00,1769040900.0,1856.4400,946.5502,1860.0832
2026-01-22 00:45:00,1769042700.0,1857.2533,946.6253,1861.1480
2026-01-22 01:15:00,1769044500.0,1856.3267,946.6722,1860.3752
2026-01-22 01:45:00,1769046300.0,1858.3733,946.8224,1862.9266
2026-01-22 02:15:00,1769048100.0,1859.8017,946.7147,1863.9996
2026-01-22 02:45:00,1769049900.0,1863.7400,946.4727,1867.1389
2026-01-22 03:15:00,1769051700.0,1870.1500,946.5038,1873.6646
2026-01-22 03:45:00,1769053500.0,1865.7150,946.1938,1868.1856
2026-01-22 04:15:00,1769055300.0,1870.3917,945.8343,1871.6649
2026-01-22 04:45:00,1769057100.0,1870.4817,945.3719,1870.2081
2026-01-22 05:15:00,1769058900.0,1879.5933,945.2389,1878.8715
2026-01-22 05:45:00,1769060700.0,1880.9267,945.3024,1880.4178
2026-01-22 06:15:00,1769062500.0,1883.3783,945.4982,1883.5282
2026-01-22 06:45:00,1769064300.0,1883.1833,945.4522,1883.1784
2026-01-22 07:15:00,1769066100.0,1886.1183,945.1661,1885.1488
2026-01-22 07:45:00,1769067900.0,1890.9917,945.1744,1890.0475
2026-01-22 08:15:00,1769069700.0,1893.1233,945.2475,1892.4254
2026-01-22 08:45:00,1769071500.0,1892.4583,945.4435,1892.4239
2026-01-22 09:15:00,1769073300.0,1891.2850,945.6616,1891.9881
2026-01-22 09:45:00,1769075100.0,1892.9983,946.0925,1895.1616
2026-01-22 10:15:00,1769076900.0,1901.5750,946.3673,1904.6839
2026-01-22 10:45:00,1769078700.0,1901.7983,946.4650,1905.2404
2026-01-22 11:15:00,1769080500.0,1899.3650,946.6166,1903.3184
2026-01-22 11:45:00,1769082300.0,1901.4033,946.7100,1905.6790
2026-01-22 12:15:00,1769084100.0,1901.9383,946.5905,1905.8082
2026-01-22 12:45:00,1769085900.0,1906.0500,946.5058,1909.6388
2026-01-22 13:15:00,1769087700.0,1908.1683,946.5872,1912.0396
2026-01-22 13:45:00,1769089500.0,1909.0683,946.5653,1912.8666
2026-01-22 14:15:00,1769091300.0,1907.2417,946.2614,1909.9980
2026-01-22 14:45:00,1769093100.0,1908.6750,946.0179,1910.6015
2026-01-22 15:15:00,1769094900.0,1907.2250,945.8017,1908.4121
2026-01-22 15:45:00,1769096700.0,1907.3250,945.6813,1908.1012
2026-01-22 16:15:00,1769098500.0,1904.7050,945.7478,1905.7071
2026-01-22 16:45:00,1769100300.0,1903.7767,945.7240,1904.6971
2026-01-22 17:15:00,1769102100.0,1898.2333,945.6218,1898.8040
2026-01-22 17:45:00,1769103900.0,1899.1517,945.5624,1899.5208
2026-01-22 18:15:00,1769105700.0,1894.7483,945.6513,1895.4179
2026-01-22 18:45:00,1769107500.0,1891.9767,945.5507,1892.3048
2026-01-22 19:15:00,1769109300.0,1886.5033,945.3736,1886.2332
2026-01-22 19:45:00,1769111100.0,1887.5950,945.6455,1888.2424
2026-01-22 20:15:00,1769112900.0,1891.5883,945.2676,1890.9591
2026-01-22 20:45:00,1769114700.0,1898.7167,945.2160,1897.9101
2026-01-22 21:15:00,1769116500.0,1897.8417,945.6002,1898.3389
2026-01-22 21:45:00,1769118300.0,1896.4517,946.1125,1898.6868
2026-01-22 22:15:00,1769120100.0,1895.6917,946.6817,1899.8586
2026-01-22 22:45:00,1769121900.0,1893.0317,946.9500,1898.1029
2026-01-22 23:15:00,1769123700.0,1891.2767,947.0797,1896.7831
2026-01-22 23:45:00,1769125500.0,1890.3017,947.1498,1896.0429
2026-01-23 00:15:00,1769127300.0,1884.2333,947.2755,1890.3810
2026-01-23 00:45:00,1769129100.0,1889.1367,947.3792,1895.6518
2026-01-23 01:15:00,1769130900.0,1893.3433,947.2703,1899.5029
2026-01-23 01:45:00,1769132700.0,1892.2633,947.2147,1898.2306
2026-01-23 02:15:00,1769134500.0,1885.7417,947.2735,1891.8874
2026-01-23 02:45:00,1769136300.0,1887.5383,947.0116,1892.8034
2026-01-23 03:15:00,1769138100.0,1890.3083,946.5639,1894.0644
2026-01-23 03:45:00,1769139900.0,1896.6867,946.2777,1899.4833
2026-01-23 04:15:00,1769141700.0,1894.6067,945.9162,1896.1741
2026-01-23 04:45:00,1769143500.0,1894.0250,945.6036,1894.5328
2026-01-23 05:15:00,1769145300.0,1898.4567,945.3104,1897.9703
2026-01-23 05:45:00,1769147100.0,1910.3383,944.9821,1908.7283
2026-01-23 06:15:00,1769148900.0,1905.7217,945.0620,1904.3875
2026-01-23 06:45:00,1769150700.0,1908.3750,945.0868,1907.1235
2026-01-23 07:15:00,1769152500.0,1906.4783,945.3581,1906.1525
2026-01-23 07:45:00,1769154300.0,1901.7917,945.5497,1902.1182
2026-01-23 08:15:00,1769156100.0,1905.1250,945.7531,1906.1453
2026-01-23 08:45:00,1769157900.0,1903.5200,946.0211,1905.4523
2026-01-23 09:15:00,1769159700.0,1903.0533,946.2337,1905.7094
2026-01-23 09:45:00,1769161500.0,1908.0933,946.5477,1911.8294
2026-01-23 10:15:00,1769163300.0,1911.1017,946.8390,1915.8412
2026-01-23 10:45:00,1769165100.0,1905.8867,946.8085,1910.5091
2026-01-23 11:15:00,1769166900.0,1908.4200,946.8294,1913.1201
2026-01-23 11:45:00,1769168700.0,1884.3560,946.8571,1889.0905
2026-01-23 12:15:00,1769170500.0,1890.9133,946.9435,1895.9570
2026-01-23 12:45:00,1769172300.0,1889.8700,946.9267,1894.8540
2026-01-23 13:15:00,1769174100.0,1888.6333,946.7599,1893.0494
2026-01-23 13:45:00,1769175900.0,1892.4983,946.5993,1896.3786
2026-01-23 14:15:00,1769177700.0,1888.8683,946.4538,1892.2490
2026-01-23 14:45:00,1769179500.0,1892.1550,946.1452,1894.4960
2026-01-23 15:15:00,1769181300.0,1892.3433,945.7651,1893.3973
2026-01-23 15:45:00,1769183100.0,1894.9050,945.4267,1894.8137
2026-01-23 16:15:00,1769184900.0,1899.4000,945.1262,1898.2882
2026-01-23 16:45:00,1769186700.0,1896.2083,944.8104,1894.0285
2026-01-23 17:15:00,1769188500.0,1898.4550,944.3761,1894.8008
2026-01-23 17:45:00,1769190300.0,1897.2433,944.0212,1892.3904
2026-01-23 18:15:00,1769192100.0,1909.9950,943.8953,1904.6807
2026-01-23 18:45:00,1769193900.0,1913.7567,943.9178,1908.5086
2026-01-23 19:15:00,1769195700.0,1910.4017,943.7222,1904.4964
2026-01-23 19:45:00,1769197500.0,1908.2633,943.7147,1902.3392
2026-01-23 20:15:00,1769199300.0,1896.6117,943.8964,1891.3382
2026-01-23 20:45:00,1769201100.0,1892.4350,944.2525,1888.3750
2026-01-23 21:15:00,1769202900.0,1893.5467,944.4864,1890.2748
2026-01-23 21:45:00,1769204700.0,1890.5583,944.7879,1888.3093
2026-01-23 22:15:00,1769206500.0,1891.0000,945.0925,1889.7794
2026-01-23 22:45:00,1769208300.0,1882.5967,945.3746,1882.3304
2026-01-23 23:15:00,1769210100.0,1881.6633,945.8654,1883.0492
2026-01-23 23:45:00,1769211900.0,1886.0500,946.1774,1888.4921
2026-01-24 00:15:00,1769213700.0,1877.0367,946.2905,1879.8473
2026-01-24 00:45:00,1769215500.0,1870.4900,946.6311,1874.4319
2026-01-24 01:15:00,1769217300.0,1870.5800,946.9074,1875.4483
2026-01-24 01:45:00,1769219100.0,1877.3317,946.8844,1882.1402
2026-01-24 02:15:00,1769220900.0,1868.0333,946.7979,1872.5283
2026-01-24 02:45:00,1769222700.0,1876.6800,946.8574,1881.3960
2026-01-24 03:15:00,1769224500.0,1880.9317,946.7933,1885.4424
2026-01-24 03:45:00,1769226300.0,1880.8050,946.5360,1884.4481
2026-01-24 04:15:00,1769228100.0,1892.4167,946.2217,1895.0172
2026-01-24 04:45:00,1769229900.0,1900.0800,945.8954,1901.5812
2026-01-24 05:15:00,1769231700.0,1901.4917,945.6936,1902.3074
2026-01-24 05:45:00,1769233500.0,1901.2050,945.4539,1901.2058
2026-01-24 06:15:00,1769235300.0,1898.6200,945.3522,1898.2756
2026-01-24 06:45:00,1769237100.0,1901.9133,945.2601,1901.2552
2026-01-24 07:15:00,1769238900.0,1899.8050,945.2755,1899.1997
2026-01-24 07:45:00,1769240700.0,1899.7083,945.4336,1899.6402
2026-01-24 08:15:00,1769242500.0,1899.9183,945.8053,1901.1130
2026-01-24 08:45:00,1769244300.0,1896.8383,946.0667,1898.9185
2026-01-24 09:15:00,1769246100.0,1900.7367,946.1902,1903.2414
2026-01-24 09:45:00,1769247900.0,1905.0300,946.5112,1908.6354
2026-01-24 10:15:00,1769249700.0,1901.7300,946.7490,1906.1394
2026-01-24 10:45:00,1769251500.0,1897.6850,947.1600,1903.4833
2026-01-24 11:15:00,1769253300.0,1893.7950,947.4872,1900.6932
2026-01-24 11:45:00,1769255100.0,1898.8383,947.4363,1905.5815
2026-01-24 12:15:00,1769256900.0,1892.8683,947.3843,1899.4135
2026-01-24 12:45:00,1769258700.0,1899.0367,947.3349,1905.4349
2026-01-24 13:15:00,1769260500.0,1901.0950,947.1775,1906.9635
2026-01-24 13:45:00,1769262300.0,1897.9933,947.0725,1903.4949
2026-01-24 14:15:00,1769264100.0,1892.5783,946.9869,1897.7738
2026-01-24 14:45:00,1769265900.0,1895.1200,946.8884,1899.9877
2026-01-24 15:15:00,1769267700.0,1889.1683,946.7771,1893.6438
2026-01-24 15:45:00,1769269500.0,1892.6533,946.5346,1896.3147
2026-01-24 16:15:00,1769271300.0,1895.4500,946.2939,1898.2995
2026-01-24 16:45:00,1769273100.0,1892.0100,946.0058,1893.8786
2026-01-24 17:15:00,1769274900.0,1899.6650,945.5837,1900.1066
2026-01-24 17:45:00,1769276700.0,1896.7883,945.3059,1896.2873
2026-01-24 18:15:00,1769278500.0,1904.7650,944.9216,1902.9537
2026-01-24 18:45:00,1769280300.0,1905.1817,944.7379,1902.7451
2026-01-24 19:15:00,1769282100.0,1903.9667,944.7173,1901.4614
2026-01-24 19:45:00,1769283900.0,1898.5100,944.6741,1895.8655
2026-01-24 20:15:00,1769285700.0,1896.7517,944.6958,1894.1832
2026-01-24 20:45:00,1769287500.0,1905.2250,944.8618,1903.2097
2026-01-24 21:15:00,1769289300.0,1905.4683,945.0996,1904.2623
2026-01-24 21:45:00,1769291100.0,1895.9833,945.6184,1896.5417
2026-01-24 22:15:00,1769292900.0,1897.3467,946.0470,1899.3605
2026-01-24 22:45:00,1769294700.0,1885.3000,946.5382,1888.9595
2026-01-24 23:15:00,1769296500.0,1878.8083,946.7218,1883.0732
2026-01-24 23:45:00,1769298300.0,1873.8700,947.2006,1879.7320
2026-01-25 00:15:00,1769300100.0,1867.3233,947.4314,1873.9382
2026-01-25 00:45:00,1769301900.0,1858.0917,947.6054,1865.2539
2026-01-25 01:15:00,1769303700.0,1859.5250,948.0294,1868.1085
2026-01-25 01:45:00,1769305500.0,1864.7333,948.1541,1873.7587
2026-01-25 02:15:00,1769307300.0,1855.0300,948.1156,1863.8801
2026-01-25 02:45:00,1769309100.0,1863.6517,947.9821,1872.0957
2026-01-25 03:15:00,1769310900.0,1863.8983,947.6336,1871.1773
2026-01-25 03:45:00,1769312700.0,1878.2500,947.4844,1885.0822
2026-01-25 04:15:00,1769314500.0,1876.8440,947.3110,1883.0869
2026-01-25 04:45:00,1769316300.0,1897.9267,947.0907,1903.4899
2026-01-25 05:15:00,1769318100.0,1898.4400,947.1460,1904.1930
2026-01-25 05:45:00,1769319900.0,1899.9450,947.0636,1905.4220
2026-01-25 06:15:00,1769321700.0,1906.9617,947.0401,1912.3783
2026-01-25 06:45:00,1769323500.0,1898.1017,946.8701,1902.9146
2026-01-25 07:15:00,1769325300.0,1897.2333,946.8753,1902.0620
2026-01-25 07:45:00,1769327100.0,1889.9383,946.7151,1894.2056
2026-01-25 08:15:00,1769328900.0,1867.6550,946.9099,1872.5240
2026-01-25 08:45:00,1769330700.0,1887.6817,947.1565,1893.4376
2026-01-25 09:15:00,1769332500.0,1883.9267,947.5808,1891.1054
2026-01-25 09:45:00,1769334300.0,1879.8467,947.8982,1888.0808
2026-01-25 10:15:00,1769336100.0,1864.6250,948.2371,1873.9278
2026-01-25 10:45:00,1769337900.0,1878.4267,948.5682,1888.9162
2026-01-25 11:15:00,1769339700.0,1866.9217,948.9283,1878.5561
2026-01-25 13:15:00,1769346900.0,1876.8150,948.8678,1888.3067
2026-01-25 13:45:00,1769348700.0,1865.9017,948.6703,1876.6638
2026-01-25 14:15:00,1769350500.0,1858.0350,948.5231,1868.2599
2026-01-25 14:45:00,1769352300.0,1893.5300,948.3415,1903.3322
2026-01-25 15:15:00,1769354100.0,1880.7800,948.1148,1889.7501
2026-01-25 15:45:00,1769355900.0,1903.9833,947.8827,1912.2703
2026-01-25 16:15:00,1769357700.0,1908.1317,947.4564,1914.9767
2026-01-25 16:45:00,1769359500.0,1913.0117,946.8227,1917.6999
2026-01-25 17:15:00,1769361300.0,1914.6750,946.2314,1917.3394
2026-01-25 17:45:00,1769363100.0,1916.4267,945.8626,1917.8285
2026-01-25 18:15:00,1769364900.0,1917.7350,945.4693,1917.7884
2026-01-25 18:45:00,1769366700.0,1919.5783,945.0391,1918.1561
2026-01-25 19:15:00,1769368500.0,1918.7567,944.9509,1917.0327
2026-01-25 19:45:00,1769370300.0,1913.5300,945.0609,1912.1865
2026-01-25 20:15:00,1769372100.0,1905.6600,945.1609,1904.6627
2026-01-25 20:45:00,1769373900.0,1903.8367,945.4153,1903.7061
2026-01-25 21:15:00,1769375700.0,1904.6083,946.0469,1906.6296
2026-01-25 21:45:00,1769377500.0,1903.8267,946.5908,1907.7013
2026-01-25 22:15:00,1769379300.0,1899.7850,947.2850,1906.0158
2026-01-25 22:45:00,1769381100.0,1903.9200,947.4904,1910.8661
2026-01-25 23:15:00,1769382900.0,1897.6833,948.0365,1906.4672
2026-01-25 23:45:00,1769384700.0,1902.2333,947.9579,1910.7697
2026-01-26 00:15:00,1769386500.0,1901.4033,948.1537,1910.6048
2026-01-26 00:45:00,1769388300.0,1900.8050,948.3767,1910.7652
2026-01-26 01:15:00,1769390100.0,1902.4083,948.5490,1912.9662
2026-01-26 01:45:00,1769391900.0,1902.2300,948.4254,1912.3642
2026-01-26 02:15:00,1769393700.0,1901.6433,948.3230,1911.4243
2026-01-26 02:45:00,1769395500.0,1904.3900,948.0862,1913.3748
2026-01-26 03:15:00,1769397300.0,1908.1600,947.9498,1916.6952
2026-01-26 03:45:00,1769399100.0,1910.9500,947.7022,1918.6480
2026-01-26 04:15:00,1769400900.0,1916.5550,947.7616,1924.4800
2026-01-26 04:45:00,1769402700.0,1914.5083,947.6927,1922.1879
2026-01-26 05:15:00,1769404500.0,1921.2383,947.6032,1928.6365
2026-01-26 05:45:00,1769406300.0,1917.1617,947.5376,1924.3185
2026-01-26 06:15:00,1769408100.0,1917.9700,947.4771,1924.9214
2026-01-26 06:45:00,1769409900.0,1920.0750,947.3084,1926.4528
2026-01-26 07:15:00,1769411700.0,1921.8117,947.4166,1928.5684
2026-01-26 07:45:00,1769413500.0,1918.4467,947.8167,1926.5692
2026-01-26 08:15:00,1769415300.0,1915.9800,947.9823,1924.6618
2026-01-26 08:45:00,1769417100.0,1918.6800,948.3037,1928.4822
2026-01-26 09:15:00,1769418900.0,1917.2567,948.5801,1928.0040
2026-01-26 18:15:00,1769451300.0,1918.6250,946.6314,1922.6694
2026-01-26 18:45:00,1769453100.0,1923.4983,946.3494,1926.5812
2026-01-26 19:15:00,1769454900.0,1925.0267,946.1054,1927.2712
2026-01-26 19:45:00,1769456700.0,1918.4333,945.9044,1919.9800
2026-01-26 20:15:00,1769458500.0,1908.8767,945.7037,1909.7300
2026-01-26 20:45:00,1769460300.0,1899.6567,945.5683,1900.0461
2026-01-26 21:15:00,1769462100.0,1909.1267,945.7156,1910.0210
2026-01-26 21:45:00,1769463900.0,1898.7783,945.8907,1900.2625
2026-01-26 22:15:00,1769465700.0,1906.9400,946.4328,1910.2813
2026-01-26 22:45:00,1769467500.0,1904.2300,947.2217,1910.2592
2026-01-26 23:15:00,1769469300.0,1898.8017,947.7901,1906.7504
2026-01-26 23:45:00,1769471100.0,1902.1083,948.4353,1912.2758
2026-01-27 00:15:00,1769472900.0,1899.2583,948.9983,1911.3335
2026-01-27 00:45:00,1769474700.0,1904.1150,949.0873,1916.5260
2026-01-27 01:15:00,1769476500.0,1902.7050,948.7960,1914.1094
2026-01-27 01:45:00,1769478300.0,1904.3683,948.9262,1916.2287
2026-01-27 02:15:00,1769480100.0,1905.3367,949.1888,1918.1035
2026-01-27 02:45:00,1769481900.0,1907.1600,949.1382,1919.7654
2026-01-27 03:15:00,1769483700.0,1908.5933,948.5463,1919.1761
2026-01-27 03:45:00,1769485500.0,1912.3883,948.2793,1922.0742
2026-01-27 04:15:00,1769487300.0,1910.1517,947.8334,1918.2964
2026-01-27 04:45:00,1769489100.0,1916.0833,947.3866,1922.7166
2026-01-27 05:15:00,1769490900.0,1914.6600,947.0717,1920.2071
2026-01-27 05:45:00,1769492700.0,1915.9250,946.7142,1920.2478
2026-01-27 06:15:00,1769494500.0,1915.6017,946.6501,1919.7037
2026-01-27 06:45:00,1769496300.0,1917.0617,946.7135,1921.3847
2026-01-27 07:15:00,1769498100.0,1915.7200,946.8904,1920.6473
2026-01-27 07:45:00,1769499900.0,1917.6383,947.2622,1923.8493
2026-01-27 08:15:00,1769501700.0,1917.9400,947.5296,1925.0720
2026-01-27 08:45:00,1769503500.0,1916.5783,947.9233,1925.0597
2026-01-27 09:15:00,1769505300.0,1904.4350,948.6034,1915.1904
2026-01-27 09:45:00,1769507100.0,1905.1033,949.0970,1917.5540
2026-01-27 10:15:00,1769508900.0,1900.2650,949.4070,1913.7444
2026-01-27 10:45:00,1769510700.0,1904.9767,949.5314,1918.9162
2026-01-27 11:15:00,1769512500.0,1887.5150,949.7515,1902.0751
2026-01-27 11:45:00,1769514300.0,1894.8233,949.8112,1909.6438
2026-01-27 12:15:00,1769516100.0,1895.3600,949.7044,1909.8200
2026-01-27 12:45:00,1769517900.0,1895.3550,949.5725,1909.3645
2026-01-27 13:15:00,1769519700.0,1890.1650,949.3684,1903.4413
2026-01-27 13:45:00,1769521500.0,1895.8917,949.0808,1908.2269
2026-01-27 14:15:00,1769523300.0,1909.7450,948.8105,1921.2414
2026-01-27 14:45:00,1769525100.0,1907.9117,948.5231,1918.4112
2026-01-27 15:15:00,1769526900.0,1914.0067,948.3592,1923.9758
2026-01-27 15:45:00,1769528700.0,1925.0750,948.0052,1933.8774
2026-01-27 16:15:00,1769530500.0,1918.4500,947.4817,1925.4189
2026-01-27 16:45:00,1769532300.0,1926.5017,946.6747,1930.7121
2026-01-27 17:15:00,1769534100.0,1940.1800,946.0661,1942.3057
2026-01-27 17:45:00,1769535900.0,1943.0150,945.7529,1944.0547
2026-01-27 18:15:00,1769537700.0,1940.7583,945.4150,1940.6240
2026-01-27 18:45:00,1769539500.0,1936.1517,944.6603,1933.4071
2026-01-27 19:15:00,1769541300.0,1918.8800,944.2701,1914.8234
2026-01-28 10:15:00,1769595300.0,1927.9800,948.3760,1938.0801
2026-01-28 10:45:00,1769597100.0,1917.3467,948.7262,1928.5982
2026-01-28 11:15:00,1769598900.0,1920.9283,949.0831,1933.4343
2026-01-28 11:45:00,1769600700.0,1918.5333,948.9845,1930.6834
2026-01-28 12:15:00,1769602500.0,1924.4583,949.0681,1936.9353
2026-01-28 12:45:00,1769604300.0,1923.9883,949.1757,1936.8348
2026-01-28 13:15:00,1769606100.0,1924.4517,949.1885,1937.3456
2026-01-28 13:45:00,1769607900.0,1929.5017,948.9358,1941.5520
2026-01-28 14:15:00,1769609700.0,1931.8583,948.6133,1942.8030
2026-01-28 14:45:00,1769611500.0,1931.2933,948.3095,1941.1801
2026-01-28 15:15:00,1769613300.0,1928.9167,948.0261,1937.8090
2026-01-28 15:45:00,1769615100.0,1932.0150,947.6732,1939.6974
2026-01-28 16:15:00,1769616900.0,1939.2567,947.0265,1944.7177
2026-01-28 16:45:00,1769618700.0,1940.4450,946.5027,1944.0881
2026-01-28 17:15:00,1769620500.0,1936.8633,946.1083,1939.1317
2026-01-28 17:45:00,1769622300.0,1938.8517,945.6274,1939.4539
2026-01-28 18:15:00,1769624100.0,1932.8783,945.2140,1932.0503
2026-01-28 18:45:00,1769625900.0,1936.5233,945.0972,1935.2893
2026-01-29 10:15:00,1769681700.0,1905.4200,948.3691,1915.3783
2026-01-29 10:45:00,1769683500.0,1904.0117,948.4217,1914.1425
2026-01-29 11:15:00,1769685300.0,1902.9350,948.5285,1913.4254
2026-01-29 11:45:00,1769687100.0,1890.6800,948.6834,1901.6294
2026-01-29 12:15:00,1769688900.0,1897.4350,948.8610,1909.0299
2026-01-29 12:45:00,1769690700.0,1896.9667,948.7643,1908.2286
2026-01-29 13:15:00,1769692500.0,1899.3433,948.6042,1910.0724
2026-01-29 13:45:00,1769694300.0,1905.5017,948.3694,1915.4615
2026-01-29 14:15:00,1769696100.0,1907.0200,948.1130,1916.1090
2026-01-29 14:45:00,1769697900.0,1911.4417,947.6301,1918.8942
2026-01-29 15:15:00,1769699700.0,1916.2767,947.3348,1922.7328
2026-01-29 15:45:00,1769701500.0,1919.7767,946.9951,1925.0749
2026-01-29 16:15:00,1769703300.0,1915.2683,946.5267,1918.9464
2026-01-29 16:45:00,1769705100.0,1911.9750,945.9201,1913.5703
2026-01-29 17:15:00,1769706900.0,1918.3900,945.2378,1917.6498
2026-01-29 17:45:00,1769708700.0,1922.7500,944.4569,1919.3263
2026-01-29 18:15:00,1769710500.0,1911.7367,943.8769,1906.3547
2026-01-29 18:45:00,1769712300.0,1904.1600,943.4249,1897.2653
2026-01-29 19:15:00,1769714100.0,1901.8617,942.8312,1892.9650
2026-01-29 19:45:00,1769715900.0,1906.8133,942.4016,1896.4360
2026-01-29 20:15:00,1769717700.0,1917.8483,942.0187,1906.1058
2026-01-29 20:45:00,1769719500.0,1919.8717,942.0471,1908.2135
2026-01-29 21:15:00,1769721300.0,1911.7200,942.2770,1900.8927
2026-01-29 21:45:00,1769723100.0,1902.8817,942.6790,1893.4648
2026-01-29 22:15:00,1769724900.0,1903.4617,943.0302,1895.2315
2026-01-29 22:45:00,1769726700.0,1905.9050,943.0737,1897.8120
2026-01-29 23:15:00,1769728500.0,1899.7550,943.8064,1894.1679
2026-01-29 23:45:00,1769730300.0,1890.8217,945.3717,1890.5444
2026-01-30 00:15:00,1769732100.0,1887.5950,946.0675,1889.6679
2026-01-30 00:45:00,1769733900.0,1891.7583,946.5136,1895.3467
2026-01-30 01:15:00,1769735700.0,1887.8800,946.5460,1891.5708
2026-01-30 10:15:00,1769768100.0,1852.9675,943.9225,1847.9017
2026-01-30 10:45:00,1769769900.0,1862.8467,943.9195,1857.7438
2026-01-30 11:15:00,1769771700.0,1904.0850,943.9716,1899.0460
2026-01-30 11:45:00,1769773500.0,1895.4400,944.2761,1891.4535
2026-01-30 12:15:00,1769775300.0,1897.7667,944.5189,1894.5973
2026-01-30 12:45:00,1769777100.0,1893.4650,944.7222,1890.9903
2026-01-30 13:15:00,1769778900.0,1891.1300,944.7240,1888.6644
2026-01-30 13:45:00,1769780700.0,1911.7917,944.6275,1908.9696
2026-01-30 14:15:00,1769782500.0,1911.7167,944.3607,1907.9844
2026-01-30 14:45:00,1769784300.0,1917.4167,944.0371,1912.5664
2026-01-30 15:15:00,1769786100.0,1922.3083,943.4908,1915.5738
2026-01-30 15:45:00,1769787900.0,1919.3383,943.0438,1911.0862
2026-01-30 16:15:00,1769789700.0,1925.9617,942.4249,1915.5602
2026-01-30 16:45:00,1769791500.0,1938.0900,942.0316,1926.2679
2026-01-30 17:15:00,1769793300.0,1940.7150,941.6975,1927.7251
2026-01-30 17:45:00,1769795100.0,1946.2400,941.2676,1931.7276
2026-01-30 18:15:00,1769796900.0,1944.2550,940.9788,1928.7613
2026-01-30 18:45:00,1769798700.0,1947.7000,940.5317,1930.6347
2026-01-30 19:15:00,1769800500.0,1931.5850,940.1656,1913.4082
2026-01-30 19:45:00,1769802300.0,1931.0183,940.2106,1913.0006
2026-01-30 20:15:00,1769804100.0,1926.2400,940.4386,1909.0451
2026-01-30 20:45:00,1769805900.0,1920.3983,940.4410,1903.2635
2026-01-30 21:15:00,1769807700.0,1910.3983,940.8792,1894.8367
2026-01-30 21:45:00,1769809500.0,1899.3983,941.5232,1886.0968
2026-01-30 22:15:00,1769811300.0,1904.9683,942.0094,1893.2730
2026-01-30 22:45:00,1769813100.0,1920.1617,941.9171,1908.0583
2026-01-30 23:15:00,1769814900.0,1919.1000,942.1568,1907.8208
2026-01-30 23:45:00,1769816700.0,1923.1233,942.2176,1912.0282
2026-01-31 00:15:00,1769818500.0,1918.7000,942.4553,1908.4415
2026-01-31 00:45:00,1769820300.0,1917.6483,942.5802,1907.8211
2026-01-31 01:15:00,1769822100.0,1919.0867,942.7681,1909.8938
2026-01-31 01:45:00,1769823900.0,1912.2750,942.6642,1902.7611
2026-01-31 02:15:00,1769825700.0,1915.0550,942.3596,1904.4900
2026-01-31 02:45:00,1769827500.0,1913.4967,942.1647,1902.2771
2026-01-31 03:15:00,1769829300.0,1914.3600,941.9595,1902.4374
2026-01-31 03:45:00,1769831100.0,1917.7633,941.6349,1904.7138
2026-01-31 04:15:00,1769832900.0,1923.5633,941.5762,1910.2738
2026-01-31 04:45:00,1769834700.0,1926.1017,941.4763,1912.4530
2026-01-31 05:15:00,1769836500.0,1928.4325,941.2930,1914.1397
2026-01-31 05:45:00,1769838300.0,1929.3017,941.3284,1915.1238
2026-01-31 06:15:00,1769840100.0,1927.6667,941.2366,1913.1866
2026-01-31 06:45:00,1769841900.0,1926.9350,941.2361,1912.4588
2026-01-31 07:15:00,1769843700.0,1928.2933,941.5258,1914.7986
2026-01-31 07:45:00,1769845500.0,1927.8817,941.6023,1914.6516
2026-01-31 08:15:00,1769847300.0,1923.3600,941.7104,1910.5300
2026-01-31 08:45:00,1769849100.0,1923.4050,941.8900,1911.1884
2026-01-31 09:15:00,1769850900.0,1922.9550,942.2095,1911.8333
2026-01-31 09:45:00,1769852700.0,1927.1133,942.4632,1916.8367
2026-01-31 10:15:00,1769854500.0,1925.4133,942.6414,1915.7562
2026-01-31 10:45:00,1769856300.0,1923.6483,943.0584,1915.4275
2026-01-31 11:15:00,1769858100.0,1925.9000,943.1736,1918.0645
2026-01-31 11:45:00,1769859900.0,1926.5233,943.3300,1919.2220
2026-01-31 12:15:00,1769861700.0,1931.4300,943.3597,1924.2124
2026-01-31 12:45:00,1769863500.0,1927.4783,943.4292,1920.5139
2026-01-31 13:15:00,1769865300.0,1930.0750,943.4536,1923.1851
2026-01-31 13:45:00,1769867100.0,1929.9083,943.3107,1922.5280
2026-01-31 14:15:00,1769868900.0,1933.1750,943.2807,1925.6786
2026-01-31 14:45:00,1769870700.0,1934.0150,943.2727,1926.4879
2026-01-31 15:15:00,1769872500.0,1935.0750,943.0395,1926.7402
2026-01-31 15:45:00,1769874300.0,1931.0550,942.7763,1921.8330
2026-01-31 16:15:00,1769876100.0,1933.5567,942.3398,1922.8215
2026-01-31 16:45:00,1769877900.0,1937.1650,941.8402,1924.6897
2026-01-31 17:15:00,1769879700.0,1934.4850,941.3908,1920.4831
2026-01-31 17:45:00,1769881500.0,1934.0800,940.8421,1918.1984
2026-01-31 18:15:00,1769883300.0,1933.5850,940.3452,1916.0044
2026-01-31 18:45:00,1769885100.0,1945.9583,940.0998,1927.4193
2026-01-31 19:15:00,1769886900.0,1942.4050,939.7955,1922.8532
2026-01-31 19:45:00,1769888700.0,1941.5283,939.4864,1920.9236
2026-01-31 20:15:00,1769890500.0,1937.6583,939.3685,1916.6905
2026-01-31 20:45:00,1769892300.0,1938.2617,939.2964,1917.0402
2026-01-31 21:15:00,1769894100.0,1934.0833,939.4231,1913.3410
2026-01-31 21:45:00,1769895900.0,1930.2300,939.6362,1910.2567
2026-02-01 04:45:00,1769921100.0,1872.0583,941.1716,1857.7803
2026-02-01 05:15:00,1769922900.0,1894.2983,940.8804,1878.8720
2026-02-01 05:45:00,1769924700.0,1888.1967,940.6921,1872.1896
2026-02-01 06:15:00,1769926500.0,1880.5800,940.5188,1864.0597
2026-02-01 06:45:00,1769928300.0,1888.3317,940.5058,1871.6998
2026-02-01 07:15:00,1769930100.0,1902.5617,940.4480,1885.6098
2026-02-01 07:45:00,1769931900.0,1902.9650,940.3873,1885.8046
2026-02-01 08:15:00,1769933700.0,1897.2183,940.5002,1880.4893
2026-02-01 08:45:00,1769935500.0,1894.3117,940.9802,1879.2204
2026-02-01 09:15:00,1769937300.0,1888.1817,941.4455,1874.6984
2026-02-01 09:45:00,1769939100.0,1881.5683,941.7180,1869.0427
2026-02-01 10:15:00,1769940900.0,1877.0450,942.1149,1865.8730
2026-02-01 10:45:00,1769942700.0,1873.3633,942.4873,1863.4537
2026-02-01 11:15:00,1769944500.0,1889.0380,942.6987,1879.7559
2026-02-01 11:45:00,1769946300.0,1910.3333,942.8214,1901.3635
2026-02-01 15:45:00,1769960700.0,1935.2033,940.3972,1917.7862
2026-02-01 16:15:00,1769962500.0,1937.3883,940.0936,1918.9096
2026-02-01 16:45:00,1769964300.0,1944.2417,939.8849,1924.9794
2026-02-01 17:15:00,1769966100.0,1941.4700,939.3689,1920.4625
2026-02-02 10:15:00,1770027300.0,1914.0067,943.3490,1906.8176
2026-02-02 10:45:00,1770029100.0,1910.9983,943.5523,1904.5127
2026-02-02 11:15:00,1770030900.0,1904.1583,943.8324,1898.6466
2026-02-02 11:45:00,1770032700.0,1903.7433,943.9559,1898.6519
2026-02-02 12:15:00,1770034500.0,1897.1717,944.1840,1892.8698
2026-02-02 12:45:00,1770036300.0,1878.7217,944.2769,1874.7729
2026-02-02 13:15:00,1770038100.0,1888.1967,944.1933,1883.9462
2026-02-02 13:45:00,1770039900.0,1906.6967,944.0069,1901.7707
2026-02-02 14:15:00,1770041700.0,1911.9500,943.9330,1906.7586
2026-02-02 14:45:00,1770043500.0,1917.7033,943.7655,1911.9237
2026-02-02 15:15:00,1770045300.0,1917.3417,943.6846,1911.2867
2026-02-02 15:45:00,1770047100.0,1930.2233,943.5509,1923.6676
2026-02-02 16:15:00,1770048900.0,1924.7967,943.1904,1917.0232
2026-02-02 16:45:00,1770050700.0,1954.1300,942.7656,1944.7604
2026-02-02 17:15:00,1770052500.0,1959.1267,942.3326,1948.2245
2026-02-02 17:45:00,1770054300.0,1958.3033,941.8085,1945.5818
2026-02-02 18:15:00,1770056100.0,1962.9650,941.3781,1948.7129
2026-02-04 10:45:00,1770201900.0,1926.3233,943.4684,1919.4978
2026-02-04 11:15:00,1770203700.0,1921.2433,943.6624,1915.0999
2026-02-04 11:45:00,1770205500.0,1922.0883,943.7167,1916.1281
2026-02-04 12:15:00,1770207300.0,1927.1400,943.6735,1921.0159
2026-02-04 12:45:00,1770209100.0,1934.9150,943.5982,1928.5066
2026-02-04 13:15:00,1770210900.0,1934.9683,943.3651,1927.7559
2026-02-04 13:45:00,1770212700.0,1937.9850,943.2003,1930.1927
2026-02-04 14:15:00,1770214500.0,1940.6617,943.0101,1932.2013
2026-02-04 14:45:00,1770216300.0,1944.1900,942.9211,1935.4061
2026-02-04 15:15:00,1770218100.0,1940.0783,943.0089,1931.6164
2026-02-04 15:45:00,1770219900.0,1937.1583,942.7552,1927.8345
2026-02-04 16:15:00,1770221700.0,1942.1517,942.6302,1932.3719
2026-02-04 16:45:00,1770223500.0,1942.8500,942.5117,1932.6572
2026-02-04 17:15:00,1770225300.0,1942.0867,942.3048,1931.1832
2026-02-04 17:45:00,1770227100.0,1938.6533,942.0124,1926.7615
2026-02-04 18:15:00,1770228900.0,1945.1850,941.7552,1932.3645
2026-02-04 18:45:00,1770230700.0,1942.7467,941.6635,1929.6256
2026-02-04 19:15:00,1770232500.0,1946.0867,941.3941,1932.0124
2026-02-04 19:45:00,1770234300.0,1941.9733,941.2773,1927.5263
2026-02-04 20:15:00,1770236100.0,1938.0483,941.4782,1924.3213
2026-02-04 20:45:00,1770237900.0,1925.7800,941.7781,1913.1656
2026-02-04 21:15:00,1770239700.0,1920.7617,942.2161,1909.6749
2026-02-04 21:45:00,1770241500.0,1921.4917,942.4038,1911.0420
2026-02-04 22:15:00,1770243300.0,1915.1350,943.0649,1906.9726
2026-02-04 22:45:00,1770245100.0,1920.6083,943.3649,1913.4488
2026-02-04 23:15:00,1770246900.0,1914.2133,943.4440,1907.3474
2026-02-04 23:45:00,1770248700.0,1913.0233,943.8305,1907.4793
2026-02-05 00:15:00,1770250500.0,1908.3700,943.8721,1902.9810
2026-02-05 00:45:00,1770252300.0,1903.9150,943.9829,1898.9150
2026-02-05 01:15:00,1770254100.0,1903.8733,944.1620,1899.4813
2026-02-05 01:45:00,1770255900.0,1905.2117,944.2612,1901.1539
2026-02-05 02:15:00,1770257700.0,1904.7067,944.1990,1900.4386
2026-02-05 02:45:00,1770259500.0,1903.5033,944.3658,1899.8043
2026-02-05 03:15:00,1770261300.0,1898.7433,944.4532,1895.3499
2026-02-05 03:45:00,1770263100.0,1901.5883,944.2311,1897.4362
2026-02-05 04:15:00,1770264900.0,1901.0350,944.0561,1896.2905
2026-02-05 04:45:00,1770266700.0,1901.3633,944.1521,1896.9438
2026-02-05 05:15:00,1770268500.0,1903.1450,943.9458,1898.0211
2026-02-05 05:45:00,1770270300.0,1905.3600,943.6564,1899.2469
2026-02-05 06:15:00,1770272100.0,1899.4483,943.4987,1892.8204
2026-02-05 06:45:00,1770273900.0,1916.5333,943.2568,1909.0200
2026-02-05 07:15:00,1770275700.0,1917.9383,943.2382,1910.3558
2026-02-05 07:45:00,1770277500.0,1917.7117,943.4136,1910.7292
2026-02-05 08:15:00,1770279300.0,1914.4350,943.7188,1908.5057
2026-02-05 08:45:00,1770281100.0,1914.0850,944.0315,1909.2238
2026-02-05 09:15:00,1770282900.0,1910.4233,944.4372,1906.9542
2026-02-05 09:45:00,1770284700.0,1907.1250,944.7679,1904.7878
2026-02-05 10:15:00,1770286500.0,1903.8000,945.0325,1902.3669
2026-02-05 10:45:00,1770288300.0,1910.1133,945.1768,1909.1680
2026-02-05 11:15:00,1770290100.0,1904.1933,945.2503,1903.5009
2026-02-05 11:45:00,1770291900.0,1889.4950,945.4218,1889.3872
2026-02-05 12:15:00,1770293700.0,1886.7833,945.3642,1886.4816
2026-02-05 12:45:00,1770295500.0,1918.2150,945.3155,1917.7412
2026-02-05 13:15:00,1770297300.0,1922.5983,945.1969,1921.7159
2026-02-05 13:45:00,1770299100.0,1921.3017,945.1009,1920.0902
2026-02-05 14:15:00,1770300900.0,1919.6467,944.8842,1917.6932
2026-02-05 14:45:00,1770302700.0,1920.4033,944.5524,1917.3111
2026-02-05 15:15:00,1770304500.0,1927.2150,944.1779,1922.8240
2026-02-05 15:45:00,1770306300.0,1935.6550,943.7108,1929.6324
2026-02-05 16:15:00,1770308100.0,1937.1483,943.0833,1928.9557
2026-02-05 16:45:00,1770309900.0,1939.4367,942.6553,1929.7572
2026-02-05 17:15:00,1770311700.0,1944.0467,942.2862,1933.0680
2026-02-05 17:45:00,1770313500.0,1942.3783,941.8424,1929.8771
2026-02-05 18:15:00,1770315300.0,1947.6117,941.3916,1933.5178
2026-02-05 18:45:00,1770317100.0,1947.0500,941.0661,1931.8354
2026-02-05 19:15:00,1770318900.0,1940.3800,940.8452,1924.4573
2026-02-05 19:45:00,1770320700.0,1925.4600,940.5819,1908.7608
2026-02-05 20:15:00,1770322500.0,1916.8250,940.5599,1900.1262
2026-02-05 20:45:00,1770324300.0,1918.8333,940.9656,1903.4973
2026-02-05 21:15:00,1770326100.0,1911.0350,941.5489,1897.7392
2026-02-05 21:45:00,1770327900.0,1912.9750,941.9299,1900.9604
2026-02-05 22:15:00,1770329700.0,1905.4717,942.4678,1895.3262
2026-02-05 22:45:00,1770331500.0,1900.8333,942.9950,1892.4954
2026-02-05 23:15:00,1770333300.0,1901.1950,943.4020,1894.2334
2026-02-05 23:45:00,1770335100.0,1896.5033,943.6890,1890.5290
2026-02-06 00:15:00,1770336900.0,1892.7633,944.0333,1887.9624
2026-02-06 00:45:00,1770338700.0,1892.4117,944.4378,1888.9775
2026-02-06 01:15:00,1770340500.0,1881.7633,944.6359,1879.0139
2026-02-06 01:45:00,1770342300.0,1876.8200,944.7761,1874.5477
2026-02-06 02:15:00,1770344100.0,1887.1600,944.8118,1884.9952
2026-02-06 02:45:00,1770345900.0,1896.6717,944.7837,1894.4009
2026-02-06 03:15:00,1770347700.0,1887.6617,944.7087,1885.1490
2026-02-06 03:45:00,1770349500.0,1892.8083,944.4875,1889.5413
2026-02-06 04:15:00,1770351300.0,1899.3967,944.2243,1895.2262
2026-02-06 04:45:00,1770353100.0,1902.6767,943.9109,1897.4356
2026-02-06 05:15:00,1770354900.0,1912.3317,943.7956,1906.6706
2026-02-06 05:45:00,1770356700.0,1902.7200,943.7395,1896.8974
2026-02-06 06:15:00,1770358500.0,1889.3783,943.6570,1883.3187
2026-02-06 06:45:00,1770360300.0,1877.2883,943.6050,1871.0934
2026-02-06 07:15:00,1770362100.0,1872.7417,943.4607,1866.0803
2026-02-06 07:45:00,1770363900.0,1874.1740,943.3735,1867.2164
2026-02-06 08:15:00,1770365700.0,1919.9033,943.4012,1912.8707
2026-02-06 08:45:00,1770367500.0,1919.4983,943.5457,1912.9613
2026-02-06 09:15:00,1770369300.0,1919.1000,943.7915,1913.4051
2026-02-06 09:45:00,1770371100.0,1918.5060,944.1604,1914.0747
2026-02-06 10:15:00,1770372900.0,1867.9600,944.3177,1864.1700
2026-02-06 16:45:00,1770396300.0,1911.8050,942.7831,1902.6980
2026-02-06 17:15:00,1770398100.0,1900.1933,942.3939,1889.8262
2026-02-06 17:45:00,1770399900.0,1903.8100,942.1127,1892.4713
2026-02-06 18:15:00,1770401700.0,1962.6183,941.9607,1950.3994
2026-02-06 18:45:00,1770403500.0,1961.4983,941.7141,1948.4271
2026-02-06 19:15:00,1770405300.0,1946.7850,941.4824,1933.0109
2026-02-06 19:45:00,1770407100.0,1940.8133,941.5675,1927.3747
2026-02-06 20:15:00,1770408900.0,1938.3233,941.6871,1925.3134
2026-02-06 20:45:00,1770410700.0,1937.7417,941.5822,1924.3746
2026-02-06 21:15:00,1770412500.0,1937.2033,941.8706,1924.8323
2026-02-06 21:45:00,1770414300.0,1935.8517,942.4102,1925.3460
2026-02-06 22:15:00,1770416100.0,1930.2667,942.9296,1921.5749
2026-02-06 22:45:00,1770417900.0,1932.6667,943.6773,1926.5380
2026-02-06 23:15:00,1770419700.0,1927.4600,944.1492,1922.9697
2026-02-06 23:45:00,1770421500.0,1919.7983,944.4301,1916.2882
2026-02-07 00:15:00,1770423300.0,1923.1700,944.6834,1920.5232
2026-02-07 00:45:00,1770425100.0,1924.3650,944.6360,1921.5537
2026-02-07 01:15:00,1770426900.0,1930.8433,944.4964,1927.5414
2026-02-07 01:45:00,1770428700.0,1927.6083,944.4554,1924.1710
2026-02-07 02:15:00,1770430500.0,1925.7183,944.1780,1921.3309
2026-02-07 02:45:00,1770432300.0,1933.2483,943.8350,1927.6612
2026-02-07 03:15:00,1770434100.0,1938.3667,943.9016,1932.9949
2026-02-07 03:45:00,1770435900.0,1937.7567,943.6089,1931.3757
2026-02-07 04:15:00,1770437700.0,1938.6417,943.3284,1931.2888
2026-02-07 04:45:00,1770439500.0,1937.0217,942.9621,1928.4118
2026-02-07 05:15:00,1770441300.0,1939.0750,942.7149,1929.6029
2026-02-07 05:45:00,1770443100.0,1943.5350,942.6868,1933.9440
2026-02-07 06:15:00,1770444900.0,1942.9917,942.8811,1934.0748
2026-02-07 06:45:00,1770446700.0,1942.8833,943.0685,1934.6153
2026-02-07 07:15:00,1770448500.0,1942.5883,943.3252,1935.2096
2026-02-07 07:45:00,1770450300.0,1939.7783,943.5551,1933.2047
2026-02-07 08:15:00,1770452100.0,1935.9067,943.8383,1930.3232
2026-02-07 08:45:00,1770453900.0,1934.3633,944.1108,1929.7244
2026-02-07 09:15:00,1770455700.0,1930.5783,944.5333,1927.4040
2026-02-07 09:45:00,1770457500.0,1928.8067,944.9689,1927.1355
2026-02-07 10:15:00,1770459300.0,1929.4750,944.9490,1927.7345
2026-02-07 10:45:00,1770461100.0,1927.6600,945.3238,1927.2123
2026-02-07 11:15:00,1770462900.0,1925.8267,945.6442,1926.4829
2026-02-07 11:45:00,1770464700.0,1925.9900,946.0223,1927.9490
2026-02-07 12:15:00,1770466500.0,1922.7567,946.1203,1925.0498
2026-02-07 12:45:00,1770468300.0,1924.7517,946.2314,1927.4298
2026-02-07 13:15:00,1770470100.0,1925.1000,946.2323,1927.7819
2026-02-07 13:45:00,1770471900.0,1924.0983,946.1645,1926.5454
2026-02-07 14:15:00,1770473700.0,1924.5100,946.0057,1926.4103
2026-02-07 14:45:00,1770475500.0,1923.9967,945.5156,1924.2097
2026-02-07 15:15:00,1770477300.0,1926.8117,945.0496,1925.4199
2026-02-07 15:45:00,1770479100.0,1935.1700,944.5637,1932.0930
2026-02-07 16:15:00,1770480900.0,1937.8767,943.9813,1932.7818
2026-02-07 16:45:00,1770482700.0,1942.2317,943.5338,1935.5761
2026-02-07 17:15:00,1770484500.0,1946.3033,942.9455,1937.5947
2026-02-07 17:45:00,1770486300.0,1948.1067,942.6196,1938.2600
2026-02-07 18:15:00,1770488100.0,1946.8233,942.4681,1936.4587
2026-02-07 18:45:00,1770489900.0,1946.1833,942.6477,1936.4439
2026-02-07 19:15:00,1770491700.0,1940.2917,942.6279,1930.5131
2026-02-07 19:45:00,1770493500.0,1936.0250,942.7830,1926.8022
2026-02-07 20:15:00,1770495300.0,1940.8367,942.6751,1931.2186
2026-02-07 20:45:00,1770497100.0,1938.0317,942.9377,1929.3331
2026-02-07 21:15:00,1770498900.0,1938.2733,943.0800,1930.0645
2026-02-07 21:45:00,1770500700.0,1931.3233,943.8596,1925.8264
2026-02-07 22:15:00,1770502500.0,1928.0750,944.7236,1925.5597
2026-02-07 22:45:00,1770504300.0,1926.0167,945.2241,1925.2261
2026-02-07 23:15:00,1770506100.0,1928.7617,945.6883,1929.5709
2026-02-07 23:45:00,1770507900.0,1928.2417,946.3193,1931.2282
2026-02-08 00:15:00,1770509700.0,1922.8567,947.1186,1928.5892
2026-02-08 00:45:00,1770511500.0,1923.2750,947.6676,1930.9031
2026-02-08 01:15:00,1770513300.0,1923.5517,947.8449,1931.7931
2026-02-08 01:45:00,1770515100.0,1916.7217,947.9952,1925.4515
2026-02-08 02:15:00,1770516900.0,1917.6167,947.4871,1924.6012
2026-02-08 02:45:00,1770518700.0,1920.9567,947.3407,1927.4489
2026-02-08 03:15:00,1770520500.0,1920.0333,946.8956,1924.9898
2026-02-08 03:45:00,1770522300.0,1923.5417,946.0517,1925.5995
2026-02-08 04:15:00,1770524100.0,1923.3650,945.5430,1923.6720
2026-02-08 04:45:00,1770525900.0,1921.7933,945.5465,1922.1121
2026-02-08 05:15:00,1770527700.0,1920.5417,945.5634,1920.9185
2026-02-08 05:45:00,1770529500.0,1921.9383,945.5382,1922.2289
2026-02-08 06:15:00,1770531300.0,1912.6050,945.4323,1912.5320
2026-02-08 06:45:00,1770533100.0,1897.1750,945.3702,1896.8917
2026-02-08 07:15:00,1770534900.0,1868.1667,945.0300,1866.7520
2026-02-08 07:45:00,1770536700.0,1862.2140,945.1872,1861.3270
2026-02-08 08:15:00,1770538500.0,1872.3900,945.4158,1872.2632
2026-02-08 08:45:00,1770540300.0,1872.6883,945.8134,1873.8932
2026-02-08 09:15:00,1770542100.0,1843.2880,946.0241,1845.1689
2026-02-08 09:45:00,1770543900.0,1871.2350,946.1496,1873.5647
2026-02-08 10:15:00,1770545700.0,1888.6033,946.0848,1890.7357
2026-02-08 10:45:00,1770547500.0,1867.0650,946.2533,1869.7362
2026-02-08 11:15:00,1770549300.0,1878.5783,946.2633,1881.2997
2026-02-08 11:45:00,1770551100.0,1896.4583,946.0188,1898.3755
2026-02-08 12:15:00,1770552900.0,1883.2483,946.0623,1885.2988
2026-02-08 12:45:00,1770554700.0,1895.5250,945.9814,1897.3142
2026-02-08 13:15:00,1770556500.0,1893.8183,946.1342,1896.1239
2026-02-08 13:45:00,1770558300.0,1896.0817,946.2338,1898.7281
2026-02-08 14:15:00,1770560100.0,1901.8360,945.8640,1903.2318
2026-02-08 14:45:00,1770561900.0,1925.5717,945.7268,1926.5123
2026-02-08 15:15:00,1770563700.0,1929.2383,945.6271,1929.8368
2026-02-08 15:45:00,1770565500.0,1927.4383,945.4922,1927.5711
2026-02-08 16:15:00,1770567300.0,1926.0200,945.2373,1925.2751
2026-02-08 16:45:00,1770569100.0,1931.2117,944.6319,1928.3762
2026-02-08 17:15:00,1770570900.0,1933.8933,944.1394,1929.3541
2026-02-08 17:45:00,1770572700.0,1935.0783,943.9565,1929.9053
2026-02-08 18:15:00,1770574500.0,1931.7300,943.8201,1926.0961
2026-02-08 18:45:00,1770576300.0,1930.8900,943.7978,1925.1819
2026-02-08 19:15:00,1770578100.0,1931.6383,943.7832,1925.8776
2026-02-08 19:45:00,1770579900.0,1929.4767,943.8998,1924.1236
2026-02-08 20:15:00,1770581700.0,1926.0333,944.2034,1921.7326
2026-02-08 20:45:00,1770583500.0,1924.8800,944.3418,1921.0571
2026-02-08 21:15:00,1770585300.0,1924.4617,944.5463,1921.3419
2026-02-08 21:45:00,1770587100.0,1918.3100,944.8762,1916.3302
2026-02-08 22:15:00,1770588900.0,1915.1617,945.3605,1914.8426
2026-02-08 22:45:00,1770590700.0,1909.9650,945.8473,1911.3097
2026-02-08 23:15:00,1770592500.0,1907.2533,946.2347,1909.9186
2026-02-08 23:45:00,1770594300.0,1907.0800,946.3145,1910.0175
2026-02-09 00:15:00,1770596100.0,1907.1833,946.3106,1910.1075
2026-02-09 00:45:00,1770597900.0,1908.1483,946.4016,1911.3850
2026-02-09 01:15:00,1770599700.0,1908.7450,946.4055,1911.9961
2026-02-09 01:45:00,1770601500.0,1908.1417,946.3959,1911.3591
2026-02-09 02:15:00,1770603300.0,1909.5117,946.2281,1912.1576
2026-02-09 02:45:00,1770605100.0,1909.7100,945.9865,1911.5303
2026-02-09 03:15:00,1770606900.0,1909.1683,945.8184,1910.4136
2026-02-09 03:45:00,1770608700.0,1910.5383,945.4663,1910.5813
2026-02-09 04:15:00,1770610500.0,1908.7533,945.3285,1908.3262
2026-02-09 04:45:00,1770612300.0,1910.0467,944.9039,1908.1702
2026-02-09 05:15:00,1770614100.0,1913.6817,944.5215,1910.4949
2026-02-09 05:45:00,1770615900.0,1911.6267,944.5328,1908.4816
2026-02-09 06:15:00,1770617700.0,1907.9767,944.4994,1904.7239
2026-02-09 06:45:00,1770619500.0,1911.2333,944.3726,1907.5425
2026-02-09 07:15:00,1770621300.0,1910.8783,944.5018,1907.6288
2026-02-09 07:45:00,1770623100.0,1915.9533,944.6465,1913.1903
2026-02-09 08:15:00,1770624900.0,1912.0950,944.8595,1910.0645
2026-02-09 08:45:00,1770626700.0,1910.9267,944.9891,1909.3400
2026-02-09 09:15:00,1770628500.0,1907.4117,945.0209,1905.9364
2026-02-09 09:45:00,1770630300.0,1913.2917,945.3375,1912.8943
2026-02-09 10:15:00,1770632100.0,1915.9567,945.8657,1917.3687
2026-02-09 10:45:00,1770633900.0,1915.7983,946.2627,1918.5717
2026-02-09 11:15:00,1770635700.0,1914.5067,946.5066,1918.1141
2026-02-09 11:45:00,1770637500.0,1916.6650,946.6268,1920.6896
2026-02-09 12:15:00,1770639300.0,1912.9733,946.7935,1917.5613
2026-02-09 12:45:00,1770641100.0,1916.3967,946.9700,1921.5995
2026-02-09 13:15:00,1770642900.0,1919.2733,946.9330,1924.3566
2026-02-09 13:45:00,1770644700.0,1921.3783,946.8372,1926.1373
2026-02-09 14:15:00,1770646500.0,1923.3350,946.5972,1927.2715
2026-02-09 14:45:00,1770648300.0,1932.2900,946.3319,1935.3263
2026-02-09 15:15:00,1770650100.0,1933.9967,946.0639,1936.1078
2026-02-09 15:45:00,1770651900.0,1938.8917,945.8888,1940.4007
2026-02-09 16:15:00,1770653700.0,1939.1950,945.7480,1940.2156
2026-02-09 16:45:00,1770655500.0,1937.4683,945.5403,1937.7685
2026-02-09 17:15:00,1770657300.0,1936.6117,945.2494,1935.9045
2026-02-09 17:45:00,1770659100.0,1934.6933,944.9455,1932.9363
2026-02-09 18:15:00,1770660900.0,1936.6250,944.7586,1934.2196
2026-02-09 18:45:00,1770662700.0,1937.8317,944.7598,1935.4290
2026-02-09 19:15:00,1770664500.0,1936.4067,944.7537,1933.9848
2026-02-09 19:45:00,1770666300.0,1932.4050,944.7100,1929.8373
2026-02-09 20:15:00,1770668100.0,1931.7900,944.8457,1929.6911
2026-02-09 20:45:00,1770669900.0,1910.7717,944.9953,1909.2062
2026-02-09 21:15:00,1770671700.0,1904.2467,945.3818,1904.0021
2026-02-09 21:45:00,1770673500.0,1900.2850,945.7961,1901.4488
2026-02-09 22:15:00,1770675300.0,1894.1267,946.0840,1896.2624
2026-02-09 22:45:00,1770677100.0,1890.2467,946.3481,1893.2718
2026-02-09 23:15:00,1770678900.0,1875.7583,946.4405,1879.0709
2026-02-09 23:45:00,1770680700.0,1857.3800,946.5404,1860.9924
2026-02-10 00:15:00,1770682500.0,1877.5133,946.5709,1881.2674
2026-02-10 00:45:00,1770684300.0,1870.8450,946.8283,1875.4488
2026-02-10 01:15:00,1770686100.0,1882.5980,946.8275,1887.2279
2026-02-10 01:45:00,1770687900.0,1887.6067,946.7322,1891.9265
2026-02-10 02:15:00,1770689700.0,1864.2267,946.6060,1868.0714
2026-02-10 02:45:00,1770691500.0,1876.2400,946.3899,1879.3832
2026-02-10 03:15:00,1770693300.0,1887.1550,946.2035,1889.6868
2026-02-10 03:45:00,1770695100.0,1913.5683,946.0995,1915.7791
2026-02-10 04:15:00,1770696900.0,1910.3933,945.9527,1912.0987
2026-02-10 04:45:00,1770698700.0,1919.2850,945.7634,1920.3480
2026-02-10 05:15:00,1770700500.0,1925.7417,945.6299,1926.3485
2026-02-10 05:45:00,1770702300.0,1928.7617,945.4983,1928.9156
2026-02-10 06:15:00,1770704100.0,1927.7533,945.4413,1927.7108
2026-02-10 06:45:00,1770705900.0,1929.3950,945.3684,1929.1008
2026-02-10 07:15:00,1770707700.0,1926.8517,945.4131,1926.7118
2026-02-10 07:45:00,1770709500.0,1921.3133,945.6190,1921.8814
2026-02-10 08:15:00,1770711300.0,1922.7567,945.8748,1924.2050
2026-02-10 08:45:00,1770713100.0,1927.7783,946.2401,1930.4907
2026-02-10 09:15:00,1770714900.0,1919.4317,946.5809,1923.3039
2026-02-10 09:45:00,1770716700.0,1921.8467,946.8726,1926.7285
2026-02-10 10:15:00,1770718500.0,1919.2267,947.1305,1924.9892
2026-02-10 10:45:00,1770720300.0,1922.0517,947.3084,1928.4362
2026-02-10 11:15:00,1770722100.0,1918.2900,947.3922,1924.9502
2026-02-10 11:45:00,1770723900.0,1919.9150,947.5047,1926.9686
2026-02-10 12:15:00,1770725700.0,1918.0300,947.4726,1924.9662
2026-02-10 12:45:00,1770727500.0,1919.9050,947.4959,1926.9283
2026-02-10 13:15:00,1770729300.0,1918.5900,947.5120,1925.6637
2026-02-10 13:45:00,1770731100.0,1916.3900,946.6167,1920.3792
2026-02-10 14:15:00,1770732900.0,1930.2417,947.0398,1935.7234
2026-02-10 14:45:00,1770734700.0,1921.7600,946.4941,1925.3382
2026-02-10 15:15:00,1770736500.0,1918.7917,946.0766,1920.9299
2026-02-10 15:45:00,1770738300.0,1930.0800,945.7756,1931.1914
2026-02-10 16:15:00,1770740100.0,1931.6600,945.3150,1931.1811
2026-02-10 16:45:00,1770741900.0,1937.1000,944.8466,1934.9986
2026-02-10 17:15:00,1770743700.0,1929.5233,944.5271,1926.3294
2026-02-10 17:45:00,1770745500.0,1923.2133,944.0640,1918.4405
2026-02-10 18:15:00,1770747300.0,1946.3500,943.4770,1939.4833
2026-02-10 18:45:00,1770749100.0,1949.8250,943.1054,1941.6557
2026-02-10 19:15:00,1770750900.0,1954.9933,942.8901,1946.0529
2026-02-10 19:45:00,1770752700.0,1946.2983,942.8723,1937.3360
2026-02-10 20:15:00,1770754500.0,1945.5217,942.7600,1936.1743
2026-02-10 20:45:00,1770756300.0,1944.2183,942.8837,1935.3049
2026-02-10 21:15:00,1770758100.0,1943.6567,943.5920,1937.1976
2026-02-10 21:45:00,1770759900.0,1937.6317,944.1001,1932.9480
2026-02-10 22:15:00,1770761700.0,1934.1367,944.2862,1930.1035
2026-02-10 22:45:00,1770763500.0,1939.0967,944.5910,1936.1080
2026-02-10 23:15:00,1770765300.0,1935.5333,944.8666,1933.5028
2026-02-10 23:45:00,1770767100.0,1937.8550,945.1809,1936.9099
2026-02-11 00:15:00,1770768900.0,1932.4250,945.3268,1931.9866
2026-02-11 00:45:00,1770770700.0,1927.7017,945.6539,1928.3918
2026-02-11 01:15:00,1770772500.0,1923.8867,945.8108,1925.1153
2026-02-11 01:45:00,1770774300.0,1930.4700,945.8258,1931.7549
2026-02-11 02:15:00,1770776100.0,1928.6467,945.8600,1930.0482
2026-02-11 02:45:00,1770777900.0,1919.4533,945.7349,1920.4186
2026-02-11 03:15:00,1770779700.0,1918.9133,945.6172,1919.4744
2026-02-11 03:45:00,1770781500.0,1921.3717,945.6147,1921.9249
2026-02-11 04:15:00,1770783300.0,1920.7983,945.5254,1921.0448
2026-02-11 04:45:00,1770785100.0,1920.4750,945.2503,1919.7768
2026-02-11 05:15:00,1770786900.0,1920.5533,945.1584,1919.5396
2026-02-11 05:45:00,1770788700.0,1921.6333,945.2995,1921.1035
2026-02-11 06:15:00,1770790500.0,1920.3233,945.4627,1920.3544
2026-02-11 06:45:00,1770792300.0,1915.0950,945.5129,1915.2976
2026-02-11 07:15:00,1770794100.0,1908.1467,945.7360,1909.1100
2026-02-11 07:45:00,1770795900.0,1907.8983,945.9173,1909.4805
2026-02-11 08:15:00,1770797700.0,1917.6633,946.0408,1919.6776
2026-02-11 08:45:00,1770799500.0,1925.1483,946.2475,1927.8827
2026-02-11 09:15:00,1770801300.0,1920.8367,946.5938,1924.7562
2026-02-11 09:45:00,1770803100.0,1911.6900,946.9182,1916.7023
2026-02-11 10:15:00,1770804900.0,1912.2417,947.1927,1918.1966
2026-02-11 10:45:00,1770806700.0,1919.6467,947.6083,1927.0560
2026-02-11 11:15:00,1770808500.0,1910.2850,948.0481,1919.1669
2026-02-11 11:45:00,1770810300.0,1898.2280,948.3276,1908.0071
2026-02-11 12:15:00,1770812100.0,1907.0983,948.4548,1917.3590
2026-02-11 12:45:00,1770813900.0,1907.4133,948.5871,1918.1294
2026-02-11 13:15:00,1770815700.0,1914.0267,948.5735,1924.7331
2026-02-11 13:45:00,1770817500.0,1922.4967,948.3497,1932.4773
2026-02-11 14:15:00,1770819300.0,1923.0700,948.1906,1932.5036
2026-02-11 14:45:00,1770821100.0,1921.5817,947.9545,1930.1932
2026-02-11 15:15:00,1770822900.0,1929.1317,947.7218,1936.9707
2026-02-11 15:45:00,1770824700.0,1928.2400,947.5043,1935.3229
2026-02-11 16:15:00,1770826500.0,1928.1633,947.2554,1934.3846
2026-02-11 16:45:00,1770828300.0,1925.4367,947.0500,1930.9399
2026-02-11 17:15:00,1770830100.0,1932.5383,946.6488,1936.6724
2026-02-11 17:45:00,1770831900.0,1938.6100,946.2649,1941.4240
2026-02-11 18:15:00,1770833700.0,1938.7233,945.9580,1940.4724
2026-02-11 18:45:00,1770835500.0,1941.1000,945.6366,1941.7348
2026-02-11 19:15:00,1770837300.0,1939.2367,945.3303,1938.8089
2026-02-11 19:45:00,1770839100.0,1938.6917,945.3211,1938.2321
2026-02-11 20:15:00,1770840900.0,1939.5750,945.2988,1939.0379
2026-02-11 20:45:00,1770842700.0,1937.7467,945.2904,1937.1809
2026-02-11 21:15:00,1770844500.0,1936.2500,945.5188,1936.4754
2026-02-11 21:45:00,1770846300.0,1933.4567,945.8903,1934.9667
2026-02-11 22:15:00,1770848100.0,1933.0383,946.2173,1935.6794
2026-02-11 22:45:00,1770849900.0,1927.9667,946.5525,1931.7580
2026-02-11 23:15:00,1770851700.0,1924.9633,946.9680,1930.1824
2026-02-11 23:45:00,1770853500.0,1924.5650,947.2224,1930.6608
2026-02-12 00:15:00,1770855300.0,1926.3567,947.3350,1932.8474
2026-02-12 00:45:00,1770857100.0,1922.3850,947.4419,1929.2311
2026-02-12 01:15:00,1770858900.0,1921.8533,947.7296,1929.6900
2026-02-12 01:45:00,1770860700.0,1916.0150,948.0352,1924.8792
2026-02-12 02:15:00,1770862500.0,1921.1467,947.9928,1929.8884
2026-02-12 02:45:00,1770864300.0,1919.5200,947.8523,1927.7697
2026-02-12 03:15:00,1770866100.0,1918.8200,947.7749,1926.8001
2026-02-12 03:45:00,1770867900.0,1922.1833,947.9601,1930.8169
2026-02-12 04:15:00,1770869700.0,1916.3600,947.9967,1925.0932
2026-02-12 04:45:00,1770871500.0,1919.4733,947.7556,1927.3898
2026-02-12 05:15:00,1770873300.0,1921.9733,947.5600,1929.2253
2026-02-12 05:45:00,1770875100.0,1920.2550,947.5558,1927.4858
2026-02-12 06:15:00,1770876900.0,1923.2550,947.5357,1930.4278
2026-02-12 06:45:00,1770878700.0,1925.2333,947.5193,1932.3569
2026-02-12 07:15:00,1770880500.0,1924.1850,947.6041,1931.5977
2026-02-12 07:45:00,1770882300.0,1923.0417,947.7884,1931.0861
2026-02-12 08:15:00,1770884100.0,1922.7467,947.9242,1931.2585
2026-02-12 08:45:00,1770885900.0,1916.7383,948.0421,1925.6297
2026-02-12 09:15:00,1770887700.0,1917.9733,948.3424,1927.9052
2026-02-12 09:45:00,1770889500.0,1917.8067,948.6844,1928.9166
2026-02-12 10:15:00,1770891300.0,1918.3050,948.9911,1930.4763
2026-02-12 10:45:00,1770893100.0,1914.9783,949.1324,1927.6154
2026-02-12 11:15:00,1770894900.0,1917.3200,949.3299,1930.6542
2026-02-12 11:45:00,1770896700.0,1917.2800,949.3842,1930.8014
2026-02-12 12:15:00,1770898500.0,1917.2017,949.4443,1930.9301
2026-02-12 12:45:00,1770900300.0,1916.8683,949.2849,1930.0441
2026-02-12 13:15:00,1770902100.0,1920.6150,949.1885,1933.4832
2026-02-12 13:45:00,1770903900.0,1919.9317,948.9591,1932.0028
2026-02-12 14:15:00,1770905700.0,1918.3083,948.6884,1929.4351
2026-02-12 14:45:00,1770907500.0,1920.1233,948.3486,1930.0877
2026-02-12 15:15:00,1770909300.0,1926.3683,947.9771,1935.0794
2026-02-12 15:45:00,1770911100.0,1925.4800,947.4451,1932.3482
2026-02-12 16:15:00,1770912900.0,1922.7017,947.0642,1928.2463
2026-02-12 16:45:00,1770914700.0,1926.6083,946.7560,1931.0995
2026-02-12 17:15:00,1770916500.0,1925.9850,946.6683,1930.1722
2026-02-12 17:45:00,1770918300.0,1926.5350,946.4707,1930.0414
2026-02-12 18:15:00,1770920100.0,1926.2200,946.2117,1928.8324
2026-02-12 18:45:00,1770921900.0,1923.7817,945.7619,1924.8420
2026-02-12 19:15:00,1770923700.0,1922.2650,945.7019,1923.1184
2026-02-12 19:45:00,1770925500.0,1927.1717,945.5399,1927.4689
2026-02-12 20:15:00,1770927300.0,1938.0317,945.7376,1939.0157
2026-02-12 20:45:00,1770929100.0,1943.6483,945.9572,1945.3991
2026-02-12 21:15:00,1770930900.0,1934.3417,945.8128,1935.5842
2026-02-12 21:45:00,1770932700.0,1923.4983,946.1325,1925.8342
2026-02-12 22:15:00,1770934500.0,1919.6450,946.3580,1922.7513
2026-02-12 22:45:00,1770936300.0,1914.6875,946.8251,1919.3881
2026-02-12 23:15:00,1770938100.0,1913.4983,947.1404,1919.2779
2026-02-12 23:45:00,1770939900.0,1915.5133,947.4038,1922.2041
2026-02-13 00:15:00,1770941700.0,1912.2133,948.0013,1920.9435
2026-02-13 00:45:00,1770943500.0,1912.4200,948.3695,1922.4162
2026-02-13 01:15:00,1770945300.0,1893.4233,948.6454,1904.2595
2026-02-13 01:45:00,1770947100.0,1894.3450,948.7679,1905.6037
2026-02-13 02:15:00,1770948900.0,1898.2250,948.7927,1909.5913
2026-02-13 02:45:00,1770950700.0,1901.2033,948.8286,1912.7104
2026-02-13 03:15:00,1770952500.0,1898.0950,948.7996,1909.4841
2026-02-13 03:45:00,1770954300.0,1893.9133,948.8273,1905.3720
2026-02-13 04:15:00,1770956100.0,1893.6217,948.5939,1904.2835
2026-02-13 04:45:00,1770957900.0,1896.4617,948.5232,1906.8985
2026-02-13 05:15:00,1770959700.0,1904.6017,948.4395,1914.7966
2026-02-13 05:45:00,1770961500.0,1911.1017,948.1616,1920.3770
2026-02-13 06:15:00,1770963300.0,1913.0567,947.9698,1921.6825
2026-02-13 06:45:00,1770965100.0,1915.4717,947.9798,1924.1428
2026-02-13 07:15:00,1770966900.0,1913.6067,948.1243,1922.7659
2026-02-13 07:45:00,1770968700.0,1914.6583,948.2571,1924.2794
2026-02-13 08:15:00,1770970500.0,1918.2167,948.4296,1928.4506
2026-02-13 08:45:00,1770972300.0,1910.2883,948.7288,1921.5075
2026-02-13 09:15:00,1770974100.0,1906.8583,949.0693,1919.2255
2026-02-13 09:45:00,1770975900.0,1906.0233,949.3415,1919.3190
2026-02-13 10:15:00,1770977700.0,1902.1583,949.4852,1915.9192
2026-02-13 10:45:00,1770979500.0,1906.3900,949.5747,1920.4888
2026-02-13 11:15:00,1770981300.0,1906.4767,949.7902,1921.3161
2026-02-13 11:45:00,1770983100.0,1907.1333,949.9852,1922.6483
2026-02-13 12:15:00,1770984900.0,1913.4117,950.0234,1929.1094
2026-02-13 12:45:00,1770986700.0,1916.7000,949.8922,1931.9714
2026-02-13 13:15:00,1770988500.0,1910.5550,949.8982,1925.7980
2026-02-13 13:45:00,1770990300.0,1917.8383,949.7229,1932.5338
2026-02-13 14:15:00,1770992100.0,1923.4750,949.3426,1936.8962
2026-02-13 14:45:00,1770993900.0,1930.8617,948.9850,1943.0915
2026-02-13 15:15:00,1770995700.0,1933.9033,948.6607,1945.0244
2026-02-13 15:45:00,1770997500.0,1933.8583,948.3725,1943.9771
2026-02-13 16:15:00,1770999300.0,1933.6067,947.9438,1942.2348
2026-02-13 16:45:00,1771001100.0,1932.5600,947.4162,1939.3532
2026-02-13 17:15:00,1771002900.0,1940.8033,946.8496,1945.6534
2026-02-13 17:45:00,1771004700.0,1944.9567,946.3059,1947.9225
2026-02-13 18:15:00,1771006500.0,1953.9067,945.7647,1954.9936
2026-02-13 18:45:00,1771008300.0,1953.6333,945.3957,1953.4306
2026-02-13 19:15:00,1771010100.0,1953.1283,945.0259,1951.6352
2026-02-13 19:45:00,1771011900.0,1956.5333,944.9179,1954.6598
2026-02-13 20:15:00,1771013700.0,1955.0567,944.8757,1953.0374
2026-02-13 20:45:00,1771015500.0,1941.8250,944.9158,1939.9582
2026-02-13 21:15:00,1771017300.0,1937.7667,944.9756,1936.1109
2026-02-13 21:45:00,1771019100.0,1913.8500,945.5018,1914.0145
2026-02-13 22:15:00,1771020900.0,1885.5860,945.8008,1886.7568
2026-02-13 22:45:00,1771022700.0,1924.9450,946.0345,1926.9449
2026-02-13 23:15:00,1771024500.0,1920.3133,946.6085,1924.2826
2026-02-14 00:45:00,1771029900.0,1924.7233,948.0483,1933.6732
2026-02-14 01:15:00,1771031700.0,1915.5500,948.9315,1927.4985
2026-02-14 01:45:00,1771033500.0,1908.5467,949.1143,1921.0794
2026-02-14 02:15:00,1771035300.0,1912.9600,948.8386,1924.5726
2026-02-14 02:45:00,1771037100.0,1910.9783,948.5423,1921.5606
2026-02-14 03:15:00,1771038900.0,1912.5333,948.3354,1922.4128
2026-02-14 03:45:00,1771040700.0,1915.0417,948.2877,1924.7700
2026-02-14 04:15:00,1771042500.0,1913.3900,948.0667,1922.3502
2026-02-14 04:45:00,1771044300.0,1913.8867,947.9112,1922.3148
2026-02-14 05:15:00,1771046100.0,1916.0683,947.7128,1923.8233
2026-02-14 05:45:00,1771047900.0,1913.9617,947.6000,1921.3206
2026-02-14 06:15:00,1771049700.0,1916.2533,947.4407,1923.0734
2026-02-14 06:45:00,1771051500.0,1921.3083,947.3319,1927.7712
2026-02-14 07:15:00,1771053300.0,1918.8783,947.4117,1925.6078
2026-02-14 07:45:00,1771055100.0,1917.5750,947.6473,1925.1108
2026-02-14 08:15:00,1771056900.0,1915.3100,947.7886,1923.3227
2026-02-14 08:45:00,1771058700.0,1910.4650,948.2532,1920.0516
2026-02-14 09:15:00,1771060500.0,1909.1167,948.5435,1919.6927
2026-02-14 09:45:00,1771062300.0,1913.6233,948.7910,1925.0760
2026-02-14 10:15:00,1771064100.0,1913.3933,948.8344,1924.9942
2026-02-14 10:45:00,1771065900.0,1909.8300,948.7383,1921.0789
2026-02-14 11:15:00,1771067700.0,1907.4933,948.9058,1919.3033
2026-02-14 11:45:00,1771069500.0,1908.3617,949.3458,1921.6884
2026-02-14 12:15:00,1771071300.0,1904.7083,949.7602,1919.4309
2026-02-14 12:45:00,1771073100.0,1909.3183,949.7497,1924.0407
2026-02-14 13:15:00,1771074900.0,1910.6000,949.6944,1925.1416
2026-02-14 13:45:00,1771076700.0,1922.7017,949.5433,1936.8123
2026-02-14 14:15:00,1771078500.0,1921.3283,949.0406,1933.6900
2026-02-14 14:45:00,1771080300.0,1925.8450,948.6131,1936.7547
2026-02-14 15:15:00,1771082100.0,1926.0817,948.2447,1935.7174
2026-02-14 15:45:00,1771083900.0,1936.6167,947.9002,1945.1067
2026-02-14 16:15:00,1771085700.0,1932.8467,947.4788,1939.8578
2026-02-14 16:45:00,1771087500.0,1938.7117,947.1884,1944.7343
2026-02-14 17:15:00,1771089300.0,1933.1283,946.7461,1937.6006
2026-02-14 17:45:00,1771091100.0,1936.1083,946.4511,1939.5643
2026-02-14 18:15:00,1771092900.0,1947.5883,946.1968,1950.1779
2026-02-14 18:45:00,1771094700.0,1943.3217,945.8228,1944.6045
2026-02-14 19:15:00,1771096500.0,1938.8483,945.5902,1939.3215
2026-02-14 19:45:00,1771098300.0,1945.8883,945.5360,1946.1748
2026-02-14 20:15:00,1771100100.0,1939.8000,945.4956,1939.9455
2026-02-14 20:45:00,1771101900.0,1931.9167,945.4990,1932.0732
2026-02-14 21:15:00,1771103700.0,1937.5767,945.6716,1938.3316
2026-02-14 21:45:00,1771105500.0,1930.6617,945.8474,1932.0213
2026-02-14 22:15:00,1771107300.0,1923.7317,945.9740,1925.5221
2026-02-14 22:45:00,1771109100.0,1923.6583,946.1603,1926.0902
2026-02-14 23:15:00,1771110900.0,1915.3183,946.4169,1918.6197
2026-02-14 23:45:00,1771112700.0,1913.4133,946.5942,1917.3193
2026-02-15 00:15:00,1771114500.0,1917.1567,946.7608,1921.6423
2026-02-15 00:45:00,1771116300.0,1918.2650,946.8013,1922.8927
2026-02-15 01:15:00,1771118100.0,1917.5067,946.8609,1922.3372
2026-02-15 01:45:00,1771119900.0,1915.7133,947.1661,1921.5877
2026-02-15 02:15:00,1771121700.0,1912.8317,947.3340,1919.2735
2026-02-15 02:45:00,1771123500.0,1912.6017,947.1735,1918.4921
2026-02-15 03:15:00,1771125300.0,1914.4733,947.1972,1920.4508
2026-02-15 03:45:00,1771127100.0,1913.0117,947.0227,1918.3860
2026-02-15 04:15:00,1771128900.0,1911.0367,946.7561,1915.4922
2026-02-15 04:45:00,1771130700.0,1907.3517,946.4593,1910.7842
2026-02-15 05:15:00,1771132500.0,1913.0367,946.6174,1917.0212
2026-02-15 05:45:00,1771134300.0,1912.4667,946.6331,1916.5040
2026-02-15 06:15:00,1771136100.0,1919.4883,946.6995,1923.7688
2026-02-15 06:45:00,1771137900.0,1920.1550,946.6089,1924.1251
2026-02-15 07:15:00,1771139700.0,1921.4033,946.5554,1925.1919
2026-02-15 07:45:00,1771141500.0,1921.1267,946.7618,1925.6251
2026-02-15 08:15:00,1771143300.0,1919.5233,946.9296,1924.5955
2026-02-15 08:45:00,1771145100.0,1922.2867,947.1523,1928.1337
2026-02-15 09:15:00,1771146900.0,1918.8567,947.4497,1925.7170
2026-02-15 09:45:00,1771148700.0,1917.6167,947.8436,1925.8285
2026-02-15 10:15:00,1771150500.0,1911.8233,948.0978,1920.8831
2026-02-15 10:45:00,1771152300.0,1915.9667,948.3125,1925.7852
2026-02-15 11:15:00,1771154100.0,1911.5750,948.4198,1921.7398
2026-02-15 11:45:00,1771155900.0,1912.9517,948.3778,1922.9793
2026-02-15 12:15:00,1771157700.0,1916.2917,948.4414,1926.5559
2026-02-15 12:45:00,1771159500.0,1912.9033,948.4422,1923.1522
2026-02-15 13:15:00,1771161300.0,1912.1283,948.3396,1922.0202
2026-02-15 13:45:00,1771163100.0,1924.3483,948.2225,1933.8987
2026-02-15 14:15:00,1771164900.0,1921.4833,947.8538,1929.7468
2026-02-15 14:45:00,1771166700.0,1924.6333,947.6308,1932.1399
2026-02-15 15:15:00,1771168500.0,1932.5367,947.3799,1939.2038
2026-02-15 15:45:00,1771170300.0,1939.4383,947.1575,1945.3556
2026-02-15 16:15:00,1771172100.0,1951.3200,946.8000,1956.0229
2026-02-15 16:45:00,1771173900.0,1955.6750,946.4606,1959.1991
2026-02-15 17:15:00,1771175700.0,1950.5817,946.2026,1953.1954
2026-02-15 17:45:00,1771177500.0,1954.5767,945.9613,1956.3513
2026-02-15 18:15:00,1771179300.0,1959.6900,945.7692,1960.7958
2026-02-15 18:45:00,1771181100.0,1959.0533,945.4984,1959.2101
2026-02-15 19:15:00,1771182900.0,1949.7050,945.2501,1948.9955
2026-02-15 19:45:00,1771184700.0,1953.0733,945.2351,1952.3101
2026-02-15 20:15:00,1771186500.0,1952.6083,945.3427,1952.2209
2026-02-15 20:45:00,1771188300.0,1943.1517,945.3197,1942.6862
2026-02-15 21:15:00,1771190100.0,1939.3517,945.4417,1939.3100
